scan_id,batch_name,UID,scan_date,exam_date,version_number,centre_number,Language group,Prefix centre,candidate_number,question_number,Published,confidence,Captured,Question type,1_Published vs Captured,PoS,ANSWER Key
300003655801243,TELEVID4831_SCANNER12,TH455003199864957598300003655801243,30/01/2025,25/01/2025,9986495759,TH455,Kadai ,TH,31,8,7.14,0.8191,7.14,,Match,D822/03,painting(s)
300003655801260,TELEVID4831_SCANNER12,TH4550048998649575920300003655801260,30/01/2025,25/01/2025,9986495759,TH455,Kadai ,TH,48,20,A,0.8013,"A, C",,NoMatch,D822/03,C
300003655801264,TELEVID4831_SCANNER12,TH455005299864957599300003655801264,30/01/2025,25/01/2025,9986495759,TH455,Kadai ,TH,52,9,7.40,0.823,7.40,,Match,D822/03,"[7/[7/[07/seven]]]( )([G(.)B(.)P(.)/G(.)B(.)P(.)£(.)/pound/pound./£/£(.)G(.)B(.)P(.)](s))( )[4[0/O/o]/[4[0/O/o]/forty]]( )([p/pence])( )(.)/[G(.)B(.)P(.)/G(.)B(.)P(.)£(.)/pound/pound./£/£(.)G(.)B(.)P(.)](s)( )[7/[7/[07/seven]]]( )([G(.)B(.)P(.)/G(.)B(.)P(.)£(.)/pound/pound./£/£(.)G(.)B(.)P(.)](s))( )[4[0/O/o]/[4[0/O/o]/forty]]( )[p/pence]( )(.)/[G(.)B(.)P(.)/G(.)B(.)P(.)£(.)/pound/pound./£/£(.)G(.)B(.)P(.)](s)[7/[7/[07/seven]]]([G(.)B(.)P(.)/G(.)B(.)P(.)£(.)/pound/pound./£/£(.)G(.)B(.)P(.)](s))[&/+/,/-/./:/;/and/ ][4[(0)/O/o]/[4[0/O/o]/forty]]([p/pence])(.)/([G(.)B(.)P(.)/G(.)B(.)P(.)£(.)/pound/pound./£/£(.)G(.)B(.)P(.)](s))[7/[7/[07/seven]]]([G(.)B(.)P(.)/G(.)B(.)P(.)£(.)/pound/pound./£/£(.)G(.)B(.)P(.)](s))[&/+/,/-/./:/;/and/ ][4[(0)/O/o]/[4[0/O/o]/forty]](.)/[G(.)B(.)P(.)/G(.)B(.)P(.)£(.)/pound/pound./£/£(.)G(.)B(.)P(.)](s)[7/[7/[07/seven]]]([G(.)B(.)P(.)/G(.)B(.)P(.)£(.)/pound/pound./£/£(.)G(.)B(.)P(.)](s))[&/+/,/-/./:/;/and/ ][4[(0)/O/o]/[4[0/O/o]/forty]]([p/pence])(.)/[7/[7/[07/seven]]][&/+/,/-/./:/;/and/ ][4[(0)/O/o]/[4[0/O/o]/forty]]([G(.)B(.)P(.)/G(.)B(.)P(.)£(.)/pound/pound./£/£(.)G(.)B(.)P(.)](s))(.)/[7/[7/[07/seven]]]( )([G(.)B(.)P(.)/G(.)B(.)P(.)£(.)/pound/pound./£/£(.)G(.)B(.)P(.)](s))[&/+/,/-/./:/;/and/ ][4[0/O/o]/[4[0/O/o]/forty]]( )(.)/[7/[7/[07/seven]]]( )[G(.)B(.)P(.)/G(.)B(.)P(.)£(.)/pound/pound./£/£(.)G(.)B(.)P(.)](s)[&/+/,/-/./:/;/and/ ][4[0/O/o]/[4[0/O/o]/forty]]( )([p/pence])(.)/([G(.)B(.)P(.)/G(.)B(.)P(.)£(.)/pound/pound./£/£(.)G(.)B(.)P(.)](s))[7/[7/[07/seven]]]([G(.)B(.)P(.)/G(.)B(.)P(.)£(.)/pound/pound./£/£(.)G(.)B(.)P(.)](s))([&/+/,/-/./:/;/and/ ])[4[(0)/O/o]/[4[0/O/o]/forty]]([G(.)B(.)P(.)/G(.)B(.)P(.)£(.)/pound/pound./£/£(.)G(.)B(.)P(.)](s))(.)/[7/[7/[07/seven]]][&/+/,/-/./:/;/and/ ][4[0/O/o]/[4[0/O/o]/forty]]( )(.)/[7/[7/[07/seven]]]( )[4[0/O/o]/[4[0/O/o]/forty]]( )[p/pence](.)/[7/[7/[07/seven]]]( )([G(.)B(.)P(.)/G(.)B(.)P(.)£(.)/pound/pound./£/£(.)G(.)B(.)P(.)](s))( )([and/&/+/'n'/'n/n'/n])( )[.4/.four/2~/5/4~/10/4~/10 of/4~/10 of 1/4~/10 of a/4~/10 of one/four tenths/four tenths of/four tenths of 1/four tenths of a/four tenths of one/point 4/point four/point4](.)"
300003656000183,TELEVID4832_SCANNER12,TH455011599864957597300003656000183,30/01/2025,25/01/2025,9986495759,TH455,Kadai ,TH,115,7,TEBWORTH CASTLE,0.83,TEBWORTH EASTLE,,NoMatch,D822/03,tedworth
300003656000185,TELEVID4832_SCANNER12,TH455011799864957593300003656000185,30/01/2025,25/01/2025,9986495759,TH455,Kadai ,TH,117,3,B,0.8077,B,,Match,D822/03,C
300003656000193,TELEVID4832_SCANNER12,TH455012599864957597300003656000193,30/01/2025,25/01/2025,9986495759,TH455,Kadai ,TH,125,7,TED WORTH,0.8356,TED WORTH,,Match,D822/03,tedworth
300003656000194,TELEVID4832_SCANNER12,TH455012699864957597300003656000194,30/01/2025,25/01/2025,9986495759,TH455,Kadai ,TH,126,7,TEDWORTH,0.8358,TEDWORTH,,Match,D822/03,tedworth
300003656000200,TELEVID4832_SCANNER12,TH455000299864957599300003656000200,30/01/2025,25/01/2025,9986495759,TH455,Kadai ,TH,2,9,7.40,0.8335,7.40,,Match,D822/03,"[7/[7/[07/seven]]]( )([G(.)B(.)P(.)/G(.)B(.)P(.)£(.)/pound/pound./£/£(.)G(.)B(.)P(.)](s))( )[4[0/O/o]/[4[0/O/o]/forty]]( )([p/pence])( )(.)/[G(.)B(.)P(.)/G(.)B(.)P(.)£(.)/pound/pound./£/£(.)G(.)B(.)P(.)](s)( )[7/[7/[07/seven]]]( )([G(.)B(.)P(.)/G(.)B(.)P(.)£(.)/pound/pound./£/£(.)G(.)B(.)P(.)](s))( )[4[0/O/o]/[4[0/O/o]/forty]]( )[p/pence]( )(.)/[G(.)B(.)P(.)/G(.)B(.)P(.)£(.)/pound/pound./£/£(.)G(.)B(.)P(.)](s)[7/[7/[07/seven]]]([G(.)B(.)P(.)/G(.)B(.)P(.)£(.)/pound/pound./£/£(.)G(.)B(.)P(.)](s))[&/+/,/-/./:/;/and/ ][4[(0)/O/o]/[4[0/O/o]/forty]]([p/pence])(.)/([G(.)B(.)P(.)/G(.)B(.)P(.)£(.)/pound/pound./£/£(.)G(.)B(.)P(.)](s))[7/[7/[07/seven]]]([G(.)B(.)P(.)/G(.)B(.)P(.)£(.)/pound/pound./£/£(.)G(.)B(.)P(.)](s))[&/+/,/-/./:/;/and/ ][4[(0)/O/o]/[4[0/O/o]/forty]](.)/[G(.)B(.)P(.)/G(.)B(.)P(.)£(.)/pound/pound./£/£(.)G(.)B(.)P(.)](s)[7/[7/[07/seven]]]([G(.)B(.)P(.)/G(.)B(.)P(.)£(.)/pound/pound./£/£(.)G(.)B(.)P(.)](s))[&/+/,/-/./:/;/and/ ][4[(0)/O/o]/[4[0/O/o]/forty]]([p/pence])(.)/[7/[7/[07/seven]]][&/+/,/-/./:/;/and/ ][4[(0)/O/o]/[4[0/O/o]/forty]]([G(.)B(.)P(.)/G(.)B(.)P(.)£(.)/pound/pound./£/£(.)G(.)B(.)P(.)](s))(.)/[7/[7/[07/seven]]]( )([G(.)B(.)P(.)/G(.)B(.)P(.)£(.)/pound/pound./£/£(.)G(.)B(.)P(.)](s))[&/+/,/-/./:/;/and/ ][4[0/O/o]/[4[0/O/o]/forty]]( )(.)/[7/[7/[07/seven]]]( )[G(.)B(.)P(.)/G(.)B(.)P(.)£(.)/pound/pound./£/£(.)G(.)B(.)P(.)](s)[&/+/,/-/./:/;/and/ ][4[0/O/o]/[4[0/O/o]/forty]]( )([p/pence])(.)/([G(.)B(.)P(.)/G(.)B(.)P(.)£(.)/pound/pound./£/£(.)G(.)B(.)P(.)](s))[7/[7/[07/seven]]]([G(.)B(.)P(.)/G(.)B(.)P(.)£(.)/pound/pound./£/£(.)G(.)B(.)P(.)](s))([&/+/,/-/./:/;/and/ ])[4[(0)/O/o]/[4[0/O/o]/forty]]([G(.)B(.)P(.)/G(.)B(.)P(.)£(.)/pound/pound./£/£(.)G(.)B(.)P(.)](s))(.)/[7/[7/[07/seven]]][&/+/,/-/./:/;/and/ ][4[0/O/o]/[4[0/O/o]/forty]]( )(.)/[7/[7/[07/seven]]]( )[4[0/O/o]/[4[0/O/o]/forty]]( )[p/pence](.)/[7/[7/[07/seven]]]( )([G(.)B(.)P(.)/G(.)B(.)P(.)£(.)/pound/pound./£/£(.)G(.)B(.)P(.)](s))( )([and/&/+/'n'/'n/n'/n])( )[.4/.four/2~/5/4~/10/4~/10 of/4~/10 of 1/4~/10 of a/4~/10 of one/four tenths/four tenths of/four tenths of 1/four tenths of a/four tenths of one/point 4/point four/point4](.)"
300003656000200,TELEVID4832_SCANNER12,TH4550002998649575910300003656000200,30/01/2025,25/01/2025,9986495759,TH455,Kadai ,TH,2,10,THRUSDAY,0.8442,THRUSDAY,,Match,D822/03,[thursday/th/thu/thur/thurs]
300003656000217,TELEVID4832_SCANNER12,TH455001999864957599300003656000217,30/01/2025,25/01/2025,9986495759,TH455,Kadai ,TH,19,9,7:40,0.8072,7:40,,Match,D822/03,"[7/[7/[07/seven]]]( )([G(.)B(.)P(.)/G(.)B(.)P(.)£(.)/pound/pound./£/£(.)G(.)B(.)P(.)](s))( )[4[0/O/o]/[4[0/O/o]/forty]]( )([p/pence])( )(.)/[G(.)B(.)P(.)/G(.)B(.)P(.)£(.)/pound/pound./£/£(.)G(.)B(.)P(.)](s)( )[7/[7/[07/seven]]]( )([G(.)B(.)P(.)/G(.)B(.)P(.)£(.)/pound/pound./£/£(.)G(.)B(.)P(.)](s))( )[4[0/O/o]/[4[0/O/o]/forty]]( )[p/pence]( )(.)/[G(.)B(.)P(.)/G(.)B(.)P(.)£(.)/pound/pound./£/£(.)G(.)B(.)P(.)](s)[7/[7/[07/seven]]]([G(.)B(.)P(.)/G(.)B(.)P(.)£(.)/pound/pound./£/£(.)G(.)B(.)P(.)](s))[&/+/,/-/./:/;/and/ ][4[(0)/O/o]/[4[0/O/o]/forty]]([p/pence])(.)/([G(.)B(.)P(.)/G(.)B(.)P(.)£(.)/pound/pound./£/£(.)G(.)B(.)P(.)](s))[7/[7/[07/seven]]]([G(.)B(.)P(.)/G(.)B(.)P(.)£(.)/pound/pound./£/£(.)G(.)B(.)P(.)](s))[&/+/,/-/./:/;/and/ ][4[(0)/O/o]/[4[0/O/o]/forty]](.)/[G(.)B(.)P(.)/G(.)B(.)P(.)£(.)/pound/pound./£/£(.)G(.)B(.)P(.)](s)[7/[7/[07/seven]]]([G(.)B(.)P(.)/G(.)B(.)P(.)£(.)/pound/pound./£/£(.)G(.)B(.)P(.)](s))[&/+/,/-/./:/;/and/ ][4[(0)/O/o]/[4[0/O/o]/forty]]([p/pence])(.)/[7/[7/[07/seven]]][&/+/,/-/./:/;/and/ ][4[(0)/O/o]/[4[0/O/o]/forty]]([G(.)B(.)P(.)/G(.)B(.)P(.)£(.)/pound/pound./£/£(.)G(.)B(.)P(.)](s))(.)/[7/[7/[07/seven]]]( )([G(.)B(.)P(.)/G(.)B(.)P(.)£(.)/pound/pound./£/£(.)G(.)B(.)P(.)](s))[&/+/,/-/./:/;/and/ ][4[0/O/o]/[4[0/O/o]/forty]]( )(.)/[7/[7/[07/seven]]]( )[G(.)B(.)P(.)/G(.)B(.)P(.)£(.)/pound/pound./£/£(.)G(.)B(.)P(.)](s)[&/+/,/-/./:/;/and/ ][4[0/O/o]/[4[0/O/o]/forty]]( )([p/pence])(.)/([G(.)B(.)P(.)/G(.)B(.)P(.)£(.)/pound/pound./£/£(.)G(.)B(.)P(.)](s))[7/[7/[07/seven]]]([G(.)B(.)P(.)/G(.)B(.)P(.)£(.)/pound/pound./£/£(.)G(.)B(.)P(.)](s))([&/+/,/-/./:/;/and/ ])[4[(0)/O/o]/[4[0/O/o]/forty]]([G(.)B(.)P(.)/G(.)B(.)P(.)£(.)/pound/pound./£/£(.)G(.)B(.)P(.)](s))(.)/[7/[7/[07/seven]]][&/+/,/-/./:/;/and/ ][4[0/O/o]/[4[0/O/o]/forty]]( )(.)/[7/[7/[07/seven]]]( )[4[0/O/o]/[4[0/O/o]/forty]]( )[p/pence](.)/[7/[7/[07/seven]]]( )([G(.)B(.)P(.)/G(.)B(.)P(.)£(.)/pound/pound./£/£(.)G(.)B(.)P(.)](s))( )([and/&/+/'n'/'n/n'/n])( )[.4/.four/2~/5/4~/10/4~/10 of/4~/10 of 1/4~/10 of a/4~/10 of one/four tenths/four tenths of/four tenths of 1/four tenths of a/four tenths of one/point 4/point four/point4](.)"
300003656000218,TELEVID4832_SCANNER12,TH4550020998649575910300003656000218,30/01/2025,25/01/2025,9986495759,TH455,Kadai ,TH,20,10,THIS FRIDAY,0.8124,THIS FRIDAY,,Match,D822/03,[thursday/th/thu/thur/thurs]
300003656001350,TELEVID4832_SCANNER12,TH455008699864957596300003656001350,30/01/2025,25/01/2025,9986495759,TH455,Kadai ,TH,86,6,8:25 AM,0.8491,8:25 AM,,Match,D822/03,[([0/O/o])8/[8/[08/eight]]]([h/hour/hours/hr/hrs/hs])([&/-/./:/;])[25/[twenty([-/ ])[5/[05/five]]/25]](([-/ ])[in morning/in the morning/a(.)m(.)])(.)/[([0/O/o])8/[8/[08/eight]]][h/hour/hours/hr/hrs/hs]([&/-/./:/;])[25/[twenty([-/ ])[5/[05/five]]/25]]([m/min/mins/minute/minutes/ms])(([-/ ])[in morning/in the morning/a(.)m(.)])(.)/[([0/O/o])8/[8/[08/eight]]]([h/hour/hours/hr/hrs/hs])([&/-/./:/;])[25/[twenty([-/ ])[5/[05/five]]/25]]([-/ ])[h/hour/hours/hr/hrs/hs](.)(([-/ ])[in morning/in the morning/a(.)m(.)])(.)/[25/[twenty([-/ ])[5/[05/five]]/25]]([m/min/mins/minute/minutes/ms](.))([-/ ])[past/after]([-/ ])[([0/O/o])8/[8/[08/eight]]]([h/hour/hours/hr/hrs/hs])(.)(([-/ ])[in morning/in the morning/a(.)m(.)])(.)
300003656001353,TELEVID4832_SCANNER12,TH455008999864957596300003656001353,30/01/2025,25/01/2025,9986495759,TH455,Kadai ,TH,89,6,8:25,0.8305,8.25,,NoMatch,D822/03,[([0/O/o])8/[8/[08/eight]]]([h/hour/hours/hr/hrs/hs])([&/-/./:/;])[25/[twenty([-/ ])[5/[05/five]]/25]](([-/ ])[in morning/in the morning/a(.)m(.)])(.)/[([0/O/o])8/[8/[08/eight]]][h/hour/hours/hr/hrs/hs]([&/-/./:/;])[25/[twenty([-/ ])[5/[05/five]]/25]]([m/min/mins/minute/minutes/ms])(([-/ ])[in morning/in the morning/a(.)m(.)])(.)/[([0/O/o])8/[8/[08/eight]]]([h/hour/hours/hr/hrs/hs])([&/-/./:/;])[25/[twenty([-/ ])[5/[05/five]]/25]]([-/ ])[h/hour/hours/hr/hrs/hs](.)(([-/ ])[in morning/in the morning/a(.)m(.)])(.)/[25/[twenty([-/ ])[5/[05/five]]/25]]([m/min/mins/minute/minutes/ms](.))([-/ ])[past/after]([-/ ])[([0/O/o])8/[8/[08/eight]]]([h/hour/hours/hr/hrs/hs])(.)(([-/ ])[in morning/in the morning/a(.)m(.)])(.)
300003656001360,TELEVID4832_SCANNER12,TH455009699864957598300003656001360,30/01/2025,25/01/2025,9986495759,TH455,Kadai ,TH,96,8,20,0.8453,20,,Match,D822/03,painting(s)
300003656001360,TELEVID4832_SCANNER12,TH455009699864957599300003656001360,30/01/2025,25/01/2025,9986495759,TH455,Kadai ,TH,96,9,714,0.8249,714,,Match,D822/03,"[7/[7/[07/seven]]]( )([G(.)B(.)P(.)/G(.)B(.)P(.)£(.)/pound/pound./£/£(.)G(.)B(.)P(.)](s))( )[4[0/O/o]/[4[0/O/o]/forty]]( )([p/pence])( )(.)/[G(.)B(.)P(.)/G(.)B(.)P(.)£(.)/pound/pound./£/£(.)G(.)B(.)P(.)](s)( )[7/[7/[07/seven]]]( )([G(.)B(.)P(.)/G(.)B(.)P(.)£(.)/pound/pound./£/£(.)G(.)B(.)P(.)](s))( )[4[0/O/o]/[4[0/O/o]/forty]]( )[p/pence]( )(.)/[G(.)B(.)P(.)/G(.)B(.)P(.)£(.)/pound/pound./£/£(.)G(.)B(.)P(.)](s)[7/[7/[07/seven]]]([G(.)B(.)P(.)/G(.)B(.)P(.)£(.)/pound/pound./£/£(.)G(.)B(.)P(.)](s))[&/+/,/-/./:/;/and/ ][4[(0)/O/o]/[4[0/O/o]/forty]]([p/pence])(.)/([G(.)B(.)P(.)/G(.)B(.)P(.)£(.)/pound/pound./£/£(.)G(.)B(.)P(.)](s))[7/[7/[07/seven]]]([G(.)B(.)P(.)/G(.)B(.)P(.)£(.)/pound/pound./£/£(.)G(.)B(.)P(.)](s))[&/+/,/-/./:/;/and/ ][4[(0)/O/o]/[4[0/O/o]/forty]](.)/[G(.)B(.)P(.)/G(.)B(.)P(.)£(.)/pound/pound./£/£(.)G(.)B(.)P(.)](s)[7/[7/[07/seven]]]([G(.)B(.)P(.)/G(.)B(.)P(.)£(.)/pound/pound./£/£(.)G(.)B(.)P(.)](s))[&/+/,/-/./:/;/and/ ][4[(0)/O/o]/[4[0/O/o]/forty]]([p/pence])(.)/[7/[7/[07/seven]]][&/+/,/-/./:/;/and/ ][4[(0)/O/o]/[4[0/O/o]/forty]]([G(.)B(.)P(.)/G(.)B(.)P(.)£(.)/pound/pound./£/£(.)G(.)B(.)P(.)](s))(.)/[7/[7/[07/seven]]]( )([G(.)B(.)P(.)/G(.)B(.)P(.)£(.)/pound/pound./£/£(.)G(.)B(.)P(.)](s))[&/+/,/-/./:/;/and/ ][4[0/O/o]/[4[0/O/o]/forty]]( )(.)/[7/[7/[07/seven]]]( )[G(.)B(.)P(.)/G(.)B(.)P(.)£(.)/pound/pound./£/£(.)G(.)B(.)P(.)](s)[&/+/,/-/./:/;/and/ ][4[0/O/o]/[4[0/O/o]/forty]]( )([p/pence])(.)/([G(.)B(.)P(.)/G(.)B(.)P(.)£(.)/pound/pound./£/£(.)G(.)B(.)P(.)](s))[7/[7/[07/seven]]]([G(.)B(.)P(.)/G(.)B(.)P(.)£(.)/pound/pound./£/£(.)G(.)B(.)P(.)](s))([&/+/,/-/./:/;/and/ ])[4[(0)/O/o]/[4[0/O/o]/forty]]([G(.)B(.)P(.)/G(.)B(.)P(.)£(.)/pound/pound./£/£(.)G(.)B(.)P(.)](s))(.)/[7/[7/[07/seven]]][&/+/,/-/./:/;/and/ ][4[0/O/o]/[4[0/O/o]/forty]]( )(.)/[7/[7/[07/seven]]]( )[4[0/O/o]/[4[0/O/o]/forty]]( )[p/pence](.)/[7/[7/[07/seven]]]( )([G(.)B(.)P(.)/G(.)B(.)P(.)£(.)/pound/pound./£/£(.)G(.)B(.)P(.)](s))( )([and/&/+/'n'/'n/n'/n])( )[.4/.four/2~/5/4~/10/4~/10 of/4~/10 of 1/4~/10 of a/4~/10 of one/four tenths/four tenths of/four tenths of 1/four tenths of a/four tenths of one/point 4/point four/point4](.)"
300003656001364,TELEVID4832_SCANNER12,TH455010099864957597300003656001364,30/01/2025,25/01/2025,9986495759,TH455,Kadai ,TH,100,7,TED WORTH,0.8146,TED WORTH,,Match,D822/03,tedworth
300003656001364,TELEVID4832_SCANNER12,TH455010099864957598300003656001364,30/01/2025,25/01/2025,9986495759,TH455,Kadai ,TH,100,8,A PAINTER,0.8123,APAINTER,,NoMatch,D822/03,painting(s)
300003656001368,TELEVID4832_SCANNER12,TH4550104998649575910300003656001368,30/01/2025,25/01/2025,9986495759,TH455,Kadai ,TH,104,10,ON FRIDAY,0.8047,OR FRIDAY,,NoMatch,D822/03,[thursday/th/thu/thur/thurs]
300003656500459,televid4833_SCANNER12,TH455005999864957596300003656500459,30/01/2025,25/01/2025,9986495759,TH455,Kadai ,TH,59,6,8:25,0.8308,8:25,,Match,D822/03,[([0/O/o])8/[8/[08/eight]]]([h/hour/hours/hr/hrs/hs])([&/-/./:/;])[25/[twenty([-/ ])[5/[05/five]]/25]](([-/ ])[in morning/in the morning/a(.)m(.)])(.)/[([0/O/o])8/[8/[08/eight]]][h/hour/hours/hr/hrs/hs]([&/-/./:/;])[25/[twenty([-/ ])[5/[05/five]]/25]]([m/min/mins/minute/minutes/ms])(([-/ ])[in morning/in the morning/a(.)m(.)])(.)/[([0/O/o])8/[8/[08/eight]]]([h/hour/hours/hr/hrs/hs])([&/-/./:/;])[25/[twenty([-/ ])[5/[05/five]]/25]]([-/ ])[h/hour/hours/hr/hrs/hs](.)(([-/ ])[in morning/in the morning/a(.)m(.)])(.)/[25/[twenty([-/ ])[5/[05/five]]/25]]([m/min/mins/minute/minutes/ms](.))([-/ ])[past/after]([-/ ])[([0/O/o])8/[8/[08/eight]]]([h/hour/hours/hr/hrs/hs])(.)(([-/ ])[in morning/in the morning/a(.)m(.)])(.)
300003656500459,televid4833_SCANNER12,TH4550059998649575910300003656500459,30/01/2025,25/01/2025,9986495759,TH455,Kadai ,TH,59,10,740,0.8369,740,,Match,D822/03,[thursday/th/thu/thur/thurs]
300003656500460,televid4833_SCANNER12,TH455006099864957596300003656500460,30/01/2025,25/01/2025,9986495759,TH455,Kadai ,TH,60,6,8:25 A.M.,0.8475,8:25 A.M.,,Match,D822/03,[([0/O/o])8/[8/[08/eight]]]([h/hour/hours/hr/hrs/hs])([&/-/./:/;])[25/[twenty([-/ ])[5/[05/five]]/25]](([-/ ])[in morning/in the morning/a(.)m(.)])(.)/[([0/O/o])8/[8/[08/eight]]][h/hour/hours/hr/hrs/hs]([&/-/./:/;])[25/[twenty([-/ ])[5/[05/five]]/25]]([m/min/mins/minute/minutes/ms])(([-/ ])[in morning/in the morning/a(.)m(.)])(.)/[([0/O/o])8/[8/[08/eight]]]([h/hour/hours/hr/hrs/hs])([&/-/./:/;])[25/[twenty([-/ ])[5/[05/five]]/25]]([-/ ])[h/hour/hours/hr/hrs/hs](.)(([-/ ])[in morning/in the morning/a(.)m(.)])(.)/[25/[twenty([-/ ])[5/[05/five]]/25]]([m/min/mins/minute/minutes/ms](.))([-/ ])[past/after]([-/ ])[([0/O/o])8/[8/[08/eight]]]([h/hour/hours/hr/hrs/hs])(.)(([-/ ])[in morning/in the morning/a(.)m(.)])(.)
300003656500471,televid4833_SCANNER12,TH4550071998649575911300003656500471,30/01/2025,25/01/2025,9986495759,TH455,Kadai ,TH,71,11,B,0.8185,B,,Match,D822/03,B
300003757700229,TELEVID5260_SCANNER13,IT059000569619746398300003757700229,23/04/2025,10/04/2025,6961974639,IT059,Romance,IT,5,8,3:25 P.M,0.8338,3:25 P.M,,Match,D822/03,[15/[15/fifteen]/([0/O/o])3/[3/[03/three]]][h/hour/hours/hr/hrs/hs]([&/-/./:/;])[25/[twenty([-/ ])[5/[05/five]]/25]]([m/min/mins/minute/minutes/ms])(([-/ ])[in the afternoon/in the evening/p(.)m(.)])(.)/[15/[15/fifteen]/([0/O/o])3/[3/[03/three]]]([h/hour/hours/hr/hrs/hs])([&/-/./:/;])[25/[twenty([-/ ])[5/[05/five]]/25]]([-/ ])[h/hour/hours/hr/hrs/hs](.)(([-/ ])[in the afternoon/in the evening/p(.)m(.)])(.)/[25/[twenty([-/ ])[5/[05/five]]/25]]([m/min/mins/minute/minutes/ms](.))([-/ ])[past/after]([-/ ])[15/[15/fifteen]/([0/O/o])3/[3/[03/three]]]([h/hour/hours/hr/hrs/hs])(.)(([-/ ])[in the afternoon/in the evening/p(.)m(.)])(.)/[15/[15/fifteen]/([0/O/o])3/[3/[03/three]]]([h/hour/hours/hr/hrs/hs])([&/-/./:/;])[25/[twenty([-/ ])[5/[05/five]]/25]](([-/ ])[in the afternoon/in the evening/p(.)m(.)])(.)
300003851700531,TELEVID5315_SCANNER13,ES385001869619746398300003851700531,07/05/2025,26/04/2025,6961974639,ES385,Romance,ES,18,8,3:45,0.8368,3 45,,NoMatch,D822/03,[15/[15/fifteen]/([0/O/o])3/[3/[03/three]]][h/hour/hours/hr/hrs/hs]([&/-/./:/;])[25/[twenty([-/ ])[5/[05/five]]/25]]([m/min/mins/minute/minutes/ms])(([-/ ])[in the afternoon/in the evening/p(.)m(.)])(.)/[15/[15/fifteen]/([0/O/o])3/[3/[03/three]]]([h/hour/hours/hr/hrs/hs])([&/-/./:/;])[25/[twenty([-/ ])[5/[05/five]]/25]]([-/ ])[h/hour/hours/hr/hrs/hs](.)(([-/ ])[in the afternoon/in the evening/p(.)m(.)])(.)/[25/[twenty([-/ ])[5/[05/five]]/25]]([m/min/mins/minute/minutes/ms](.))([-/ ])[past/after]([-/ ])[15/[15/fifteen]/([0/O/o])3/[3/[03/three]]]([h/hour/hours/hr/hrs/hs])(.)(([-/ ])[in the afternoon/in the evening/p(.)m(.)])(.)/[15/[15/fifteen]/([0/O/o])3/[3/[03/three]]]([h/hour/hours/hr/hrs/hs])([&/-/./:/;])[25/[twenty([-/ ])[5/[05/five]]/25]](([-/ ])[in the afternoon/in the evening/p(.)m(.)])(.)
300003944000374,TELEVID5357_SCANNER12,IT018000369619746398300003944000374,14/05/2025,07/05/2025,6961974639,IT018,Romance,IT,3,8,3 25,0.8056,3 25,,Match,D822/03,[15/[15/fifteen]/([0/O/o])3/[3/[03/three]]][h/hour/hours/hr/hrs/hs]([&/-/./:/;])[25/[twenty([-/ ])[5/[05/five]]/25]]([m/min/mins/minute/minutes/ms])(([-/ ])[in the afternoon/in the evening/p(.)m(.)])(.)/[15/[15/fifteen]/([0/O/o])3/[3/[03/three]]]([h/hour/hours/hr/hrs/hs])([&/-/./:/;])[25/[twenty([-/ ])[5/[05/five]]/25]]([-/ ])[h/hour/hours/hr/hrs/hs](.)(([-/ ])[in the afternoon/in the evening/p(.)m(.)])(.)/[25/[twenty([-/ ])[5/[05/five]]/25]]([m/min/mins/minute/minutes/ms](.))([-/ ])[past/after]([-/ ])[15/[15/fifteen]/([0/O/o])3/[3/[03/three]]]([h/hour/hours/hr/hrs/hs])(.)(([-/ ])[in the afternoon/in the evening/p(.)m(.)])(.)/[15/[15/fifteen]/([0/O/o])3/[3/[03/three]]]([h/hour/hours/hr/hrs/hs])([&/-/./:/;])[25/[twenty([-/ ])[5/[05/five]]/25]](([-/ ])[in the afternoon/in the evening/p(.)m(.)])(.)
300003947500114,TELEVID5374_SCANNER13,IT4100018908413306116300003947500114,14/05/2025,07/05/2025,9084133061,IT410,Romance,IT,18,16,B,0.8418,B,,Match,D822/03,A
300004036500350,TELEVID5476_SCANNER13,IT006001469619746399300004036500350,21/05/2025,13/05/2025,6961974639,IT006,Romance,IT,14,9,DOCKIATY,0.8485,DOCKIATY,,Match,D822/03,docherty
300004135300698,TELEVID5582_SCANNER13,LK0010322410329427410300004135300698,27/05/2025,17/05/2025,4103294274,LK001,Indo-Iranian,LK,322,10,BADGER,0.8274,BADGER,,Match,D822/03,badger
300004135300746,TELEVID5582_SCANNER13,LK0010370410329427420300004135300746,27/05/2025,17/05/2025,4103294274,LK001,Indo-Iranian,LK,370,20,B,0.8373,B,,Match,D822/03,B
300004135300771,TELEVID5582_SCANNER13,LK0010395410329427420300004135300771,27/05/2025,17/05/2025,4103294274,LK001,Indo-Iranian,LK,395,20,--impossible--,0.8321,C,,NoMatch,D822/03,B
300004135900468,TELEVID5580_SCANNER13,TW007051522889026718300004135900468,27/05/2025,18/05/2025,2288902671,TW007,Chinese,TW,515,8,9:45,0.8471,9:45,,Match,D822/03,[([0/O/o])9/[9/[09/nine]]]([h/hour/hours/hr/hrs/hs])([&/-/./:/;])[45/[forty([-/ ])[5/[05/five]]/45]](([-/ ])[in morning/in the morning/a(.)m(.)])(.)/[([0/O/o])9/[9/[09/nine]]][h/hour/hours/hr/hrs/hs]([&/-/./:/;])[45/[forty([-/ ])[5/[05/five]]/45]]([m/min/mins/minute/minutes/ms])(([-/ ])[in morning/in the morning/a(.)m(.)])(.)/[([0/O/o])9/[9/[09/nine]]]([h/hour/hours/hr/hrs/hs])([&/-/./:/;])[45/[forty([-/ ])[5/[05/five]]/45]]([-/ ])[h/hour/hours/hr/hrs/hs](.)(([-/ ])[in morning/in the morning/a(.)m(.)])(.)/(a([-/ ]))[quarter/1~/4]([-/ ])[to/before/of]([-/ ])[1[0/O/o]/[1[0/O/o]/ten]]([h/hour/hours/hr/hrs/hs])(.)(([-/ ])[in morning/in the morning/a(.)m(.)])(.)/[15/[15/fifteen]]([m/min/mins/minute/minutes/ms](.))([-/ ])[to/before]([-/ ])[1[0/O/o]/[1[0/O/o]/ten]]([h/hour/hours/hr/hrs/hs])(.)(([-/ ])[in morning/in the morning/a(.)m(.)])(.)/[45/[forty([-/ ])[5/[05/five]]/45]]([m/min/mins/minute/minutes/ms](.))([-/ ])[past/after]([-/ ])[([0/O/o])9/[9/[09/nine]]]([h/hour/hours/hr/hrs/hs])(.)(([-/ ])[in morning/in the morning/a(.)m(.)])(.)
300004135900471,TELEVID5580_SCANNER13,TW007051822889026718300004135900471,27/05/2025,18/05/2025,2288902671,TW007,Chinese,TW,518,8,9:45,0.8449,9=45,,NoMatch,D822/03,[([0/O/o])9/[9/[09/nine]]]([h/hour/hours/hr/hrs/hs])([&/-/./:/;])[45/[forty([-/ ])[5/[05/five]]/45]](([-/ ])[in morning/in the morning/a(.)m(.)])(.)/[([0/O/o])9/[9/[09/nine]]][h/hour/hours/hr/hrs/hs]([&/-/./:/;])[45/[forty([-/ ])[5/[05/five]]/45]]([m/min/mins/minute/minutes/ms])(([-/ ])[in morning/in the morning/a(.)m(.)])(.)/[([0/O/o])9/[9/[09/nine]]]([h/hour/hours/hr/hrs/hs])([&/-/./:/;])[45/[forty([-/ ])[5/[05/five]]/45]]([-/ ])[h/hour/hours/hr/hrs/hs](.)(([-/ ])[in morning/in the morning/a(.)m(.)])(.)/(a([-/ ]))[quarter/1~/4]([-/ ])[to/before/of]([-/ ])[1[0/O/o]/[1[0/O/o]/ten]]([h/hour/hours/hr/hrs/hs])(.)(([-/ ])[in morning/in the morning/a(.)m(.)])(.)/[15/[15/fifteen]]([m/min/mins/minute/minutes/ms](.))([-/ ])[to/before]([-/ ])[1[0/O/o]/[1[0/O/o]/ten]]([h/hour/hours/hr/hrs/hs])(.)(([-/ ])[in morning/in the morning/a(.)m(.)])(.)/[45/[forty([-/ ])[5/[05/five]]/45]]([m/min/mins/minute/minutes/ms](.))([-/ ])[past/after]([-/ ])[([0/O/o])9/[9/[09/nine]]]([h/hour/hours/hr/hrs/hs])(.)(([-/ ])[in morning/in the morning/a(.)m(.)])(.)
300004135900479,TELEVID5580_SCANNER13,TW007052622889026716300004135900479,27/05/2025,18/05/2025,2288902671,TW007,Chinese,TW,526,6,DRAYCOTT,0.8307,DRAYCOTT,,Match,D822/03,draycott
300004135900505,TELEVID5580_SCANNER13,TW007055222889026718300004135900505,27/05/2025,18/05/2025,2288902671,TW007,Chinese,TW,552,8,9:45 A.M.,0.8388,9:45 A.M.,,Match,D822/03,[([0/O/o])9/[9/[09/nine]]]([h/hour/hours/hr/hrs/hs])([&/-/./:/;])[45/[forty([-/ ])[5/[05/five]]/45]](([-/ ])[in morning/in the morning/a(.)m(.)])(.)/[([0/O/o])9/[9/[09/nine]]][h/hour/hours/hr/hrs/hs]([&/-/./:/;])[45/[forty([-/ ])[5/[05/five]]/45]]([m/min/mins/minute/minutes/ms])(([-/ ])[in morning/in the morning/a(.)m(.)])(.)/[([0/O/o])9/[9/[09/nine]]]([h/hour/hours/hr/hrs/hs])([&/-/./:/;])[45/[forty([-/ ])[5/[05/five]]/45]]([-/ ])[h/hour/hours/hr/hrs/hs](.)(([-/ ])[in morning/in the morning/a(.)m(.)])(.)/(a([-/ ]))[quarter/1~/4]([-/ ])[to/before/of]([-/ ])[1[0/O/o]/[1[0/O/o]/ten]]([h/hour/hours/hr/hrs/hs])(.)(([-/ ])[in morning/in the morning/a(.)m(.)])(.)/[15/[15/fifteen]]([m/min/mins/minute/minutes/ms](.))([-/ ])[to/before]([-/ ])[1[0/O/o]/[1[0/O/o]/ten]]([h/hour/hours/hr/hrs/hs])(.)(([-/ ])[in morning/in the morning/a(.)m(.)])(.)/[45/[forty([-/ ])[5/[05/five]]/45]]([m/min/mins/minute/minutes/ms](.))([-/ ])[past/after]([-/ ])[([0/O/o])9/[9/[09/nine]]]([h/hour/hours/hr/hrs/hs])(.)(([-/ ])[in morning/in the morning/a(.)m(.)])(.)
300004135900505,TELEVID5580_SCANNER13,TW0070552228890267119300004135900505,27/05/2025,18/05/2025,2288902671,TW007,Chinese,TW,552,19,B,0.8499,B,,Match,D822/03,B
300004135900537,TELEVID5580_SCANNER13,TW0070584228890267119300004135900537,27/05/2025,18/05/2025,2288902671,TW007,Chinese,TW,584,19,B,0.8403,B,,Match,D822/03,B
300004135900539,TELEVID5580_SCANNER13,TW007058622889026718300004135900539,27/05/2025,18/05/2025,2288902671,TW007,Chinese,TW,586,8,9:45 A.M.,0.8102,9:45 A.M.,,Match,D822/03,[([0/O/o])9/[9/[09/nine]]]([h/hour/hours/hr/hrs/hs])([&/-/./:/;])[45/[forty([-/ ])[5/[05/five]]/45]](([-/ ])[in morning/in the morning/a(.)m(.)])(.)/[([0/O/o])9/[9/[09/nine]]][h/hour/hours/hr/hrs/hs]([&/-/./:/;])[45/[forty([-/ ])[5/[05/five]]/45]]([m/min/mins/minute/minutes/ms])(([-/ ])[in morning/in the morning/a(.)m(.)])(.)/[([0/O/o])9/[9/[09/nine]]]([h/hour/hours/hr/hrs/hs])([&/-/./:/;])[45/[forty([-/ ])[5/[05/five]]/45]]([-/ ])[h/hour/hours/hr/hrs/hs](.)(([-/ ])[in morning/in the morning/a(.)m(.)])(.)/(a([-/ ]))[quarter/1~/4]([-/ ])[to/before/of]([-/ ])[1[0/O/o]/[1[0/O/o]/ten]]([h/hour/hours/hr/hrs/hs])(.)(([-/ ])[in morning/in the morning/a(.)m(.)])(.)/[15/[15/fifteen]]([m/min/mins/minute/minutes/ms](.))([-/ ])[to/before]([-/ ])[1[0/O/o]/[1[0/O/o]/ten]]([h/hour/hours/hr/hrs/hs])(.)(([-/ ])[in morning/in the morning/a(.)m(.)])(.)/[45/[forty([-/ ])[5/[05/five]]/45]]([m/min/mins/minute/minutes/ms](.))([-/ ])[past/after]([-/ ])[([0/O/o])9/[9/[09/nine]]]([h/hour/hours/hr/hrs/hs])(.)(([-/ ])[in morning/in the morning/a(.)m(.)])(.)
300004135900558,TELEVID5580_SCANNER13,TW007060522889026717300004135900558,27/05/2025,18/05/2025,2288902671,TW007,Chinese,TW,605,7,TUSADAY,0.8484,TYSADAY,,NoMatch,D822/03,[tuesday/tu/tue/tues](s)
300004135900583,TELEVID5580_SCANNER13,TW007063022889026718300004135900583,27/05/2025,18/05/2025,2288902671,TW007,Chinese,TW,630,8,9:45 A.M.,0.8426,9.45 A.M.,,NoMatch,D822/03,[([0/O/o])9/[9/[09/nine]]]([h/hour/hours/hr/hrs/hs])([&/-/./:/;])[45/[forty([-/ ])[5/[05/five]]/45]](([-/ ])[in morning/in the morning/a(.)m(.)])(.)/[([0/O/o])9/[9/[09/nine]]][h/hour/hours/hr/hrs/hs]([&/-/./:/;])[45/[forty([-/ ])[5/[05/five]]/45]]([m/min/mins/minute/minutes/ms])(([-/ ])[in morning/in the morning/a(.)m(.)])(.)/[([0/O/o])9/[9/[09/nine]]]([h/hour/hours/hr/hrs/hs])([&/-/./:/;])[45/[forty([-/ ])[5/[05/five]]/45]]([-/ ])[h/hour/hours/hr/hrs/hs](.)(([-/ ])[in morning/in the morning/a(.)m(.)])(.)/(a([-/ ]))[quarter/1~/4]([-/ ])[to/before/of]([-/ ])[1[0/O/o]/[1[0/O/o]/ten]]([h/hour/hours/hr/hrs/hs])(.)(([-/ ])[in morning/in the morning/a(.)m(.)])(.)/[15/[15/fifteen]]([m/min/mins/minute/minutes/ms](.))([-/ ])[to/before]([-/ ])[1[0/O/o]/[1[0/O/o]/ten]]([h/hour/hours/hr/hrs/hs])(.)(([-/ ])[in morning/in the morning/a(.)m(.)])(.)/[45/[forty([-/ ])[5/[05/five]]/45]]([m/min/mins/minute/minutes/ms](.))([-/ ])[past/after]([-/ ])[([0/O/o])9/[9/[09/nine]]]([h/hour/hours/hr/hrs/hs])(.)(([-/ ])[in morning/in the morning/a(.)m(.)])(.)
300004135900593,TELEVID5580_SCANNER13,TW007064022889026718300004135900593,27/05/2025,18/05/2025,2288902671,TW007,Chinese,TW,640,8,9:45,0.8237,9:45 AM,,NoMatch,D822/03,[([0/O/o])9/[9/[09/nine]]]([h/hour/hours/hr/hrs/hs])([&/-/./:/;])[45/[forty([-/ ])[5/[05/five]]/45]](([-/ ])[in morning/in the morning/a(.)m(.)])(.)/[([0/O/o])9/[9/[09/nine]]][h/hour/hours/hr/hrs/hs]([&/-/./:/;])[45/[forty([-/ ])[5/[05/five]]/45]]([m/min/mins/minute/minutes/ms])(([-/ ])[in morning/in the morning/a(.)m(.)])(.)/[([0/O/o])9/[9/[09/nine]]]([h/hour/hours/hr/hrs/hs])([&/-/./:/;])[45/[forty([-/ ])[5/[05/five]]/45]]([-/ ])[h/hour/hours/hr/hrs/hs](.)(([-/ ])[in morning/in the morning/a(.)m(.)])(.)/(a([-/ ]))[quarter/1~/4]([-/ ])[to/before/of]([-/ ])[1[0/O/o]/[1[0/O/o]/ten]]([h/hour/hours/hr/hrs/hs])(.)(([-/ ])[in morning/in the morning/a(.)m(.)])(.)/[15/[15/fifteen]]([m/min/mins/minute/minutes/ms](.))([-/ ])[to/before]([-/ ])[1[0/O/o]/[1[0/O/o]/ten]]([h/hour/hours/hr/hrs/hs])(.)(([-/ ])[in morning/in the morning/a(.)m(.)])(.)/[45/[forty([-/ ])[5/[05/five]]/45]]([m/min/mins/minute/minutes/ms](.))([-/ ])[past/after]([-/ ])[([0/O/o])9/[9/[09/nine]]]([h/hour/hours/hr/hrs/hs])(.)(([-/ ])[in morning/in the morning/a(.)m(.)])(.)
300004135900593,TELEVID5580_SCANNER13,TW0070640228890267112300004135900593,27/05/2025,18/05/2025,2288902671,TW007,Chinese,TW,640,12,B,0.8213,B,,Match,D822/03,B
300004135900596,TELEVID5580_SCANNER13,TW0070643228890267116300004135900596,27/05/2025,18/05/2025,2288902671,TW007,Chinese,TW,643,16,B,0.8409,B,,Match,D822/03,A
300004135900599,TELEVID5580_SCANNER13,TW007064622889026717300004135900599,27/05/2025,18/05/2025,2288902671,TW007,Chinese,TW,646,7,1 DAY,0.8008,1 DAY,,Match,D822/03,[tuesday/tu/tue/tues](s)
300004135900602,TELEVID5580_SCANNER13,TW007064922889026715300004135900602,27/05/2025,18/05/2025,2288902671,TW007,Chinese,TW,649,5,B,0.8177,B,,Match,D822/03,B
300004135900642,TELEVID5580_SCANNER13,TW007068922889026718300004135900642,27/05/2025,18/05/2025,2288902671,TW007,Chinese,TW,689,8,11:30,0.8226,11-30,,NoMatch,D822/03,[([0/O/o])9/[9/[09/nine]]]([h/hour/hours/hr/hrs/hs])([&/-/./:/;])[45/[forty([-/ ])[5/[05/five]]/45]](([-/ ])[in morning/in the morning/a(.)m(.)])(.)/[([0/O/o])9/[9/[09/nine]]][h/hour/hours/hr/hrs/hs]([&/-/./:/;])[45/[forty([-/ ])[5/[05/five]]/45]]([m/min/mins/minute/minutes/ms])(([-/ ])[in morning/in the morning/a(.)m(.)])(.)/[([0/O/o])9/[9/[09/nine]]]([h/hour/hours/hr/hrs/hs])([&/-/./:/;])[45/[forty([-/ ])[5/[05/five]]/45]]([-/ ])[h/hour/hours/hr/hrs/hs](.)(([-/ ])[in morning/in the morning/a(.)m(.)])(.)/(a([-/ ]))[quarter/1~/4]([-/ ])[to/before/of]([-/ ])[1[0/O/o]/[1[0/O/o]/ten]]([h/hour/hours/hr/hrs/hs])(.)(([-/ ])[in morning/in the morning/a(.)m(.)])(.)/[15/[15/fifteen]]([m/min/mins/minute/minutes/ms](.))([-/ ])[to/before]([-/ ])[1[0/O/o]/[1[0/O/o]/ten]]([h/hour/hours/hr/hrs/hs])(.)(([-/ ])[in morning/in the morning/a(.)m(.)])(.)/[45/[forty([-/ ])[5/[05/five]]/45]]([m/min/mins/minute/minutes/ms](.))([-/ ])[past/after]([-/ ])[([0/O/o])9/[9/[09/nine]]]([h/hour/hours/hr/hrs/hs])(.)(([-/ ])[in morning/in the morning/a(.)m(.)])(.)
300004143700244,TELEVID5596_SCANNER13,LK001047941032942746300004143700244,28/05/2025,17/05/2025,4103294274,LK001,Indo-Iranian,LK,479,6,STORM,0.836,SFORM,,NoMatch,D822/03,storm
300004143700247,TELEVID5596_SCANNER13,LK0010482410329427417300004143700247,28/05/2025,17/05/2025,4103294274,LK001,Indo-Iranian,LK,482,17,--impossible--,0.8186,"A, B",,NoMatch,D822/03,C
300004143700257,TELEVID5596_SCANNER13,LK0010492410329427420300004143700257,28/05/2025,17/05/2025,4103294274,LK001,Indo-Iranian,LK,492,20,A,0.8472,A,,Match,D822/03,B
300004143700270,TELEVID5596_SCANNER13,LK0010505410329427412300004143700270,28/05/2025,17/05/2025,4103294274,LK001,Indo-Iranian,LK,505,12,B,0.8306,B,,Match,D822/03,A
300004149700189,TELEVID5610_SCANNER12,PL007000683789450006300004149700189,28/05/2025,24/05/2025,8378945000,PL007,Slavic,PL,6,6,7:26,0.8107,F:26,,NoMatch,D822/03,[([0/O/o])7/[7/[07/seven]]]([h/hour/hours/hr/hrs/hs])([&/-/./:/;])[26/[twenty([-/ ])[6/[06/six]]/26]](([-/ ])[in morning/in the morning/a(.)m(.)])(.)/[([0/O/o])7/[7/[07/seven]]]([h/hour/hours/hr/hrs/hs])([&/-/./:/;])[26/[twenty([-/ ])[6/[06/six]]/26]]([-/ ])[h/hour/hours/hr/hrs/hs](.)(([-/ ])[in morning/in the morning/a(.)m(.)])(.)/[26/[twenty([-/ ])[6/[06/six]]/26]]([m/min/mins/minute/minutes/ms](.))([-/ ])[past/after]([-/ ])[([0/O/o])7/[7/[07/seven]]]([h/hour/hours/hr/hrs/hs])(.)(([-/ ])[in morning/in the morning/a(.)m(.)])(.)/[([0/O/o])7/[7/[07/seven]]][h/hour/hours/hr/hrs/hs]([&/-/./:/;])[26/[twenty([-/ ])[6/[06/six]]/26]]([m/min/mins/minute/minutes/ms])(([-/ ])[in morning/in the morning/a(.)m(.)])(.)
300004149700192,TELEVID5610_SCANNER12,PL007000983789450007300004149700192,28/05/2025,24/05/2025,8378945000,PL007,Slavic,PL,9,7,LEWES,0.838,LEWES,,Match,D822/03,lewes
300004149700192,TELEVID5610_SCANNER12,PL0070009837894500010300004149700192,28/05/2025,24/05/2025,8378945000,PL007,Slavic,PL,9,10,079344668,0.8131,079344668,,Match,D822/03,[[0/O/o]/[[0/O/o]/[O/nought/o/zero]]] [7/[7/[07/seven]]] [9/[9/[09/nine]]] [3/[3/[03/three]]] [4/[4/[04/four]]] [4/[4/[04/four]]] [6/[6/[06/six]]] [6/[6/[06/six]]] [8/[8/[08/eight]]]
300004153000225,TELEVID5626_SCANNER13,IT0250006908413306110300004153000225,28/05/2025,24/05/2025,9084133061,IT025,Romance,IT,6,10,PHOTOS,0.8201,PHOTOS,,Match,D822/03,[photograph/foto/fotograph/photo/photographe](s)
300004162600110,TELEVID5644_SCANNER13,IT0174584696197463920300004162600110,29/05/2025,24/05/2025,6961974639,IT017,Romance,IT,4584,20,B,0.8113,B,,Match,D822/03,C
300004164400095,TELEVID5650_SCANNER12,IT0174529696197463915300004164400095,29/05/2025,24/05/2025,6961974639,IT017,Romance,IT,4529,15,B,0.824,"A, B",,NoMatch,D822/03,C
300004171900309,TELEVID5663_SCANNER13,IT042000569619746398300004171900309,29/05/2025,23/05/2025,6961974639,IT042,Romance,IT,5,8,3:25 P.M.,0.8059,3:25 P.M.,,Match,D822/03,[15/[15/fifteen]/([0/O/o])3/[3/[03/three]]][h/hour/hours/hr/hrs/hs]([&/-/./:/;])[25/[twenty([-/ ])[5/[05/five]]/25]]([m/min/mins/minute/minutes/ms])(([-/ ])[in the afternoon/in the evening/p(.)m(.)])(.)/[15/[15/fifteen]/([0/O/o])3/[3/[03/three]]]([h/hour/hours/hr/hrs/hs])([&/-/./:/;])[25/[twenty([-/ ])[5/[05/five]]/25]]([-/ ])[h/hour/hours/hr/hrs/hs](.)(([-/ ])[in the afternoon/in the evening/p(.)m(.)])(.)/[25/[twenty([-/ ])[5/[05/five]]/25]]([m/min/mins/minute/minutes/ms](.))([-/ ])[past/after]([-/ ])[15/[15/fifteen]/([0/O/o])3/[3/[03/three]]]([h/hour/hours/hr/hrs/hs])(.)(([-/ ])[in the afternoon/in the evening/p(.)m(.)])(.)/[15/[15/fifteen]/([0/O/o])3/[3/[03/three]]]([h/hour/hours/hr/hrs/hs])([&/-/./:/;])[25/[twenty([-/ ])[5/[05/five]]/25]](([-/ ])[in the afternoon/in the evening/p(.)m(.)])(.)
300004171900850,TELEVID5663_SCANNER13,IT042004869619746398300004171900850,29/05/2025,23/05/2025,6961974639,IT042,Romance,IT,48,8,3.25,0.8429,3.25,,Match,D822/03,[15/[15/fifteen]/([0/O/o])3/[3/[03/three]]][h/hour/hours/hr/hrs/hs]([&/-/./:/;])[25/[twenty([-/ ])[5/[05/five]]/25]]([m/min/mins/minute/minutes/ms])(([-/ ])[in the afternoon/in the evening/p(.)m(.)])(.)/[15/[15/fifteen]/([0/O/o])3/[3/[03/three]]]([h/hour/hours/hr/hrs/hs])([&/-/./:/;])[25/[twenty([-/ ])[5/[05/five]]/25]]([-/ ])[h/hour/hours/hr/hrs/hs](.)(([-/ ])[in the afternoon/in the evening/p(.)m(.)])(.)/[25/[twenty([-/ ])[5/[05/five]]/25]]([m/min/mins/minute/minutes/ms](.))([-/ ])[past/after]([-/ ])[15/[15/fifteen]/([0/O/o])3/[3/[03/three]]]([h/hour/hours/hr/hrs/hs])(.)(([-/ ])[in the afternoon/in the evening/p(.)m(.)])(.)/[15/[15/fifteen]/([0/O/o])3/[3/[03/three]]]([h/hour/hours/hr/hrs/hs])([&/-/./:/;])[25/[twenty([-/ ])[5/[05/five]]/25]](([-/ ])[in the afternoon/in the evening/p(.)m(.)])(.)
300004171900850,TELEVID5663_SCANNER13,IT0420048696197463913300004171900850,29/05/2025,23/05/2025,6961974639,IT042,Romance,IT,48,13,A,0.8207,A,,Match,D822/03,A
300004172200003,LEVID5662_SCANNER13,IT576000369619746398300004172200003,29/05/2025,22/05/2025,6961974639,IT576,Romance,IT,3,8,3:25 P.M.,0.8313,3:25 P.M.,,Match,D822/03,[15/[15/fifteen]/([0/O/o])3/[3/[03/three]]][h/hour/hours/hr/hrs/hs]([&/-/./:/;])[25/[twenty([-/ ])[5/[05/five]]/25]]([m/min/mins/minute/minutes/ms])(([-/ ])[in the afternoon/in the evening/p(.)m(.)])(.)/[15/[15/fifteen]/([0/O/o])3/[3/[03/three]]]([h/hour/hours/hr/hrs/hs])([&/-/./:/;])[25/[twenty([-/ ])[5/[05/five]]/25]]([-/ ])[h/hour/hours/hr/hrs/hs](.)(([-/ ])[in the afternoon/in the evening/p(.)m(.)])(.)/[25/[twenty([-/ ])[5/[05/five]]/25]]([m/min/mins/minute/minutes/ms](.))([-/ ])[past/after]([-/ ])[15/[15/fifteen]/([0/O/o])3/[3/[03/three]]]([h/hour/hours/hr/hrs/hs])(.)(([-/ ])[in the afternoon/in the evening/p(.)m(.)])(.)/[15/[15/fifteen]/([0/O/o])3/[3/[03/three]]]([h/hour/hours/hr/hrs/hs])([&/-/./:/;])[25/[twenty([-/ ])[5/[05/five]]/25]](([-/ ])[in the afternoon/in the evening/p(.)m(.)])(.)
300004175000389,TELEVID5643_SCANNER13,IT017460169619746396300004175000389,30/05/2025,24/05/2025,6961974639,IT017,Romance,IT,4601,6,SIXTY,0.8145,SIXTY,,Match,D822/03,[6[0/O/o]/[6[0/O/o]/sixty]]
300004182800035,TELEVID5707_SCANNER13,ID003137899029176667300004182800035,30/05/2025,22/05/2025,9902917666,ID003,Malayo,ID,1378,7,MUSEUM,0.8414,MUSEUM,,Match,D822/03,[museum/museam/museeum/musieum/musium/muzeum](s)
300004182800118,TELEVID5707_SCANNER13,ID003134499029176667300004182800118,30/05/2025,22/05/2025,9902917666,ID003,Malayo,ID,1344,7,MUSEUM,0.8311,MUSEUM,,Match,D822/03,[museum/museam/museeum/musieum/musium/muzeum](s)
300004185400403,TELEVID5692_SCANNER12,IT017462769619746398300004185400403,30/05/2025,24/05/2025,6961974639,IT017,Romance,IT,4627,8,3:25,0.8435,3:25,,Match,D822/03,[15/[15/fifteen]/([0/O/o])3/[3/[03/three]]][h/hour/hours/hr/hrs/hs]([&/-/./:/;])[25/[twenty([-/ ])[5/[05/five]]/25]]([m/min/mins/minute/minutes/ms])(([-/ ])[in the afternoon/in the evening/p(.)m(.)])(.)/[15/[15/fifteen]/([0/O/o])3/[3/[03/three]]]([h/hour/hours/hr/hrs/hs])([&/-/./:/;])[25/[twenty([-/ ])[5/[05/five]]/25]]([-/ ])[h/hour/hours/hr/hrs/hs](.)(([-/ ])[in the afternoon/in the evening/p(.)m(.)])(.)/[25/[twenty([-/ ])[5/[05/five]]/25]]([m/min/mins/minute/minutes/ms](.))([-/ ])[past/after]([-/ ])[15/[15/fifteen]/([0/O/o])3/[3/[03/three]]]([h/hour/hours/hr/hrs/hs])(.)(([-/ ])[in the afternoon/in the evening/p(.)m(.)])(.)/[15/[15/fifteen]/([0/O/o])3/[3/[03/three]]]([h/hour/hours/hr/hrs/hs])([&/-/./:/;])[25/[twenty([-/ ])[5/[05/five]]/25]](([-/ ])[in the afternoon/in the evening/p(.)m(.)])(.)
300004185400703,TELEVID5692_SCANNER12,IT0174644696197463910300004185400703,30/05/2025,24/05/2025,6961974639,IT017,Romance,IT,4644,10,16 JUNE,0.8263,16 JUNE,,Match,D822/03,"(the )[16/16nd/16rd/16st/16th/sixteen/sixteenth]([,/-/./~// of / ])[6/06/6th/Jun/Jun./June/six/sixth/vi](.)/(the )[6/06/6th/Jun/Jun./June/six/sixth/vi]([,/-/./~// /the ])[16/16nd/16rd/16st/16th/sixteen/sixteenth](.)/(the )[16nd/16rd/16st/16th/sixteenth] of the [6th/sixth](.)"
300004188201002,TELEVID5704_SCANNER12,CN7241033410329427420300004188201002,30/05/2025,24/05/2025,4103294274,CN724,Chinese,CN,1033,20,A,0.8055,A,,Match,D822/03,B
300004189100249,TELEVID5691_SCANNER12,SG102105477853035592300004189100249,30/05/2025,24/05/2025,7785303559,SG102,Chinese,SG,1054,2,B,0.8147,B,,Match,D822/03,C
300004189100324,TELEVID5691_SCANNER12,SG102112977853035596300004189100324,30/05/2025,24/05/2025,7785303559,SG102,Chinese,SG,1129,6,THUSDAY,0.8371,THUSDAY,,Match,D822/03,[thursday/th/thu/thur/thurs](s)
300004189100843,TELEVID5691_SCANNER12,ID0031064990291766613300004189100843,30/05/2025,22/05/2025,9902917666,ID003,Malayo,ID,1064,13,B,0.8042,B,,Match,D822/03,B
300004189300153,TELEVID5693_SCANNER13,ID003110699029176664300004189300153,30/05/2025,22/05/2025,9902917666,ID003,Malayo,ID,1106,4,B,0.8148,B,,Match,D822/03,A
300004189300153,TELEVID5693_SCANNER13,ID003110699029176665300004189300153,30/05/2025,22/05/2025,9902917666,ID003,Malayo,ID,1106,5,A,0.8107,A,,Match,D822/03,B
300004189300153,TELEVID5693_SCANNER13,ID003110699029176666300004189300153,30/05/2025,22/05/2025,9902917666,ID003,Malayo,ID,1106,6,19 JULY,0.8399,IG JULY,,NoMatch,D822/03,artist(s)
300004189300153,TELEVID5693_SCANNER13,ID0031106990291766618300004189300153,30/05/2025,22/05/2025,9902917666,ID003,Malayo,ID,1106,18,C,0.8048,C,,Match,D822/03,B
300004189300153,TELEVID5693_SCANNER13,ID0031106990291766620300004189300153,30/05/2025,22/05/2025,9902917666,ID003,Malayo,ID,1106,20,A,0.8493,A,,Match,D822/03,A
300004192000528,TELEVID5703_SCANNER12,ID003117599029176669300004192000528,31/05/2025,22/05/2025,9902917666,ID003,Malayo,ID,1175,9,TO DO YES,0.8384,TODO YES,,NoMatch,D822/03,[3[0/O/o][0/O/o][0/O/o]/[[3/[03/three]/[3/[03/three]]([-/ ])([and/&/+/'n'/'n/n'/n])([-/ ])[03/three]/[03/three]]([-/ ])[k/thou/thousand]/[30/thirty([-/ ])[O/nought/o/zero]]([-/ ])[00/hund/hundred]]/[3/[03/three]]([-/ ])[k/thou/thousand]]
300004192000632,TELEVID5703_SCANNER12,CN724107741032942742300004192000632,31/05/2025,24/05/2025,4103294274,CN724,Chinese,CN,1077,2,A,0.8162,A,,Match,D822/03,B
300004192000643,TELEVID5703_SCANNER12,CN724108841032942743300004192000643,31/05/2025,24/05/2025,4103294274,CN724,Chinese,CN,1088,3,B,0.8385,B,,Match,D822/03,B
300004192000685,TELEVID5703_SCANNER12,CN724100741032942742300004192000685,31/05/2025,24/05/2025,4103294274,CN724,Chinese,CN,1007,2,A,0.815,A,,Match,D822/03,B
300004192000685,TELEVID5703_SCANNER12,CN724100741032942749300004192000685,31/05/2025,24/05/2025,4103294274,CN724,Chinese,CN,1007,9,ROOM 37,0.8029,ROOM 37,,Match,D822/03,[37/[thirty([-/ ])[7/[07/seven]]/37]]
300004192100006,TELEVID5688_SCANNER12,ID0031256990291766620300004192100006,31/05/2025,22/05/2025,9902917666,ID003,Malayo,ID,1256,20,--impossible--,0.8448,C,,NoMatch,D822/03,A
300004192100633,TELEVID5688_SCANNER12,IT017464869619746399300004192100633,31/05/2025,24/05/2025,6961974639,IT017,Romance,IT,4648,9,MISS DOCHEITY,0.8072,MISS DOCHEITY,,Match,D822/03,docherty
300004192100633,TELEVID5688_SCANNER12,IT0174648696197463915300004192100633,31/05/2025,24/05/2025,6961974639,IT017,Romance,IT,4648,15,C,0.8106,C,,Match,D822/03,C
300004192100883,TELEVID5688_SCANNER12,CN7241065410329427425300004192100883,31/05/2025,24/05/2025,4103294274,CN724,Chinese,CN,1065,25,F,0.8256,"E, F",,NoMatch,D822/03,F
300004242500693,TELEVID5734_SCANNER13,IT477000869619746399300004242500693,03/06/2025,20/05/2025,6961974639,IT477,Romance,IT,8,9,MISS DOCKERTY,0.8466,MISS DOCKERTY,,Match,D822/03,docherty
300004259000177,TELEVID5792_SCANNER13,CZ0011035837894500010300004259000177,04/06/2025,31/05/2025,8378945000,CZ001,Slavic,CZ,1035,10,079344668,0.8452,079344668,,Match,D822/03,[[0/O/o]/[[0/O/o]/[O/nought/o/zero]]] [7/[7/[07/seven]]] [9/[9/[09/nine]]] [3/[3/[03/three]]] [4/[4/[04/four]]] [4/[4/[04/four]]] [6/[6/[06/six]]] [6/[6/[06/six]]] [8/[8/[08/eight]]]
300004259000178,TELEVID5792_SCANNER13,CZ0011036837894500013300004259000178,04/06/2025,31/05/2025,8378945000,CZ001,Slavic,CZ,1036,13,C,0.8126,"B, C",,NoMatch,D822/03,B
300004259000186,TELEVID5792_SCANNER13,CZ001104483789450007300004259000186,04/06/2025,31/05/2025,8378945000,CZ001,Slavic,CZ,1044,7,LIWIS,0.828,LIWIS,,Match,D822/03,lewes
300004259000189,TELEVID5792_SCANNER13,CZ001104783789450008300004259000189,04/06/2025,31/05/2025,8378945000,CZ001,Slavic,CZ,1047,8,BEATCH,0.8203,BEATCH,,Match,D822/03,[beach(es)/beach(s)]
300004259000196,TELEVID5792_SCANNER13,CZ0011054837894500010300004259000196,04/06/2025,31/05/2025,8378945000,CZ001,Slavic,CZ,1054,10,079344668,0.8188,079344668,,Match,D822/03,[[0/O/o]/[[0/O/o]/[O/nought/o/zero]]] [7/[7/[07/seven]]] [9/[9/[09/nine]]] [3/[3/[03/three]]] [4/[4/[04/four]]] [4/[4/[04/four]]] [6/[6/[06/six]]] [6/[6/[06/six]]] [8/[8/[08/eight]]]
300004261200480,TELEVID5772_SCANNER12,PL0100008837894500010300004261200480,04/06/2025,31/05/2025,8378945000,PL010,Slavic,PL,8,10,079344668,0.8223,079344668,,Match,D822/03,[[0/O/o]/[[0/O/o]/[O/nought/o/zero]]] [7/[7/[07/seven]]] [9/[9/[09/nine]]] [3/[3/[03/three]]] [4/[4/[04/four]]] [4/[4/[04/four]]] [6/[6/[06/six]]] [6/[6/[06/six]]] [8/[8/[08/eight]]]
300004267600468,TELEVID5793_SCANNER12,CZ001102583789450006300004267600468,04/06/2025,31/05/2025,8378945000,CZ001,Slavic,CZ,1025,6,7:26 A.M.,0.8256,7:26 A.M.,,Match,D822/03,[([0/O/o])7/[7/[07/seven]]]([h/hour/hours/hr/hrs/hs])([&/-/./:/;])[26/[twenty([-/ ])[6/[06/six]]/26]](([-/ ])[in morning/in the morning/a(.)m(.)])(.)/[([0/O/o])7/[7/[07/seven]]]([h/hour/hours/hr/hrs/hs])([&/-/./:/;])[26/[twenty([-/ ])[6/[06/six]]/26]]([-/ ])[h/hour/hours/hr/hrs/hs](.)(([-/ ])[in morning/in the morning/a(.)m(.)])(.)/[26/[twenty([-/ ])[6/[06/six]]/26]]([m/min/mins/minute/minutes/ms](.))([-/ ])[past/after]([-/ ])[([0/O/o])7/[7/[07/seven]]]([h/hour/hours/hr/hrs/hs])(.)(([-/ ])[in morning/in the morning/a(.)m(.)])(.)/[([0/O/o])7/[7/[07/seven]]][h/hour/hours/hr/hrs/hs]([&/-/./:/;])[26/[twenty([-/ ])[6/[06/six]]/26]]([m/min/mins/minute/minutes/ms])(([-/ ])[in morning/in the morning/a(.)m(.)])(.)
300004268600049,TELEVID5800_SCANNER12,MA002001572959695619300004268600049,04/06/2025,01/06/2025,7295969561,MA002,Afro-Asiatic,MA,15,9,3:30,0.8089,3:30,,Match,D822/03,[16/[16/sixteen]/([0/O/o])4/[4/[04/four]]][h/hour/hours/hr/hrs/hs]([&/-/./:/;])[3[0/O/o]/[3[0/O/o]/thirty]]([m/min/mins/minute/minutes/ms])(([-/ ])[in the afternoon/in the evening/p(.)m(.)])(.)/[16/[16/sixteen]/([0/O/o])4/[4/[04/four]]]([h/hour/hours/hr/hrs/hs])([&/-/./:/;])[3[0/O/o]/[3[0/O/o]/thirty]]([-/ ])[h/hour/hours/hr/hrs/hs](.)(([-/ ])[in the afternoon/in the evening/p(.)m(.)])(.)/[3[0/O/o]/[3[0/O/o]/thirty]]([m/min/mins/minute/minutes/ms](.))([-/ ])[past/after]([-/ ])[16/[16/sixteen]/([0/O/o])4/[4/[04/four]]]([h/hour/hours/hr/hrs/hs])(.)(([-/ ])[in the afternoon/in the evening/p(.)m(.)])(.)/[16/[16/sixteen]/([0/O/o])4/[4/[04/four]]]([h/hour/hours/hr/hrs/hs])([&/-/./:/;])[3[0/O/o]/[3[0/O/o]/thirty]](([-/ ])[in the afternoon/in the evening/p(.)m(.)])(.)/[half/1~/2]([-/ ])([past/after/of])([-/ ])[16/[16/sixteen]/([0/O/o])4/[4/[04/four]]]([h/hour/hours/hr/hrs/hs])(.)(([-/ ])[in the afternoon/in the evening/p(.)m(.)])(.)
300004275600314,TELEVID5811_1_SCANNER13,GR118425941032942749300004275600314,04/06/2025,31/05/2025,4103294274,GR118,Greek,GR,4259,9,37 THURTY SEVEN,0.8305,(37) THURTY SEVEN,,NoMatch,D822/03,[37/[thirty([-/ ])[7/[07/seven]]/37]]
300004275601058,TELEVID5811_1_SCANNER13,GR1184152410329427415300004275601058,04/06/2025,31/05/2025,4103294274,GR118,Greek,GR,4152,15,B,0.8399,B,,Match,D822/03,B
300004305000646,TELEVID5842_SCANNER12,IT060070269619746399300004305000646,06/06/2025,24/05/2025,6961974639,IT060,Romance,IT,702,9,DOCHERTY,0.8085,OOCHERTY,,NoMatch,D822/03,docherty
300004305000664,TELEVID5842_SCANNER12,IT060072069619746399300004305000664,06/06/2025,24/05/2025,6961974639,IT060,Romance,IT,720,9,DOCHAERTY,0.8219,DOCHAERTY,,Match,D822/03,docherty
300004305000676,TELEVID5842_SCANNER12,IT060073269619746398300004305000676,06/06/2025,24/05/2025,6961974639,IT060,Romance,IT,732,8,3:25,0.8374,3:25,,Match,D822/03,[15/[15/fifteen]/([0/O/o])3/[3/[03/three]]][h/hour/hours/hr/hrs/hs]([&/-/./:/;])[25/[twenty([-/ ])[5/[05/five]]/25]]([m/min/mins/minute/minutes/ms])(([-/ ])[in the afternoon/in the evening/p(.)m(.)])(.)/[15/[15/fifteen]/([0/O/o])3/[3/[03/three]]]([h/hour/hours/hr/hrs/hs])([&/-/./:/;])[25/[twenty([-/ ])[5/[05/five]]/25]]([-/ ])[h/hour/hours/hr/hrs/hs](.)(([-/ ])[in the afternoon/in the evening/p(.)m(.)])(.)/[25/[twenty([-/ ])[5/[05/five]]/25]]([m/min/mins/minute/minutes/ms](.))([-/ ])[past/after]([-/ ])[15/[15/fifteen]/([0/O/o])3/[3/[03/three]]]([h/hour/hours/hr/hrs/hs])(.)(([-/ ])[in the afternoon/in the evening/p(.)m(.)])(.)/[15/[15/fifteen]/([0/O/o])3/[3/[03/three]]]([h/hour/hours/hr/hrs/hs])([&/-/./:/;])[25/[twenty([-/ ])[5/[05/five]]/25]](([-/ ])[in the afternoon/in the evening/p(.)m(.)])(.)
300004305000678,TELEVID5842_SCANNER12,IT0600734696197463910300004305000678,06/06/2025,24/05/2025,6961974639,IT060,Romance,IT,734,10,JUNE 16,0.8269,JUNR 16,,NoMatch,D822/03,"(the )[16/16nd/16rd/16st/16th/sixteen/sixteenth]([,/-/./~// of / ])[6/06/6th/Jun/Jun./June/six/sixth/vi](.)/(the )[6/06/6th/Jun/Jun./June/six/sixth/vi]([,/-/./~// /the ])[16/16nd/16rd/16st/16th/sixteen/sixteenth](.)/(the )[16nd/16rd/16st/16th/sixteenth] of the [6th/sixth](.)"
300004345500687,TELEVID5878_SCANNER13,TR022000522889026717300004345500687,09/06/2025,31/05/2025,2288902671,TR022,Turkic,TR,5,7,RAEDALIBLARY,0.8213,RAEDALIBLARY,,Match,D822/03,[tuesday/tu/tue/tues](s)
300004345900807,TELEVID5879_SCANNER13,TR022007122889026718300004345900807,09/06/2025,31/05/2025,2288902671,TR022,Turkic,TR,71,8,9.45,0.8395,9.45,,Match,D822/03,[([0/O/o])9/[9/[09/nine]]]([h/hour/hours/hr/hrs/hs])([&/-/./:/;])[45/[forty([-/ ])[5/[05/five]]/45]](([-/ ])[in morning/in the morning/a(.)m(.)])(.)/[([0/O/o])9/[9/[09/nine]]][h/hour/hours/hr/hrs/hs]([&/-/./:/;])[45/[forty([-/ ])[5/[05/five]]/45]]([m/min/mins/minute/minutes/ms])(([-/ ])[in morning/in the morning/a(.)m(.)])(.)/[([0/O/o])9/[9/[09/nine]]]([h/hour/hours/hr/hrs/hs])([&/-/./:/;])[45/[forty([-/ ])[5/[05/five]]/45]]([-/ ])[h/hour/hours/hr/hrs/hs](.)(([-/ ])[in morning/in the morning/a(.)m(.)])(.)/(a([-/ ]))[quarter/1~/4]([-/ ])[to/before/of]([-/ ])[1[0/O/o]/[1[0/O/o]/ten]]([h/hour/hours/hr/hrs/hs])(.)(([-/ ])[in morning/in the morning/a(.)m(.)])(.)/[15/[15/fifteen]]([m/min/mins/minute/minutes/ms](.))([-/ ])[to/before]([-/ ])[1[0/O/o]/[1[0/O/o]/ten]]([h/hour/hours/hr/hrs/hs])(.)(([-/ ])[in morning/in the morning/a(.)m(.)])(.)/[45/[forty([-/ ])[5/[05/five]]/45]]([m/min/mins/minute/minutes/ms](.))([-/ ])[past/after]([-/ ])[([0/O/o])9/[9/[09/nine]]]([h/hour/hours/hr/hrs/hs])(.)(([-/ ])[in morning/in the morning/a(.)m(.)])(.)
300004387000033,TELEVID5956_SCANNER13,PL250021683789450002300004387000033,12/06/2025,05/06/2025,8378945000,PL250,Slavic,PL,216,2,B,0.8292,"B, C",,NoMatch,D822/03,A
300004387000033,TELEVID5956_SCANNER13,PL2500216837894500010300004387000033,12/06/2025,05/06/2025,8378945000,PL250,Slavic,PL,216,10,079344668,0.8388,079344668,,Match,D822/03,[[0/O/o]/[[0/O/o]/[O/nought/o/zero]]] [7/[7/[07/seven]]] [9/[9/[09/nine]]] [3/[3/[03/three]]] [4/[4/[04/four]]] [4/[4/[04/four]]] [6/[6/[06/six]]] [6/[6/[06/six]]] [8/[8/[08/eight]]]
300004387000038,TELEVID5956_SCANNER13,PL2500221837894500010300004387000038,12/06/2025,05/06/2025,8378945000,PL250,Slavic,PL,221,10,79344668,0.8334,79344668,,Match,D822/03,[[0/O/o]/[[0/O/o]/[O/nought/o/zero]]] [7/[7/[07/seven]]] [9/[9/[09/nine]]] [3/[3/[03/three]]] [4/[4/[04/four]]] [4/[4/[04/four]]] [6/[6/[06/six]]] [6/[6/[06/six]]] [8/[8/[08/eight]]]
300004393100555,TELEVID6001_SCANNER13,IT0601108696197463916300004393100555,12/06/2025,24/05/2025,6961974639,IT060,Romance,IT,1108,16,B,0.806,B,,Match,D822/03,B
300004396800445,TELEVID6005_SCANNER12,IT0174130908413306110300004396800445,12/06/2025,07/06/2025,9084133061,IT017,Romance,IT,4130,10,PHOTOS,0.8006,PHOTOS,,Match,D822/03,[photograph/foto/fotograph/photo/photographe](s)
300004459800304,TELEVID6120_SCANNER12,IT597000369619746398300004459800304,17/06/2025,07/06/2025,6961974639,IT597,Romance,IT,3,8,5:30 P.M.,0.8123,5:30 P.M.,,Match,D822/03,[15/[15/fifteen]/([0/O/o])3/[3/[03/three]]][h/hour/hours/hr/hrs/hs]([&/-/./:/;])[25/[twenty([-/ ])[5/[05/five]]/25]]([m/min/mins/minute/minutes/ms])(([-/ ])[in the afternoon/in the evening/p(.)m(.)])(.)/[15/[15/fifteen]/([0/O/o])3/[3/[03/three]]]([h/hour/hours/hr/hrs/hs])([&/-/./:/;])[25/[twenty([-/ ])[5/[05/five]]/25]]([-/ ])[h/hour/hours/hr/hrs/hs](.)(([-/ ])[in the afternoon/in the evening/p(.)m(.)])(.)/[25/[twenty([-/ ])[5/[05/five]]/25]]([m/min/mins/minute/minutes/ms](.))([-/ ])[past/after]([-/ ])[15/[15/fifteen]/([0/O/o])3/[3/[03/three]]]([h/hour/hours/hr/hrs/hs])(.)(([-/ ])[in the afternoon/in the evening/p(.)m(.)])(.)/[15/[15/fifteen]/([0/O/o])3/[3/[03/three]]]([h/hour/hours/hr/hrs/hs])([&/-/./:/;])[25/[twenty([-/ ])[5/[05/five]]/25]](([-/ ])[in the afternoon/in the evening/p(.)m(.)])(.)
300004459800305,TELEVID6120_SCANNER12,IT597000469619746397300004459800305,17/06/2025,07/06/2025,6961974639,IT597,Romance,IT,4,7,WEDNESDAY,0.8015,WEDNESDAY,,Match,D822/03,[Wednesday/We/Wed/Weds/Wendnesday/Wendsday/Wenesday/Wensday]
300004459800318,TELEVID6120_SCANNER12,IT597001769619746397300004459800318,17/06/2025,07/06/2025,6961974639,IT597,Romance,IT,17,7,WEDNESDAY,0.8494,WEDNESDAY,,Match,D822/03,[Wednesday/We/Wed/Weds/Wendnesday/Wendsday/Wenesday/Wensday]
300004465600092,TELEVID6110_SCANNER12,IT2400003696197463911300004465600092,17/06/2025,11/06/2025,6961974639,IT240,Romance,IT,3,11,B,0.8445,B,,Match,D822/03,B
300004468900262,TELEVID6111_SCANNER12,IT2400017696197463910300004468900262,17/06/2025,11/06/2025,6961974639,IT240,Romance,IT,17,10,JUNE 16,0.8013,JUNE 76,,NoMatch,D822/03,"(the )[16/16nd/16rd/16st/16th/sixteen/sixteenth]([,/-/./~// of / ])[6/06/6th/Jun/Jun./June/six/sixth/vi](.)/(the )[6/06/6th/Jun/Jun./June/six/sixth/vi]([,/-/./~// /the ])[16/16nd/16rd/16st/16th/sixteen/sixteenth](.)/(the )[16nd/16rd/16st/16th/sixteenth] of the [6th/sixth](.)"
300004492400323,TELEVID8019_SCANNER13,ES385001290841330618300004492400323,18/06/2025,10/06/2025,9084133061,ES385,Romance,ES,12,8,11 07,0.8201,11107,,NoMatch,D822/03,"(the )[7/07/7th/Jul/Jul./July/seven/seventh/vii]([,/-/./~// /the ])[11/11th/eleven/eleventh](.)/(the )[11th/eleventh] of the [7th/seventh](.)/(the )[11/11th/eleven/eleventh]([,/-/./~// of / ])[7/07/7th/Jul/Jul./July/seven/seventh/vii](.)"
300004492600201,TELEVID8039_SCANNER13,TR0030430228890267110300004492600201,18/06/2025,14/06/2025,2288902671,TR003,Turkic,TR,430,10,T-SHIRT,0.8331,T-SHIRT,,Match,D822/03,[t-shirt(s)/teeshirt(s)]
300004501800481,TELEVID8031_SCANNER12,ES330000269619746397300004501800481,19/06/2025,10/06/2025,6961974639,ES330,Romance,ES,2,7,WENSDAY,0.8292,WENSDAY,,Match,D822/03,[Wednesday/We/Wed/Weds/Wendnesday/Wendsday/Wenesday/Wensday]
300004501800491,TELEVID8031_SCANNER12,ES330001269619746398300004501800491,19/06/2025,10/06/2025,6961974639,ES330,Romance,ES,12,8,3:25 P.M.,0.8416,3:25 P.M.,,Match,D822/03,[15/[15/fifteen]/([0/O/o])3/[3/[03/three]]][h/hour/hours/hr/hrs/hs]([&/-/./:/;])[25/[twenty([-/ ])[5/[05/five]]/25]]([m/min/mins/minute/minutes/ms])(([-/ ])[in the afternoon/in the evening/p(.)m(.)])(.)/[15/[15/fifteen]/([0/O/o])3/[3/[03/three]]]([h/hour/hours/hr/hrs/hs])([&/-/./:/;])[25/[twenty([-/ ])[5/[05/five]]/25]]([-/ ])[h/hour/hours/hr/hrs/hs](.)(([-/ ])[in the afternoon/in the evening/p(.)m(.)])(.)/[25/[twenty([-/ ])[5/[05/five]]/25]]([m/min/mins/minute/minutes/ms](.))([-/ ])[past/after]([-/ ])[15/[15/fifteen]/([0/O/o])3/[3/[03/three]]]([h/hour/hours/hr/hrs/hs])(.)(([-/ ])[in the afternoon/in the evening/p(.)m(.)])(.)/[15/[15/fifteen]/([0/O/o])3/[3/[03/three]]]([h/hour/hours/hr/hrs/hs])([&/-/./:/;])[25/[twenty([-/ ])[5/[05/five]]/25]](([-/ ])[in the afternoon/in the evening/p(.)m(.)])(.)
300004501800491,TELEVID8031_SCANNER12,ES330001269619746399300004501800491,19/06/2025,10/06/2025,6961974639,ES330,Romance,ES,12,9,MISS DOCHETTY,0.8257,MISS DOCHETTY,,Match,D822/03,docherty
300004504900310,TELEVID6102_SCANNER12,GE002006541032942746300004504900310,19/06/2025,01/06/2025,4103294274,GE002,Others,GE,65,6,STOMB,0.8325,STOMB,,Match,D822/03,storm
300004518800476,TELEVID8116_SCANNER13,ES717001869619746397300004518800476,20/06/2025,14/06/2025,6961974639,ES717,Romance,ES,18,7,WEDNESDAY,0.8016,WEDNESDAY,,Match,D822/03,[Wednesday/We/Wed/Weds/Wendnesday/Wendsday/Wenesday/Wensday]
300004556500181,TELEVID8217_SCANNER13,IT024001069619746398300004556500181,24/06/2025,20/06/2025,6961974639,IT024,Romance,IT,10,8,3:25,0.823,3.25,,NoMatch,D822/03,[15/[15/fifteen]/([0/O/o])3/[3/[03/three]]][h/hour/hours/hr/hrs/hs]([&/-/./:/;])[25/[twenty([-/ ])[5/[05/five]]/25]]([m/min/mins/minute/minutes/ms])(([-/ ])[in the afternoon/in the evening/p(.)m(.)])(.)/[15/[15/fifteen]/([0/O/o])3/[3/[03/three]]]([h/hour/hours/hr/hrs/hs])([&/-/./:/;])[25/[twenty([-/ ])[5/[05/five]]/25]]([-/ ])[h/hour/hours/hr/hrs/hs](.)(([-/ ])[in the afternoon/in the evening/p(.)m(.)])(.)/[25/[twenty([-/ ])[5/[05/five]]/25]]([m/min/mins/minute/minutes/ms](.))([-/ ])[past/after]([-/ ])[15/[15/fifteen]/([0/O/o])3/[3/[03/three]]]([h/hour/hours/hr/hrs/hs])(.)(([-/ ])[in the afternoon/in the evening/p(.)m(.)])(.)/[15/[15/fifteen]/([0/O/o])3/[3/[03/three]]]([h/hour/hours/hr/hrs/hs])([&/-/./:/;])[25/[twenty([-/ ])[5/[05/five]]/25]](([-/ ])[in the afternoon/in the evening/p(.)m(.)])(.)
300004560500164,TELEVID8235_SCANNER13,ES397700269619746397300004560500164,25/06/2025,21/06/2025,6961974639,ES397,Romance,ES,7002,7,TUESDAY,0.8143,TUESDAY,,Match,D822/03,[Wednesday/We/Wed/Weds/Wendnesday/Wendsday/Wenesday/Wensday]
300004560500164,TELEVID8235_SCANNER13,ES3977002696197463910300004560500164,25/06/2025,21/06/2025,6961974639,ES397,Romance,ES,7002,10,16 06,0.8172,76/06,,NoMatch,D822/03,"(the )[16/16nd/16rd/16st/16th/sixteen/sixteenth]([,/-/./~// of / ])[6/06/6th/Jun/Jun./June/six/sixth/vi](.)/(the )[6/06/6th/Jun/Jun./June/six/sixth/vi]([,/-/./~// /the ])[16/16nd/16rd/16st/16th/sixteen/sixteenth](.)/(the )[16nd/16rd/16st/16th/sixteenth] of the [6th/sixth](.)"
300004560500185,TELEVID8235_SCANNER13,ES397702369619746398300004560500185,25/06/2025,21/06/2025,6961974639,ES397,Romance,ES,7023,8,3:25,0.8109,3.25,,NoMatch,D822/03,[15/[15/fifteen]/([0/O/o])3/[3/[03/three]]][h/hour/hours/hr/hrs/hs]([&/-/./:/;])[25/[twenty([-/ ])[5/[05/five]]/25]]([m/min/mins/minute/minutes/ms])(([-/ ])[in the afternoon/in the evening/p(.)m(.)])(.)/[15/[15/fifteen]/([0/O/o])3/[3/[03/three]]]([h/hour/hours/hr/hrs/hs])([&/-/./:/;])[25/[twenty([-/ ])[5/[05/five]]/25]]([-/ ])[h/hour/hours/hr/hrs/hs](.)(([-/ ])[in the afternoon/in the evening/p(.)m(.)])(.)/[25/[twenty([-/ ])[5/[05/five]]/25]]([m/min/mins/minute/minutes/ms](.))([-/ ])[past/after]([-/ ])[15/[15/fifteen]/([0/O/o])3/[3/[03/three]]]([h/hour/hours/hr/hrs/hs])(.)(([-/ ])[in the afternoon/in the evening/p(.)m(.)])(.)/[15/[15/fifteen]/([0/O/o])3/[3/[03/three]]]([h/hour/hours/hr/hrs/hs])([&/-/./:/;])[25/[twenty([-/ ])[5/[05/five]]/25]](([-/ ])[in the afternoon/in the evening/p(.)m(.)])(.)
300004618300327,TELEVID6245_SCANNER12,ES040000869619746391300004618300327,03/07/2025,28/06/2025,6961974639,ES040,Romance,ES,8,1,C,0.8473,C,,Match,D822/03,C
300004618300327,TELEVID6245_SCANNER12,ES0400008696197463910300004618300327,03/07/2025,28/06/2025,6961974639,ES040,Romance,ES,8,10,JUNE 16TH,0.8396,JULIE 16TH,,NoMatch,D822/03,"(the )[16/16nd/16rd/16st/16th/sixteen/sixteenth]([,/-/./~// of / ])[6/06/6th/Jun/Jun./June/six/sixth/vi](.)/(the )[6/06/6th/Jun/Jun./June/six/sixth/vi]([,/-/./~// /the ])[16/16nd/16rd/16st/16th/sixteen/sixteenth](.)/(the )[16nd/16rd/16st/16th/sixteenth] of the [6th/sixth](.)"
300004632300797,TELEVID8328_SCANNER12,ES387101490841330618300004632300797,10/07/2025,25/06/2025,9084133061,ES387,Romance,ES,1014,8,4TH WEEKS,0.8043,9TH WEEKS,,NoMatch,D822/03,"(the )[7/07/7th/Jul/Jul./July/seven/seventh/vii]([,/-/./~// /the ])[11/11th/eleven/eleventh](.)/(the )[11th/eleventh] of the [7th/seventh](.)/(the )[11/11th/eleven/eleventh]([,/-/./~// of / ])[7/07/7th/Jul/Jul./July/seven/seventh/vii](.)"
400004526600495,TELEVID4855_Scanner20,MA220100172959695619400004526600495,19/02/2025,14/02/2025,7295969561,MA220,Afro-Asiatic,MA,1001,9,4:30 PM,0.8294,4:30 PM,,Match,D822/03,[16/[16/sixteen]/([0/O/o])4/[4/[04/four]]][h/hour/hours/hr/hrs/hs]([&/-/./:/;])[3[0/O/o]/[3[0/O/o]/thirty]]([m/min/mins/minute/minutes/ms])(([-/ ])[in the afternoon/in the evening/p(.)m(.)])(.)/[16/[16/sixteen]/([0/O/o])4/[4/[04/four]]]([h/hour/hours/hr/hrs/hs])([&/-/./:/;])[3[0/O/o]/[3[0/O/o]/thirty]]([-/ ])[h/hour/hours/hr/hrs/hs](.)(([-/ ])[in the afternoon/in the evening/p(.)m(.)])(.)/[3[0/O/o]/[3[0/O/o]/thirty]]([m/min/mins/minute/minutes/ms](.))([-/ ])[past/after]([-/ ])[16/[16/sixteen]/([0/O/o])4/[4/[04/four]]]([h/hour/hours/hr/hrs/hs])(.)(([-/ ])[in the afternoon/in the evening/p(.)m(.)])(.)/[16/[16/sixteen]/([0/O/o])4/[4/[04/four]]]([h/hour/hours/hr/hrs/hs])([&/-/./:/;])[3[0/O/o]/[3[0/O/o]/thirty]](([-/ ])[in the afternoon/in the evening/p(.)m(.)])(.)/[half/1~/2]([-/ ])([past/after/of])([-/ ])[16/[16/sixteen]/([0/O/o])4/[4/[04/four]]]([h/hour/hours/hr/hrs/hs])(.)(([-/ ])[in the afternoon/in the evening/p(.)m(.)])(.)
400004541800055,TELEVID4879_SCANNER14,VN0700014696740284912400004541800055,28/02/2025,22/02/2025,6967402849,VN070,Austro-Asiatic,VN,14,12,B,0.8344,B,,Match,D822/03,B
400004541800059,TELEVID4879_SCANNER14,VN0700018696740284916400004541800059,28/02/2025,22/02/2025,6967402849,VN070,Austro-Asiatic,VN,18,16,C,0.8441,"B, C",,NoMatch,D822/03,C
400004541800065,TELEVID4879_SCANNER14,VN0700024696740284910400004541800065,28/02/2025,22/02/2025,6967402849,VN070,Austro-Asiatic,VN,24,10,SPARHAWK DOC,0.8192,SPARHAWK DOC,,Match,D822/03,sparhawk
400004541800095,TELEVID4879_SCANNER14,VN070005469674028496400004541800095,28/02/2025,22/02/2025,6967402849,VN070,Austro-Asiatic,VN,54,6,3.50,0.8089,3.50,,Match,D822/03,"[3/[3/[03/three]]]( )([G(.)B(.)P(.)/G(.)B(.)P(.)£(.)/pound/pound./£/£(.)G(.)B(.)P(.)](s))( )[5[0/O/o]/[5[0/O/o]/fifty]]( )([p/pence])( )(.)/[G(.)B(.)P(.)/G(.)B(.)P(.)£(.)/pound/pound./£/£(.)G(.)B(.)P(.)](s)( )[3/[3/[03/three]]]( )([G(.)B(.)P(.)/G(.)B(.)P(.)£(.)/pound/pound./£/£(.)G(.)B(.)P(.)](s))( )[5[0/O/o]/[5[0/O/o]/fifty]]( )[p/pence]( )(.)/([G(.)B(.)P(.)/G(.)B(.)P(.)£(.)/pound/pound./£/£(.)G(.)B(.)P(.)](s))[3/[3/[03/three]]]([G(.)B(.)P(.)/G(.)B(.)P(.)£(.)/pound/pound./£/£(.)G(.)B(.)P(.)](s))[&/+/,/-/./:/;/and/ ][5[(0)/O/o]/[5[0/O/o]/fifty]](.)/[3/[3/[03/three]]][&/+/,/-/./:/;/and/ ][5[(0)/O/o]/[5[0/O/o]/fifty]]([G(.)B(.)P(.)/G(.)B(.)P(.)£(.)/pound/pound./£/£(.)G(.)B(.)P(.)](s))(.)/[3/[3/[03/three]]]( )([G(.)B(.)P(.)/G(.)B(.)P(.)£(.)/pound/pound./£/£(.)G(.)B(.)P(.)](s))[&/+/,/-/./:/;/and/ ][5[0/O/o]/[5[0/O/o]/fifty]]( )(.)/[3/[3/[03/three]]]( )[G(.)B(.)P(.)/G(.)B(.)P(.)£(.)/pound/pound./£/£(.)G(.)B(.)P(.)](s)[&/+/,/-/./:/;/and/ ][5[0/O/o]/[5[0/O/o]/fifty]]( )([p/pence])(.)/([G(.)B(.)P(.)/G(.)B(.)P(.)£(.)/pound/pound./£/£(.)G(.)B(.)P(.)](s))[3/[3/[03/three]]]([G(.)B(.)P(.)/G(.)B(.)P(.)£(.)/pound/pound./£/£(.)G(.)B(.)P(.)](s))([&/+/,/-/./:/;/and/ ])[5[(0)/O/o]/[5[0/O/o]/fifty]]([G(.)B(.)P(.)/G(.)B(.)P(.)£(.)/pound/pound./£/£(.)G(.)B(.)P(.)](s))(.)/[3/[3/[03/three]]][&/+/,/-/./:/;/and/ ][5[0/O/o]/[5[0/O/o]/fifty]]( )(.)/[3/[3/[03/three]]]( )[5[0/O/o]/[5[0/O/o]/fifty]]( )[p/pence](.)/[G(.)B(.)P(.)/G(.)B(.)P(.)£(.)/pound/pound./£/£(.)G(.)B(.)P(.)](s)[3/[3/[03/three]]]([G(.)B(.)P(.)/G(.)B(.)P(.)£(.)/pound/pound./£/£(.)G(.)B(.)P(.)](s))[&/+/,/-/./:/;/and/ ][5[(0)/O/o]/[5[0/O/o]/fifty]]([p/pence])(.)/[G(.)B(.)P(.)/G(.)B(.)P(.)£(.)/pound/pound./£/£(.)G(.)B(.)P(.)](s)[3/[3/[03/three]]]([G(.)B(.)P(.)/G(.)B(.)P(.)£(.)/pound/pound./£/£(.)G(.)B(.)P(.)](s))[&/+/,/-/./:/;/and/ ][5[(0)/O/o]/[5[0/O/o]/fifty]]([p/pence])(.)/[3/[3/[03/three]]]( )([G(.)B(.)P(.)/G(.)B(.)P(.)£(.)/pound/pound./£/£(.)G(.)B(.)P(.)](s))( )([and/&/+/'n'/'n/n'/n])( )[,5/,50/.5/.50/.five/0.5 of/0.5 of a/1~/2/1~/2 a/1~/2 of/1~/2 of 1/1~/2 of a/1~/2 of one/5~/10/5~/10 of/5~/10 of 1/5~/10 of a/5~/10 of one/a 1~/2/a half/a half of/a half of 1/a half of a/a half of one/an half of/an half of 1/an half of a/an half of one/five tenths/five tenths of/five tenths of 1/five tenths of a/five tenths of one/half/half a/half of/half of 1/half of a/half of one/one half of/one half of 1/one half of a/one half of one/point 5/point five/point5](.)"
400004541800095,TELEVID4879_SCANNER14,VN0700054696740284910400004541800095,28/02/2025,22/02/2025,6967402849,VN070,Austro-Asiatic,VN,54,10,SPAR HAWK,0.8214,SPAR HAWK,,Match,D822/03,sparhawk
400004541800095,TELEVID4879_SCANNER14,VN0700054696740284918400004541800095,28/02/2025,22/02/2025,6967402849,VN070,Austro-Asiatic,VN,54,18,A,0.8006,A,,Match,D822/03,A
400004600100201,TELEVID5047_Scanner20,MA0020001696197463910400004600100201,01/04/2025,26/03/2025,6961974639,MA002,Afro-Asiatic,MA,1,10,JUNE 16,0.8471,JUNE 16,,Match,D822/03,"(the )[16/16nd/16rd/16st/16th/sixteen/sixteenth]([,/-/./~// of / ])[6/06/6th/Jun/Jun./June/six/sixth/vi](.)/(the )[6/06/6th/Jun/Jun./June/six/sixth/vi]([,/-/./~// /the ])[16/16nd/16rd/16st/16th/sixteen/sixteenth](.)/(the )[16nd/16rd/16st/16th/sixteenth] of the [6th/sixth](.)"
400004600100204,TELEVID5047_Scanner20,MA002000469619746399400004600100204,01/04/2025,26/03/2025,6961974639,MA002,Afro-Asiatic,MA,4,9,DOCHEATY,0.8394,DOCHEATY,,Match,D822/03,docherty
400004605500256,TELEVID5107_Scanner20,BU001004542133610407400004605500256,02/04/2025,25/03/2025,4213361040,BU001,Burmese-Tibetan,BU,45,7,G,0.8265,G,,Match,D822/03,[18/[18/eighteen]/([0/O/o])6/[6/[06/six]]]([h/hour/hours/hr/hrs/hs])([&/-/./:/;])(([0/O/o])[[0/O/o]/[[0/O/o]/[O/nought/o/zero]]])(([-/ ])[in the afternoon/in the evening/p(.)m(.)])(.)/[18/[18/eighteen]/([0/O/o])6/[6/[06/six]]][h/hour/hours/hr/hrs/hs]([&/-/./:/;])(([0/O/o])[[0/O/o]/[[0/O/o]/[O/nought/o/zero]]])([m/min/mins/minute/minutes/ms])(([-/ ])[in the afternoon/in the evening/p(.)m(.)])(.)/[18/[18/eighteen]/([0/O/o])6/[6/[06/six]]]([h/hour/hours/hr/hrs/hs])([&/-/./:/;])(([0/O/o])[[0/O/o]/[[0/O/o]/[O/nought/o/zero]]])([-/ ])[h/hour/hours/hr/hrs/hs](.)(([-/ ])[in the afternoon/in the evening/p(.)m(.)])(.)/[18/[18/eighteen]/([0/O/o])6/[6/[06/six]]]([h/hour/hours/hr/hrs/hs])([&/-/./:/;](([0/O/o])[[0/O/o]/[[0/O/o]/[O/nought/o/zero]]]))(([-/ ])[in the afternoon/in the evening/p(.)m(.)])(.)/[18/[18/eighteen]/([0/O/o])6/[6/[06/six]]]([h/hour/hours/hr/hrs/hs])([&/-/./:/;])(([0/O/o])[[0/O/o]/[[0/O/o]/[O/nought/o/zero]]])([-/ ])[o'clock/o'clock in the afternoon/o'clock in the evening/o'clock in afternoon/o'clock in evening](.)/(([0/O/o])[[0/O/o]/[[0/O/o]/[O/nought/o/zero]]])([m/min/mins/minute/minutes/ms](.))([-/ ])[past/after]([-/ ])[18/[18/eighteen]/([0/O/o])6/[6/[06/six]]]([h/hour/hours/hr/hrs/hs])(.)(([-/ ])[in the afternoon/in the evening/p(.)m(.)])(.)
400004605500296,TELEVID5107_Scanner20,BU0010085421336104014400004605500296,02/04/2025,25/03/2025,4213361040,BU001,Burmese-Tibetan,BU,85,14,A,0.848,B,,NoMatch,D822/03,B
400004605500388,TELEVID5107_Scanner20,BU001017742133610406400004605500388,02/04/2025,25/03/2025,4213361040,BU001,Burmese-Tibetan,BU,177,6,10,0.8118,10,,Match,D822/03,"[1[0/O/o]/[1[0/O/o]/ten]]( )([G(.)B(.)P(.)/G(.)B(.)P(.)£(.)/pound/pound./pounde/£/£(.)G(.)B(.)P(.)](s))( )[5[0/O/o]/[5[0/O/o]/fifty]]( )([p/pence/pense])( )(.)/[G(.)B(.)P(.)/G(.)B(.)P(.)£(.)/pound/pound./pounde/£/£(.)G(.)B(.)P(.)](s)( )[1[0/O/o]/[1[0/O/o]/ten]]( )([G(.)B(.)P(.)/G(.)B(.)P(.)£(.)/pound/pound./pounde/£/£(.)G(.)B(.)P(.)](s))( )[5[0/O/o]/[5[0/O/o]/fifty]]( )[p/pence/pense]( )(.)/[G(.)B(.)P(.)/G(.)B(.)P(.)£(.)/pound/pound./pounde/£/£(.)G(.)B(.)P(.)](s)[1[0/O/o]/[1[0/O/o]/ten]]([G(.)B(.)P(.)/G(.)B(.)P(.)£(.)/pound/pound./pounde/£/£(.)G(.)B(.)P(.)](s))[&/+/,/-/./:/;/and/ ][5[(0)/O/o]/[5[0/O/o]/fifty]]([p/pence/pense])(.)/([G(.)B(.)P(.)/G(.)B(.)P(.)£(.)/pound/pound./pounde/£/£(.)G(.)B(.)P(.)](s))[1[0/O/o]/[1[0/O/o]/ten]]([G(.)B(.)P(.)/G(.)B(.)P(.)£(.)/pound/pound./pounde/£/£(.)G(.)B(.)P(.)](s))[&/+/,/-/./:/;/and/ ][5[(0)/O/o]/[5[0/O/o]/fifty]](.)/[G(.)B(.)P(.)/G(.)B(.)P(.)£(.)/pound/pound./pounde/£/£(.)G(.)B(.)P(.)](s)[1[0/O/o]/[1[0/O/o]/ten]]([G(.)B(.)P(.)/G(.)B(.)P(.)£(.)/pound/pound./pounde/£/£(.)G(.)B(.)P(.)](s))[&/+/,/-/./:/;/and/ ][5[(0)/O/o]/[5[0/O/o]/fifty]]([p/pence/pense])(.)/[1[0/O/o]/[1[0/O/o]/ten]][&/+/,/-/./:/;/and/ ][5[(0)/O/o]/[5[0/O/o]/fifty]]([G(.)B(.)P(.)/G(.)B(.)P(.)£(.)/pound/pound./pounde/£/£(.)G(.)B(.)P(.)](s))(.)/[1[0/O/o]/[1[0/O/o]/ten]]( )([G(.)B(.)P(.)/G(.)B(.)P(.)£(.)/pound/pound./pounde/£/£(.)G(.)B(.)P(.)](s))[&/+/,/-/./:/;/and/ ][5[0/O/o]/[5[0/O/o]/fifty]]( )(.)/[1[0/O/o]/[1[0/O/o]/ten]]( )[G(.)B(.)P(.)/G(.)B(.)P(.)£(.)/pound/pound./pounde/£/£(.)G(.)B(.)P(.)](s)[&/+/,/-/./:/;/and/ ][5[0/O/o]/[5[0/O/o]/fifty]]( )([p/pence/pense])(.)/([G(.)B(.)P(.)/G(.)B(.)P(.)£(.)/pound/pound./pounde/£/£(.)G(.)B(.)P(.)](s))[1[0/O/o]/[1[0/O/o]/ten]]([G(.)B(.)P(.)/G(.)B(.)P(.)£(.)/pound/pound./pounde/£/£(.)G(.)B(.)P(.)](s))([&/+/,/-/./:/;/and/ ])[5[(0)/O/o]/[5[0/O/o]/fifty]]([G(.)B(.)P(.)/G(.)B(.)P(.)£(.)/pound/pound./pounde/£/£(.)G(.)B(.)P(.)](s))(.)/[1[0/O/o]/[1[0/O/o]/ten]][&/+/,/-/./:/;/and/ ][5[0/O/o]/[5[0/O/o]/fifty]]( )(.)/[1[0/O/o]/[1[0/O/o]/ten]]( )[5[0/O/o]/[5[0/O/o]/fifty]]( )[p/pence/pense](.)/[1[0/O/o]/[1[0/O/o]/ten]]( )([G(.)B(.)P(.)/G(.)B(.)P(.)£(.)/pound/pound./pounde/£/£(.)G(.)B(.)P(.)](s))( )([and/&/+/'n'/'n/n'/n])( )[,5/,50/.5/.50/.five/0.5 of/0.5 of a/1~/2/1~/2 a/1~/2 of/1~/2 of 1/1~/2 of a/1~/2 of one/5~/10/5~/10 of/5~/10 of 1/5~/10 of a/5~/10 of one/a 1~/2/a half/a half of/a half of 1/a half of a/a half of one/an half of/an half of 1/an half of a/an half of one/five tenths/five tenths of/five tenths of 1/five tenths of a/five tenths of one/half/half a/half of/half of 1/half of a/half of one/one half of/one half of 1/one half of a/one half of one/point 5/point five/point5/½](.)"
400004605500416,TELEVID5107_Scanner20,BU0010205421336104010400004605500416,02/04/2025,25/03/2025,4213361040,BU001,Burmese-Tibetan,BU,205,10,01322461755,0.8106,01322461755,,Match,D822/03,[[0/O/o]/[[0/O/o]/[O/nought/o/zero]]] [1/[1/[01/a/one/one~/1/oone]]] [3/[3/[03/three]]] [2/[2/[02/two]]] [2/[2/[02/two]]] [4/[4/[04/four]]] [6/[6/[06/six]]] [1/[1/[01/a/one/one~/1/oone]]] [7/[7/[07/seven]]] [5/[5/[05/five]]] [5/[5/[05/five]]]
400004608700652,TELEVID5105_Scanner20,BU001402542133610409400004608700652,03/04/2025,25/03/2025,4213361040,BU001,Burmese-Tibetan,BU,4025,9,PHOTOS OF FILM STARS,0.8379,PHOTOS OF FILM STARS,,Match,D822/03,[photograph/foto/fotograph/photo/photographe](s)/[photo/foto](s)
400004608700659,TELEVID5105_Scanner20,BU001403242133610406400004608700659,03/04/2025,25/03/2025,4213361040,BU001,Burmese-Tibetan,BU,4032,6,10.50,0.825,10.50,,Match,D822/03,"[1[0/O/o]/[1[0/O/o]/ten]]( )([G(.)B(.)P(.)/G(.)B(.)P(.)£(.)/pound/pound./pounde/£/£(.)G(.)B(.)P(.)](s))( )[5[0/O/o]/[5[0/O/o]/fifty]]( )([p/pence/pense])( )(.)/[G(.)B(.)P(.)/G(.)B(.)P(.)£(.)/pound/pound./pounde/£/£(.)G(.)B(.)P(.)](s)( )[1[0/O/o]/[1[0/O/o]/ten]]( )([G(.)B(.)P(.)/G(.)B(.)P(.)£(.)/pound/pound./pounde/£/£(.)G(.)B(.)P(.)](s))( )[5[0/O/o]/[5[0/O/o]/fifty]]( )[p/pence/pense]( )(.)/[G(.)B(.)P(.)/G(.)B(.)P(.)£(.)/pound/pound./pounde/£/£(.)G(.)B(.)P(.)](s)[1[0/O/o]/[1[0/O/o]/ten]]([G(.)B(.)P(.)/G(.)B(.)P(.)£(.)/pound/pound./pounde/£/£(.)G(.)B(.)P(.)](s))[&/+/,/-/./:/;/and/ ][5[(0)/O/o]/[5[0/O/o]/fifty]]([p/pence/pense])(.)/([G(.)B(.)P(.)/G(.)B(.)P(.)£(.)/pound/pound./pounde/£/£(.)G(.)B(.)P(.)](s))[1[0/O/o]/[1[0/O/o]/ten]]([G(.)B(.)P(.)/G(.)B(.)P(.)£(.)/pound/pound./pounde/£/£(.)G(.)B(.)P(.)](s))[&/+/,/-/./:/;/and/ ][5[(0)/O/o]/[5[0/O/o]/fifty]](.)/[G(.)B(.)P(.)/G(.)B(.)P(.)£(.)/pound/pound./pounde/£/£(.)G(.)B(.)P(.)](s)[1[0/O/o]/[1[0/O/o]/ten]]([G(.)B(.)P(.)/G(.)B(.)P(.)£(.)/pound/pound./pounde/£/£(.)G(.)B(.)P(.)](s))[&/+/,/-/./:/;/and/ ][5[(0)/O/o]/[5[0/O/o]/fifty]]([p/pence/pense])(.)/[1[0/O/o]/[1[0/O/o]/ten]][&/+/,/-/./:/;/and/ ][5[(0)/O/o]/[5[0/O/o]/fifty]]([G(.)B(.)P(.)/G(.)B(.)P(.)£(.)/pound/pound./pounde/£/£(.)G(.)B(.)P(.)](s))(.)/[1[0/O/o]/[1[0/O/o]/ten]]( )([G(.)B(.)P(.)/G(.)B(.)P(.)£(.)/pound/pound./pounde/£/£(.)G(.)B(.)P(.)](s))[&/+/,/-/./:/;/and/ ][5[0/O/o]/[5[0/O/o]/fifty]]( )(.)/[1[0/O/o]/[1[0/O/o]/ten]]( )[G(.)B(.)P(.)/G(.)B(.)P(.)£(.)/pound/pound./pounde/£/£(.)G(.)B(.)P(.)](s)[&/+/,/-/./:/;/and/ ][5[0/O/o]/[5[0/O/o]/fifty]]( )([p/pence/pense])(.)/([G(.)B(.)P(.)/G(.)B(.)P(.)£(.)/pound/pound./pounde/£/£(.)G(.)B(.)P(.)](s))[1[0/O/o]/[1[0/O/o]/ten]]([G(.)B(.)P(.)/G(.)B(.)P(.)£(.)/pound/pound./pounde/£/£(.)G(.)B(.)P(.)](s))([&/+/,/-/./:/;/and/ ])[5[(0)/O/o]/[5[0/O/o]/fifty]]([G(.)B(.)P(.)/G(.)B(.)P(.)£(.)/pound/pound./pounde/£/£(.)G(.)B(.)P(.)](s))(.)/[1[0/O/o]/[1[0/O/o]/ten]][&/+/,/-/./:/;/and/ ][5[0/O/o]/[5[0/O/o]/fifty]]( )(.)/[1[0/O/o]/[1[0/O/o]/ten]]( )[5[0/O/o]/[5[0/O/o]/fifty]]( )[p/pence/pense](.)/[1[0/O/o]/[1[0/O/o]/ten]]( )([G(.)B(.)P(.)/G(.)B(.)P(.)£(.)/pound/pound./pounde/£/£(.)G(.)B(.)P(.)](s))( )([and/&/+/'n'/'n/n'/n])( )[,5/,50/.5/.50/.five/0.5 of/0.5 of a/1~/2/1~/2 a/1~/2 of/1~/2 of 1/1~/2 of a/1~/2 of one/5~/10/5~/10 of/5~/10 of 1/5~/10 of a/5~/10 of one/a 1~/2/a half/a half of/a half of 1/a half of a/a half of one/an half of/an half of 1/an half of a/an half of one/five tenths/five tenths of/five tenths of 1/five tenths of a/five tenths of one/half/half a/half of/half of 1/half of a/half of one/one half of/one half of 1/one half of a/one half of one/point 5/point five/point5/½](.)"
400004608700678,TELEVID5105_Scanner20,BU0014051421336104016400004608700678,03/04/2025,25/03/2025,4213361040,BU001,Burmese-Tibetan,BU,4051,16,B,0.8222,B,,Match,D822/03,A
400004608700694,TELEVID5105_Scanner20,BU001406742133610406400004608700694,03/04/2025,25/03/2025,4213361040,BU001,Burmese-Tibetan,BU,4067,6,10.50 POUNDS,0.8021,10.50 POUNDS,,Match,D822/03,"[1[0/O/o]/[1[0/O/o]/ten]]( )([G(.)B(.)P(.)/G(.)B(.)P(.)£(.)/pound/pound./pounde/£/£(.)G(.)B(.)P(.)](s))( )[5[0/O/o]/[5[0/O/o]/fifty]]( )([p/pence/pense])( )(.)/[G(.)B(.)P(.)/G(.)B(.)P(.)£(.)/pound/pound./pounde/£/£(.)G(.)B(.)P(.)](s)( )[1[0/O/o]/[1[0/O/o]/ten]]( )([G(.)B(.)P(.)/G(.)B(.)P(.)£(.)/pound/pound./pounde/£/£(.)G(.)B(.)P(.)](s))( )[5[0/O/o]/[5[0/O/o]/fifty]]( )[p/pence/pense]( )(.)/[G(.)B(.)P(.)/G(.)B(.)P(.)£(.)/pound/pound./pounde/£/£(.)G(.)B(.)P(.)](s)[1[0/O/o]/[1[0/O/o]/ten]]([G(.)B(.)P(.)/G(.)B(.)P(.)£(.)/pound/pound./pounde/£/£(.)G(.)B(.)P(.)](s))[&/+/,/-/./:/;/and/ ][5[(0)/O/o]/[5[0/O/o]/fifty]]([p/pence/pense])(.)/([G(.)B(.)P(.)/G(.)B(.)P(.)£(.)/pound/pound./pounde/£/£(.)G(.)B(.)P(.)](s))[1[0/O/o]/[1[0/O/o]/ten]]([G(.)B(.)P(.)/G(.)B(.)P(.)£(.)/pound/pound./pounde/£/£(.)G(.)B(.)P(.)](s))[&/+/,/-/./:/;/and/ ][5[(0)/O/o]/[5[0/O/o]/fifty]](.)/[G(.)B(.)P(.)/G(.)B(.)P(.)£(.)/pound/pound./pounde/£/£(.)G(.)B(.)P(.)](s)[1[0/O/o]/[1[0/O/o]/ten]]([G(.)B(.)P(.)/G(.)B(.)P(.)£(.)/pound/pound./pounde/£/£(.)G(.)B(.)P(.)](s))[&/+/,/-/./:/;/and/ ][5[(0)/O/o]/[5[0/O/o]/fifty]]([p/pence/pense])(.)/[1[0/O/o]/[1[0/O/o]/ten]][&/+/,/-/./:/;/and/ ][5[(0)/O/o]/[5[0/O/o]/fifty]]([G(.)B(.)P(.)/G(.)B(.)P(.)£(.)/pound/pound./pounde/£/£(.)G(.)B(.)P(.)](s))(.)/[1[0/O/o]/[1[0/O/o]/ten]]( )([G(.)B(.)P(.)/G(.)B(.)P(.)£(.)/pound/pound./pounde/£/£(.)G(.)B(.)P(.)](s))[&/+/,/-/./:/;/and/ ][5[0/O/o]/[5[0/O/o]/fifty]]( )(.)/[1[0/O/o]/[1[0/O/o]/ten]]( )[G(.)B(.)P(.)/G(.)B(.)P(.)£(.)/pound/pound./pounde/£/£(.)G(.)B(.)P(.)](s)[&/+/,/-/./:/;/and/ ][5[0/O/o]/[5[0/O/o]/fifty]]( )([p/pence/pense])(.)/([G(.)B(.)P(.)/G(.)B(.)P(.)£(.)/pound/pound./pounde/£/£(.)G(.)B(.)P(.)](s))[1[0/O/o]/[1[0/O/o]/ten]]([G(.)B(.)P(.)/G(.)B(.)P(.)£(.)/pound/pound./pounde/£/£(.)G(.)B(.)P(.)](s))([&/+/,/-/./:/;/and/ ])[5[(0)/O/o]/[5[0/O/o]/fifty]]([G(.)B(.)P(.)/G(.)B(.)P(.)£(.)/pound/pound./pounde/£/£(.)G(.)B(.)P(.)](s))(.)/[1[0/O/o]/[1[0/O/o]/ten]][&/+/,/-/./:/;/and/ ][5[0/O/o]/[5[0/O/o]/fifty]]( )(.)/[1[0/O/o]/[1[0/O/o]/ten]]( )[5[0/O/o]/[5[0/O/o]/fifty]]( )[p/pence/pense](.)/[1[0/O/o]/[1[0/O/o]/ten]]( )([G(.)B(.)P(.)/G(.)B(.)P(.)£(.)/pound/pound./pounde/£/£(.)G(.)B(.)P(.)](s))( )([and/&/+/'n'/'n/n'/n])( )[,5/,50/.5/.50/.five/0.5 of/0.5 of a/1~/2/1~/2 a/1~/2 of/1~/2 of 1/1~/2 of a/1~/2 of one/5~/10/5~/10 of/5~/10 of 1/5~/10 of a/5~/10 of one/a 1~/2/a half/a half of/a half of 1/a half of a/a half of one/an half of/an half of 1/an half of a/an half of one/five tenths/five tenths of/five tenths of 1/five tenths of a/five tenths of one/half/half a/half of/half of 1/half of a/half of one/one half of/one half of 1/one half of a/one half of one/point 5/point five/point5/½](.)"
400004626300604,TELEVID5163_Scanner20,NP013005741032942743400004626300604,10/04/2025,04/04/2025,4103294274,NP013,Indo-Iranian,NP,57,3,B,0.8049,B,,Match,D822/03,B
400004626300608,TELEVID5163_Scanner20,NP0130061410329427411400004626300608,10/04/2025,04/04/2025,4103294274,NP013,Indo-Iranian,NP,61,11,B,0.8403,B,,Match,D822/03,B
400004743100120,TELEVID5313_SCANNER14,IT017450769619746398400004743100120,06/05/2025,28/04/2025,6961974639,IT017,Romance,IT,4507,8,3:25 P.M.,0.8234,3:25 P.M.,,Match,D822/03,[15/[15/fifteen]/([0/O/o])3/[3/[03/three]]][h/hour/hours/hr/hrs/hs]([&/-/./:/;])[25/[twenty([-/ ])[5/[05/five]]/25]]([m/min/mins/minute/minutes/ms])(([-/ ])[in the afternoon/in the evening/p(.)m(.)])(.)/[15/[15/fifteen]/([0/O/o])3/[3/[03/three]]]([h/hour/hours/hr/hrs/hs])([&/-/./:/;])[25/[twenty([-/ ])[5/[05/five]]/25]]([-/ ])[h/hour/hours/hr/hrs/hs](.)(([-/ ])[in the afternoon/in the evening/p(.)m(.)])(.)/[25/[twenty([-/ ])[5/[05/five]]/25]]([m/min/mins/minute/minutes/ms](.))([-/ ])[past/after]([-/ ])[15/[15/fifteen]/([0/O/o])3/[3/[03/three]]]([h/hour/hours/hr/hrs/hs])(.)(([-/ ])[in the afternoon/in the evening/p(.)m(.)])(.)/[15/[15/fifteen]/([0/O/o])3/[3/[03/three]]]([h/hour/hours/hr/hrs/hs])([&/-/./:/;])[25/[twenty([-/ ])[5/[05/five]]/25]](([-/ ])[in the afternoon/in the evening/p(.)m(.)])(.)
400004743100647,TELEVID5313_SCANNER14,IT9900021696197463910400004743100647,06/05/2025,29/04/2025,6961974639,IT990,Romance,IT,21,10,JUNE 16TH,0.8236,JUNE 16TH,,Match,D822/03,"(the )[16/16nd/16rd/16st/16th/sixteen/sixteenth]([,/-/./~// of / ])[6/06/6th/Jun/Jun./June/six/sixth/vi](.)/(the )[6/06/6th/Jun/Jun./June/six/sixth/vi]([,/-/./~// /the ])[16/16nd/16rd/16st/16th/sixteen/sixteenth](.)/(the )[16nd/16rd/16st/16th/sixteenth] of the [6th/sixth](.)"
400004792300061,TELEVID5330_SCANNER14,LK0910001410329427413400004792300061,09/05/2025,01/05/2025,4103294274,LK091,Indo-Iranian,LK,1,13,B,0.845,B,,Match,D822/03,A
400004869100181,TELEVID5383_SCANNER14,CN519000241032942743400004869100181,15/05/2025,10/05/2025,4103294274,CN519,Chinese,CN,2,3,B,0.83,C,,NoMatch,D822/03,B
400004869100189,TELEVID5383_SCANNER14,CN519001041032942747400004869100189,15/05/2025,10/05/2025,4103294274,CN519,Chinese,CN,10,7,200.,0.8158,200,,NoMatch,D822/03,[2[0/O/o][0/O/o]/[2/[02/two]]([-/ ])[00/hund/hundred]]
400004869100306,TELEVID5383_SCANNER14,CN5190034410329427416400004869100306,15/05/2025,10/05/2025,4103294274,CN519,Chinese,CN,34,16,B,0.8173,B,,Match,D822/03,B
400004869100311,TELEVID5383_SCANNER14,CN5190039410329427416400004869100311,15/05/2025,10/05/2025,4103294274,CN519,Chinese,CN,39,16,B,0.814,B,,Match,D822/03,B
400004869100320,TELEVID5383_SCANNER14,CN519004841032942744400004869100320,15/05/2025,10/05/2025,4103294274,CN519,Chinese,CN,48,4,B,0.8211,B,,Match,D822/03,C
400004869100446,TELEVID5383_SCANNER14,CN519007641032942746400004869100446,15/05/2025,10/05/2025,4103294274,CN519,Chinese,CN,76,6,"SORRY, I DON'T KNOW",0.8111,"SORRY, I DON'T KNOW",,Match,D822/03,storm
400004923900017,TELEVID5431_SCANNER14,VN070001769674028497400004923900017,19/05/2025,11/05/2025,6967402849,VN070,Austro-Asiatic,VN,17,7,7:45,0.8006,7.45,,NoMatch,D822/03,[([0/O/o])7/[7/[07/seven]]]([h/hour/hours/hr/hrs/hs])([&/-/./:/;])[45/[forty([-/ ])[5/[05/five]]/45]](([-/ ])[in morning/in the morning/a(.)m(.)])(.)/[([0/O/o])7/[7/[07/seven]]][h/hour/hours/hr/hrs/hs]([&/-/./:/;])[45/[forty([-/ ])[5/[05/five]]/45]]([m/min/mins/minute/minutes/ms])(([-/ ])[in morning/in the morning/a(.)m(.)])(.)/[([0/O/o])7/[7/[07/seven]]]([h/hour/hours/hr/hrs/hs])([&/-/./:/;])[45/[forty([-/ ])[5/[05/five]]/45]]([-/ ])[h/hour/hours/hr/hrs/hs](.)(([-/ ])[in morning/in the morning/a(.)m(.)])(.)/(a([-/ ]))[quarter/1~/4]([-/ ])[to/before/of]([-/ ])[([0/O/o])8/[8/[08/eight]]]([h/hour/hours/hr/hrs/hs])(.)(([-/ ])[in morning/in the morning/a(.)m(.)])(.)/[45/[forty([-/ ])[5/[05/five]]/45]]([m/min/mins/minute/minutes/ms](.))([-/ ])[past/after]([-/ ])[([0/O/o])7/[7/[07/seven]]]([h/hour/hours/hr/hrs/hs])(.)(([-/ ])[in morning/in the morning/a(.)m(.)])(.)/[15/[15/fifteen]]([m/min/mins/minute/minutes/ms](.))([-/ ])[to/before]([-/ ])[([0/O/o])8/[8/[08/eight]]]([h/hour/hours/hr/hrs/hs])(.)(([-/ ])[in morning/in the morning/a(.)m(.)])(.)
400004923900089,TELEVID5431_SCANNER14,VN070008969674028497400004923900089,19/05/2025,11/05/2025,6967402849,VN070,Austro-Asiatic,VN,89,7,7:45,0.8284,7:45,,Match,D822/03,[([0/O/o])7/[7/[07/seven]]]([h/hour/hours/hr/hrs/hs])([&/-/./:/;])[45/[forty([-/ ])[5/[05/five]]/45]](([-/ ])[in morning/in the morning/a(.)m(.)])(.)/[([0/O/o])7/[7/[07/seven]]][h/hour/hours/hr/hrs/hs]([&/-/./:/;])[45/[forty([-/ ])[5/[05/five]]/45]]([m/min/mins/minute/minutes/ms])(([-/ ])[in morning/in the morning/a(.)m(.)])(.)/[([0/O/o])7/[7/[07/seven]]]([h/hour/hours/hr/hrs/hs])([&/-/./:/;])[45/[forty([-/ ])[5/[05/five]]/45]]([-/ ])[h/hour/hours/hr/hrs/hs](.)(([-/ ])[in morning/in the morning/a(.)m(.)])(.)/(a([-/ ]))[quarter/1~/4]([-/ ])[to/before/of]([-/ ])[([0/O/o])8/[8/[08/eight]]]([h/hour/hours/hr/hrs/hs])(.)(([-/ ])[in morning/in the morning/a(.)m(.)])(.)/[45/[forty([-/ ])[5/[05/five]]/45]]([m/min/mins/minute/minutes/ms](.))([-/ ])[past/after]([-/ ])[([0/O/o])7/[7/[07/seven]]]([h/hour/hours/hr/hrs/hs])(.)(([-/ ])[in morning/in the morning/a(.)m(.)])(.)/[15/[15/fifteen]]([m/min/mins/minute/minutes/ms](.))([-/ ])[to/before]([-/ ])[([0/O/o])8/[8/[08/eight]]]([h/hour/hours/hr/hrs/hs])(.)(([-/ ])[in morning/in the morning/a(.)m(.)])(.)
400004923900102,TELEVID5431_SCANNER14,VN070010269674028492400004923900102,19/05/2025,11/05/2025,6967402849,VN070,Austro-Asiatic,VN,102,2,A,0.8171,"A, C",,NoMatch,D822/03,C
400004923900102,TELEVID5431_SCANNER14,VN070010269674028498400004923900102,19/05/2025,11/05/2025,6967402849,VN070,Austro-Asiatic,VN,102,8,TRAIN,0.8038,TRAIN,,Match,D822/03,train(s)
400004923900114,TELEVID5431_SCANNER14,VN0700114696740284911400004923900114,19/05/2025,11/05/2025,6967402849,VN070,Austro-Asiatic,VN,114,11,B,0.8256,B,,Match,D822/03,B
400004923900145,TELEVID5431_SCANNER14,VN070014569674028496400004923900145,19/05/2025,11/05/2025,6967402849,VN070,Austro-Asiatic,VN,145,6,"3,50",0.8164,350,,NoMatch,D822/03,"[3/[3/[03/three]]]( )([G(.)B(.)P(.)/G(.)B(.)P(.)£(.)/pound/pound./£/£(.)G(.)B(.)P(.)](s))( )[5[0/O/o]/[5[0/O/o]/fifty]]( )([p/pence])( )(.)/[G(.)B(.)P(.)/G(.)B(.)P(.)£(.)/pound/pound./£/£(.)G(.)B(.)P(.)](s)( )[3/[3/[03/three]]]( )([G(.)B(.)P(.)/G(.)B(.)P(.)£(.)/pound/pound./£/£(.)G(.)B(.)P(.)](s))( )[5[0/O/o]/[5[0/O/o]/fifty]]( )[p/pence]( )(.)/([G(.)B(.)P(.)/G(.)B(.)P(.)£(.)/pound/pound./£/£(.)G(.)B(.)P(.)](s))[3/[3/[03/three]]]([G(.)B(.)P(.)/G(.)B(.)P(.)£(.)/pound/pound./£/£(.)G(.)B(.)P(.)](s))[&/+/,/-/./:/;/and/ ][5[(0)/O/o]/[5[0/O/o]/fifty]](.)/[3/[3/[03/three]]][&/+/,/-/./:/;/and/ ][5[(0)/O/o]/[5[0/O/o]/fifty]]([G(.)B(.)P(.)/G(.)B(.)P(.)£(.)/pound/pound./£/£(.)G(.)B(.)P(.)](s))(.)/[3/[3/[03/three]]]( )([G(.)B(.)P(.)/G(.)B(.)P(.)£(.)/pound/pound./£/£(.)G(.)B(.)P(.)](s))[&/+/,/-/./:/;/and/ ][5[0/O/o]/[5[0/O/o]/fifty]]( )(.)/[3/[3/[03/three]]]( )[G(.)B(.)P(.)/G(.)B(.)P(.)£(.)/pound/pound./£/£(.)G(.)B(.)P(.)](s)[&/+/,/-/./:/;/and/ ][5[0/O/o]/[5[0/O/o]/fifty]]( )([p/pence])(.)/([G(.)B(.)P(.)/G(.)B(.)P(.)£(.)/pound/pound./£/£(.)G(.)B(.)P(.)](s))[3/[3/[03/three]]]([G(.)B(.)P(.)/G(.)B(.)P(.)£(.)/pound/pound./£/£(.)G(.)B(.)P(.)](s))([&/+/,/-/./:/;/and/ ])[5[(0)/O/o]/[5[0/O/o]/fifty]]([G(.)B(.)P(.)/G(.)B(.)P(.)£(.)/pound/pound./£/£(.)G(.)B(.)P(.)](s))(.)/[3/[3/[03/three]]][&/+/,/-/./:/;/and/ ][5[0/O/o]/[5[0/O/o]/fifty]]( )(.)/[3/[3/[03/three]]]( )[5[0/O/o]/[5[0/O/o]/fifty]]( )[p/pence](.)/[G(.)B(.)P(.)/G(.)B(.)P(.)£(.)/pound/pound./£/£(.)G(.)B(.)P(.)](s)[3/[3/[03/three]]]([G(.)B(.)P(.)/G(.)B(.)P(.)£(.)/pound/pound./£/£(.)G(.)B(.)P(.)](s))[&/+/,/-/./:/;/and/ ][5[(0)/O/o]/[5[0/O/o]/fifty]]([p/pence])(.)/[G(.)B(.)P(.)/G(.)B(.)P(.)£(.)/pound/pound./£/£(.)G(.)B(.)P(.)](s)[3/[3/[03/three]]]([G(.)B(.)P(.)/G(.)B(.)P(.)£(.)/pound/pound./£/£(.)G(.)B(.)P(.)](s))[&/+/,/-/./:/;/and/ ][5[(0)/O/o]/[5[0/O/o]/fifty]]([p/pence])(.)/[3/[3/[03/three]]]( )([G(.)B(.)P(.)/G(.)B(.)P(.)£(.)/pound/pound./£/£(.)G(.)B(.)P(.)](s))( )([and/&/+/'n'/'n/n'/n])( )[,5/,50/.5/.50/.five/0.5 of/0.5 of a/1~/2/1~/2 a/1~/2 of/1~/2 of 1/1~/2 of a/1~/2 of one/5~/10/5~/10 of/5~/10 of 1/5~/10 of a/5~/10 of one/a 1~/2/a half/a half of/a half of 1/a half of a/a half of one/an half of/an half of 1/an half of a/an half of one/five tenths/five tenths of/five tenths of 1/five tenths of a/five tenths of one/half/half a/half of/half of 1/half of a/half of one/one half of/one half of 1/one half of a/one half of one/point 5/point five/point5](.)"
400004923900195,TELEVID5431_SCANNER14,VN0700195696740284911400004923900195,19/05/2025,11/05/2025,6967402849,VN070,Austro-Asiatic,VN,195,11,B,0.8194,B,,Match,D822/03,B
400004923900215,TELEVID5431_SCANNER14,VN070021569674028498400004923900215,19/05/2025,11/05/2025,6967402849,VN070,Austro-Asiatic,VN,215,8,TRAIN,0.8073,TIRAIN,,NoMatch,D822/03,train(s)
400004923900215,TELEVID5431_SCANNER14,VN0700215696740284920400004923900215,19/05/2025,11/05/2025,6967402849,VN070,Austro-Asiatic,VN,215,20,B,0.8297,B,,Match,D822/03,B
400004923900231,TELEVID5431_SCANNER14,VN0700231696740284916400004923900231,19/05/2025,11/05/2025,6967402849,VN070,Austro-Asiatic,VN,231,16,C,0.8083,"A, C",,NoMatch,D822/03,C
400004923900348,TELEVID5431_SCANNER14,VN070034869674028496400004923900348,19/05/2025,11/05/2025,6967402849,VN070,Austro-Asiatic,VN,348,6,"3,50",0.8056,3.50,,NoMatch,D822/03,"[3/[3/[03/three]]]( )([G(.)B(.)P(.)/G(.)B(.)P(.)£(.)/pound/pound./£/£(.)G(.)B(.)P(.)](s))( )[5[0/O/o]/[5[0/O/o]/fifty]]( )([p/pence])( )(.)/[G(.)B(.)P(.)/G(.)B(.)P(.)£(.)/pound/pound./£/£(.)G(.)B(.)P(.)](s)( )[3/[3/[03/three]]]( )([G(.)B(.)P(.)/G(.)B(.)P(.)£(.)/pound/pound./£/£(.)G(.)B(.)P(.)](s))( )[5[0/O/o]/[5[0/O/o]/fifty]]( )[p/pence]( )(.)/([G(.)B(.)P(.)/G(.)B(.)P(.)£(.)/pound/pound./£/£(.)G(.)B(.)P(.)](s))[3/[3/[03/three]]]([G(.)B(.)P(.)/G(.)B(.)P(.)£(.)/pound/pound./£/£(.)G(.)B(.)P(.)](s))[&/+/,/-/./:/;/and/ ][5[(0)/O/o]/[5[0/O/o]/fifty]](.)/[3/[3/[03/three]]][&/+/,/-/./:/;/and/ ][5[(0)/O/o]/[5[0/O/o]/fifty]]([G(.)B(.)P(.)/G(.)B(.)P(.)£(.)/pound/pound./£/£(.)G(.)B(.)P(.)](s))(.)/[3/[3/[03/three]]]( )([G(.)B(.)P(.)/G(.)B(.)P(.)£(.)/pound/pound./£/£(.)G(.)B(.)P(.)](s))[&/+/,/-/./:/;/and/ ][5[0/O/o]/[5[0/O/o]/fifty]]( )(.)/[3/[3/[03/three]]]( )[G(.)B(.)P(.)/G(.)B(.)P(.)£(.)/pound/pound./£/£(.)G(.)B(.)P(.)](s)[&/+/,/-/./:/;/and/ ][5[0/O/o]/[5[0/O/o]/fifty]]( )([p/pence])(.)/([G(.)B(.)P(.)/G(.)B(.)P(.)£(.)/pound/pound./£/£(.)G(.)B(.)P(.)](s))[3/[3/[03/three]]]([G(.)B(.)P(.)/G(.)B(.)P(.)£(.)/pound/pound./£/£(.)G(.)B(.)P(.)](s))([&/+/,/-/./:/;/and/ ])[5[(0)/O/o]/[5[0/O/o]/fifty]]([G(.)B(.)P(.)/G(.)B(.)P(.)£(.)/pound/pound./£/£(.)G(.)B(.)P(.)](s))(.)/[3/[3/[03/three]]][&/+/,/-/./:/;/and/ ][5[0/O/o]/[5[0/O/o]/fifty]]( )(.)/[3/[3/[03/three]]]( )[5[0/O/o]/[5[0/O/o]/fifty]]( )[p/pence](.)/[G(.)B(.)P(.)/G(.)B(.)P(.)£(.)/pound/pound./£/£(.)G(.)B(.)P(.)](s)[3/[3/[03/three]]]([G(.)B(.)P(.)/G(.)B(.)P(.)£(.)/pound/pound./£/£(.)G(.)B(.)P(.)](s))[&/+/,/-/./:/;/and/ ][5[(0)/O/o]/[5[0/O/o]/fifty]]([p/pence])(.)/[G(.)B(.)P(.)/G(.)B(.)P(.)£(.)/pound/pound./£/£(.)G(.)B(.)P(.)](s)[3/[3/[03/three]]]([G(.)B(.)P(.)/G(.)B(.)P(.)£(.)/pound/pound./£/£(.)G(.)B(.)P(.)](s))[&/+/,/-/./:/;/and/ ][5[(0)/O/o]/[5[0/O/o]/fifty]]([p/pence])(.)/[3/[3/[03/three]]]( )([G(.)B(.)P(.)/G(.)B(.)P(.)£(.)/pound/pound./£/£(.)G(.)B(.)P(.)](s))( )([and/&/+/'n'/'n/n'/n])( )[,5/,50/.5/.50/.five/0.5 of/0.5 of a/1~/2/1~/2 a/1~/2 of/1~/2 of 1/1~/2 of a/1~/2 of one/5~/10/5~/10 of/5~/10 of 1/5~/10 of a/5~/10 of one/a 1~/2/a half/a half of/a half of 1/a half of a/a half of one/an half of/an half of 1/an half of a/an half of one/five tenths/five tenths of/five tenths of 1/five tenths of a/five tenths of one/half/half a/half of/half of 1/half of a/half of one/one half of/one half of 1/one half of a/one half of one/point 5/point five/point5](.)"
400004923900362,TELEVID5431_SCANNER14,VN070036269674028497400004923900362,19/05/2025,11/05/2025,6967402849,VN070,Austro-Asiatic,VN,362,7,7.45,0.8362,7.95,,NoMatch,D822/03,[([0/O/o])7/[7/[07/seven]]]([h/hour/hours/hr/hrs/hs])([&/-/./:/;])[45/[forty([-/ ])[5/[05/five]]/45]](([-/ ])[in morning/in the morning/a(.)m(.)])(.)/[([0/O/o])7/[7/[07/seven]]][h/hour/hours/hr/hrs/hs]([&/-/./:/;])[45/[forty([-/ ])[5/[05/five]]/45]]([m/min/mins/minute/minutes/ms])(([-/ ])[in morning/in the morning/a(.)m(.)])(.)/[([0/O/o])7/[7/[07/seven]]]([h/hour/hours/hr/hrs/hs])([&/-/./:/;])[45/[forty([-/ ])[5/[05/five]]/45]]([-/ ])[h/hour/hours/hr/hrs/hs](.)(([-/ ])[in morning/in the morning/a(.)m(.)])(.)/(a([-/ ]))[quarter/1~/4]([-/ ])[to/before/of]([-/ ])[([0/O/o])8/[8/[08/eight]]]([h/hour/hours/hr/hrs/hs])(.)(([-/ ])[in morning/in the morning/a(.)m(.)])(.)/[45/[forty([-/ ])[5/[05/five]]/45]]([m/min/mins/minute/minutes/ms](.))([-/ ])[past/after]([-/ ])[([0/O/o])7/[7/[07/seven]]]([h/hour/hours/hr/hrs/hs])(.)(([-/ ])[in morning/in the morning/a(.)m(.)])(.)/[15/[15/fifteen]]([m/min/mins/minute/minutes/ms](.))([-/ ])[to/before]([-/ ])[([0/O/o])8/[8/[08/eight]]]([h/hour/hours/hr/hrs/hs])(.)(([-/ ])[in morning/in the morning/a(.)m(.)])(.)
400004923900385,TELEVID5431_SCANNER14,VN0700385696740284910400004923900385,19/05/2025,11/05/2025,6967402849,VN070,Austro-Asiatic,VN,385,10,SPARHAWK.COM,0.8124,SPARHAWK.COM,,Match,D822/03,sparhawk
400004923900385,TELEVID5431_SCANNER14,VN0700385696740284915400004923900385,19/05/2025,11/05/2025,6967402849,VN070,Austro-Asiatic,VN,385,15,B,0.8481,"A, B",,NoMatch,D822/03,C
400004923900399,TELEVID5431_SCANNER14,VN070039969674028496400004923900399,19/05/2025,11/05/2025,6967402849,VN070,Austro-Asiatic,VN,399,6,3.50-450,0.8165,3.50-450,,Match,D822/03,"[3/[3/[03/three]]]( )([G(.)B(.)P(.)/G(.)B(.)P(.)£(.)/pound/pound./£/£(.)G(.)B(.)P(.)](s))( )[5[0/O/o]/[5[0/O/o]/fifty]]( )([p/pence])( )(.)/[G(.)B(.)P(.)/G(.)B(.)P(.)£(.)/pound/pound./£/£(.)G(.)B(.)P(.)](s)( )[3/[3/[03/three]]]( )([G(.)B(.)P(.)/G(.)B(.)P(.)£(.)/pound/pound./£/£(.)G(.)B(.)P(.)](s))( )[5[0/O/o]/[5[0/O/o]/fifty]]( )[p/pence]( )(.)/([G(.)B(.)P(.)/G(.)B(.)P(.)£(.)/pound/pound./£/£(.)G(.)B(.)P(.)](s))[3/[3/[03/three]]]([G(.)B(.)P(.)/G(.)B(.)P(.)£(.)/pound/pound./£/£(.)G(.)B(.)P(.)](s))[&/+/,/-/./:/;/and/ ][5[(0)/O/o]/[5[0/O/o]/fifty]](.)/[3/[3/[03/three]]][&/+/,/-/./:/;/and/ ][5[(0)/O/o]/[5[0/O/o]/fifty]]([G(.)B(.)P(.)/G(.)B(.)P(.)£(.)/pound/pound./£/£(.)G(.)B(.)P(.)](s))(.)/[3/[3/[03/three]]]( )([G(.)B(.)P(.)/G(.)B(.)P(.)£(.)/pound/pound./£/£(.)G(.)B(.)P(.)](s))[&/+/,/-/./:/;/and/ ][5[0/O/o]/[5[0/O/o]/fifty]]( )(.)/[3/[3/[03/three]]]( )[G(.)B(.)P(.)/G(.)B(.)P(.)£(.)/pound/pound./£/£(.)G(.)B(.)P(.)](s)[&/+/,/-/./:/;/and/ ][5[0/O/o]/[5[0/O/o]/fifty]]( )([p/pence])(.)/([G(.)B(.)P(.)/G(.)B(.)P(.)£(.)/pound/pound./£/£(.)G(.)B(.)P(.)](s))[3/[3/[03/three]]]([G(.)B(.)P(.)/G(.)B(.)P(.)£(.)/pound/pound./£/£(.)G(.)B(.)P(.)](s))([&/+/,/-/./:/;/and/ ])[5[(0)/O/o]/[5[0/O/o]/fifty]]([G(.)B(.)P(.)/G(.)B(.)P(.)£(.)/pound/pound./£/£(.)G(.)B(.)P(.)](s))(.)/[3/[3/[03/three]]][&/+/,/-/./:/;/and/ ][5[0/O/o]/[5[0/O/o]/fifty]]( )(.)/[3/[3/[03/three]]]( )[5[0/O/o]/[5[0/O/o]/fifty]]( )[p/pence](.)/[G(.)B(.)P(.)/G(.)B(.)P(.)£(.)/pound/pound./£/£(.)G(.)B(.)P(.)](s)[3/[3/[03/three]]]([G(.)B(.)P(.)/G(.)B(.)P(.)£(.)/pound/pound./£/£(.)G(.)B(.)P(.)](s))[&/+/,/-/./:/;/and/ ][5[(0)/O/o]/[5[0/O/o]/fifty]]([p/pence])(.)/[G(.)B(.)P(.)/G(.)B(.)P(.)£(.)/pound/pound./£/£(.)G(.)B(.)P(.)](s)[3/[3/[03/three]]]([G(.)B(.)P(.)/G(.)B(.)P(.)£(.)/pound/pound./£/£(.)G(.)B(.)P(.)](s))[&/+/,/-/./:/;/and/ ][5[(0)/O/o]/[5[0/O/o]/fifty]]([p/pence])(.)/[3/[3/[03/three]]]( )([G(.)B(.)P(.)/G(.)B(.)P(.)£(.)/pound/pound./£/£(.)G(.)B(.)P(.)](s))( )([and/&/+/'n'/'n/n'/n])( )[,5/,50/.5/.50/.five/0.5 of/0.5 of a/1~/2/1~/2 a/1~/2 of/1~/2 of 1/1~/2 of a/1~/2 of one/5~/10/5~/10 of/5~/10 of 1/5~/10 of a/5~/10 of one/a 1~/2/a half/a half of/a half of 1/a half of a/a half of one/an half of/an half of 1/an half of a/an half of one/five tenths/five tenths of/five tenths of 1/five tenths of a/five tenths of one/half/half a/half of/half of 1/half of a/half of one/one half of/one half of 1/one half of a/one half of one/point 5/point five/point5](.)"
400004923900424,TELEVID5431_SCANNER14,VN0700424696740284924400004923900424,19/05/2025,11/05/2025,6967402849,VN070,Austro-Asiatic,VN,424,24,B,0.8226,"A, B",,NoMatch,D822/03,B
400004964400536,TELEVID5501_SCANNER14,IT028000769619746398400004964400536,22/05/2025,19/05/2025,6961974639,IT028,Romance,IT,7,8,3:25,0.8254,3:25,,Match,D822/03,[15/[15/fifteen]/([0/O/o])3/[3/[03/three]]][h/hour/hours/hr/hrs/hs]([&/-/./:/;])[25/[twenty([-/ ])[5/[05/five]]/25]]([m/min/mins/minute/minutes/ms])(([-/ ])[in the afternoon/in the evening/p(.)m(.)])(.)/[15/[15/fifteen]/([0/O/o])3/[3/[03/three]]]([h/hour/hours/hr/hrs/hs])([&/-/./:/;])[25/[twenty([-/ ])[5/[05/five]]/25]]([-/ ])[h/hour/hours/hr/hrs/hs](.)(([-/ ])[in the afternoon/in the evening/p(.)m(.)])(.)/[25/[twenty([-/ ])[5/[05/five]]/25]]([m/min/mins/minute/minutes/ms](.))([-/ ])[past/after]([-/ ])[15/[15/fifteen]/([0/O/o])3/[3/[03/three]]]([h/hour/hours/hr/hrs/hs])(.)(([-/ ])[in the afternoon/in the evening/p(.)m(.)])(.)/[15/[15/fifteen]/([0/O/o])3/[3/[03/three]]]([h/hour/hours/hr/hrs/hs])([&/-/./:/;])[25/[twenty([-/ ])[5/[05/five]]/25]](([-/ ])[in the afternoon/in the evening/p(.)m(.)])(.)
400004979800225,TELEVID5527_SCANNER14,CZ003000287209916419400004979800225,23/05/2025,21/05/2025,8720991641,CZ003,Slavic,CZ,2,9,CODE,0.8042,CODE,,Match,D822/03,coat(s)
400004985200232,TELEVID5536_SCANNER14,IT3630033696197463912400004985200232,23/05/2025,17/05/2025,6961974639,IT363,Romance,IT,33,12,--impossible--,0.8249,C,,NoMatch,D822/03,C
400005034600645,TELEVID5553_SCANNER14,IT032000569619746393400005034600645,27/05/2025,17/05/2025,6961974639,IT032,Romance,IT,5,3,C,0.8103,C,,Match,D822/03,C
400005034600645,TELEVID5553_SCANNER14,IT0320005696197463910400005034600645,27/05/2025,17/05/2025,6961974639,IT032,Romance,IT,5,10,JUNE 16TH,0.8348,JUNE 16TH,,Match,D822/03,"(the )[16/16nd/16rd/16st/16th/sixteen/sixteenth]([,/-/./~// of / ])[6/06/6th/Jun/Jun./June/six/sixth/vi](.)/(the )[6/06/6th/Jun/Jun./June/six/sixth/vi]([,/-/./~// /the ])[16/16nd/16rd/16st/16th/sixteen/sixteenth](.)/(the )[16nd/16rd/16st/16th/sixteenth] of the [6th/sixth](.)"
400005044400740,TELEVID5583_SCANNER14,LK0010087410329427413400005044400740,28/05/2025,17/05/2025,4103294274,LK001,Indo-Iranian,LK,87,13,A,0.8438,A,,Match,D822/03,A
400005044400803,TELEVID5583_SCANNER14,LK0010150410329427410400005044400803,28/05/2025,17/05/2025,4103294274,LK001,Indo-Iranian,LK,150,10,BADGER,0.8472,BADGER,,Match,D822/03,badger
400005052100259,TELEVID5606_SCANNER14,IT8440072908413306110400005052100259,28/05/2025,23/05/2025,9084133061,IT844,Romance,IT,72,10,SIMY,0.827,SIMU,,NoMatch,D822/03,[photograph/foto/fotograph/photo/photographe](s)
400005052700184,TELEVID5605_SCANNER14,IT8440053908413306110400005052700184,28/05/2025,23/05/2025,9084133061,IT844,Romance,IT,53,10,PUT A PHOTO,0.8205,PUT A PHOTO,,Match,D822/03,[photograph/foto/fotograph/photo/photographe](s)
400005346500528,TELEVID6027_SCANNER14,IT087000969619746398400005346500528,13/06/2025,05/06/2025,6961974639,IT087,Romance,IT,9,8,3:25 PM,0.8254,3:25 PM,,Match,D822/03,[15/[15/fifteen]/([0/O/o])3/[3/[03/three]]][h/hour/hours/hr/hrs/hs]([&/-/./:/;])[25/[twenty([-/ ])[5/[05/five]]/25]]([m/min/mins/minute/minutes/ms])(([-/ ])[in the afternoon/in the evening/p(.)m(.)])(.)/[15/[15/fifteen]/([0/O/o])3/[3/[03/three]]]([h/hour/hours/hr/hrs/hs])([&/-/./:/;])[25/[twenty([-/ ])[5/[05/five]]/25]]([-/ ])[h/hour/hours/hr/hrs/hs](.)(([-/ ])[in the afternoon/in the evening/p(.)m(.)])(.)/[25/[twenty([-/ ])[5/[05/five]]/25]]([m/min/mins/minute/minutes/ms](.))([-/ ])[past/after]([-/ ])[15/[15/fifteen]/([0/O/o])3/[3/[03/three]]]([h/hour/hours/hr/hrs/hs])(.)(([-/ ])[in the afternoon/in the evening/p(.)m(.)])(.)/[15/[15/fifteen]/([0/O/o])3/[3/[03/three]]]([h/hour/hours/hr/hrs/hs])([&/-/./:/;])[25/[twenty([-/ ])[5/[05/five]]/25]](([-/ ])[in the afternoon/in the evening/p(.)m(.)])(.)
400005346500528,TELEVID6027_SCANNER14,IT0870009696197463910400005346500528,13/06/2025,05/06/2025,6961974639,IT087,Romance,IT,9,10,16 JUNE,0.8474,16 JUNE,,Match,D822/03,"(the )[16/16nd/16rd/16st/16th/sixteen/sixteenth]([,/-/./~// of / ])[6/06/6th/Jun/Jun./June/six/sixth/vi](.)/(the )[6/06/6th/Jun/Jun./June/six/sixth/vi]([,/-/./~// /the ])[16/16nd/16rd/16st/16th/sixteen/sixteenth](.)/(the )[16nd/16rd/16st/16th/sixteenth] of the [6th/sixth](.)"
400005346500532,TELEVID6027_SCANNER14,IT087001369619746399400005346500532,13/06/2025,05/06/2025,6961974639,IT087,Romance,IT,13,9,DOSHIRTI,0.8046,DOSHIRTI,,Match,D822/03,docherty
400005492300530,TELEVID8072_Scanner20,IT844001269619746396400005492300530,19/06/2025,12/06/2025,6961974639,IT844,Romance,IT,12,6,60,0.8371,60,,Match,D822/03,[6[0/O/o]/[6[0/O/o]/sixty]]
60000002246900389,TELEVID4880_SCANNER19,MY31350019902917666660000002246900389,03/03/2025,22/02/2025,9902917666,MY313,Malayo,MY,5001,6,AUTHUR,0.8098,AUTHUR,,Match,D822/03,artist(s)
60000002248800018,TELEVID4883_SCANNER19,CN418138941032942741260000002248800018,04/03/2025,22/02/2025,4103294274,CN418,Chinese,CN,1389,12,B,0.8017,B,,Match,D822/03,A
60000002248800030,TELEVID4883_SCANNER19,CN418140141032942741660000002248800030,04/03/2025,22/02/2025,4103294274,CN418,Chinese,CN,1401,16,B,0.8104,B,,Match,D822/03,B
60000002248800096,TELEVID4883_SCANNER19,CN41811314103294274660000002248800096,04/03/2025,22/02/2025,4103294274,CN418,Chinese,CN,1131,6,QUITE STOUR,0.8111,QUITE STOUR,,Match,D822/03,storm
60000002248800096,TELEVID4883_SCANNER19,CN41811314103294274960000002248800096,04/03/2025,22/02/2025,4103294274,CN418,Chinese,CN,1131,9,TUTHDAY,0.8439,TUTHDAY,,Match,D822/03,[37/[thirty([-/ ])[7/[07/seven]]/37]]
60000002248801287,TELEVID4883_SCANNER19,CN41814584103294274660000002248801287,04/03/2025,22/02/2025,4103294274,CN418,Chinese,CN,1458,6,1,0.8286,1,,Match,D822/03,storm
60000002248801295,TELEVID4883_SCANNER19,CN418146641032942741060000002248801295,04/03/2025,22/02/2025,4103294274,CN418,Chinese,CN,1466,10,BADGER,0.8058,BADGER,,Match,D822/03,badger
60000002248801303,TELEVID4883_SCANNER19,CN41814744103294274960000002248801303,04/03/2025,22/02/2025,4103294274,CN418,Chinese,CN,1474,9,ROOM 37,0.8042,ROOM 37,,Match,D822/03,[37/[thirty([-/ ])[7/[07/seven]]/37]]
60000002248801303,TELEVID4883_SCANNER19,CN418147441032942742060000002248801303,04/03/2025,22/02/2025,4103294274,CN418,Chinese,CN,1474,20,B,0.8413,B,,Match,D822/03,B
60000002248801384,TELEVID4883_SCANNER19,CN41815314103294274960000002248801384,04/03/2025,22/02/2025,4103294274,CN418,Chinese,CN,1531,9,27,0.81,27,,Match,D822/03,[37/[thirty([-/ ])[7/[07/seven]]/37]]
60000002248801402,TELEVID4883_SCANNER19,CN41815494103294274960000002248801402,04/03/2025,22/02/2025,4103294274,CN418,Chinese,CN,1549,9,ROOM 37,0.8182,R00M37,,NoMatch,D822/03,[37/[thirty([-/ ])[7/[07/seven]]/37]]
60000002248801405,TELEVID4883_SCANNER19,CN418155241032942741560000002248801405,04/03/2025,22/02/2025,4103294274,CN418,Chinese,CN,1552,15,B,0.8408,B,,Match,D822/03,B
60000002249300873,TELEVID4884_SCANNER19,CN418145641032942741660000002249300873,04/03/2025,22/02/2025,4103294274,CN418,Chinese,CN,1456,16,B,0.8405,B,,Match,D822/03,B
60000002249300958,TELEVID4884_SCANNER19,CN41813614103294274760000002249300958,04/03/2025,22/02/2025,4103294274,CN418,Chinese,CN,1361,7,TWOHUNGRY,0.8193,TWOHUNGRY,,Match,D822/03,[2[0/O/o][0/O/o]/[2/[02/two]]([-/ ])[00/hund/hundred]]
60000002249301186,TELEVID4884_SCANNER19,CN418156741032942741660000002249301186,04/03/2025,22/02/2025,4103294274,CN418,Chinese,CN,1567,16,B,0.8421,B,,Match,D822/03,B
60000002249301189,TELEVID4884_SCANNER19,CN418157041032942741160000002249301189,04/03/2025,22/02/2025,4103294274,CN418,Chinese,CN,1570,11,B,0.8223,B,,Match,D822/03,B
60000002249301191,TELEVID4884_SCANNER19,CN418157241032942741660000002249301191,04/03/2025,22/02/2025,4103294274,CN418,Chinese,CN,1572,16,B,0.8286,B,,Match,D822/03,B
60000002249301355,TELEVID4884_SCANNER19,CN418116941032942742060000002249301355,04/03/2025,22/02/2025,4103294274,CN418,Chinese,CN,1169,20,B,0.8494,B,,Match,D822/03,B
60000002249301367,TELEVID4884_SCANNER19,CN418118141032942742060000002249301367,04/03/2025,22/02/2025,4103294274,CN418,Chinese,CN,1181,20,B,0.8398,B,,Match,D822/03,B
60000002249301403,TELEVID4884_SCANNER19,CN41811454103294274360000002249301403,04/03/2025,22/02/2025,4103294274,CN418,Chinese,CN,1145,3,B,0.8064,B,,Match,D822/03,B
60000002249400257,TELEVID4885_SCANNER19,CN41812804103294274960000002249400257,05/03/2025,22/02/2025,4103294274,CN418,Chinese,CN,1280,9,THIRTY-SEVEN,0.8377,THIRTY-SEVEN,,Match,D822/03,[37/[thirty([-/ ])[7/[07/seven]]/37]]
60000002249400258,TELEVID4885_SCANNER19,CN41812814103294274660000002249400258,05/03/2025,22/02/2025,4103294274,CN418,Chinese,CN,1281,6,STONE,0.8344,STONE,,Match,D822/03,storm
60000002249400285,TELEVID4885_SCANNER19,CN41812364103294274860000002249400285,05/03/2025,22/02/2025,4103294274,CN418,Chinese,CN,1236,8,TUSEDAY,0.8393,TUSEPAY,,NoMatch,D822/03,[friday/fr/fri]
60000002249400551,TELEVID4885_SCANNER19,CN418125741032942742060000002249400551,05/03/2025,22/02/2025,4103294274,CN418,Chinese,CN,1257,20,B,0.8329,C,,NoMatch,D822/03,B
60000002249400938,TELEVID4885_SCANNER19,CN41816074103294274160000002249400938,05/03/2025,22/02/2025,4103294274,CN418,Chinese,CN,1607,1,B,0.8367,B,,Match,D822/03,B
60000002249400947,TELEVID4885_SCANNER19,CN418161641032942741060000002249400947,05/03/2025,22/02/2025,4103294274,CN418,Chinese,CN,1616,10,BABGER,0.8072,BABGER,,Match,D822/03,badger
60000002249400954,TELEVID4885_SCANNER19,CN418162341032942741560000002249400954,05/03/2025,22/02/2025,4103294274,CN418,Chinese,CN,1623,15,B,0.8095,B,,Match,D822/03,B
60000002249400959,TELEVID4885_SCANNER19,CN41814814103294274960000002249400959,05/03/2025,22/02/2025,4103294274,CN418,Chinese,CN,1481,9,37,0.8481,37,,Match,D822/03,[37/[thirty([-/ ])[7/[07/seven]]/37]]
60000002249400983,TELEVID4885_SCANNER19,CN41815054103294274260000002249400983,05/03/2025,22/02/2025,4103294274,CN418,Chinese,CN,1505,2,A,0.825,"A, B",,NoMatch,D822/03,B
60000002249401040,TELEVID4885_SCANNER19,CN418105541032942741660000002249401040,05/03/2025,22/02/2025,4103294274,CN418,Chinese,CN,1055,16,B,0.8453,B,,Match,D822/03,B
60000002249401048,TELEVID4885_SCANNER19,CN418106341032942742060000002249401048,05/03/2025,22/02/2025,4103294274,CN418,Chinese,CN,1063,20,B,0.8193,B,,Match,D822/03,B
60000002249401177,TELEVID4885_SCANNER19,CN418141741032942742260000002249401177,05/03/2025,22/02/2025,4103294274,CN418,Chinese,CN,1417,22,E,0.8416,E,,Match,D822/03,G
60000002249401185,TELEVID4885_SCANNER19,CN418142541032942741660000002249401185,05/03/2025,22/02/2025,4103294274,CN418,Chinese,CN,1425,16,B,0.8208,B,,Match,D822/03,B
60000002249401219,TELEVID4885_SCANNER19,CN418133941032942741260000002249401219,05/03/2025,22/02/2025,4103294274,CN418,Chinese,CN,1339,12,A,0.8063,A,,Match,D822/03,A
60000002249401280,TELEVID4885_SCANNER19,CN418132841032942742060000002249401280,05/03/2025,22/02/2025,4103294274,CN418,Chinese,CN,1328,20,B,0.826,B,,Match,D822/03,B
60000002249401281,TELEVID4885_SCANNER19,CN41813294103294274760000002249401281,05/03/2025,22/02/2025,4103294274,CN418,Chinese,CN,1329,7,200,0.8378,200,,Match,D822/03,[2[0/O/o][0/O/o]/[2/[02/two]]([-/ ])[00/hund/hundred]]
60000002249401872,TELEVID4885_SCANNER19,CN418103541032942741060000002249401872,05/03/2025,22/02/2025,4103294274,CN418,Chinese,CN,1035,10,BADGEE,0.8121,BAPGEE,,NoMatch,D822/03,badger
60000002249401877,TELEVID4885_SCANNER19,CN41810404103294274660000002249401877,05/03/2025,22/02/2025,4103294274,CN418,Chinese,CN,1040,6,STORM,0.8193,STORM,,Match,D822/03,storm
60000002249401881,TELEVID4885_SCANNER19,CN418104441032942741560000002249401881,05/03/2025,22/02/2025,4103294274,CN418,Chinese,CN,1044,15,B,0.8095,B,,Match,D822/03,B
60000002264400184,TELEVID4933_SCANNER19,IT444001569619746391060000002264400184,12/03/2025,07/03/2025,6961974639,IT444,Romance,IT,15,10,16TH JUNE,0.8046,16TH JUNE,,Match,D822/03,"(the )[16/16nd/16rd/16st/16th/sixteen/sixteenth]([,/-/./~// of / ])[6/06/6th/Jun/Jun./June/six/sixth/vi](.)/(the )[6/06/6th/Jun/Jun./June/six/sixth/vi]([,/-/./~// /the ])[16/16nd/16rd/16st/16th/sixteen/sixteenth](.)/(the )[16nd/16rd/16st/16th/sixteenth] of the [6th/sixth](.)"
60000002272600436,TELEVID4956_SCANNER19,JP02638962240671513660000002272600436,17/03/2025,10/03/2025,2240671513,JP026,Japanese,JP,3896,6,12TH,0.8456,12TH,,Match,D822/03,"[15/[15/fifteen]](th) ([june/jun])/(the )[15/15nd/15rd/15st/15th/fifteen/fifteenth]([,/-/./~// of / ])[6/06/6th/Jun/Jun./June/six/sixth/vi](.)/(the )[6/06/6th/Jun/Jun./June/six/sixth/vi]([,/-/./~// /the ])[15/15nd/15rd/15st/15th/fifteen/fifteenth](.)/(the )[15nd/15rd/15st/15th/fifteenth] of the [6th/sixth](.)"
60000002272600473,TELEVID4956_SCANNER19,JP02638592240671513860000002272600473,17/03/2025,10/03/2025,2240671513,JP026,Japanese,JP,3859,8,1:45,0.8368,1:45,,Match,D822/03,[13/[13/thirteen]/([0/O/o])1/[1/[01/a/one/one~/1/oone]]]([h/hour/hours/hr/hrs/hs])([&/-/./:/;])[45/[[forty/fourty]([-/ ])[5/[05/five]]/45]](([-/ ])[in the afternoon/in the evening/p(.)m(.)])(.)/[13/[13/thirteen]/([0/O/o])1/[1/[01/a/one/one~/1/oone]]][h/hour/hours/hr/hrs/hs]([&/-/./:/;])[45/[[forty/fourty]([-/ ])[5/[05/five]]/45]]([m/min/mins/minute/minutes/ms])(([-/ ])[in the afternoon/in the evening/p(.)m(.)])(.)/[13/[13/thirteen]/([0/O/o])1/[1/[01/a/one/one~/1/oone]]]([h/hour/hours/hr/hrs/hs])([&/-/./:/;])[45/[[forty/fourty]([-/ ])[5/[05/five]]/45]]([-/ ])[h/hour/hours/hr/hrs/hs](.)(([-/ ])[in the afternoon/in the evening/p(.)m(.)])(.)/(a([-/ ]))[quarter/1~/4]([-/ ])[to/before/of]([-/ ])[14/[14/fourteen]/([0/O/o])2/[2/[02/two]]]([h/hour/hours/hr/hrs/hs])(.)(([-/ ])[in the afternoon/in the evening/p(.)m(.)])(.)/[15/[15/fifteen]]([m/min/mins/minute/minutes/ms](.))([-/ ])[to/before]([-/ ])[14/[14/fourteen]/([0/O/o])2/[2/[02/two]]]([h/hour/hours/hr/hrs/hs])(.)(([-/ ])[in the afternoon/in the evening/p(.)m(.)])(.)/[45/[[forty/fourty]([-/ ])[5/[05/five]]/45]]([m/min/mins/minute/minutes/ms](.))([-/ ])[past/after]([-/ ])[13/[13/thirteen]/([0/O/o])1/[1/[01/a/one/one~/1/oone]]]([h/hour/hours/hr/hrs/hs])(.)(([-/ ])[in the afternoon/in the evening/p(.)m(.)])(.)
60000002272600475,TELEVID4956_SCANNER19,JP026386122406715131060000002272600475,17/03/2025,10/03/2025,2240671513,JP026,Japanese,JP,3861,10,QUAOK,0.8142,QUAOK,,Match,D822/03,quark
60000002272600480,TELEVID4956_SCANNER19,JP02638662240671513660000002272600480,17/03/2025,10/03/2025,2240671513,JP026,Japanese,JP,3866,6,12TH,0.8448,12TH,,Match,D822/03,"[15/[15/fifteen]](th) ([june/jun])/(the )[15/15nd/15rd/15st/15th/fifteen/fifteenth]([,/-/./~// of / ])[6/06/6th/Jun/Jun./June/six/sixth/vi](.)/(the )[6/06/6th/Jun/Jun./June/six/sixth/vi]([,/-/./~// /the ])[15/15nd/15rd/15st/15th/fifteen/fifteenth](.)/(the )[15nd/15rd/15st/15th/fifteenth] of the [6th/sixth](.)"
60000002272600553,TELEVID4956_SCANNER19,JP02639762240671513660000002272600553,17/03/2025,10/03/2025,2240671513,JP026,Japanese,JP,3976,6,TWELVETH,0.83,TWELVE TH,,NoMatch,D822/03,"[15/[15/fifteen]](th) ([june/jun])/(the )[15/15nd/15rd/15st/15th/fifteen/fifteenth]([,/-/./~// of / ])[6/06/6th/Jun/Jun./June/six/sixth/vi](.)/(the )[6/06/6th/Jun/Jun./June/six/sixth/vi]([,/-/./~// /the ])[15/15nd/15rd/15st/15th/fifteen/fifteenth](.)/(the )[15nd/15rd/15st/15th/fifteenth] of the [6th/sixth](.)"
60000002272600553,TELEVID4956_SCANNER19,JP026397622406715131060000002272600553,17/03/2025,10/03/2025,2240671513,JP026,Japanese,JP,3976,10,QULOK,0.8475,DULOK,,NoMatch,D822/03,quark
60000002274500222,TELEVID4958_SCANNER19,JP02642142240671513660000002274500222,17/03/2025,10/03/2025,2240671513,JP026,Japanese,JP,4214,6,TWELVE,0.8313,TWELVE,,Match,D822/03,"[15/[15/fifteen]](th) ([june/jun])/(the )[15/15nd/15rd/15st/15th/fifteen/fifteenth]([,/-/./~// of / ])[6/06/6th/Jun/Jun./June/six/sixth/vi](.)/(the )[6/06/6th/Jun/Jun./June/six/sixth/vi]([,/-/./~// /the ])[15/15nd/15rd/15st/15th/fifteen/fifteenth](.)/(the )[15nd/15rd/15st/15th/fifteenth] of the [6th/sixth](.)"
60000002274500228,TELEVID4958_SCANNER19,JP02642202240671513560000002274500228,17/03/2025,10/03/2025,2240671513,JP026,Japanese,JP,4220,5,B,0.8351,B,,Match,D822/03,C
60000002274500228,TELEVID4958_SCANNER19,JP026422022406715131060000002274500228,17/03/2025,10/03/2025,2240671513,JP026,Japanese,JP,4220,10,QUAOK,0.8336,QUAOK,,Match,D822/03,quark
60000002274500372,TELEVID4958_SCANNER19,JP02640362240671513660000002274500372,17/03/2025,10/03/2025,2240671513,JP026,Japanese,JP,4036,6,12 TH,0.8159,12 TH,,Match,D822/03,"[15/[15/fifteen]](th) ([june/jun])/(the )[15/15nd/15rd/15st/15th/fifteen/fifteenth]([,/-/./~// of / ])[6/06/6th/Jun/Jun./June/six/sixth/vi](.)/(the )[6/06/6th/Jun/Jun./June/six/sixth/vi]([,/-/./~// /the ])[15/15nd/15rd/15st/15th/fifteen/fifteenth](.)/(the )[15nd/15rd/15st/15th/fifteenth] of the [6th/sixth](.)"
60000002274500384,TELEVID4958_SCANNER19,JP026404822406715132060000002274500384,17/03/2025,10/03/2025,2240671513,JP026,Japanese,JP,4048,20,B,0.8245,B,,Match,D822/03,C
60000002275500613,TELEVID4952_SCANNER19,JP026410922406715131060000002275500613,17/03/2025,10/03/2025,2240671513,JP026,Japanese,JP,4109,10,QUARK,0.8111,QUARK,,Match,D822/03,quark
60000002275500829,TELEVID4952_SCANNER19,JP02642452240671513760000002275500829,17/03/2025,10/03/2025,2240671513,JP026,Japanese,JP,4245,7,3 DAYS,0.8438,3 DAYS,,Match,D822/03,bus/coach
60000002275500837,TELEVID4952_SCANNER19,JP026425322406715132560000002275500837,17/03/2025,10/03/2025,2240671513,JP026,Japanese,JP,4253,25,A,0.8324,A,,Match,D822/03,B
60000002275500854,TELEVID4952_SCANNER19,JP026427022406715131660000002275500854,17/03/2025,10/03/2025,2240671513,JP026,Japanese,JP,4270,16,C,0.8235,"B, C",,NoMatch,D822/03,B
60000002276000373,TELEVID4957_SCANNER19,JP02638092240671513260000002276000373,17/03/2025,10/03/2025,2240671513,JP026,Japanese,JP,3809,2,B,0.8344,B,,Match,D822/03,C
60000002276200644,TELEVID4953_SCANNER19,JP02640812240671513860000002276200644,17/03/2025,10/03/2025,2240671513,JP026,Japanese,JP,4081,8,1:45,0.815,1:45,,Match,D822/03,[13/[13/thirteen]/([0/O/o])1/[1/[01/a/one/one~/1/oone]]]([h/hour/hours/hr/hrs/hs])([&/-/./:/;])[45/[[forty/fourty]([-/ ])[5/[05/five]]/45]](([-/ ])[in the afternoon/in the evening/p(.)m(.)])(.)/[13/[13/thirteen]/([0/O/o])1/[1/[01/a/one/one~/1/oone]]][h/hour/hours/hr/hrs/hs]([&/-/./:/;])[45/[[forty/fourty]([-/ ])[5/[05/five]]/45]]([m/min/mins/minute/minutes/ms])(([-/ ])[in the afternoon/in the evening/p(.)m(.)])(.)/[13/[13/thirteen]/([0/O/o])1/[1/[01/a/one/one~/1/oone]]]([h/hour/hours/hr/hrs/hs])([&/-/./:/;])[45/[[forty/fourty]([-/ ])[5/[05/five]]/45]]([-/ ])[h/hour/hours/hr/hrs/hs](.)(([-/ ])[in the afternoon/in the evening/p(.)m(.)])(.)/(a([-/ ]))[quarter/1~/4]([-/ ])[to/before/of]([-/ ])[14/[14/fourteen]/([0/O/o])2/[2/[02/two]]]([h/hour/hours/hr/hrs/hs])(.)(([-/ ])[in the afternoon/in the evening/p(.)m(.)])(.)/[15/[15/fifteen]]([m/min/mins/minute/minutes/ms](.))([-/ ])[to/before]([-/ ])[14/[14/fourteen]/([0/O/o])2/[2/[02/two]]]([h/hour/hours/hr/hrs/hs])(.)(([-/ ])[in the afternoon/in the evening/p(.)m(.)])(.)/[45/[[forty/fourty]([-/ ])[5/[05/five]]/45]]([m/min/mins/minute/minutes/ms](.))([-/ ])[past/after]([-/ ])[13/[13/thirteen]/([0/O/o])1/[1/[01/a/one/one~/1/oone]]]([h/hour/hours/hr/hrs/hs])(.)(([-/ ])[in the afternoon/in the evening/p(.)m(.)])(.)
60000002277300118,TELEVID4972_SCANNER19,CN410300341032942741560000002277300118,18/03/2025,08/03/2025,4103294274,CN410,Chinese,CN,3003,15,A,0.8325,A,,Match,D822/03,B
60000002277300135,TELEVID4972_SCANNER19,CN41030204103294274960000002277300135,18/03/2025,08/03/2025,4103294274,CN410,Chinese,CN,3020,9,37,0.8323,37,,Match,D822/03,[37/[thirty([-/ ])[7/[07/seven]]/37]]
60000002277300188,TELEVID4972_SCANNER19,CN41020074103294274960000002277300188,18/03/2025,08/03/2025,4103294274,CN410,Chinese,CN,2007,9,37,0.8,37,,Match,D822/03,[37/[thirty([-/ ])[7/[07/seven]]/37]]
60000002277300203,TELEVID4972_SCANNER19,CN410202241032942742060000002277300203,18/03/2025,08/03/2025,4103294274,CN410,Chinese,CN,2022,20,B,0.8134,B,,Match,D822/03,B
60000002277300296,TELEVID4972_SCANNER19,CN410323941032942741560000002277300296,18/03/2025,08/03/2025,4103294274,CN410,Chinese,CN,3239,15,B,0.8062,B,,Match,D822/03,B
60000002277300302,TELEVID4972_SCANNER19,CN41032454103294274460000002277300302,18/03/2025,08/03/2025,4103294274,CN410,Chinese,CN,3245,4,B,0.8461,C,,NoMatch,D822/03,C
60000002277300341,TELEVID4972_SCANNER19,CN410320941032942742060000002277300341,18/03/2025,08/03/2025,4103294274,CN410,Chinese,CN,3209,20,B,0.81,B,,Match,D822/03,B
60000002277300354,TELEVID4972_SCANNER19,CN41032224103294274660000002277300354,18/03/2025,08/03/2025,4103294274,CN410,Chinese,CN,3222,6,TREE,0.8265,FREE,,NoMatch,D822/03,storm
60000002277300354,TELEVID4972_SCANNER19,CN41032224103294274860000002277300354,18/03/2025,08/03/2025,4103294274,CN410,Chinese,CN,3222,8,2 WEEKS,0.8289,2 WEEKS,,Match,D822/03,[friday/fr/fri]
60000002277300354,TELEVID4972_SCANNER19,CN41032224103294274960000002277300354,18/03/2025,08/03/2025,4103294274,CN410,Chinese,CN,3222,9,47,0.8205,41,,NoMatch,D822/03,[37/[thirty([-/ ])[7/[07/seven]]/37]]
60000002277300435,TELEVID4972_SCANNER19,CN41030734103294274360000002277300435,18/03/2025,08/03/2025,4103294274,CN410,Chinese,CN,3073,3,B,0.8039,B,,Match,D822/03,B
60000002277300495,TELEVID4972_SCANNER19,CN410325841032942741060000002277300495,18/03/2025,08/03/2025,4103294274,CN410,Chinese,CN,3258,10,BADJER,0.817,BADTER,,NoMatch,D822/03,badger
60000002277300537,TELEVID4972_SCANNER19,CN41030774103294274960000002277300537,18/03/2025,08/03/2025,4103294274,CN410,Chinese,CN,3077,9,37,0.84,37,,Match,D822/03,[37/[thirty([-/ ])[7/[07/seven]]/37]]
60000002277300566,TELEVID4972_SCANNER19,CN41000014103294274960000002277300566,18/03/2025,08/03/2025,4103294274,CN410,Chinese,CN,1,9,BADGER,0.8485,BADGER,,Match,D822/03,[37/[thirty([-/ ])[7/[07/seven]]/37]]
60000002277300577,TELEVID4972_SCANNER19,CN410001241032942741060000002277300577,18/03/2025,08/03/2025,4103294274,CN410,Chinese,CN,12,10,BADGER,0.8031,BADGER,,Match,D822/03,badger
60000002281700052,TELEVID4971_SCANNER19,CN410207841032942741060000002281700052,18/03/2025,08/03/2025,4103294274,CN410,Chinese,CN,2078,10,FORMISS BIDGER,0.8344,FORMISS BIDGER,,Match,D822/03,badger
60000002281700055,TELEVID4971_SCANNER19,CN41020814103294274160000002281700055,18/03/2025,08/03/2025,4103294274,CN410,Chinese,CN,2081,1,B,0.8229,B,,Match,D822/03,B
60000002281700226,TELEVID4971_SCANNER19,CN410205341032942741060000002281700226,18/03/2025,08/03/2025,4103294274,CN410,Chinese,CN,2053,10,BADJER,0.806,BADJER,,Match,D822/03,badger
60000002281700341,TELEVID4971_SCANNER19,CN410406841032942742060000002281700341,18/03/2025,08/03/2025,4103294274,CN410,Chinese,CN,4068,20,B,0.8218,B,,Match,D822/03,B
60000002281700405,TELEVID4971_SCANNER19,CN410403241032942742160000002281700405,18/03/2025,08/03/2025,4103294274,CN410,Chinese,CN,4032,21,B,0.8366,B,,Match,D822/03,A
60000002281700411,TELEVID4971_SCANNER19,CN41040384103294274960000002281700411,18/03/2025,08/03/2025,4103294274,CN410,Chinese,CN,4038,9,37,0.8092,37,,Match,D822/03,[37/[thirty([-/ ])[7/[07/seven]]/37]]
60000002281700506,TELEVID4971_SCANNER19,CN41010514103294274760000002281700506,18/03/2025,08/03/2025,4103294274,CN410,Chinese,CN,1051,7,ZOO,0.819,200,,NoMatch,D822/03,[2[0/O/o][0/O/o]/[2/[02/two]]([-/ ])[00/hund/hundred]]
60000002281700658,TELEVID4971_SCANNER19,CN41010784103294274860000002281700658,18/03/2025,08/03/2025,4103294274,CN410,Chinese,CN,1078,8,FRIDAY,0.8402,FRIDAY,,Match,D822/03,[friday/fr/fri]
60000002281700926,TELEVID4971_SCANNER19,CN410102341032942741860000002281700926,18/03/2025,08/03/2025,4103294274,CN410,Chinese,CN,1023,18,C,0.801,C,,Match,D822/03,A
60000002281700943,TELEVID4971_SCANNER19,CN410104041032942741160000002281700943,18/03/2025,08/03/2025,4103294274,CN410,Chinese,CN,1040,11,B,0.8487,C,,NoMatch,D822/03,B
60000002281700948,TELEVID4971_SCANNER19,CN410104541032942741060000002281700948,18/03/2025,08/03/2025,4103294274,CN410,Chinese,CN,1045,10,BADGER,0.8449,BADGER,,Match,D822/03,badger
60000002295500482,TELEVID5124_SCANNER19,IT061000569619746391160000002295500482,03/04/2025,31/03/2025,6961974639,IT061,Romance,IT,5,11,B,0.8365,B,,Match,D822/03,B
60000002308800063,TELEVID5183_1_SCANNER19,TN001000969619746391060000002308800063,15/04/2025,09/04/2025,6961974639,TN001,Afro-Asiatic,TN,9,10,16TH JUNE,0.848,16TH JUNE,,Match,D822/03,"(the )[16/16nd/16rd/16st/16th/sixteen/sixteenth]([,/-/./~// of / ])[6/06/6th/Jun/Jun./June/six/sixth/vi](.)/(the )[6/06/6th/Jun/Jun./June/six/sixth/vi]([,/-/./~// /the ])[16/16nd/16rd/16st/16th/sixteen/sixteenth](.)/(the )[16nd/16rd/16st/16th/sixteenth] of the [6th/sixth](.)"
60000002308800064,TELEVID5183_1_SCANNER19,TN00100106961974639860000002308800064,15/04/2025,09/04/2025,6961974639,TN001,Afro-Asiatic,TN,10,8,3:25,0.8153,3.25,,NoMatch,D822/03,[15/[15/fifteen]/([0/O/o])3/[3/[03/three]]][h/hour/hours/hr/hrs/hs]([&/-/./:/;])[25/[twenty([-/ ])[5/[05/five]]/25]]([m/min/mins/minute/minutes/ms])(([-/ ])[in the afternoon/in the evening/p(.)m(.)])(.)/[15/[15/fifteen]/([0/O/o])3/[3/[03/three]]]([h/hour/hours/hr/hrs/hs])([&/-/./:/;])[25/[twenty([-/ ])[5/[05/five]]/25]]([-/ ])[h/hour/hours/hr/hrs/hs](.)(([-/ ])[in the afternoon/in the evening/p(.)m(.)])(.)/[25/[twenty([-/ ])[5/[05/five]]/25]]([m/min/mins/minute/minutes/ms](.))([-/ ])[past/after]([-/ ])[15/[15/fifteen]/([0/O/o])3/[3/[03/three]]]([h/hour/hours/hr/hrs/hs])(.)(([-/ ])[in the afternoon/in the evening/p(.)m(.)])(.)/[15/[15/fifteen]/([0/O/o])3/[3/[03/three]]]([h/hour/hours/hr/hrs/hs])([&/-/./:/;])[25/[twenty([-/ ])[5/[05/five]]/25]](([-/ ])[in the afternoon/in the evening/p(.)m(.)])(.)
60000002308800074,TELEVID5183_1_SCANNER19,TN00100206961974639860000002308800074,15/04/2025,09/04/2025,6961974639,TN001,Afro-Asiatic,TN,20,8,3:25,0.8376,3.25,,NoMatch,D822/03,[15/[15/fifteen]/([0/O/o])3/[3/[03/three]]][h/hour/hours/hr/hrs/hs]([&/-/./:/;])[25/[twenty([-/ ])[5/[05/five]]/25]]([m/min/mins/minute/minutes/ms])(([-/ ])[in the afternoon/in the evening/p(.)m(.)])(.)/[15/[15/fifteen]/([0/O/o])3/[3/[03/three]]]([h/hour/hours/hr/hrs/hs])([&/-/./:/;])[25/[twenty([-/ ])[5/[05/five]]/25]]([-/ ])[h/hour/hours/hr/hrs/hs](.)(([-/ ])[in the afternoon/in the evening/p(.)m(.)])(.)/[25/[twenty([-/ ])[5/[05/five]]/25]]([m/min/mins/minute/minutes/ms](.))([-/ ])[past/after]([-/ ])[15/[15/fifteen]/([0/O/o])3/[3/[03/three]]]([h/hour/hours/hr/hrs/hs])(.)(([-/ ])[in the afternoon/in the evening/p(.)m(.)])(.)/[15/[15/fifteen]/([0/O/o])3/[3/[03/three]]]([h/hour/hours/hr/hrs/hs])([&/-/./:/;])[25/[twenty([-/ ])[5/[05/five]]/25]](([-/ ])[in the afternoon/in the evening/p(.)m(.)])(.)
60000002308800074,TELEVID5183_1_SCANNER19,TN00100206961974639960000002308800074,15/04/2025,09/04/2025,6961974639,TN001,Afro-Asiatic,TN,20,9,DOCHERTY,0.8193,DOCHERTY,,Match,D822/03,docherty
60000002311700799,TELEVID5195_SCANNER19,TH25900169986495759960000002311700799,16/04/2025,28/03/2025,9986495759,TH259,Kadai ,TH,16,9,7.40,0.8293,7.40,,Match,D822/03,"[7/[7/[07/seven]]]( )([G(.)B(.)P(.)/G(.)B(.)P(.)£(.)/pound/pound./£/£(.)G(.)B(.)P(.)](s))( )[4[0/O/o]/[4[0/O/o]/forty]]( )([p/pence])( )(.)/[G(.)B(.)P(.)/G(.)B(.)P(.)£(.)/pound/pound./£/£(.)G(.)B(.)P(.)](s)( )[7/[7/[07/seven]]]( )([G(.)B(.)P(.)/G(.)B(.)P(.)£(.)/pound/pound./£/£(.)G(.)B(.)P(.)](s))( )[4[0/O/o]/[4[0/O/o]/forty]]( )[p/pence]( )(.)/[G(.)B(.)P(.)/G(.)B(.)P(.)£(.)/pound/pound./£/£(.)G(.)B(.)P(.)](s)[7/[7/[07/seven]]]([G(.)B(.)P(.)/G(.)B(.)P(.)£(.)/pound/pound./£/£(.)G(.)B(.)P(.)](s))[&/+/,/-/./:/;/and/ ][4[(0)/O/o]/[4[0/O/o]/forty]]([p/pence])(.)/([G(.)B(.)P(.)/G(.)B(.)P(.)£(.)/pound/pound./£/£(.)G(.)B(.)P(.)](s))[7/[7/[07/seven]]]([G(.)B(.)P(.)/G(.)B(.)P(.)£(.)/pound/pound./£/£(.)G(.)B(.)P(.)](s))[&/+/,/-/./:/;/and/ ][4[(0)/O/o]/[4[0/O/o]/forty]](.)/[G(.)B(.)P(.)/G(.)B(.)P(.)£(.)/pound/pound./£/£(.)G(.)B(.)P(.)](s)[7/[7/[07/seven]]]([G(.)B(.)P(.)/G(.)B(.)P(.)£(.)/pound/pound./£/£(.)G(.)B(.)P(.)](s))[&/+/,/-/./:/;/and/ ][4[(0)/O/o]/[4[0/O/o]/forty]]([p/pence])(.)/[7/[7/[07/seven]]][&/+/,/-/./:/;/and/ ][4[(0)/O/o]/[4[0/O/o]/forty]]([G(.)B(.)P(.)/G(.)B(.)P(.)£(.)/pound/pound./£/£(.)G(.)B(.)P(.)](s))(.)/[7/[7/[07/seven]]]( )([G(.)B(.)P(.)/G(.)B(.)P(.)£(.)/pound/pound./£/£(.)G(.)B(.)P(.)](s))[&/+/,/-/./:/;/and/ ][4[0/O/o]/[4[0/O/o]/forty]]( )(.)/[7/[7/[07/seven]]]( )[G(.)B(.)P(.)/G(.)B(.)P(.)£(.)/pound/pound./£/£(.)G(.)B(.)P(.)](s)[&/+/,/-/./:/;/and/ ][4[0/O/o]/[4[0/O/o]/forty]]( )([p/pence])(.)/([G(.)B(.)P(.)/G(.)B(.)P(.)£(.)/pound/pound./£/£(.)G(.)B(.)P(.)](s))[7/[7/[07/seven]]]([G(.)B(.)P(.)/G(.)B(.)P(.)£(.)/pound/pound./£/£(.)G(.)B(.)P(.)](s))([&/+/,/-/./:/;/and/ ])[4[(0)/O/o]/[4[0/O/o]/forty]]([G(.)B(.)P(.)/G(.)B(.)P(.)£(.)/pound/pound./£/£(.)G(.)B(.)P(.)](s))(.)/[7/[7/[07/seven]]][&/+/,/-/./:/;/and/ ][4[0/O/o]/[4[0/O/o]/forty]]( )(.)/[7/[7/[07/seven]]]( )[4[0/O/o]/[4[0/O/o]/forty]]( )[p/pence](.)/[7/[7/[07/seven]]]( )([G(.)B(.)P(.)/G(.)B(.)P(.)£(.)/pound/pound./£/£(.)G(.)B(.)P(.)](s))( )([and/&/+/'n'/'n/n'/n])( )[.4/.four/2~/5/4~/10/4~/10 of/4~/10 of 1/4~/10 of a/4~/10 of one/four tenths/four tenths of/four tenths of 1/four tenths of a/four tenths of one/point 4/point four/point4](.)"
60000002311700801,TELEVID5195_SCANNER19,TH25900189986495759660000002311700801,16/04/2025,28/03/2025,9986495759,TH259,Kadai ,TH,18,6,8:25,0.831,8:25,,Match,D822/03,[([0/O/o])8/[8/[08/eight]]]([h/hour/hours/hr/hrs/hs])([&/-/./:/;])[25/[twenty([-/ ])[5/[05/five]]/25]](([-/ ])[in morning/in the morning/a(.)m(.)])(.)/[([0/O/o])8/[8/[08/eight]]][h/hour/hours/hr/hrs/hs]([&/-/./:/;])[25/[twenty([-/ ])[5/[05/five]]/25]]([m/min/mins/minute/minutes/ms])(([-/ ])[in morning/in the morning/a(.)m(.)])(.)/[([0/O/o])8/[8/[08/eight]]]([h/hour/hours/hr/hrs/hs])([&/-/./:/;])[25/[twenty([-/ ])[5/[05/five]]/25]]([-/ ])[h/hour/hours/hr/hrs/hs](.)(([-/ ])[in morning/in the morning/a(.)m(.)])(.)/[25/[twenty([-/ ])[5/[05/five]]/25]]([m/min/mins/minute/minutes/ms](.))([-/ ])[past/after]([-/ ])[([0/O/o])8/[8/[08/eight]]]([h/hour/hours/hr/hrs/hs])(.)(([-/ ])[in morning/in the morning/a(.)m(.)])(.)
60000002316700242,TELEVID5208_SCANNER19,IT36300506961974639860000002316700242,17/04/2025,14/04/2025,6961974639,IT363,Romance,IT,50,8,3:25 P.M,0.844,3:25 P.M,,Match,D822/03,[15/[15/fifteen]/([0/O/o])3/[3/[03/three]]][h/hour/hours/hr/hrs/hs]([&/-/./:/;])[25/[twenty([-/ ])[5/[05/five]]/25]]([m/min/mins/minute/minutes/ms])(([-/ ])[in the afternoon/in the evening/p(.)m(.)])(.)/[15/[15/fifteen]/([0/O/o])3/[3/[03/three]]]([h/hour/hours/hr/hrs/hs])([&/-/./:/;])[25/[twenty([-/ ])[5/[05/five]]/25]]([-/ ])[h/hour/hours/hr/hrs/hs](.)(([-/ ])[in the afternoon/in the evening/p(.)m(.)])(.)/[25/[twenty([-/ ])[5/[05/five]]/25]]([m/min/mins/minute/minutes/ms](.))([-/ ])[past/after]([-/ ])[15/[15/fifteen]/([0/O/o])3/[3/[03/three]]]([h/hour/hours/hr/hrs/hs])(.)(([-/ ])[in the afternoon/in the evening/p(.)m(.)])(.)/[15/[15/fifteen]/([0/O/o])3/[3/[03/three]]]([h/hour/hours/hr/hrs/hs])([&/-/./:/;])[25/[twenty([-/ ])[5/[05/five]]/25]](([-/ ])[in the afternoon/in the evening/p(.)m(.)])(.)
60000002317500226,TELEVID5211_1_SCANNER18,IT95500216961974639960000002317500226,17/04/2025,04/04/2025,6961974639,IT955,Romance,IT,21,9,DOCHERTY,0.8361,DOCHERJY,,NoMatch,D822/03,docherty
60000002317500227,TELEVID5211_1_SCANNER18,IT95500226961974639860000002317500227,17/04/2025,04/04/2025,6961974639,IT955,Romance,IT,22,8,3:25 PM,0.8304,3:25 PM,,Match,D822/03,[15/[15/fifteen]/([0/O/o])3/[3/[03/three]]][h/hour/hours/hr/hrs/hs]([&/-/./:/;])[25/[twenty([-/ ])[5/[05/five]]/25]]([m/min/mins/minute/minutes/ms])(([-/ ])[in the afternoon/in the evening/p(.)m(.)])(.)/[15/[15/fifteen]/([0/O/o])3/[3/[03/three]]]([h/hour/hours/hr/hrs/hs])([&/-/./:/;])[25/[twenty([-/ ])[5/[05/five]]/25]]([-/ ])[h/hour/hours/hr/hrs/hs](.)(([-/ ])[in the afternoon/in the evening/p(.)m(.)])(.)/[25/[twenty([-/ ])[5/[05/five]]/25]]([m/min/mins/minute/minutes/ms](.))([-/ ])[past/after]([-/ ])[15/[15/fifteen]/([0/O/o])3/[3/[03/three]]]([h/hour/hours/hr/hrs/hs])(.)(([-/ ])[in the afternoon/in the evening/p(.)m(.)])(.)/[15/[15/fifteen]/([0/O/o])3/[3/[03/three]]]([h/hour/hours/hr/hrs/hs])([&/-/./:/;])[25/[twenty([-/ ])[5/[05/five]]/25]](([-/ ])[in the afternoon/in the evening/p(.)m(.)])(.)
60000002367700190,TELEVID5300_SCANNER19,MA22000246961974639560000002367700190,01/05/2025,27/04/2025,6961974639,MA220,Afro-Asiatic,MA,24,5,--impossible--,0.8469,"B, C",,NoMatch,D822/03,C
60000002367700192,TELEVID5300_SCANNER19,MA220002669619746391660000002367700192,01/05/2025,27/04/2025,6961974639,MA220,Afro-Asiatic,MA,26,16,B,0.8325,B,,Match,D822/03,B
60000002367700193,TELEVID5300_SCANNER19,MA220002769619746391260000002367700193,01/05/2025,27/04/2025,6961974639,MA220,Afro-Asiatic,MA,27,12,B,0.8201,B,,Match,D822/03,C
60000002367700197,TELEVID5300_SCANNER19,MA22000316961974639960000002367700197,01/05/2025,27/04/2025,6961974639,MA220,Afro-Asiatic,MA,31,9,DOCHIATY,0.8054,DOCHIATX,,NoMatch,D822/03,docherty
60000002367700288,TELEVID5300_SCANNER19,MA22000426961974639560000002367700288,01/05/2025,27/04/2025,6961974639,MA220,Afro-Asiatic,MA,42,5,B,0.8188,"A, B",,NoMatch,D822/03,C
60000002367700290,TELEVID5300_SCANNER19,MA22000446961974639760000002367700290,01/05/2025,27/04/2025,6961974639,MA220,Afro-Asiatic,MA,44,7,EVERY WENSDAY,0.8279,EVERY WENT DAY,,NoMatch,D822/03,[Wednesday/We/Wed/Weds/Wendnesday/Wendsday/Wenesday/Wensday]
60000002367700290,TELEVID5300_SCANNER19,MA220004469619746391060000002367700290,01/05/2025,27/04/2025,6961974639,MA220,Afro-Asiatic,MA,44,10,JUNE.,0.8337,JUNE,,NoMatch,D822/03,"(the )[16/16nd/16rd/16st/16th/sixteen/sixteenth]([,/-/./~// of / ])[6/06/6th/Jun/Jun./June/six/sixth/vi](.)/(the )[6/06/6th/Jun/Jun./June/six/sixth/vi]([,/-/./~// /the ])[16/16nd/16rd/16st/16th/sixteen/sixteenth](.)/(the )[16nd/16rd/16st/16th/sixteenth] of the [6th/sixth](.)"
60000002367700297,TELEVID5300_SCANNER19,MA22000526961974639760000002367700297,01/05/2025,27/04/2025,6961974639,MA220,Afro-Asiatic,MA,52,7,TURSDAY,0.8219,TURSDAM,,NoMatch,D822/03,[Wednesday/We/Wed/Weds/Wendnesday/Wendsday/Wenesday/Wensday]
60000002420801329,TELEVID5317_1_SCANNER18,IT304000890841330611660000002420801329,10/05/2025,29/04/2025,9084133061,IT304,Romance,IT,8,16,B,0.8053,"A, B",,NoMatch,D822/03,A
60000002452000113,TELEVID5344_SCANNER18,KH04100066967402849660000002452000113,13/05/2025,04/05/2025,6967402849,KH041,Austro-Asiatic,KH,6,6,4.50,0.8085,4.50,,Match,D822/03,"[3/[3/[03/three]]]( )([G(.)B(.)P(.)/G(.)B(.)P(.)£(.)/pound/pound./£/£(.)G(.)B(.)P(.)](s))( )[5[0/O/o]/[5[0/O/o]/fifty]]( )([p/pence])( )(.)/[G(.)B(.)P(.)/G(.)B(.)P(.)£(.)/pound/pound./£/£(.)G(.)B(.)P(.)](s)( )[3/[3/[03/three]]]( )([G(.)B(.)P(.)/G(.)B(.)P(.)£(.)/pound/pound./£/£(.)G(.)B(.)P(.)](s))( )[5[0/O/o]/[5[0/O/o]/fifty]]( )[p/pence]( )(.)/([G(.)B(.)P(.)/G(.)B(.)P(.)£(.)/pound/pound./£/£(.)G(.)B(.)P(.)](s))[3/[3/[03/three]]]([G(.)B(.)P(.)/G(.)B(.)P(.)£(.)/pound/pound./£/£(.)G(.)B(.)P(.)](s))[&/+/,/-/./:/;/and/ ][5[(0)/O/o]/[5[0/O/o]/fifty]](.)/[3/[3/[03/three]]][&/+/,/-/./:/;/and/ ][5[(0)/O/o]/[5[0/O/o]/fifty]]([G(.)B(.)P(.)/G(.)B(.)P(.)£(.)/pound/pound./£/£(.)G(.)B(.)P(.)](s))(.)/[3/[3/[03/three]]]( )([G(.)B(.)P(.)/G(.)B(.)P(.)£(.)/pound/pound./£/£(.)G(.)B(.)P(.)](s))[&/+/,/-/./:/;/and/ ][5[0/O/o]/[5[0/O/o]/fifty]]( )(.)/[3/[3/[03/three]]]( )[G(.)B(.)P(.)/G(.)B(.)P(.)£(.)/pound/pound./£/£(.)G(.)B(.)P(.)](s)[&/+/,/-/./:/;/and/ ][5[0/O/o]/[5[0/O/o]/fifty]]( )([p/pence])(.)/([G(.)B(.)P(.)/G(.)B(.)P(.)£(.)/pound/pound./£/£(.)G(.)B(.)P(.)](s))[3/[3/[03/three]]]([G(.)B(.)P(.)/G(.)B(.)P(.)£(.)/pound/pound./£/£(.)G(.)B(.)P(.)](s))([&/+/,/-/./:/;/and/ ])[5[(0)/O/o]/[5[0/O/o]/fifty]]([G(.)B(.)P(.)/G(.)B(.)P(.)£(.)/pound/pound./£/£(.)G(.)B(.)P(.)](s))(.)/[3/[3/[03/three]]][&/+/,/-/./:/;/and/ ][5[0/O/o]/[5[0/O/o]/fifty]]( )(.)/[3/[3/[03/three]]]( )[5[0/O/o]/[5[0/O/o]/fifty]]( )[p/pence](.)/[G(.)B(.)P(.)/G(.)B(.)P(.)£(.)/pound/pound./£/£(.)G(.)B(.)P(.)](s)[3/[3/[03/three]]]([G(.)B(.)P(.)/G(.)B(.)P(.)£(.)/pound/pound./£/£(.)G(.)B(.)P(.)](s))[&/+/,/-/./:/;/and/ ][5[(0)/O/o]/[5[0/O/o]/fifty]]([p/pence])(.)/[G(.)B(.)P(.)/G(.)B(.)P(.)£(.)/pound/pound./£/£(.)G(.)B(.)P(.)](s)[3/[3/[03/three]]]([G(.)B(.)P(.)/G(.)B(.)P(.)£(.)/pound/pound./£/£(.)G(.)B(.)P(.)](s))[&/+/,/-/./:/;/and/ ][5[(0)/O/o]/[5[0/O/o]/fifty]]([p/pence])(.)/[3/[3/[03/three]]]( )([G(.)B(.)P(.)/G(.)B(.)P(.)£(.)/pound/pound./£/£(.)G(.)B(.)P(.)](s))( )([and/&/+/'n'/'n/n'/n])( )[,5/,50/.5/.50/.five/0.5 of/0.5 of a/1~/2/1~/2 a/1~/2 of/1~/2 of 1/1~/2 of a/1~/2 of one/5~/10/5~/10 of/5~/10 of 1/5~/10 of a/5~/10 of one/a 1~/2/a half/a half of/a half of 1/a half of a/a half of one/an half of/an half of 1/an half of a/an half of one/five tenths/five tenths of/five tenths of 1/five tenths of a/five tenths of one/half/half a/half of/half of 1/half of a/half of one/one half of/one half of 1/one half of a/one half of one/point 5/point five/point5](.)"
60000002452000264,TELEVID5344_SCANNER18,KH041003869674028491160000002452000264,13/05/2025,04/05/2025,6967402849,KH041,Austro-Asiatic,KH,38,11,B,0.8392,B,,Match,D822/03,B
60000002452000272,TELEVID5344_SCANNER18,KH04100466967402849660000002452000272,13/05/2025,04/05/2025,6967402849,KH041,Austro-Asiatic,KH,46,6,3.50,0.8284,3.50,,Match,D822/03,"[3/[3/[03/three]]]( )([G(.)B(.)P(.)/G(.)B(.)P(.)£(.)/pound/pound./£/£(.)G(.)B(.)P(.)](s))( )[5[0/O/o]/[5[0/O/o]/fifty]]( )([p/pence])( )(.)/[G(.)B(.)P(.)/G(.)B(.)P(.)£(.)/pound/pound./£/£(.)G(.)B(.)P(.)](s)( )[3/[3/[03/three]]]( )([G(.)B(.)P(.)/G(.)B(.)P(.)£(.)/pound/pound./£/£(.)G(.)B(.)P(.)](s))( )[5[0/O/o]/[5[0/O/o]/fifty]]( )[p/pence]( )(.)/([G(.)B(.)P(.)/G(.)B(.)P(.)£(.)/pound/pound./£/£(.)G(.)B(.)P(.)](s))[3/[3/[03/three]]]([G(.)B(.)P(.)/G(.)B(.)P(.)£(.)/pound/pound./£/£(.)G(.)B(.)P(.)](s))[&/+/,/-/./:/;/and/ ][5[(0)/O/o]/[5[0/O/o]/fifty]](.)/[3/[3/[03/three]]][&/+/,/-/./:/;/and/ ][5[(0)/O/o]/[5[0/O/o]/fifty]]([G(.)B(.)P(.)/G(.)B(.)P(.)£(.)/pound/pound./£/£(.)G(.)B(.)P(.)](s))(.)/[3/[3/[03/three]]]( )([G(.)B(.)P(.)/G(.)B(.)P(.)£(.)/pound/pound./£/£(.)G(.)B(.)P(.)](s))[&/+/,/-/./:/;/and/ ][5[0/O/o]/[5[0/O/o]/fifty]]( )(.)/[3/[3/[03/three]]]( )[G(.)B(.)P(.)/G(.)B(.)P(.)£(.)/pound/pound./£/£(.)G(.)B(.)P(.)](s)[&/+/,/-/./:/;/and/ ][5[0/O/o]/[5[0/O/o]/fifty]]( )([p/pence])(.)/([G(.)B(.)P(.)/G(.)B(.)P(.)£(.)/pound/pound./£/£(.)G(.)B(.)P(.)](s))[3/[3/[03/three]]]([G(.)B(.)P(.)/G(.)B(.)P(.)£(.)/pound/pound./£/£(.)G(.)B(.)P(.)](s))([&/+/,/-/./:/;/and/ ])[5[(0)/O/o]/[5[0/O/o]/fifty]]([G(.)B(.)P(.)/G(.)B(.)P(.)£(.)/pound/pound./£/£(.)G(.)B(.)P(.)](s))(.)/[3/[3/[03/three]]][&/+/,/-/./:/;/and/ ][5[0/O/o]/[5[0/O/o]/fifty]]( )(.)/[3/[3/[03/three]]]( )[5[0/O/o]/[5[0/O/o]/fifty]]( )[p/pence](.)/[G(.)B(.)P(.)/G(.)B(.)P(.)£(.)/pound/pound./£/£(.)G(.)B(.)P(.)](s)[3/[3/[03/three]]]([G(.)B(.)P(.)/G(.)B(.)P(.)£(.)/pound/pound./£/£(.)G(.)B(.)P(.)](s))[&/+/,/-/./:/;/and/ ][5[(0)/O/o]/[5[0/O/o]/fifty]]([p/pence])(.)/[G(.)B(.)P(.)/G(.)B(.)P(.)£(.)/pound/pound./£/£(.)G(.)B(.)P(.)](s)[3/[3/[03/three]]]([G(.)B(.)P(.)/G(.)B(.)P(.)£(.)/pound/pound./£/£(.)G(.)B(.)P(.)](s))[&/+/,/-/./:/;/and/ ][5[(0)/O/o]/[5[0/O/o]/fifty]]([p/pence])(.)/[3/[3/[03/three]]]( )([G(.)B(.)P(.)/G(.)B(.)P(.)£(.)/pound/pound./£/£(.)G(.)B(.)P(.)](s))( )([and/&/+/'n'/'n/n'/n])( )[,5/,50/.5/.50/.five/0.5 of/0.5 of a/1~/2/1~/2 a/1~/2 of/1~/2 of 1/1~/2 of a/1~/2 of one/5~/10/5~/10 of/5~/10 of 1/5~/10 of a/5~/10 of one/a 1~/2/a half/a half of/a half of 1/a half of a/a half of one/an half of/an half of 1/an half of a/an half of one/five tenths/five tenths of/five tenths of 1/five tenths of a/five tenths of one/half/half a/half of/half of 1/half of a/half of one/one half of/one half of 1/one half of a/one half of one/point 5/point five/point5](.)"
60000002472800835,TELEVID5358_SCANNER18,IT27800026961974639860000002472800835,14/05/2025,10/05/2025,6961974639,IT278,Romance,IT,2,8,3:25,0.8493,3:25,,Match,D822/03,[15/[15/fifteen]/([0/O/o])3/[3/[03/three]]][h/hour/hours/hr/hrs/hs]([&/-/./:/;])[25/[twenty([-/ ])[5/[05/five]]/25]]([m/min/mins/minute/minutes/ms])(([-/ ])[in the afternoon/in the evening/p(.)m(.)])(.)/[15/[15/fifteen]/([0/O/o])3/[3/[03/three]]]([h/hour/hours/hr/hrs/hs])([&/-/./:/;])[25/[twenty([-/ ])[5/[05/five]]/25]]([-/ ])[h/hour/hours/hr/hrs/hs](.)(([-/ ])[in the afternoon/in the evening/p(.)m(.)])(.)/[25/[twenty([-/ ])[5/[05/five]]/25]]([m/min/mins/minute/minutes/ms](.))([-/ ])[past/after]([-/ ])[15/[15/fifteen]/([0/O/o])3/[3/[03/three]]]([h/hour/hours/hr/hrs/hs])(.)(([-/ ])[in the afternoon/in the evening/p(.)m(.)])(.)/[15/[15/fifteen]/([0/O/o])3/[3/[03/three]]]([h/hour/hours/hr/hrs/hs])([&/-/./:/;])[25/[twenty([-/ ])[5/[05/five]]/25]](([-/ ])[in the afternoon/in the evening/p(.)m(.)])(.)
60000002515000750,TELEVID5438_SCANNER19,IT00700016961974639960000002515000750,19/05/2025,12/05/2025,6961974639,IT007,Romance,IT,1,9,DOCHERTY,0.8117,DOCHERTE,,NoMatch,D822/03,docherty
60000002720200469,TELEVID5578_SCANNER18,LK00102504103294274960000002720200469,28/05/2025,17/05/2025,4103294274,LK001,Indo-Iranian,LK,250,9,37,0.8108,37,,Match,D822/03,[37/[thirty([-/ ])[7/[07/seven]]/37]]
60000002720200494,TELEVID5578_SCANNER18,LK001027541032942741160000002720200494,28/05/2025,17/05/2025,4103294274,LK001,Indo-Iranian,LK,275,11,B,0.8063,C,,NoMatch,D822/03,B
60000002720200769,TELEVID5578_SCANNER18,TW00725012288902671460000002720200769,28/05/2025,18/05/2025,2288902671,TW007,Chinese,TW,2501,4,B,0.8361,B,,Match,D822/03,B
60000002750100333,TELEVID5642_SCANNER18,IT01745946961974639860000002750100333,30/05/2025,24/05/2025,6961974639,IT017,Romance,IT,4594,8,3:25 P.M,0.8436,3:25 P.M,,Match,D822/03,[15/[15/fifteen]/([0/O/o])3/[3/[03/three]]][h/hour/hours/hr/hrs/hs]([&/-/./:/;])[25/[twenty([-/ ])[5/[05/five]]/25]]([m/min/mins/minute/minutes/ms])(([-/ ])[in the afternoon/in the evening/p(.)m(.)])(.)/[15/[15/fifteen]/([0/O/o])3/[3/[03/three]]]([h/hour/hours/hr/hrs/hs])([&/-/./:/;])[25/[twenty([-/ ])[5/[05/five]]/25]]([-/ ])[h/hour/hours/hr/hrs/hs](.)(([-/ ])[in the afternoon/in the evening/p(.)m(.)])(.)/[25/[twenty([-/ ])[5/[05/five]]/25]]([m/min/mins/minute/minutes/ms](.))([-/ ])[past/after]([-/ ])[15/[15/fifteen]/([0/O/o])3/[3/[03/three]]]([h/hour/hours/hr/hrs/hs])(.)(([-/ ])[in the afternoon/in the evening/p(.)m(.)])(.)/[15/[15/fifteen]/([0/O/o])3/[3/[03/three]]]([h/hour/hours/hr/hrs/hs])([&/-/./:/;])[25/[twenty([-/ ])[5/[05/five]]/25]](([-/ ])[in the afternoon/in the evening/p(.)m(.)])(.)
60000002751400863,TELEVID5678_SCANNER18,IT22300226961974639760000002751400863,30/05/2025,21/05/2025,6961974639,IT223,Romance,IT,22,7,WEDNESDAY AFTER SCHOOL,0.8274,WEDNESDAY AFTER SCHOOL,,Match,D822/03,[Wednesday/We/Wed/Weds/Wendnesday/Wendsday/Wenesday/Wensday]
60000002752900712,TELEVID5641_SCANNER18,IT01745016961974639860000002752900712,30/05/2025,24/05/2025,6961974639,IT017,Romance,IT,4501,8,3 PM,0.8425,3 PM,,Match,D822/03,[15/[15/fifteen]/([0/O/o])3/[3/[03/three]]][h/hour/hours/hr/hrs/hs]([&/-/./:/;])[25/[twenty([-/ ])[5/[05/five]]/25]]([m/min/mins/minute/minutes/ms])(([-/ ])[in the afternoon/in the evening/p(.)m(.)])(.)/[15/[15/fifteen]/([0/O/o])3/[3/[03/three]]]([h/hour/hours/hr/hrs/hs])([&/-/./:/;])[25/[twenty([-/ ])[5/[05/five]]/25]]([-/ ])[h/hour/hours/hr/hrs/hs](.)(([-/ ])[in the afternoon/in the evening/p(.)m(.)])(.)/[25/[twenty([-/ ])[5/[05/five]]/25]]([m/min/mins/minute/minutes/ms](.))([-/ ])[past/after]([-/ ])[15/[15/fifteen]/([0/O/o])3/[3/[03/three]]]([h/hour/hours/hr/hrs/hs])(.)(([-/ ])[in the afternoon/in the evening/p(.)m(.)])(.)/[15/[15/fifteen]/([0/O/o])3/[3/[03/three]]]([h/hour/hours/hr/hrs/hs])([&/-/./:/;])[25/[twenty([-/ ])[5/[05/five]]/25]](([-/ ])[in the afternoon/in the evening/p(.)m(.)])(.)
60000002752900715,TELEVID5641_SCANNER18,IT01745046961974639960000002752900715,30/05/2025,24/05/2025,6961974639,IT017,Romance,IT,4504,9,DOCHERTY,0.8418,DOCHESTY,,NoMatch,D822/03,docherty
60000002757400900,TELEVID5705_SCANNER18,ID00310949902917666760000002757400900,30/05/2025,22/05/2025,9902917666,ID003,Malayo,ID,1094,7,MUSEUM,0.8116,MUSPUM,,NoMatch,D822/03,[museum/museam/museeum/musieum/musium/muzeum](s)
60000002828800623,TELEVID5798_SCANNER18,GR11842454103294274860000002828800623,04/06/2025,31/05/2025,4103294274,GR118,Greek,GR,4245,8,THUERSDAY,0.8105,THUERSDAY,,Match,D822/03,[friday/fr/fri]
60000002828800797,TELEVID5798_SCANNER18,GR11840804103294274860000002828800797,04/06/2025,31/05/2025,4103294274,GR118,Greek,GR,4080,8,FRIDAY,0.8326,FRIDAX,,NoMatch,D822/03,[friday/fr/fri]
60000002828900024,TELEVID5809_SCANNER19,GR11840544103294274760000002828900024,04/06/2025,31/05/2025,4103294274,GR118,Greek,GR,4054,7,1.500,0.8063,1500,,NoMatch,D822/03,[2[0/O/o][0/O/o]/[2/[02/two]]([-/ ])[00/hund/hundred]]
60000002850500240,TELEVID5853_SCANNER18,IT036003869619746392360000002850500240,06/06/2025,29/05/2025,6961974639,IT036,Romance,IT,38,23,--impossible--,0.8203,"F, H",,NoMatch,D822/03,E
60000002850900469,TELEVID5845_SCANNER18,IT060090469619746391060000002850900469,06/06/2025,24/05/2025,6961974639,IT060,Romance,IT,904,10,JUNE 16TH,0.8044,JUNE 16TH,,Match,D822/03,"(the )[16/16nd/16rd/16st/16th/sixteen/sixteenth]([,/-/./~// of / ])[6/06/6th/Jun/Jun./June/six/sixth/vi](.)/(the )[6/06/6th/Jun/Jun./June/six/sixth/vi]([,/-/./~// /the ])[16/16nd/16rd/16st/16th/sixteen/sixteenth](.)/(the )[16nd/16rd/16st/16th/sixteenth] of the [6th/sixth](.)"
60000002850900490,TELEVID5845_SCANNER18,IT06009256961974639860000002850900490,06/06/2025,24/05/2025,6961974639,IT060,Romance,IT,925,8,3:25,0.8151,3:25,,Match,D822/03,[15/[15/fifteen]/([0/O/o])3/[3/[03/three]]][h/hour/hours/hr/hrs/hs]([&/-/./:/;])[25/[twenty([-/ ])[5/[05/five]]/25]]([m/min/mins/minute/minutes/ms])(([-/ ])[in the afternoon/in the evening/p(.)m(.)])(.)/[15/[15/fifteen]/([0/O/o])3/[3/[03/three]]]([h/hour/hours/hr/hrs/hs])([&/-/./:/;])[25/[twenty([-/ ])[5/[05/five]]/25]]([-/ ])[h/hour/hours/hr/hrs/hs](.)(([-/ ])[in the afternoon/in the evening/p(.)m(.)])(.)/[25/[twenty([-/ ])[5/[05/five]]/25]]([m/min/mins/minute/minutes/ms](.))([-/ ])[past/after]([-/ ])[15/[15/fifteen]/([0/O/o])3/[3/[03/three]]]([h/hour/hours/hr/hrs/hs])(.)(([-/ ])[in the afternoon/in the evening/p(.)m(.)])(.)/[15/[15/fifteen]/([0/O/o])3/[3/[03/three]]]([h/hour/hours/hr/hrs/hs])([&/-/./:/;])[25/[twenty([-/ ])[5/[05/five]]/25]](([-/ ])[in the afternoon/in the evening/p(.)m(.)])(.)
60000002850900547,TELEVID5845_SCANNER18,IT060098369619746391060000002850900547,06/06/2025,24/05/2025,6961974639,IT060,Romance,IT,983,10,16TH JUNE,0.8206,16TH JUNE,,Match,D822/03,"(the )[16/16nd/16rd/16st/16th/sixteen/sixteenth]([,/-/./~// of / ])[6/06/6th/Jun/Jun./June/six/sixth/vi](.)/(the )[6/06/6th/Jun/Jun./June/six/sixth/vi]([,/-/./~// /the ])[16/16nd/16rd/16st/16th/sixteen/sixteenth](.)/(the )[16nd/16rd/16st/16th/sixteenth] of the [6th/sixth](.)"
60000002850900551,TELEVID5845_SCANNER18,IT060098769619746391260000002850900551,06/06/2025,24/05/2025,6961974639,IT060,Romance,IT,987,12,B,0.8092,B,,Match,D822/03,C
60000002850900552,TELEVID5845_SCANNER18,IT06009886961974639860000002850900552,06/06/2025,24/05/2025,6961974639,IT060,Romance,IT,988,8,3:25,0.8202,3:25,,Match,D822/03,[15/[15/fifteen]/([0/O/o])3/[3/[03/three]]][h/hour/hours/hr/hrs/hs]([&/-/./:/;])[25/[twenty([-/ ])[5/[05/five]]/25]]([m/min/mins/minute/minutes/ms])(([-/ ])[in the afternoon/in the evening/p(.)m(.)])(.)/[15/[15/fifteen]/([0/O/o])3/[3/[03/three]]]([h/hour/hours/hr/hrs/hs])([&/-/./:/;])[25/[twenty([-/ ])[5/[05/five]]/25]]([-/ ])[h/hour/hours/hr/hrs/hs](.)(([-/ ])[in the afternoon/in the evening/p(.)m(.)])(.)/[25/[twenty([-/ ])[5/[05/five]]/25]]([m/min/mins/minute/minutes/ms](.))([-/ ])[past/after]([-/ ])[15/[15/fifteen]/([0/O/o])3/[3/[03/three]]]([h/hour/hours/hr/hrs/hs])(.)(([-/ ])[in the afternoon/in the evening/p(.)m(.)])(.)/[15/[15/fifteen]/([0/O/o])3/[3/[03/three]]]([h/hour/hours/hr/hrs/hs])([&/-/./:/;])[25/[twenty([-/ ])[5/[05/five]]/25]](([-/ ])[in the afternoon/in the evening/p(.)m(.)])(.)
60000002851400160,TELEVID5843_SCANNER18,IT06000076961974639860000002851400160,06/06/2025,24/05/2025,6961974639,IT060,Romance,IT,7,8,3:25,0.8025,3.25,,NoMatch,D822/03,[15/[15/fifteen]/([0/O/o])3/[3/[03/three]]][h/hour/hours/hr/hrs/hs]([&/-/./:/;])[25/[twenty([-/ ])[5/[05/five]]/25]]([m/min/mins/minute/minutes/ms])(([-/ ])[in the afternoon/in the evening/p(.)m(.)])(.)/[15/[15/fifteen]/([0/O/o])3/[3/[03/three]]]([h/hour/hours/hr/hrs/hs])([&/-/./:/;])[25/[twenty([-/ ])[5/[05/five]]/25]]([-/ ])[h/hour/hours/hr/hrs/hs](.)(([-/ ])[in the afternoon/in the evening/p(.)m(.)])(.)/[25/[twenty([-/ ])[5/[05/five]]/25]]([m/min/mins/minute/minutes/ms](.))([-/ ])[past/after]([-/ ])[15/[15/fifteen]/([0/O/o])3/[3/[03/three]]]([h/hour/hours/hr/hrs/hs])(.)(([-/ ])[in the afternoon/in the evening/p(.)m(.)])(.)/[15/[15/fifteen]/([0/O/o])3/[3/[03/three]]]([h/hour/hours/hr/hrs/hs])([&/-/./:/;])[25/[twenty([-/ ])[5/[05/five]]/25]](([-/ ])[in the afternoon/in the evening/p(.)m(.)])(.)
60000002851400196,TELEVID5843_SCANNER18,IT06000436961974639860000002851400196,06/06/2025,24/05/2025,6961974639,IT060,Romance,IT,43,8,3:25 P.M.,0.8419,3:25 P.M.,,Match,D822/03,[15/[15/fifteen]/([0/O/o])3/[3/[03/three]]][h/hour/hours/hr/hrs/hs]([&/-/./:/;])[25/[twenty([-/ ])[5/[05/five]]/25]]([m/min/mins/minute/minutes/ms])(([-/ ])[in the afternoon/in the evening/p(.)m(.)])(.)/[15/[15/fifteen]/([0/O/o])3/[3/[03/three]]]([h/hour/hours/hr/hrs/hs])([&/-/./:/;])[25/[twenty([-/ ])[5/[05/five]]/25]]([-/ ])[h/hour/hours/hr/hrs/hs](.)(([-/ ])[in the afternoon/in the evening/p(.)m(.)])(.)/[25/[twenty([-/ ])[5/[05/five]]/25]]([m/min/mins/minute/minutes/ms](.))([-/ ])[past/after]([-/ ])[15/[15/fifteen]/([0/O/o])3/[3/[03/three]]]([h/hour/hours/hr/hrs/hs])(.)(([-/ ])[in the afternoon/in the evening/p(.)m(.)])(.)/[15/[15/fifteen]/([0/O/o])3/[3/[03/three]]]([h/hour/hours/hr/hrs/hs])([&/-/./:/;])[25/[twenty([-/ ])[5/[05/five]]/25]](([-/ ])[in the afternoon/in the evening/p(.)m(.)])(.)
60000002851400249,TELEVID5843_SCANNER18,IT06000966961974639860000002851400249,06/06/2025,24/05/2025,6961974639,IT060,Romance,IT,96,8,3:25 P.M.,0.8139,3:25 P.M.,,Match,D822/03,[15/[15/fifteen]/([0/O/o])3/[3/[03/three]]][h/hour/hours/hr/hrs/hs]([&/-/./:/;])[25/[twenty([-/ ])[5/[05/five]]/25]]([m/min/mins/minute/minutes/ms])(([-/ ])[in the afternoon/in the evening/p(.)m(.)])(.)/[15/[15/fifteen]/([0/O/o])3/[3/[03/three]]]([h/hour/hours/hr/hrs/hs])([&/-/./:/;])[25/[twenty([-/ ])[5/[05/five]]/25]]([-/ ])[h/hour/hours/hr/hrs/hs](.)(([-/ ])[in the afternoon/in the evening/p(.)m(.)])(.)/[25/[twenty([-/ ])[5/[05/five]]/25]]([m/min/mins/minute/minutes/ms](.))([-/ ])[past/after]([-/ ])[15/[15/fifteen]/([0/O/o])3/[3/[03/three]]]([h/hour/hours/hr/hrs/hs])(.)(([-/ ])[in the afternoon/in the evening/p(.)m(.)])(.)/[15/[15/fifteen]/([0/O/o])3/[3/[03/three]]]([h/hour/hours/hr/hrs/hs])([&/-/./:/;])[25/[twenty([-/ ])[5/[05/five]]/25]](([-/ ])[in the afternoon/in the evening/p(.)m(.)])(.)
60000002851400250,TELEVID5843_SCANNER18,IT060009769619746391060000002851400250,06/06/2025,24/05/2025,6961974639,IT060,Romance,IT,97,10,16TH OF JUNE,0.8382,16TH OF JUNE,,Match,D822/03,"(the )[16/16nd/16rd/16st/16th/sixteen/sixteenth]([,/-/./~// of / ])[6/06/6th/Jun/Jun./June/six/sixth/vi](.)/(the )[6/06/6th/Jun/Jun./June/six/sixth/vi]([,/-/./~// /the ])[16/16nd/16rd/16st/16th/sixteen/sixteenth](.)/(the )[16nd/16rd/16st/16th/sixteenth] of the [6th/sixth](.)"
60000002851400255,TELEVID5843_SCANNER18,IT06001026961974639960000002851400255,06/06/2025,24/05/2025,6961974639,IT060,Romance,IT,102,9,DOCHIATW,0.8367,DOCHIATU,,NoMatch,D822/03,docherty
60000002851400359,TELEVID5843_SCANNER18,IT060080469619746391660000002851400359,06/06/2025,24/05/2025,6961974639,IT060,Romance,IT,804,16,B,0.8169,B,,Match,D822/03,B
60000002891001097,TELEVID5882_SCANNER18,TR02201102288902671660000002891001097,09/06/2025,31/05/2025,2288902671,TR022,Turkic,TR,110,6,21 DRAYCOTT ROAD,0.8439,21 DRAYCOTT ROAD,,Match,D822/03,draycott
60000002902600289,TELEVID5883_SCANNER19,TR02200212288902671260000002902600289,10/06/2025,31/05/2025,2288902671,TR022,Turkic,TR,21,2,B,0.8092,B,,Match,D822/03,B
60000002902600346,TELEVID5883_SCANNER19,TR02201822288902671660000002902600346,10/06/2025,31/05/2025,2288902671,TR022,Turkic,TR,182,6,DREAVYTT,0.8447,DREAVYTT,,Match,D822/03,draycott
60000002902601040,TELEVID5883_SCANNER19,IT060050869619746391060000002902601040,10/06/2025,24/05/2025,6961974639,IT060,Romance,IT,508,10,16TH JUNE,0.8114,16TH JUNE,,Match,D822/03,"(the )[16/16nd/16rd/16st/16th/sixteen/sixteenth]([,/-/./~// of / ])[6/06/6th/Jun/Jun./June/six/sixth/vi](.)/(the )[6/06/6th/Jun/Jun./June/six/sixth/vi]([,/-/./~// /the ])[16/16nd/16rd/16st/16th/sixteen/sixteenth](.)/(the )[16nd/16rd/16st/16th/sixteenth] of the [6th/sixth](.)"
60000002902601046,TELEVID5883_SCANNER19,IT06005146961974639860000002902601046,10/06/2025,24/05/2025,6961974639,IT060,Romance,IT,514,8,3:25,0.8085,3:25,,Match,D822/03,[15/[15/fifteen]/([0/O/o])3/[3/[03/three]]][h/hour/hours/hr/hrs/hs]([&/-/./:/;])[25/[twenty([-/ ])[5/[05/five]]/25]]([m/min/mins/minute/minutes/ms])(([-/ ])[in the afternoon/in the evening/p(.)m(.)])(.)/[15/[15/fifteen]/([0/O/o])3/[3/[03/three]]]([h/hour/hours/hr/hrs/hs])([&/-/./:/;])[25/[twenty([-/ ])[5/[05/five]]/25]]([-/ ])[h/hour/hours/hr/hrs/hs](.)(([-/ ])[in the afternoon/in the evening/p(.)m(.)])(.)/[25/[twenty([-/ ])[5/[05/five]]/25]]([m/min/mins/minute/minutes/ms](.))([-/ ])[past/after]([-/ ])[15/[15/fifteen]/([0/O/o])3/[3/[03/three]]]([h/hour/hours/hr/hrs/hs])(.)(([-/ ])[in the afternoon/in the evening/p(.)m(.)])(.)/[15/[15/fifteen]/([0/O/o])3/[3/[03/three]]]([h/hour/hours/hr/hrs/hs])([&/-/./:/;])[25/[twenty([-/ ])[5/[05/five]]/25]](([-/ ])[in the afternoon/in the evening/p(.)m(.)])(.)
60000002918500020,TELEVID5914_SCANNER18,MM025000442133610401060000002918500020,10/06/2025,19/05/2025,4213361040,MM025,Burmese-Tibetan,MM,4,10,01322461755,0.8084,01322461755,,Match,D822/03,[[0/O/o]/[[0/O/o]/[O/nought/o/zero]]] [1/[1/[01/a/one/one~/1/oone]]] [3/[3/[03/three]]] [2/[2/[02/two]]] [2/[2/[02/two]]] [4/[4/[04/four]]] [6/[6/[06/six]]] [1/[1/[01/a/one/one~/1/oone]]] [7/[7/[07/seven]]] [5/[5/[05/five]]] [5/[5/[05/five]]]
60000002918500037,TELEVID5914_SCANNER18,MM025002142133610401760000002918500037,10/06/2025,19/05/2025,4213361040,MM025,Burmese-Tibetan,MM,21,17,B,0.8217,"A, B",,NoMatch,D822/03,B
60000002918500041,TELEVID5914_SCANNER18,MM025002542133610401060000002918500041,10/06/2025,19/05/2025,4213361040,MM025,Burmese-Tibetan,MM,25,10,01322461755,0.8189,01322961755,,NoMatch,D822/03,[[0/O/o]/[[0/O/o]/[O/nought/o/zero]]] [1/[1/[01/a/one/one~/1/oone]]] [3/[3/[03/three]]] [2/[2/[02/two]]] [2/[2/[02/two]]] [4/[4/[04/four]]] [6/[6/[06/six]]] [1/[1/[01/a/one/one~/1/oone]]] [7/[7/[07/seven]]] [5/[5/[05/five]]] [5/[5/[05/five]]]
60000002918500045,TELEVID5914_SCANNER18,MM02500294213361040160000002918500045,10/06/2025,19/05/2025,4213361040,MM025,Burmese-Tibetan,MM,29,1,B,0.8447,"A, B",,NoMatch,D822/03,B
60000002922900328,TELEVID5918_SCANNER19,ES810000969619746391060000002922900328,11/06/2025,31/05/2025,6961974639,ES810,Romance,ES,9,10,15 5,0.8192,15/5,,NoMatch,D822/03,"(the )[16/16nd/16rd/16st/16th/sixteen/sixteenth]([,/-/./~// of / ])[6/06/6th/Jun/Jun./June/six/sixth/vi](.)/(the )[6/06/6th/Jun/Jun./June/six/sixth/vi]([,/-/./~// /the ])[16/16nd/16rd/16st/16th/sixteen/sixteenth](.)/(the )[16nd/16rd/16st/16th/sixteenth] of the [6th/sixth](.)"
60000002922900329,TELEVID5918_SCANNER19,ES810001069619746391060000002922900329,11/06/2025,31/05/2025,6961974639,ES810,Romance,ES,10,10,16TH JUNE,0.8432,16TH JUNE,,Match,D822/03,"(the )[16/16nd/16rd/16st/16th/sixteen/sixteenth]([,/-/./~// of / ])[6/06/6th/Jun/Jun./June/six/sixth/vi](.)/(the )[6/06/6th/Jun/Jun./June/six/sixth/vi]([,/-/./~// /the ])[16/16nd/16rd/16st/16th/sixteen/sixteenth](.)/(the )[16nd/16rd/16st/16th/sixteenth] of the [6th/sixth](.)"
60000002922900343,TELEVID5918_SCANNER19,ES81000246961974639960000002922900343,11/06/2025,31/05/2025,6961974639,ES810,Romance,ES,24,9,MISS DOCHERTY,0.8018,(MISS) DOCHERTY,,NoMatch,D822/03,docherty
60000002922900346,TELEVID5918_SCANNER19,ES810002769619746391060000002922900346,11/06/2025,31/05/2025,6961974639,ES810,Romance,ES,27,10,JUNE 15TH,0.8348,JUNE 15TH,,Match,D822/03,"(the )[16/16nd/16rd/16st/16th/sixteen/sixteenth]([,/-/./~// of / ])[6/06/6th/Jun/Jun./June/six/sixth/vi](.)/(the )[6/06/6th/Jun/Jun./June/six/sixth/vi]([,/-/./~// /the ])[16/16nd/16rd/16st/16th/sixteen/sixteenth](.)/(the )[16nd/16rd/16st/16th/sixteenth] of the [6th/sixth](.)"
60000002930800551,TELEVID5904_SCANNER18,ES78150186961974639860000002930800551,11/06/2025,03/06/2025,6961974639,ES781,Romance,ES,5018,8,3:25,0.838,3:25,,Match,D822/03,[15/[15/fifteen]/([0/O/o])3/[3/[03/three]]][h/hour/hours/hr/hrs/hs]([&/-/./:/;])[25/[twenty([-/ ])[5/[05/five]]/25]]([m/min/mins/minute/minutes/ms])(([-/ ])[in the afternoon/in the evening/p(.)m(.)])(.)/[15/[15/fifteen]/([0/O/o])3/[3/[03/three]]]([h/hour/hours/hr/hrs/hs])([&/-/./:/;])[25/[twenty([-/ ])[5/[05/five]]/25]]([-/ ])[h/hour/hours/hr/hrs/hs](.)(([-/ ])[in the afternoon/in the evening/p(.)m(.)])(.)/[25/[twenty([-/ ])[5/[05/five]]/25]]([m/min/mins/minute/minutes/ms](.))([-/ ])[past/after]([-/ ])[15/[15/fifteen]/([0/O/o])3/[3/[03/three]]]([h/hour/hours/hr/hrs/hs])(.)(([-/ ])[in the afternoon/in the evening/p(.)m(.)])(.)/[15/[15/fifteen]/([0/O/o])3/[3/[03/three]]]([h/hour/hours/hr/hrs/hs])([&/-/./:/;])[25/[twenty([-/ ])[5/[05/five]]/25]](([-/ ])[in the afternoon/in the evening/p(.)m(.)])(.)
60000002930800554,TELEVID5904_SCANNER18,ES781502169619746391060000002930800554,11/06/2025,03/06/2025,6961974639,ES781,Romance,ES,5021,10,JUNE 16TH,0.8393,JUNE 15TH,,NoMatch,D822/03,"(the )[16/16nd/16rd/16st/16th/sixteen/sixteenth]([,/-/./~// of / ])[6/06/6th/Jun/Jun./June/six/sixth/vi](.)/(the )[6/06/6th/Jun/Jun./June/six/sixth/vi]([,/-/./~// /the ])[16/16nd/16rd/16st/16th/sixteen/sixteenth](.)/(the )[16nd/16rd/16st/16th/sixteenth] of the [6th/sixth](.)"
60000002930800567,TELEVID5904_SCANNER18,ES781503469619746391360000002930800567,11/06/2025,03/06/2025,6961974639,ES781,Romance,ES,5034,13,--impossible--,0.8201,B,,NoMatch,D822/03,A
60000002930800574,TELEVID5904_SCANNER18,ES78150416961974639660000002930800574,11/06/2025,03/06/2025,6961974639,ES781,Romance,ES,5041,6,16,0.8184,16,,Match,D822/03,[6[0/O/o]/[6[0/O/o]/sixty]]
60000002935900004,TELEVID5962_SCANNER18,PL25000248378945000860000002935900004,11/06/2025,05/06/2025,8378945000,PL250,Slavic,PL,24,8,BEACH,0.8367,BEACH,,Match,D822/03,[beach(es)/beach(s)]
60000002935900004,TELEVID5962_SCANNER18,PL250002483789450001960000002935900004,11/06/2025,05/06/2025,8378945000,PL250,Slavic,PL,24,19,A,0.8383,"A, B",,NoMatch,D822/03,A
60000002935900014,TELEVID5962_SCANNER18,PL25000148378945000760000002935900014,11/06/2025,05/06/2025,8378945000,PL250,Slavic,PL,14,7,LUEES,0.818,LUEES,,Match,D822/03,lewes
60000002936200319,TELEVID5963_SCANNER18,PL250014983789450001060000002936200319,11/06/2025,05/06/2025,8378945000,PL250,Slavic,PL,149,10,78344668,0.8367,78344668,,Match,D822/03,[[0/O/o]/[[0/O/o]/[O/nought/o/zero]]] [7/[7/[07/seven]]] [9/[9/[09/nine]]] [3/[3/[03/three]]] [4/[4/[04/four]]] [4/[4/[04/four]]] [6/[6/[06/six]]] [6/[6/[06/six]]] [8/[8/[08/eight]]]
60000002936200406,TELEVID5963_SCANNER18,PL25000818378945000760000002936200406,11/06/2025,05/06/2025,8378945000,PL250,Slavic,PL,81,7,LEWIS,0.8295,LEWIS,,Match,D822/03,lewes
60000002936200416,TELEVID5963_SCANNER18,PL25001118378945000760000002936200416,11/06/2025,05/06/2025,8378945000,PL250,Slavic,PL,111,7,LIWIS,0.8386,LIWIS,,Match,D822/03,lewes
60000002936200416,TELEVID5963_SCANNER18,PL25001118378945000860000002936200416,11/06/2025,05/06/2025,8378945000,PL250,Slavic,PL,111,8,BEECH,0.8058,BEECH,,Match,D822/03,[beach(es)/beach(s)]
60000002936200438,TELEVID5963_SCANNER18,PL25001438378945000560000002936200438,11/06/2025,05/06/2025,8378945000,PL250,Slavic,PL,143,5,B,0.84,B,,Match,D822/03,B
60000002936200439,TELEVID5963_SCANNER18,PL25001448378945000760000002936200439,11/06/2025,05/06/2025,8378945000,PL250,Slavic,PL,144,7,LOUIS BRAITON,0.8072,LOUIS BRAITON,,Match,D822/03,lewes
60000002937700379,TELEVID5949_SCANNER18,IT30300029084133061960000002937700379,11/06/2025,08/06/2025,9084133061,IT303,Romance,IT,2,9,INTERNET,0.8116,INTERNET,,Match,D822/03,[[internet/internett/net]/web]
60000002952400554,televid5996_SCANNER18,IT060100769619746391060000002952400554,12/06/2025,24/05/2025,6961974639,IT060,Romance,IT,1007,10,16TH JUNE,0.8103,16TH SONE,,NoMatch,D822/03,"(the )[16/16nd/16rd/16st/16th/sixteen/sixteenth]([,/-/./~// of / ])[6/06/6th/Jun/Jun./June/six/sixth/vi](.)/(the )[6/06/6th/Jun/Jun./June/six/sixth/vi]([,/-/./~// /the ])[16/16nd/16rd/16st/16th/sixteen/sixteenth](.)/(the )[16nd/16rd/16st/16th/sixteenth] of the [6th/sixth](.)"
60000002952700697,televid5995_SCANNER18,IT30100486961974639860000002952700697,12/06/2025,03/06/2025,6961974639,IT301,Romance,IT,48,8,3:25 PM,0.8049,3:25 PM,,Match,D822/03,[15/[15/fifteen]/([0/O/o])3/[3/[03/three]]][h/hour/hours/hr/hrs/hs]([&/-/./:/;])[25/[twenty([-/ ])[5/[05/five]]/25]]([m/min/mins/minute/minutes/ms])(([-/ ])[in the afternoon/in the evening/p(.)m(.)])(.)/[15/[15/fifteen]/([0/O/o])3/[3/[03/three]]]([h/hour/hours/hr/hrs/hs])([&/-/./:/;])[25/[twenty([-/ ])[5/[05/five]]/25]]([-/ ])[h/hour/hours/hr/hrs/hs](.)(([-/ ])[in the afternoon/in the evening/p(.)m(.)])(.)/[25/[twenty([-/ ])[5/[05/five]]/25]]([m/min/mins/minute/minutes/ms](.))([-/ ])[past/after]([-/ ])[15/[15/fifteen]/([0/O/o])3/[3/[03/three]]]([h/hour/hours/hr/hrs/hs])(.)(([-/ ])[in the afternoon/in the evening/p(.)m(.)])(.)/[15/[15/fifteen]/([0/O/o])3/[3/[03/three]]]([h/hour/hours/hr/hrs/hs])([&/-/./:/;])[25/[twenty([-/ ])[5/[05/five]]/25]](([-/ ])[in the afternoon/in the evening/p(.)m(.)])(.)
60000002957900234,TELEVID6007_SCANNER18,IT01740849084133061860000002957900234,12/06/2025,07/06/2025,9084133061,IT017,Romance,IT,4084,8,19 JULY,0.8229,19 JULY,,Match,D822/03,"(the )[7/07/7th/Jul/Jul./July/seven/seventh/vii]([,/-/./~// /the ])[11/11th/eleven/eleventh](.)/(the )[11th/eleventh] of the [7th/seventh](.)/(the )[11/11th/eleven/eleventh]([,/-/./~// of / ])[7/07/7th/Jul/Jul./July/seven/seventh/vii](.)"
60000002958700455,TELEVID6008_SCANNER18,ES38300179084133061760000002958700455,12/06/2025,03/06/2025,9084133061,ES383,Romance,ES,17,7,1,0.8386,1,,Match,D822/03,[95[0/O/o]/[9/[09/nine]]([-/ ])[00/hund/hundred]([-/ ])([and/&/+/'n'/'n/n'/n])([-/ ])[5[0/O/o]/fifty]]
60000002958700494,TELEVID6008_SCANNER18,ES38300569084133061860000002958700494,12/06/2025,03/06/2025,9084133061,ES383,Romance,ES,56,8,11TH JULY,0.8031,77TH JULY,,NoMatch,D822/03,"(the )[7/07/7th/Jul/Jul./July/seven/seventh/vii]([,/-/./~// /the ])[11/11th/eleven/eleventh](.)/(the )[11th/eleventh] of the [7th/seventh](.)/(the )[11/11th/eleven/eleventh]([,/-/./~// of / ])[7/07/7th/Jul/Jul./July/seven/seventh/vii](.)"
60000002970900168,TELEVID6042_SCANNER18,BG00500028378945000660000002970900168,13/06/2025,07/06/2025,8378945000,BG005,Slavic,BG,2,6,SEVEN TWENTY SIX,0.8174,SEVEN TWENTY SIX,,Match,D822/03,[([0/O/o])7/[7/[07/seven]]]([h/hour/hours/hr/hrs/hs])([&/-/./:/;])[26/[twenty([-/ ])[6/[06/six]]/26]](([-/ ])[in morning/in the morning/a(.)m(.)])(.)/[([0/O/o])7/[7/[07/seven]]]([h/hour/hours/hr/hrs/hs])([&/-/./:/;])[26/[twenty([-/ ])[6/[06/six]]/26]]([-/ ])[h/hour/hours/hr/hrs/hs](.)(([-/ ])[in morning/in the morning/a(.)m(.)])(.)/[26/[twenty([-/ ])[6/[06/six]]/26]]([m/min/mins/minute/minutes/ms](.))([-/ ])[past/after]([-/ ])[([0/O/o])7/[7/[07/seven]]]([h/hour/hours/hr/hrs/hs])(.)(([-/ ])[in morning/in the morning/a(.)m(.)])(.)/[([0/O/o])7/[7/[07/seven]]][h/hour/hours/hr/hrs/hs]([&/-/./:/;])[26/[twenty([-/ ])[6/[06/six]]/26]]([m/min/mins/minute/minutes/ms])(([-/ ])[in morning/in the morning/a(.)m(.)])(.)
60000002970900174,TELEVID6042_SCANNER18,BG005000883789450002060000002970900174,13/06/2025,07/06/2025,8378945000,BG005,Slavic,BG,8,20,B,0.8372,C,,NoMatch,D822/03,C
60000002970900176,TELEVID6042_SCANNER18,BG00500108378945000760000002970900176,13/06/2025,07/06/2025,8378945000,BG005,Slavic,BG,10,7,LEWES,0.8429,LEWES,,Match,D822/03,lewes
60000002976200568,TELEVID6058_SCANNER18,IT56031256961974639660000002976200568,13/06/2025,03/06/2025,6961974639,IT560,Romance,IT,3125,6,SIXTEEN,0.8255,SIXTEEN,,Match,D822/03,[6[0/O/o]/[6[0/O/o]/sixty]]
60000002976200582,TELEVID6058_SCANNER18,IT56031396961974639860000002976200582,13/06/2025,03/06/2025,6961974639,IT560,Romance,IT,3139,8,3:25,0.8118,3:25,,Match,D822/03,[15/[15/fifteen]/([0/O/o])3/[3/[03/three]]][h/hour/hours/hr/hrs/hs]([&/-/./:/;])[25/[twenty([-/ ])[5/[05/five]]/25]]([m/min/mins/minute/minutes/ms])(([-/ ])[in the afternoon/in the evening/p(.)m(.)])(.)/[15/[15/fifteen]/([0/O/o])3/[3/[03/three]]]([h/hour/hours/hr/hrs/hs])([&/-/./:/;])[25/[twenty([-/ ])[5/[05/five]]/25]]([-/ ])[h/hour/hours/hr/hrs/hs](.)(([-/ ])[in the afternoon/in the evening/p(.)m(.)])(.)/[25/[twenty([-/ ])[5/[05/five]]/25]]([m/min/mins/minute/minutes/ms](.))([-/ ])[past/after]([-/ ])[15/[15/fifteen]/([0/O/o])3/[3/[03/three]]]([h/hour/hours/hr/hrs/hs])(.)(([-/ ])[in the afternoon/in the evening/p(.)m(.)])(.)/[15/[15/fifteen]/([0/O/o])3/[3/[03/three]]]([h/hour/hours/hr/hrs/hs])([&/-/./:/;])[25/[twenty([-/ ])[5/[05/five]]/25]](([-/ ])[in the afternoon/in the evening/p(.)m(.)])(.)
60000002982700113,TELEVID6059_SCANNER18,IT560301169619746391160000002982700113,14/06/2025,03/06/2025,6961974639,IT560,Romance,IT,3011,11,--impossible--,0.821,C,,NoMatch,D822/03,B
60000002982700114,TELEVID6059_SCANNER18,IT56030126961974639860000002982700114,14/06/2025,03/06/2025,6961974639,IT560,Romance,IT,3012,8,3:25 P.M.,0.809,3:25 P.M.,,Match,D822/03,[15/[15/fifteen]/([0/O/o])3/[3/[03/three]]][h/hour/hours/hr/hrs/hs]([&/-/./:/;])[25/[twenty([-/ ])[5/[05/five]]/25]]([m/min/mins/minute/minutes/ms])(([-/ ])[in the afternoon/in the evening/p(.)m(.)])(.)/[15/[15/fifteen]/([0/O/o])3/[3/[03/three]]]([h/hour/hours/hr/hrs/hs])([&/-/./:/;])[25/[twenty([-/ ])[5/[05/five]]/25]]([-/ ])[h/hour/hours/hr/hrs/hs](.)(([-/ ])[in the afternoon/in the evening/p(.)m(.)])(.)/[25/[twenty([-/ ])[5/[05/five]]/25]]([m/min/mins/minute/minutes/ms](.))([-/ ])[past/after]([-/ ])[15/[15/fifteen]/([0/O/o])3/[3/[03/three]]]([h/hour/hours/hr/hrs/hs])(.)(([-/ ])[in the afternoon/in the evening/p(.)m(.)])(.)/[15/[15/fifteen]/([0/O/o])3/[3/[03/three]]]([h/hour/hours/hr/hrs/hs])([&/-/./:/;])[25/[twenty([-/ ])[5/[05/five]]/25]](([-/ ])[in the afternoon/in the evening/p(.)m(.)])(.)
60000002982700121,TELEVID6059_SCANNER18,IT560301969619746391260000002982700121,14/06/2025,03/06/2025,6961974639,IT560,Romance,IT,3019,12,C,0.8481,--blank--,,NoMatch,D822/03,C
60000002982700122,TELEVID6059_SCANNER18,IT56030206961974639860000002982700122,14/06/2025,03/06/2025,6961974639,IT560,Romance,IT,3020,8,3:25 P.M.,0.848,3:25 P.M.,,Match,D822/03,[15/[15/fifteen]/([0/O/o])3/[3/[03/three]]][h/hour/hours/hr/hrs/hs]([&/-/./:/;])[25/[twenty([-/ ])[5/[05/five]]/25]]([m/min/mins/minute/minutes/ms])(([-/ ])[in the afternoon/in the evening/p(.)m(.)])(.)/[15/[15/fifteen]/([0/O/o])3/[3/[03/three]]]([h/hour/hours/hr/hrs/hs])([&/-/./:/;])[25/[twenty([-/ ])[5/[05/five]]/25]]([-/ ])[h/hour/hours/hr/hrs/hs](.)(([-/ ])[in the afternoon/in the evening/p(.)m(.)])(.)/[25/[twenty([-/ ])[5/[05/five]]/25]]([m/min/mins/minute/minutes/ms](.))([-/ ])[past/after]([-/ ])[15/[15/fifteen]/([0/O/o])3/[3/[03/three]]]([h/hour/hours/hr/hrs/hs])(.)(([-/ ])[in the afternoon/in the evening/p(.)m(.)])(.)/[15/[15/fifteen]/([0/O/o])3/[3/[03/three]]]([h/hour/hours/hr/hrs/hs])([&/-/./:/;])[25/[twenty([-/ ])[5/[05/five]]/25]](([-/ ])[in the afternoon/in the evening/p(.)m(.)])(.)
60000002982700140,TELEVID6059_SCANNER18,IT56030386961974639660000002982700140,14/06/2025,03/06/2025,6961974639,IT560,Romance,IT,3038,6,16 STUDENTS,0.8449,AB STUDENTS,,NoMatch,D822/03,[6[0/O/o]/[6[0/O/o]/sixty]]
60000002982700315,TELEVID6059_SCANNER18,IT95500816961974639860000002982700315,14/06/2025,30/05/2025,6961974639,IT955,Romance,IT,81,8,3:25 P.M.,0.8393,3:25 P.M.,,Match,D822/03,[15/[15/fifteen]/([0/O/o])3/[3/[03/three]]][h/hour/hours/hr/hrs/hs]([&/-/./:/;])[25/[twenty([-/ ])[5/[05/five]]/25]]([m/min/mins/minute/minutes/ms])(([-/ ])[in the afternoon/in the evening/p(.)m(.)])(.)/[15/[15/fifteen]/([0/O/o])3/[3/[03/three]]]([h/hour/hours/hr/hrs/hs])([&/-/./:/;])[25/[twenty([-/ ])[5/[05/five]]/25]]([-/ ])[h/hour/hours/hr/hrs/hs](.)(([-/ ])[in the afternoon/in the evening/p(.)m(.)])(.)/[25/[twenty([-/ ])[5/[05/five]]/25]]([m/min/mins/minute/minutes/ms](.))([-/ ])[past/after]([-/ ])[15/[15/fifteen]/([0/O/o])3/[3/[03/three]]]([h/hour/hours/hr/hrs/hs])(.)(([-/ ])[in the afternoon/in the evening/p(.)m(.)])(.)/[15/[15/fifteen]/([0/O/o])3/[3/[03/three]]]([h/hour/hours/hr/hrs/hs])([&/-/./:/;])[25/[twenty([-/ ])[5/[05/five]]/25]](([-/ ])[in the afternoon/in the evening/p(.)m(.)])(.)
60000002982700315,TELEVID6059_SCANNER18,IT955008169619746391060000002982700315,14/06/2025,30/05/2025,6961974639,IT955,Romance,IT,81,10,16,0.8177,16,,Match,D822/03,"(the )[16/16nd/16rd/16st/16th/sixteen/sixteenth]([,/-/./~// of / ])[6/06/6th/Jun/Jun./June/six/sixth/vi](.)/(the )[6/06/6th/Jun/Jun./June/six/sixth/vi]([,/-/./~// /the ])[16/16nd/16rd/16st/16th/sixteen/sixteenth](.)/(the )[16nd/16rd/16st/16th/sixteenth] of the [6th/sixth](.)"
60000002983000131,TELEVID6056_SCANNER18,IT95500046961974639860000002983000131,14/06/2025,30/05/2025,6961974639,IT955,Romance,IT,4,8,3:15 P.M.,0.8346,13:15 P.M.,,NoMatch,D822/03,[15/[15/fifteen]/([0/O/o])3/[3/[03/three]]][h/hour/hours/hr/hrs/hs]([&/-/./:/;])[25/[twenty([-/ ])[5/[05/five]]/25]]([m/min/mins/minute/minutes/ms])(([-/ ])[in the afternoon/in the evening/p(.)m(.)])(.)/[15/[15/fifteen]/([0/O/o])3/[3/[03/three]]]([h/hour/hours/hr/hrs/hs])([&/-/./:/;])[25/[twenty([-/ ])[5/[05/five]]/25]]([-/ ])[h/hour/hours/hr/hrs/hs](.)(([-/ ])[in the afternoon/in the evening/p(.)m(.)])(.)/[25/[twenty([-/ ])[5/[05/five]]/25]]([m/min/mins/minute/minutes/ms](.))([-/ ])[past/after]([-/ ])[15/[15/fifteen]/([0/O/o])3/[3/[03/three]]]([h/hour/hours/hr/hrs/hs])(.)(([-/ ])[in the afternoon/in the evening/p(.)m(.)])(.)/[15/[15/fifteen]/([0/O/o])3/[3/[03/three]]]([h/hour/hours/hr/hrs/hs])([&/-/./:/;])[25/[twenty([-/ ])[5/[05/five]]/25]](([-/ ])[in the afternoon/in the evening/p(.)m(.)])(.)
60000002983000131,TELEVID6056_SCANNER18,IT955000469619746391060000002983000131,14/06/2025,30/05/2025,6961974639,IT955,Romance,IT,4,10,JUNE 16TH,0.8454,JUNE 16TH,,Match,D822/03,"(the )[16/16nd/16rd/16st/16th/sixteen/sixteenth]([,/-/./~// of / ])[6/06/6th/Jun/Jun./June/six/sixth/vi](.)/(the )[6/06/6th/Jun/Jun./June/six/sixth/vi]([,/-/./~// /the ])[16/16nd/16rd/16st/16th/sixteen/sixteenth](.)/(the )[16nd/16rd/16st/16th/sixteenth] of the [6th/sixth](.)"
60000002983000151,TELEVID6056_SCANNER18,IT95500246961974639860000002983000151,14/06/2025,30/05/2025,6961974639,IT955,Romance,IT,24,8,3:25 P.M.,0.8441,3:25 P.M.,,Match,D822/03,[15/[15/fifteen]/([0/O/o])3/[3/[03/three]]][h/hour/hours/hr/hrs/hs]([&/-/./:/;])[25/[twenty([-/ ])[5/[05/five]]/25]]([m/min/mins/minute/minutes/ms])(([-/ ])[in the afternoon/in the evening/p(.)m(.)])(.)/[15/[15/fifteen]/([0/O/o])3/[3/[03/three]]]([h/hour/hours/hr/hrs/hs])([&/-/./:/;])[25/[twenty([-/ ])[5/[05/five]]/25]]([-/ ])[h/hour/hours/hr/hrs/hs](.)(([-/ ])[in the afternoon/in the evening/p(.)m(.)])(.)/[25/[twenty([-/ ])[5/[05/five]]/25]]([m/min/mins/minute/minutes/ms](.))([-/ ])[past/after]([-/ ])[15/[15/fifteen]/([0/O/o])3/[3/[03/three]]]([h/hour/hours/hr/hrs/hs])(.)(([-/ ])[in the afternoon/in the evening/p(.)m(.)])(.)/[15/[15/fifteen]/([0/O/o])3/[3/[03/three]]]([h/hour/hours/hr/hrs/hs])([&/-/./:/;])[25/[twenty([-/ ])[5/[05/five]]/25]](([-/ ])[in the afternoon/in the evening/p(.)m(.)])(.)
60000003044400267,TELEVID8003_SCANNER18,IT207000669619746391060000003044400267,18/06/2025,05/06/2025,6961974639,IT207,Romance,IT,6,10,04 16,0.8378,04/16,,NoMatch,D822/03,"(the )[16/16nd/16rd/16st/16th/sixteen/sixteenth]([,/-/./~// of / ])[6/06/6th/Jun/Jun./June/six/sixth/vi](.)/(the )[6/06/6th/Jun/Jun./June/six/sixth/vi]([,/-/./~// /the ])[16/16nd/16rd/16st/16th/sixteen/sixteenth](.)/(the )[16nd/16rd/16st/16th/sixteenth] of the [6th/sixth](.)"
60000003044400284,TELEVID8003_SCANNER18,IT207002369619746391660000003044400284,18/06/2025,05/06/2025,6961974639,IT207,Romance,IT,23,16,B,0.829,B,,Match,D822/03,B
60000003044400292,TELEVID8003_SCANNER18,IT20700316961974639960000003044400292,18/06/2025,05/06/2025,6961974639,IT207,Romance,IT,31,9,DOCHEATAY,0.8331,DOCHESTRY,,NoMatch,D822/03,docherty
60000003044400293,TELEVID8003_SCANNER18,IT20700326961974639360000003044400293,18/06/2025,05/06/2025,6961974639,IT207,Romance,IT,32,3,C,0.8377,B,,NoMatch,D822/03,C
60000003044400293,TELEVID8003_SCANNER18,IT20700326961974639860000003044400293,18/06/2025,05/06/2025,6961974639,IT207,Romance,IT,32,8,3:15,0.8388,3:15,,Match,D822/03,[15/[15/fifteen]/([0/O/o])3/[3/[03/three]]][h/hour/hours/hr/hrs/hs]([&/-/./:/;])[25/[twenty([-/ ])[5/[05/five]]/25]]([m/min/mins/minute/minutes/ms])(([-/ ])[in the afternoon/in the evening/p(.)m(.)])(.)/[15/[15/fifteen]/([0/O/o])3/[3/[03/three]]]([h/hour/hours/hr/hrs/hs])([&/-/./:/;])[25/[twenty([-/ ])[5/[05/five]]/25]]([-/ ])[h/hour/hours/hr/hrs/hs](.)(([-/ ])[in the afternoon/in the evening/p(.)m(.)])(.)/[25/[twenty([-/ ])[5/[05/five]]/25]]([m/min/mins/minute/minutes/ms](.))([-/ ])[past/after]([-/ ])[15/[15/fifteen]/([0/O/o])3/[3/[03/three]]]([h/hour/hours/hr/hrs/hs])(.)(([-/ ])[in the afternoon/in the evening/p(.)m(.)])(.)/[15/[15/fifteen]/([0/O/o])3/[3/[03/three]]]([h/hour/hours/hr/hrs/hs])([&/-/./:/;])[25/[twenty([-/ ])[5/[05/five]]/25]](([-/ ])[in the afternoon/in the evening/p(.)m(.)])(.)
60000003050000667,TELEVID6099_SCANNER18,GE002002341032942742060000003050000667,18/06/2025,01/06/2025,4103294274,GE002,Others,GE,23,20,B,0.8163,C,,NoMatch,D822/03,B
60000003054500439,TELEVID8043_SCANNER19,ES43000136961974639860000003054500439,18/06/2025,14/06/2025,6961974639,ES430,Romance,ES,13,8,FIVE,0.8155,SIVE,,NoMatch,D822/03,[15/[15/fifteen]/([0/O/o])3/[3/[03/three]]][h/hour/hours/hr/hrs/hs]([&/-/./:/;])[25/[twenty([-/ ])[5/[05/five]]/25]]([m/min/mins/minute/minutes/ms])(([-/ ])[in the afternoon/in the evening/p(.)m(.)])(.)/[15/[15/fifteen]/([0/O/o])3/[3/[03/three]]]([h/hour/hours/hr/hrs/hs])([&/-/./:/;])[25/[twenty([-/ ])[5/[05/five]]/25]]([-/ ])[h/hour/hours/hr/hrs/hs](.)(([-/ ])[in the afternoon/in the evening/p(.)m(.)])(.)/[25/[twenty([-/ ])[5/[05/five]]/25]]([m/min/mins/minute/minutes/ms](.))([-/ ])[past/after]([-/ ])[15/[15/fifteen]/([0/O/o])3/[3/[03/three]]]([h/hour/hours/hr/hrs/hs])(.)(([-/ ])[in the afternoon/in the evening/p(.)m(.)])(.)/[15/[15/fifteen]/([0/O/o])3/[3/[03/three]]]([h/hour/hours/hr/hrs/hs])([&/-/./:/;])[25/[twenty([-/ ])[5/[05/five]]/25]](([-/ ])[in the afternoon/in the evening/p(.)m(.)])(.)
60000003073500663,TELEVID8075_SCANNER19,IT060022469619746391060000003073500663,19/06/2025,24/05/2025,6961974639,IT060,Romance,IT,224,10,16TH,0.844,16TH,,Match,D822/03,"(the )[16/16nd/16rd/16st/16th/sixteen/sixteenth]([,/-/./~// of / ])[6/06/6th/Jun/Jun./June/six/sixth/vi](.)/(the )[6/06/6th/Jun/Jun./June/six/sixth/vi]([,/-/./~// /the ])[16/16nd/16rd/16st/16th/sixteen/sixteenth](.)/(the )[16nd/16rd/16st/16th/sixteenth] of the [6th/sixth](.)"
60000003073500664,TELEVID8075_SCANNER19,IT06002256961974639760000003073500664,19/06/2025,24/05/2025,6961974639,IT060,Romance,IT,225,7,WENSTEDAY,0.8418,WENSTEDAY,,Match,D822/03,[Wednesday/We/Wed/Weds/Wendnesday/Wendsday/Wenesday/Wensday]
60000003075900363,TELEVID8080_SCANNER19,GE001001341032942741160000003075900363,19/06/2025,11/06/2025,4103294274,GE001,Others,GE,13,11,B,0.8229,B,,Match,D822/03,B
60000003075900371,TELEVID8080_SCANNER19,GE00100214103294274760000003075900371,19/06/2025,11/06/2025,4103294274,GE001,Others,GE,21,7,TWO-HUNDRED,0.8015,TWO-HUNDRED,,Match,D822/03,[2[0/O/o][0/O/o]/[2/[02/two]]([-/ ])[00/hund/hundred]]
60000003075900376,TELEVID8080_SCANNER19,GE00100264103294274260000003075900376,19/06/2025,11/06/2025,4103294274,GE001,Others,GE,26,2,B,0.8147,B,,Match,D822/03,B
60000003075900379,TELEVID8080_SCANNER19,GE00100294103294274960000003075900379,19/06/2025,11/06/2025,4103294274,GE001,Others,GE,29,9,37,0.8084,34,,NoMatch,D822/03,[37/[thirty([-/ ])[7/[07/seven]]/37]]
60000003075900399,TELEVID8080_SCANNER19,GE001004941032942741660000003075900399,19/06/2025,11/06/2025,4103294274,GE001,Others,GE,49,16,B,0.8196,B,,Match,D822/03,B
60000003075900401,TELEVID8080_SCANNER19,GE00100514103294274860000003075900401,19/06/2025,11/06/2025,4103294274,GE001,Others,GE,51,8,FRIDAY,0.8356,FRIDAY,,Match,D822/03,[friday/fr/fri]
60000003075900415,TELEVID8080_SCANNER19,GE00100654103294274860000003075900415,19/06/2025,11/06/2025,4103294274,GE001,Others,GE,65,8,FRIDAY,0.8235,FRIDAY,,Match,D822/03,[friday/fr/fri]
60000003075900417,TELEVID8080_SCANNER19,GE00100674103294274360000003075900417,19/06/2025,11/06/2025,4103294274,GE001,Others,GE,67,3,--impossible--,0.8266,C,,NoMatch,D822/03,B
60000003077900440,TELEVID8066_SCANNER19,ES685000369619746391060000003077900440,19/06/2025,13/06/2025,6961974639,ES685,Romance,ES,3,10,JUNE 16,0.8031,JUNE 16,,Match,D822/03,"(the )[16/16nd/16rd/16st/16th/sixteen/sixteenth]([,/-/./~// of / ])[6/06/6th/Jun/Jun./June/six/sixth/vi](.)/(the )[6/06/6th/Jun/Jun./June/six/sixth/vi]([,/-/./~// /the ])[16/16nd/16rd/16st/16th/sixteen/sixteenth](.)/(the )[16nd/16rd/16st/16th/sixteenth] of the [6th/sixth](.)"
60000003105300397,televid8164_SCANNER19,GR00500634103294274860000003105300397,23/06/2025,14/06/2025,4103294274,GR005,Greek,GR,63,8,FRIDAY,0.8388,FRIDAY,,Match,D822/03,[friday/fr/fri]
60000003105300428,televid8164_SCANNER19,GR00500944103294274860000003105300428,23/06/2025,14/06/2025,4103294274,GR005,Greek,GR,94,8,FRIDAY,0.8498,FRIDAY,,Match,D822/03,[friday/fr/fri]
60000003105300452,televid8164_SCANNER19,GR00500064103294274360000003105300452,23/06/2025,14/06/2025,4103294274,GR005,Greek,GR,6,3,--impossible--,0.8156,C,,NoMatch,D822/03,B
60000003105300468,televid8164_SCANNER19,GR00500224103294274760000003105300468,23/06/2025,14/06/2025,4103294274,GR005,Greek,GR,22,7,200,0.8188,200,,Match,D822/03,[2[0/O/o][0/O/o]/[2/[02/two]]([-/ ])[00/hund/hundred]]
60000003105500103,televid8150_SCANNER19,GR005027141032942742060000003105500103,23/06/2025,14/06/2025,4103294274,GR005,Greek,GR,271,20,B,0.8166,B,,Match,D822/03,B
60000003115400294,televid8180_SCANNER19,ES426000269619746391060000003115400294,24/06/2025,10/06/2025,6961974639,ES426,Romance,ES,2,10,16TH,0.8039,76TH,,NoMatch,D822/03,"(the )[16/16nd/16rd/16st/16th/sixteen/sixteenth]([,/-/./~// of / ])[6/06/6th/Jun/Jun./June/six/sixth/vi](.)/(the )[6/06/6th/Jun/Jun./June/six/sixth/vi]([,/-/./~// /the ])[16/16nd/16rd/16st/16th/sixteen/sixteenth](.)/(the )[16nd/16rd/16st/16th/sixteenth] of the [6th/sixth](.)"
60000003116700268,televid8170_SCANNER19,ID28000059902917666160000003116700268,24/06/2025,13/06/2025,9902917666,ID280,Malayo,ID,5,1,A,0.8065,"A, B",,NoMatch,D822/03,C
60000003118800364,televid8184_SCANNER19,TR00304382288902671660000003118800364,24/06/2025,14/06/2025,2288902671,TR003,Turkic,TR,438,6,DAESSTON,0.8477,DAESSTON,,Match,D822/03,draycott
60000003119800071,televid8172_SCANNER19,ES426002369619746391160000003119800071,24/06/2025,10/06/2025,6961974639,ES426,Romance,ES,23,11,B,0.8141,B,,Match,D822/03,B
60000003119800072,televid8172_SCANNER19,ES426002469619746392360000003119800072,24/06/2025,10/06/2025,6961974639,ES426,Romance,ES,24,23,E,0.8471,"E, H",,NoMatch,D822/03,E
60000003119800077,televid8172_SCANNER19,ES42600296961974639660000003119800077,24/06/2025,10/06/2025,6961974639,ES426,Romance,ES,29,6,FORTY FIVE,0.8012,FARTY LIFE,,NoMatch,D822/03,[6[0/O/o]/[6[0/O/o]/sixty]]
60000003119800077,televid8172_SCANNER19,ES42600296961974639760000003119800077,24/06/2025,10/06/2025,6961974639,ES426,Romance,ES,29,7,THERE FIETING,0.8442,THERE LIFTING,,NoMatch,D822/03,[Wednesday/We/Wed/Weds/Wendnesday/Wendsday/Wenesday/Wensday]
60000003119800077,televid8172_SCANNER19,ES42600296961974639960000003119800077,24/06/2025,10/06/2025,6961974639,ES426,Romance,ES,29,9,DOCHERT,0.8249,DOCHERT,,Match,D822/03,docherty
60000003119800079,televid8172_SCANNER19,ES42600316961974639860000003119800079,24/06/2025,10/06/2025,6961974639,ES426,Romance,ES,31,8,3:25 P.M,0.8276,3:25 P.M,,Match,D822/03,[15/[15/fifteen]/([0/O/o])3/[3/[03/three]]][h/hour/hours/hr/hrs/hs]([&/-/./:/;])[25/[twenty([-/ ])[5/[05/five]]/25]]([m/min/mins/minute/minutes/ms])(([-/ ])[in the afternoon/in the evening/p(.)m(.)])(.)/[15/[15/fifteen]/([0/O/o])3/[3/[03/three]]]([h/hour/hours/hr/hrs/hs])([&/-/./:/;])[25/[twenty([-/ ])[5/[05/five]]/25]]([-/ ])[h/hour/hours/hr/hrs/hs](.)(([-/ ])[in the afternoon/in the evening/p(.)m(.)])(.)/[25/[twenty([-/ ])[5/[05/five]]/25]]([m/min/mins/minute/minutes/ms](.))([-/ ])[past/after]([-/ ])[15/[15/fifteen]/([0/O/o])3/[3/[03/three]]]([h/hour/hours/hr/hrs/hs])(.)(([-/ ])[in the afternoon/in the evening/p(.)m(.)])(.)/[15/[15/fifteen]/([0/O/o])3/[3/[03/three]]]([h/hour/hours/hr/hrs/hs])([&/-/./:/;])[25/[twenty([-/ ])[5/[05/five]]/25]](([-/ ])[in the afternoon/in the evening/p(.)m(.)])(.)
60000003119800079,televid8172_SCANNER19,ES42600316961974639960000003119800079,24/06/2025,10/06/2025,6961974639,ES426,Romance,ES,31,9,MISS DOCHERTY,0.8472,MISS DOCNERTY,,NoMatch,D822/03,docherty
60000003122800368,TELEVID8198_SCANNER19,TR00302862288902671760000003122800368,24/06/2025,14/06/2025,2288902671,TR003,Turkic,TR,286,7,TUESDAY,0.8397,TVESDAY,,NoMatch,D822/03,[tuesday/tu/tue/tues](s)
60000003122800369,TELEVID8198_SCANNER19,TR003028722889026711060000003122800369,24/06/2025,14/06/2025,2288902671,TR003,Turkic,TR,287,10,THE SHIRT,0.8348,THE SHIRT,,Match,D822/03,[t-shirt(s)/teeshirt(s)]
60000003122800411,TELEVID8198_SCANNER19,TR00303292288902671960000003122800411,24/06/2025,14/06/2025,2288902671,TR003,Turkic,TR,329,9,PENCIL AND PENCILCASE,0.8348,PENCIL AND PENCILCASE,,Match,D822/03,fish([s/es])
60000003123900238,TELEVID8202_SCANNER19,TR00303232288902671660000003123900238,24/06/2025,14/06/2025,2288902671,TR003,Turkic,TR,323,6,DRECETT,0.8052,DRECETT,,Match,D822/03,draycott
60000003125700459,TELEVID8191_SCANNER19,TR003038722889026711060000003125700459,24/06/2025,14/06/2025,2288902671,TR003,Turkic,TR,387,10,T-SHIRT,0.8116,T-SHIRT,,Match,D822/03,[t-shirt(s)/teeshirt(s)]
60000003126800336,TELEVID8201_SCANNER19,TR00302982288902671360000003126800336,24/06/2025,14/06/2025,2288902671,TR003,Turkic,TR,298,3,C,0.8166,--impossible--,,NoMatch,D822/03,C
60000003126800336,TELEVID8201_SCANNER19,TR00302982288902671860000003126800336,24/06/2025,14/06/2025,2288902671,TR003,Turkic,TR,298,8,9:35,0.8272,9:35,,Match,D822/03,[([0/O/o])9/[9/[09/nine]]]([h/hour/hours/hr/hrs/hs])([&/-/./:/;])[45/[forty([-/ ])[5/[05/five]]/45]](([-/ ])[in morning/in the morning/a(.)m(.)])(.)/[([0/O/o])9/[9/[09/nine]]][h/hour/hours/hr/hrs/hs]([&/-/./:/;])[45/[forty([-/ ])[5/[05/five]]/45]]([m/min/mins/minute/minutes/ms])(([-/ ])[in morning/in the morning/a(.)m(.)])(.)/[([0/O/o])9/[9/[09/nine]]]([h/hour/hours/hr/hrs/hs])([&/-/./:/;])[45/[forty([-/ ])[5/[05/five]]/45]]([-/ ])[h/hour/hours/hr/hrs/hs](.)(([-/ ])[in morning/in the morning/a(.)m(.)])(.)/(a([-/ ]))[quarter/1~/4]([-/ ])[to/before/of]([-/ ])[1[0/O/o]/[1[0/O/o]/ten]]([h/hour/hours/hr/hrs/hs])(.)(([-/ ])[in morning/in the morning/a(.)m(.)])(.)/[15/[15/fifteen]]([m/min/mins/minute/minutes/ms](.))([-/ ])[to/before]([-/ ])[1[0/O/o]/[1[0/O/o]/ten]]([h/hour/hours/hr/hrs/hs])(.)(([-/ ])[in morning/in the morning/a(.)m(.)])(.)/[45/[forty([-/ ])[5/[05/five]]/45]]([m/min/mins/minute/minutes/ms](.))([-/ ])[past/after]([-/ ])[([0/O/o])9/[9/[09/nine]]]([h/hour/hours/hr/hrs/hs])(.)(([-/ ])[in morning/in the morning/a(.)m(.)])(.)
60000003140900477,televid8239_SCANNER19,ES39770336961974639860000003140900477,25/06/2025,21/06/2025,6961974639,ES397,Romance,ES,7033,8,3:25,0.8478,3:25,,Match,D822/03,[15/[15/fifteen]/([0/O/o])3/[3/[03/three]]][h/hour/hours/hr/hrs/hs]([&/-/./:/;])[25/[twenty([-/ ])[5/[05/five]]/25]]([m/min/mins/minute/minutes/ms])(([-/ ])[in the afternoon/in the evening/p(.)m(.)])(.)/[15/[15/fifteen]/([0/O/o])3/[3/[03/three]]]([h/hour/hours/hr/hrs/hs])([&/-/./:/;])[25/[twenty([-/ ])[5/[05/five]]/25]]([-/ ])[h/hour/hours/hr/hrs/hs](.)(([-/ ])[in the afternoon/in the evening/p(.)m(.)])(.)/[25/[twenty([-/ ])[5/[05/five]]/25]]([m/min/mins/minute/minutes/ms](.))([-/ ])[past/after]([-/ ])[15/[15/fifteen]/([0/O/o])3/[3/[03/three]]]([h/hour/hours/hr/hrs/hs])(.)(([-/ ])[in the afternoon/in the evening/p(.)m(.)])(.)/[15/[15/fifteen]/([0/O/o])3/[3/[03/three]]]([h/hour/hours/hr/hrs/hs])([&/-/./:/;])[25/[twenty([-/ ])[5/[05/five]]/25]](([-/ ])[in the afternoon/in the evening/p(.)m(.)])(.)
60000003140900477,televid8239_SCANNER19,ES397703369619746391360000003140900477,25/06/2025,21/06/2025,6961974639,ES397,Romance,ES,7033,13,A,0.8315,A,,Match,D822/03,A
60000003146100323,televid8230_SCANNER19,ES39770526961974639860000003146100323,25/06/2025,21/06/2025,6961974639,ES397,Romance,ES,7052,8,3:15,0.8477,3:15,,Match,D822/03,[15/[15/fifteen]/([0/O/o])3/[3/[03/three]]][h/hour/hours/hr/hrs/hs]([&/-/./:/;])[25/[twenty([-/ ])[5/[05/five]]/25]]([m/min/mins/minute/minutes/ms])(([-/ ])[in the afternoon/in the evening/p(.)m(.)])(.)/[15/[15/fifteen]/([0/O/o])3/[3/[03/three]]]([h/hour/hours/hr/hrs/hs])([&/-/./:/;])[25/[twenty([-/ ])[5/[05/five]]/25]]([-/ ])[h/hour/hours/hr/hrs/hs](.)(([-/ ])[in the afternoon/in the evening/p(.)m(.)])(.)/[25/[twenty([-/ ])[5/[05/five]]/25]]([m/min/mins/minute/minutes/ms](.))([-/ ])[past/after]([-/ ])[15/[15/fifteen]/([0/O/o])3/[3/[03/three]]]([h/hour/hours/hr/hrs/hs])(.)(([-/ ])[in the afternoon/in the evening/p(.)m(.)])(.)/[15/[15/fifteen]/([0/O/o])3/[3/[03/three]]]([h/hour/hours/hr/hrs/hs])([&/-/./:/;])[25/[twenty([-/ ])[5/[05/five]]/25]](([-/ ])[in the afternoon/in the evening/p(.)m(.)])(.)
60000003146100323,televid8230_SCANNER19,ES397705269619746391660000003146100323,25/06/2025,21/06/2025,6961974639,ES397,Romance,ES,7052,16,B,0.8246,B,,Match,D822/03,B
60000003146100324,televid8230_SCANNER19,ES39770536961974639960000003146100324,25/06/2025,21/06/2025,6961974639,ES397,Romance,ES,7053,9,DOCHIRTY,0.8108,DOCHIRTY,,Match,D822/03,docherty
60000003146100343,televid8230_SCANNER19,ES39770726961974639860000003146100343,25/06/2025,21/06/2025,6961974639,ES397,Romance,ES,7072,8,15:25 P.M,0.8425,15:25 P.M,,Match,D822/03,[15/[15/fifteen]/([0/O/o])3/[3/[03/three]]][h/hour/hours/hr/hrs/hs]([&/-/./:/;])[25/[twenty([-/ ])[5/[05/five]]/25]]([m/min/mins/minute/minutes/ms])(([-/ ])[in the afternoon/in the evening/p(.)m(.)])(.)/[15/[15/fifteen]/([0/O/o])3/[3/[03/three]]]([h/hour/hours/hr/hrs/hs])([&/-/./:/;])[25/[twenty([-/ ])[5/[05/five]]/25]]([-/ ])[h/hour/hours/hr/hrs/hs](.)(([-/ ])[in the afternoon/in the evening/p(.)m(.)])(.)/[25/[twenty([-/ ])[5/[05/five]]/25]]([m/min/mins/minute/minutes/ms](.))([-/ ])[past/after]([-/ ])[15/[15/fifteen]/([0/O/o])3/[3/[03/three]]]([h/hour/hours/hr/hrs/hs])(.)(([-/ ])[in the afternoon/in the evening/p(.)m(.)])(.)/[15/[15/fifteen]/([0/O/o])3/[3/[03/three]]]([h/hour/hours/hr/hrs/hs])([&/-/./:/;])[25/[twenty([-/ ])[5/[05/five]]/25]](([-/ ])[in the afternoon/in the evening/p(.)m(.)])(.)
60000003173100011,televid6144_SCANNER19,CY00602494103294274260000003173100011,27/06/2025,20/06/2025,4103294274,CY006,Greek,CY,249,2,A,0.8417,A,,Match,D822/03,B
60000003173800418,televid6142_SCANNER19,CY006016141032942742360000003173800418,27/06/2025,20/06/2025,4103294274,CY006,Greek,CY,161,23,D,0.8154,"C, D",,NoMatch,D822/03,D
60000003173800450,televid6142_SCANNER19,CY00601934103294274760000003173800450,27/06/2025,20/06/2025,4103294274,CY006,Greek,CY,193,7,200,0.8269,2:200,,NoMatch,D822/03,[2[0/O/o][0/O/o]/[2/[02/two]]([-/ ])[00/hund/hundred]]
60000003173800503,televid6142_SCANNER19,CY006008341032942742060000003173800503,27/06/2025,20/06/2025,4103294274,CY006,Greek,CY,83,20,B,0.821,B,,Match,D822/03,B
60000003174200306,televid8318_SCANNER19,CY006067841032942741060000003174200306,27/06/2025,20/06/2025,4103294274,CY006,Greek,CY,678,10,BADGER,0.8166,BADGER,,Match,D822/03,badger
60000003174200306,televid8318_SCANNER19,CY006067841032942742060000003174200306,27/06/2025,20/06/2025,4103294274,CY006,Greek,CY,678,20,B,0.8179,B,,Match,D822/03,B
60000003174200334,televid8318_SCANNER19,CY006070641032942741160000003174200334,27/06/2025,20/06/2025,4103294274,CY006,Greek,CY,706,11,B,0.8338,B,,Match,D822/03,B
60000003175400136,televid6140_SCANNER19,CY00601354103294274660000003175400136,27/06/2025,20/06/2025,4103294274,CY006,Greek,CY,135,6,STORM,0.8068,STORM,,Match,D822/03,storm
300003709200259,TELEVID5075_SCANNER12,MA0171002444335780827300003709200259,28/03/2025,22/03/2025,4443357808,MA017,Afro-Asiatic,MA,1002,27,KNEW ANYONE APART,0.8272,KNEW ANYONE APART,,Match,D432/01,recognise anyone (else) apart from/recognise anyone (else)/apart from/recognise anybody (else) apart from/recognise anybody (else)/apart from/know anyone (else) apart from/know anyone (else)/apart from/know anybody (else) apart from/know anybody (else)/apart from/recognize anybody (else) apart from/recognize anybody (else)/apart from/recognize anyone (else) apart from/recognize anyone (else)/apart from
300003709200278,TELEVID5075_SCANNER12,MA0171021444335780828300003709200278,28/03/2025,22/03/2025,4443357808,MA017,Afro-Asiatic,MA,1021,28,MUST BE WEARING,0.8008,MUST BE WEARING,,Match,D432/01,must be worn/must be/worn
300003709200285,TELEVID5075_SCANNER12,MA0171028444335780829300003709200285,28/03/2025,22/03/2025,4443357808,MA017,Afro-Asiatic,MA,1028,29,SO THEY COME,0.8212,SO THEY COME,,Match,D432/01,to come across/to come/across
300003709200307,TELEVID5075_SCANNER12,MA0171050444335780818300003709200307,28/03/2025,22/03/2025,4443357808,MA017,Afro-Asiatic,MA,1050,18,IMPERFECTIONS,0.8184,IHPERFECTIONS,,NoMatch,D432/01,imperfections
300003709200307,TELEVID5075_SCANNER12,MA0171050444335780851300003709200307,28/03/2025,22/03/2025,4443357808,MA017,Afro-Asiatic,MA,1050,51,B,0.8216,B,,Match,D432/01,B
300003709800694,TELEVID5068_SCANNER12,MA0171435444335780825300003709800694,28/03/2025,22/03/2025,4443357808,MA017,Afro-Asiatic,MA,1435,25,A GOOD AT SINGING,0.8062,AGOOD AT SINGING,,NoMatch,D432/01,does Sandra sing well/does Sandra/sing well/does Sandra sing really well/does Sandra/sing really well/does Sandra sing very well/does Sandra/sing very well/does she sing well/does she/sing well/does she sing really well/does she/sing really well/does she sing very well/does she/sing very well/can Sandra sing well/can Sandra/sing well/can Sandra sing really well/can Sandra/sing really well/can Sandra sing very well/can Sandra/sing very well/can she sing well/can she/sing well/can she sing really well/can she/sing really well/can she sing very well/can she/sing very well
300003709800724,TELEVID5068_SCANNER12,MA0171415444335780826300003709800724,28/03/2025,22/03/2025,4443357808,MA017,Afro-Asiatic,MA,1415,26,WISH I DIDN'T BROKE,0.8134,WISH I DIDN'T BROOKE,,NoMatch,D432/01,wish I had not broken/wish I had not/broken/wish I hadn't broken/wish I hadn't/broken/wish I'd not broken/wish I'd not/broken
300003709800842,TELEVID5068_SCANNER12,MA0171230444335780828300003709800842,28/03/2025,22/03/2025,4443357808,MA017,Afro-Asiatic,MA,1230,28,MUST BE WORN,0.833,MUST BE WORM,,NoMatch,D432/01,must be worn/must be/worn
300003709800905,TELEVID5068_SCANNER12,MA017119244433578083300003709800905,28/03/2025,22/03/2025,4443357808,MA017,Afro-Asiatic,MA,1192,3,B,0.8246,B,,Match,D432/01,B
300003709800905,TELEVID5068_SCANNER12,MA017119244433578089300003709800905,28/03/2025,22/03/2025,4443357808,MA017,Afro-Asiatic,MA,1192,9,EXERCE,0.801,EXERCE,,Match,D432/01,with
300003709800905,TELEVID5068_SCANNER12,MA0171192444335780816300003709800905,28/03/2025,22/03/2025,4443357808,MA017,Afro-Asiatic,MA,1192,16,LOUD,0.838,COUD,,NoMatch,D432/01,be
300003710000112,TELEVID5069_SCANNER12,DE2995087444335780826300003710000112,28/03/2025,22/03/2025,4443357808,DE299,Germanic,DE,5087,26,WISH I HAD NOT BROKEN,0.8123,WISH I HAD NOT BROKEN,,Match,D432/01,wish I had not broken/wish I had not/broken/wish I hadn't broken/wish I hadn't/broken/wish I'd not broken/wish I'd not/broken
300003710000113,TELEVID5069_SCANNER12,DE299508844433578083300003710000113,28/03/2025,22/03/2025,4443357808,DE299,Germanic,DE,5088,3,B,0.8323,B,,Match,D432/01,B
300003712300015,TELEVID5074_SCANNER12,MA0171129444335780822300003712300015,28/03/2025,22/03/2025,4443357808,MA017,Afro-Asiatic,MA,1129,22,AROUND,0.8449,AROUND,,Match,D432/01,accuracy
300003712300016,TELEVID5074_SCANNER12,MA0171130444335780810300003712300016,28/03/2025,22/03/2025,4443357808,MA017,Afro-Asiatic,MA,1130,10,AND,0.8458,AND,,Match,D432/01,that/which
300003712300075,TELEVID5074_SCANNER12,MA0171175444335780835300003712300075,28/03/2025,22/03/2025,4443357808,MA017,Afro-Asiatic,MA,1175,35,B,0.8232,B,,Match,D432/01,B
300003712300078,TELEVID5074_SCANNER12,MA0171178444335780815300003712300078,28/03/2025,22/03/2025,4443357808,MA017,Afro-Asiatic,MA,1178,15,IF,0.8328,1F,,NoMatch,D432/01,If
300003712300118,TELEVID5074_SCANNER12,MA0171089444335780813300003712300118,28/03/2025,22/03/2025,4443357808,MA017,Afro-Asiatic,MA,1089,13,IT,0.8342,IT,,Match,D432/01,it
300003712300118,TELEVID5074_SCANNER12,MA0171089444335780815300003712300118,28/03/2025,22/03/2025,4443357808,MA017,Afro-Asiatic,MA,1089,15,IF,0.8256,1F,,NoMatch,D432/01,If
300003712300153,TELEVID5074_SCANNER12,MA017115944433578081300003712300153,28/03/2025,22/03/2025,4443357808,MA017,Afro-Asiatic,MA,1159,1,B,0.8184,B,,Match,D432/01,C
300003712300253,TELEVID5074_SCANNER12,MA017106544433578081300003712300253,28/03/2025,22/03/2025,4443357808,MA017,Afro-Asiatic,MA,1065,1,B,0.8236,B,,Match,D432/01,C
300003712500151,TELEVID5076_SCANNER12,MA0171365444335780826300003712500151,28/03/2025,22/03/2025,4443357808,MA017,Afro-Asiatic,MA,1365,26,WISH I HADN'T BREAK,0.8437,WISH J HADN'T BREAK,,NoMatch,D432/01,wish I had not broken/wish I had not/broken/wish I hadn't broken/wish I hadn't/broken/wish I'd not broken/wish I'd not/broken
300003712500163,TELEVID5076_SCANNER12,MA0171379444335780826300003712500163,28/03/2025,22/03/2025,4443357808,MA017,Afro-Asiatic,MA,1379,26,WISH I DID NOT BROCK,0.8183,WISH I DID NOT BROCK,,Match,D432/01,wish I had not broken/wish I had not/broken/wish I hadn't broken/wish I hadn't/broken/wish I'd not broken/wish I'd not/broken
300003717100029,TELEVID5111_SCANNER13,DE0043078444335780818300003717100029,02/04/2025,22/03/2025,4443357808,DE004,Germanic,DE,3078,18,UNPERFECTIONS,0.8219,UNPERFECTIONS,,Match,D432/01,imperfections
300003717100037,TELEVID5111_SCANNER13,DE0043066444335780827300003717100037,02/04/2025,22/03/2025,4443357808,DE004,Germanic,DE,3066,27,KNOW ANYONE APART FROM,0.828,KNOW ANYONE APART FROM,,Match,D432/01,recognise anyone (else) apart from/recognise anyone (else)/apart from/recognise anybody (else) apart from/recognise anybody (else)/apart from/know anyone (else) apart from/know anyone (else)/apart from/know anybody (else) apart from/know anybody (else)/apart from/recognize anybody (else) apart from/recognize anybody (else)/apart from/recognize anyone (else) apart from/recognize anyone (else)/apart from
300003717100634,TELEVID5111_SCANNER13,CN3343014444335780812300003717100634,02/04/2025,22/03/2025,4443357808,CN334,Chinese,CN,3014,12,OUR,0.8479,OUR,,Match,D432/01,in
300003717100634,TELEVID5111_SCANNER13,CN3343014444335780829300003717100634,02/04/2025,22/03/2025,4443357808,CN334,Chinese,CN,3014,29,TO COME UP WITH,0.8399,TO COME UP WITH,,Match,D432/01,to come across/to come/across
300003717100645,TELEVID5111_SCANNER13,CN334302544433578083300003717100645,02/04/2025,22/03/2025,4443357808,CN334,Chinese,CN,3025,3,B,0.8353,C,,NoMatch,D432/01,B
300003717100646,TELEVID5111_SCANNER13,CN3343026444335780817300003717100646,02/04/2025,22/03/2025,4443357808,CN334,Chinese,CN,3026,17,NECESSARYLY,0.8383,NECESSARYLY,,Match,D432/01,necessarily
300003717300406,TELEVID5096_SCANNER13,CN994400144433578083300003717300406,02/04/2025,22/03/2025,4443357808,CN994,Chinese,CN,4001,3,B,0.8022,B,,Match,D432/01,B
300003717300408,TELEVID5096_SCANNER13,CN9944003444335780825300003717300408,02/04/2025,22/03/2025,4443357808,CN994,Chinese,CN,4003,25,SHE CAN SING,0.8018,SHE CAN SINC,,NoMatch,D432/01,does Sandra sing well/does Sandra/sing well/does Sandra sing really well/does Sandra/sing really well/does Sandra sing very well/does Sandra/sing very well/does she sing well/does she/sing well/does she sing really well/does she/sing really well/does she sing very well/does she/sing very well/can Sandra sing well/can Sandra/sing well/can Sandra sing really well/can Sandra/sing really well/can Sandra sing very well/can Sandra/sing very well/can she sing well/can she/sing well/can she sing really well/can she/sing really well/can she sing very well/can she/sing very well
300003717300408,TELEVID5096_SCANNER13,CN9944003444335780826300003717300408,02/04/2025,22/03/2025,4443357808,CN994,Chinese,CN,4003,26,DON'T WISH TO BREAK,0.8487,DON'T WISH TO BREAK,,Match,D432/01,wish I had not broken/wish I had not/broken/wish I hadn't broken/wish I hadn't/broken/wish I'd not broken/wish I'd not/broken
300003717300412,TELEVID5096_SCANNER13,CN9944007444335780828300003717300412,02/04/2025,22/03/2025,4443357808,CN994,Chinese,CN,4007,28,MUST BE WARN,0.8471,MUST BE WARN,,Match,D432/01,must be worn/must be/worn
300003719300109,TELEVID5098_SCANNER13,CN9941011444335780813300003719300109,02/04/2025,22/03/2025,4443357808,CN994,Chinese,CN,1011,13,IT,0.8316,I7,,NoMatch,D432/01,it
300003719300115,TELEVID5098_SCANNER13,CN994101744433578087300003719300115,02/04/2025,22/03/2025,4443357808,CN994,Chinese,CN,1017,7,A,0.8442,A,,Match,D432/01,C
300003719300118,TELEVID5098_SCANNER13,CN9941020444335780834300003719300118,02/04/2025,22/03/2025,4443357808,CN994,Chinese,CN,1020,34,B,0.8254,B,,Match,D432/01,D
300003719300122,TELEVID5098_SCANNER13,CN9941024444335780829300003719300122,02/04/2025,22/03/2025,4443357808,CN994,Chinese,CN,1024,29,THAT RICK COME ACROSS,0.8409,THAT RICK COME ACROSS,,Match,D432/01,to come across/to come/across
300003719300122,TELEVID5098_SCANNER13,CN9941024444335780834300003719300122,02/04/2025,22/03/2025,4443357808,CN994,Chinese,CN,1024,34,D,0.8138,D,,Match,D432/01,D
300003719300124,TELEVID5098_SCANNER13,CN9941026444335780827300003719300124,02/04/2025,22/03/2025,4443357808,CN994,Chinese,CN,1026,27,KNOW ANYONE APART FROM,0.806,KNOW ANYONE A PART FROM,,NoMatch,D432/01,recognise anyone (else) apart from/recognise anyone (else)/apart from/recognise anybody (else) apart from/recognise anybody (else)/apart from/know anyone (else) apart from/know anyone (else)/apart from/know anybody (else) apart from/know anybody (else)/apart from/recognize anybody (else) apart from/recognize anybody (else)/apart from/recognize anyone (else) apart from/recognize anyone (else)/apart from
300003719300128,TELEVID5098_SCANNER13,CN9941030444335780812300003719300128,02/04/2025,22/03/2025,4443357808,CN994,Chinese,CN,1030,12,OUR,0.8202,OUR,,Match,D432/01,in
300003719300136,TELEVID5098_SCANNER13,CN994103844433578083300003719300136,02/04/2025,22/03/2025,4443357808,CN994,Chinese,CN,1038,3,--blank--,0.8177,--blank--,,Match,D432/01,B
300003719300136,TELEVID5098_SCANNER13,CN9941038444335780852300003719300136,02/04/2025,22/03/2025,4443357808,CN994,Chinese,CN,1038,52,--blank--,0.8123,--blank--,,Match,D432/01,D
300003719300138,TELEVID5098_SCANNER13,CN9941040444335780821300003719300138,02/04/2025,22/03/2025,4443357808,CN994,Chinese,CN,1040,21,GROWING,0.8004,GROWING,,Match,D432/01,growth
300003719300138,TELEVID5098_SCANNER13,CN9941040444335780828300003719300138,02/04/2025,22/03/2025,4443357808,CN994,Chinese,CN,1040,28,MUST BE WEARING,0.8092,MUST BE WEAKING,,NoMatch,D432/01,must be worn/must be/worn
300003756200123,TELEVID5248_SCANNER13,LY0010007905646528222300003756200123,23/04/2025,05/04/2025,9056465282,LY001,Afro-Asiatic,LY,7,22,COMPARING,0.8065,COMPARING,,Match,D432/01,comparison
300004127000136,TELEVID5594_SCANNER12,GR1186194628131276819300004127000136,27/05/2025,18/05/2025,6281312768,GR118,Greek,GR,6194,19,ASTONISHMENT,0.8085,ASTONISHMENT,,Match,D432/01,astonishment
300004127000136,TELEVID5594_SCANNER12,GR1186194628131276821300004127000136,27/05/2025,18/05/2025,6281312768,GR118,Greek,GR,6194,21,VALUEABLE,0.8227,VALUEABLE,,Match,D432/01,valuable/invaluable
300004127000223,TELEVID5594_SCANNER12,GR1187681628131276818300004127000223,27/05/2025,18/05/2025,6281312768,GR118,Greek,GR,7681,18,PLEASEFUL,0.8445,PLEASEFUL,,Match,D432/01,pleasure
300004127000250,TELEVID5594_SCANNER12,GR1186669628131276825300004127000250,27/05/2025,18/05/2025,6281312768,GR118,Greek,GR,6669,25,THE TIME I HAD GONE,0.8218,THE TIME I HAD GONE,,Match,D432/01,the time I got to/the time I/got to/the time I arrived at/the time I/arrived at/had reached/the time I had reached/the time I/the time I 'd reached/the time I/'d reached/the time (that) I reached/the time (that) I/reached
300004127000306,TELEVID5594_SCANNER12,GR118606462813127687300004127000306,27/05/2025,18/05/2025,6281312768,GR118,Greek,GR,6064,7,B,0.8097,B,,Match,D432/01,B
300004127000326,TELEVID5594_SCANNER12,GR1186084628131276830300004127000326,27/05/2025,18/05/2025,6281312768,GR118,Greek,GR,6084,30,SHOULD I,0.8446,SHOULD 1,,NoMatch,D432/01,do you want/me to/do you want me to/did you want me to/did you want/me to
300004127700450,TELEVID5576_SCANNER12,GR118713662813127687300004127700450,27/05/2025,18/05/2025,6281312768,GR118,Greek,GR,7136,7,B,0.8158,C,,NoMatch,D432/01,B
300004128000213,TELEVID5546_SCANNER12,GR1188065628131276821300004128000213,27/05/2025,18/05/2025,6281312768,GR118,Greek,GR,8065,21,VALUEABLE,0.8476,VALUEABLE,,Match,D432/01,valuable/invaluable
300004128000213,TELEVID5546_SCANNER12,GR1188065628131276825300004128000213,27/05/2025,18/05/2025,6281312768,GR118,Greek,GR,8065,25,THE TIME I GOT TO,0.8145,THETIMEIGOTTO,,NoMatch,D432/01,the time I got to/the time I/got to/the time I arrived at/the time I/arrived at/had reached/the time I had reached/the time I/the time I 'd reached/the time I/'d reached/the time (that) I reached/the time (that) I/reached
300004128000255,TELEVID5546_SCANNER12,GR118810762813127684300004128000255,27/05/2025,18/05/2025,6281312768,GR118,Greek,GR,8107,4,B,0.8213,B,,Match,D432/01,B
300004128000268,TELEVID5546_SCANNER12,GR1188120628131276825300004128000268,27/05/2025,18/05/2025,6281312768,GR118,Greek,GR,8120,25,BY THE TIME I WAS GETTING TO,0.8274,BY THE TIME I WAS GETTING TO,,Match,D432/01,the time I got to/the time I/got to/the time I arrived at/the time I/arrived at/had reached/the time I had reached/the time I/the time I 'd reached/the time I/'d reached/the time (that) I reached/the time (that) I/reached
300004128000268,TELEVID5546_SCANNER12,GR1188120628131276827300004128000268,27/05/2025,18/05/2025,6281312768,GR118,Greek,GR,8120,27,IMPOSSIBLE FOR US,0.8218,IMPOSSIBLE FOR US,,Match,D432/01,it impossible for/it impossible/for
300004128000634,TELEVID5546_SCANNER12,GR1187872628131276816300004128000634,27/05/2025,18/05/2025,6281312768,GR118,Greek,GR,7872,16,MAKE,0.8323,MAKE,,Match,D432/01,make
300004128300117,TELEVID5554_SCANNER12,GR1186821628131276810300004128300117,27/05/2025,18/05/2025,6281312768,GR118,Greek,GR,6821,10,OF,0.8051,DF,,NoMatch,D432/01,of
300004129100206,TELEVID5574_SCANNER13,GR1186034628131276816300004129100206,27/05/2025,18/05/2025,6281312768,GR118,Greek,GR,6034,16,MAKE,0.8463,NAKE,,NoMatch,D432/01,make
300004129100275,TELEVID5574_SCANNER13,GR118798462813127684300004129100275,27/05/2025,18/05/2025,6281312768,GR118,Greek,GR,7984,4,B,0.8441,B,,Match,D432/01,B
300004129400790,TELEVID5557_SCANNER13,GR1187594628131276823300004129400790,27/05/2025,18/05/2025,6281312768,GR118,Greek,GR,7594,23,WIDEN,0.8372,WIDEN,,Match,D432/01,widen
300004146900349,TELEVID5618_SCANNER13,GR0350044628131276825300004146900349,28/05/2025,18/05/2025,6281312768,GR035,Greek,GR,44,25,THE TIME I GOT TO,0.8191,THE TIME I GOT TO,,Match,D432/01,the time I got to/the time I/got to/the time I arrived at/the time I/arrived at/had reached/the time I had reached/the time I/the time I 'd reached/the time I/'d reached/the time (that) I reached/the time (that) I/reached
300004146900666,TELEVID5618_SCANNER13,GR0260164628131276825300004146900666,28/05/2025,18/05/2025,6281312768,GR026,Greek,GR,164,25,THE TIME I GOT TO,0.8286,THE TIME I GOT 70,,NoMatch,D432/01,the time I got to/the time I/got to/the time I arrived at/the time I/arrived at/had reached/the time I had reached/the time I/the time I 'd reached/the time I/'d reached/the time (that) I reached/the time (that) I/reached
300004147600391,TELEVID5616_SCANNER12,GR0050017628131276829300004147600391,28/05/2025,18/05/2025,6281312768,GR005,Greek,GR,17,29,MUST HAVE BEEN PRETTY EXCITING,0.8068,MUST HAVE BEEN PRETTY EXCITING,,Match,D432/01,must have been exciting/must have been/exciting/must've been exciting/must've been/exciting
300004147600414,TELEVID5616_SCANNER12,GR0050040628131276821300004147600414,28/05/2025,18/05/2025,6281312768,GR005,Greek,GR,40,21,VALUABLE,0.8131,VALUABLE,,Match,D432/01,valuable/invaluable
300004147600436,TELEVID5616_SCANNER12,GR0050062628131276821300004147600436,28/05/2025,18/05/2025,6281312768,GR005,Greek,GR,62,21,VALUABLE,0.8318,VALUABLE,,Match,D432/01,valuable/invaluable
300004147600469,TELEVID5616_SCANNER12,GR0050095628131276812300004147600469,28/05/2025,18/05/2025,6281312768,GR005,Greek,GR,95,12,WHEN,0.8249,WHEN,,Match,D432/01,its
300004147600469,TELEVID5616_SCANNER12,GR0050095628131276821300004147600469,28/05/2025,18/05/2025,6281312768,GR005,Greek,GR,95,21,VALUEABLE,0.8495,VALUEABLE,,Match,D432/01,valuable/invaluable
300004147600663,TELEVID5616_SCANNER12,GR0050698628131276823300004147600663,28/05/2025,18/05/2025,6281312768,GR005,Greek,GR,698,23,WIDENTH,0.8456,WIDENTH,,Match,D432/01,widen
300004147600673,TELEVID5616_SCANNER12,GR0050708628131276812300004147600673,28/05/2025,18/05/2025,6281312768,GR005,Greek,GR,708,12,THE,0.8397,7HE,,NoMatch,D432/01,its
300004147600673,TELEVID5616_SCANNER12,GR0050708628131276851300004147600673,28/05/2025,18/05/2025,6281312768,GR005,Greek,GR,708,51,B,0.8385,B,,Match,D432/01,B
300004147600841,TELEVID5616_SCANNER12,GR005083262813127687300004147600841,28/05/2025,18/05/2025,6281312768,GR005,Greek,GR,832,7,B,0.834,B,,Match,D432/01,B
300004147600841,TELEVID5616_SCANNER12,GR0050832628131276828300004147600841,28/05/2025,18/05/2025,6281312768,GR005,Greek,GR,832,28,HARDLY HEARING,0.8102,HARPLY HEARING,,NoMatch,D432/01,hardly able to hear/hardly able/to hear/hardly able to catch/hardly able/to catch/hardly able to make out/hardly able/to make out/hardly able to understand/hardly able/to understand
300004147600882,TELEVID5616_SCANNER12,GR0050756628131276818300004147600882,28/05/2025,18/05/2025,6281312768,GR005,Greek,GR,756,18,PLEASURE,0.8236,PLEASURE,,Match,D432/01,pleasure
300004153500694,TELEVID5625_SCANNER12,GR0050543628131276824300004153500694,28/05/2025,18/05/2025,6281312768,GR005,Greek,GR,543,24,CHOOSABILITY,0.8012,CHOOSABILITY,,Match,D432/01,choice
300004153500694,TELEVID5625_SCANNER12,GR0050543628131276830300004153500694,28/05/2025,18/05/2025,6281312768,GR005,Greek,GR,543,30,WOULD YOU WANT ME TO,0.8461,WOULD YOU WANT ME TO,,Match,D432/01,do you want/me to/do you want me to/did you want me to/did you want/me to
300004153500974,TELEVID5625_SCANNER12,GR0050389628131276826300004153500974,28/05/2025,18/05/2025,6281312768,GR005,Greek,GR,389,26,WISH MY ELBOW WOULD NOT,0.8007,WISH MY ELBOW WOULD NOT,,Match,D432/01,wish my elbow/[didn't/did not]/wish my elbow [didn't/did not]
300004153500984,TELEVID5625_SCANNER12,GR005039962813127687300004153500984,28/05/2025,18/05/2025,6281312768,GR005,Greek,GR,399,7,C,0.8169,"A, C",,NoMatch,D432/01,B
300004153800132,TELEVID5624_SCANNER12,GR0350606628131276825300004153800132,28/05/2025,18/05/2025,6281312768,GR035,Greek,GR,606,25,TIME TO WAS A GET,0.8395,TIME TO WAS A GET,,Match,D432/01,the time I got to/the time I/got to/the time I arrived at/the time I/arrived at/had reached/the time I had reached/the time I/the time I 'd reached/the time I/'d reached/the time (that) I reached/the time (that) I/reached
300004153800329,TELEVID5624_SCANNER12,GR0050635628131276815300004153800329,28/05/2025,18/05/2025,6281312768,GR005,Greek,GR,635,15,THAT,0.8054,THAT,,Match,D432/01,[that/which]
300004153800331,TELEVID5624_SCANNER12,GR0050637628131276817300004153800331,28/05/2025,18/05/2025,6281312768,GR005,Greek,GR,637,17,DEEPLY,0.8138,DEEPLY,,Match,D432/01,deeply
300004154900604,TELEVID5619_SCANNER13,GR0050327628131276825300004154900604,28/05/2025,18/05/2025,6281312768,GR005,Greek,GR,327,25,THE TIME I ARRIVED AT,0.8201,THE TIME I ARRIVED AT,,Match,D432/01,the time I got to/the time I/got to/the time I arrived at/the time I/arrived at/had reached/the time I had reached/the time I/the time I 'd reached/the time I/'d reached/the time (that) I reached/the time (that) I/reached
300004154900604,TELEVID5619_SCANNER13,GR0050327628131276830300004154900604,28/05/2025,18/05/2025,6281312768,GR005,Greek,GR,327,30,DO YOU WANT ME TO,0.8077,DO YOU WANT ME 70,,NoMatch,D432/01,do you want/me to/do you want me to/did you want me to/did you want/me to
300004154900651,TELEVID5619_SCANNER13,GR005018662813127684300004154900651,28/05/2025,18/05/2025,6281312768,GR005,Greek,GR,186,4,B,0.8177,B,,Match,D432/01,B
300004154900673,TELEVID5619_SCANNER13,GR0050208628131276830300004154900673,28/05/2025,18/05/2025,6281312768,GR005,Greek,GR,208,30,DO YOU WANT ME TO,0.8339,DO YOU WANT ME TO,,Match,D432/01,do you want/me to/do you want me to/did you want me to/did you want/me to
300004154900698,TELEVID5619_SCANNER13,GR0050233628131276821300004154900698,28/05/2025,18/05/2025,6281312768,GR005,Greek,GR,233,21,INVALUED,0.849,INVALUED,,Match,D432/01,valuable/invaluable
300004154901040,TELEVID5619_SCANNER13,GR0350071628131276822300004154901040,28/05/2025,18/05/2025,6281312768,GR035,Greek,GR,71,22,DISAPPROVE,0.8414,DISAPPROVE,,Match,D432/01,disapprove
300004163200290,TELEVID5651_SCANNER13,GR0050592628131276821300004163200290,29/05/2025,18/05/2025,6281312768,GR005,Greek,GR,592,21,VALUEABLE,0.8167,VALUEABLE,,Match,D432/01,valuable/invaluable
300004163200290,TELEVID5651_SCANNER13,GR0050592628131276826300004163200290,29/05/2025,18/05/2025,6281312768,GR005,Greek,GR,592,26,WISH MY ELBOW WOUDNT,0.8085,WISH MY ELBOW WOUDNT,,Match,D432/01,wish my elbow/[didn't/did not]/wish my elbow [didn't/did not]
300004214300283,TELEVID5562_1_SCANNER12,GR1186779628131276827300004214300283,02/06/2025,18/05/2025,6281312768,GR118,Greek,GR,6779,27,IT IMPOSSIBLE FOR,0.8274,IT IMPOSSIBLE FOR,,Match,D432/01,it impossible for/it impossible/for
300004214300660,TELEVID5562_1_SCANNER12,GR1186313628131276836300004214300660,02/06/2025,18/05/2025,6281312768,GR118,Greek,GR,6313,36,A,0.8353,"A, B",,NoMatch,D432/01,A
300004214300722,TELEVID5562_1_SCANNER12,GR1186501628131276825300004214300722,02/06/2025,18/05/2025,6281312768,GR118,Greek,GR,6501,25,THE TIME I GOT TO,0.8087,THE TIME I GOT TO,,Match,D432/01,the time I got to/the time I/got to/the time I arrived at/the time I/arrived at/had reached/the time I had reached/the time I/the time I 'd reached/the time I/'d reached/the time (that) I reached/the time (that) I/reached
300004214300864,TELEVID5562_1_SCANNER12,GR118754362813127687300004214300864,02/06/2025,18/05/2025,6281312768,GR118,Greek,GR,7543,7,B,0.8357,C,,NoMatch,D432/01,B
300004214300891,TELEVID5562_1_SCANNER12,GR1188215628131276821300004214300891,02/06/2025,18/05/2025,6281312768,GR118,Greek,GR,8215,21,VALUABLE,0.8378,VALUABLE,,Match,D432/01,valuable/invaluable
300004214300891,TELEVID5562_1_SCANNER12,GR1188215628131276826300004214300891,02/06/2025,18/05/2025,6281312768,GR118,Greek,GR,8215,26,WISH MY ELBOW WOULD NOT,0.8266,WISH MY ELBOW WOULD NOT,,Match,D432/01,wish my elbow/[didn't/did not]/wish my elbow [didn't/did not]
300004214300937,TELEVID5562_1_SCANNER12,GR1188261628131276813300004214300937,02/06/2025,18/05/2025,6281312768,GR118,Greek,GR,8261,13,WITH,0.8445,WITH,,Match,D432/01,with
300004297900264,TELEVID5840_SCANNER12,TR0030269638961792234300004297900264,05/06/2025,31/05/2025,6389617922,TR003,Turkic,TR,269,34,B,0.8314,B,,Match,D432/01,D
300004304000258,TELEVID5848_SCANNER12,TR003025263896179227300004304000258,06/06/2025,31/05/2025,6389617922,TR003,Turkic,TR,252,7,--impossible--,0.8443,C,,NoMatch,D432/01,C
300004304000262,TELEVID5848_SCANNER12,TR0030256638961792227300004304000262,06/06/2025,31/05/2025,6389617922,TR003,Turkic,TR,256,27,BELIVED THEY ARE,0.8283,BELIVCO THEY ARE,,NoMatch,D432/01,are believed to be/are believed/to be
300004304000263,TELEVID5848_SCANNER12,TR0030257638961792228300004304000263,06/06/2025,31/05/2025,6389617922,TR003,Turkic,TR,257,28,'S CONFIDENT ABOUT,0.8355,'S CONFIDENT ABOUT,,Match,D432/01,was confident (that) we would/was confident/(that) we would/was confident (that) we'd/was confident/(that) we'd/was confident (that) we could/was confident/(that) we could/felt confident (that) we would/felt confident/(that) we would/felt confident (that) we'd/felt confident/(that) we'd/felt confident (that) we could/felt confident/(that) we could
300004304000263,TELEVID5848_SCANNER12,TR0030257638961792232300004304000263,06/06/2025,31/05/2025,6389617922,TR003,Turkic,TR,257,32,C,0.83,C,,Match,D432/01,C
300004304700524,TELEVID5849_SCANNER12,TR003010663896179221300004304700524,06/06/2025,31/05/2025,6389617922,TR003,Turkic,TR,106,1,A,0.8449,A,,Match,D432/01,D
300004345900722,TELEVID5879_SCANNER13,TR0221077638961792228300004345900722,09/06/2025,31/05/2025,6389617922,TR022,Turkic,TR,1077,28,IS CONFIDENT ABOUT,0.8133,IS CONFIDENT ABOUT,,Match,D432/01,was confident (that) we would/was confident/(that) we would/was confident (that) we'd/was confident/(that) we'd/was confident (that) we could/was confident/(that) we could/felt confident (that) we would/felt confident/(that) we would/felt confident (that) we'd/felt confident/(that) we'd/felt confident (that) we could/felt confident/(that) we could
300004345900727,TELEVID5879_SCANNER13,TR0221082638961792213300004345900727,09/06/2025,31/05/2025,6389617922,TR022,Turkic,TR,1082,13,IT,0.8483,IT,,Match,D432/01,It
300004386200809,TELEVID5985_SCANNER12,TR0030061638961792215300004386200809,12/06/2025,31/05/2025,6389617922,TR003,Turkic,TR,61,15,NOT,0.8252,NOTF,,NoMatch,D432/01,not
300004386200810,TELEVID5985_SCANNER12,TR0030062638961792224300004386200810,12/06/2025,31/05/2025,6389617922,TR003,Turkic,TR,62,24,PARTICIPATE,0.8185,PARTICIPATE,,Match,D432/01,participant
300004392200805,televid6010_SCANNER13,GR1186117258931172925300004392200805,12/06/2025,07/06/2025,2589311729,GR118,Greek,GR,6117,25,IS NOT GOOD PREVENTED FOR,0.8448,15 NOT GOOD PREVENTED FOR,,NoMatch,D432/01,prevented me (from) taking/prevented me/(from) taking
300004393100072,TELEVID6001_SCANNER13,TR0201029638961792229300004393100072,12/06/2025,31/05/2025,6389617922,TR020,Turkic,TR,1029,29,SO MHCH NOISE,0.8496,50 MATCH NOISE,,NoMatch,D432/01,such a noisy party/such/a noisy party
300004393100078,TELEVID6001_SCANNER13,TR0201035638961792235300004393100078,12/06/2025,31/05/2025,6389617922,TR020,Turkic,TR,1035,35,B,0.8426,B,,Match,D432/01,B
300004393100122,TELEVID6001_SCANNER13,TR020106163896179224300004393100122,12/06/2025,31/05/2025,6389617922,TR020,Turkic,TR,1061,4,B,0.8059,B,,Match,D432/01,A
300004393100143,TELEVID6001_SCANNER13,TR0201025638961792213300004393100143,12/06/2025,31/05/2025,6389617922,TR020,Turkic,TR,1025,13,IT,0.8184,IT,,Match,D432/01,It
300004394700278,TELEVID5990_SCANNER12,GR1180032258931172928300004394700278,12/06/2025,07/06/2025,2589311729,GR118,Greek,GR,32,28,COUNT ON HER BEST FRIEND,0.8394,COUNT ON HER BEST FRIEND,,Match,D432/01,count on her (best) friend/count on/her (best) friend
300004394900005,TELEVID5999_SCANNER13,GR1186301258931172926300004394900005,12/06/2025,07/06/2025,2589311729,GR118,Greek,GR,6301,26,LOOKED UNFAMILIAR TO,0.8017,LOOKED INFANTILIAR TO,,NoMatch,D432/01,(there) were unfamiliar to/(there) were unfamiliar/to/(there) seemed unfamiliar to/(there) seemed unfamiliar/to/(there) looked unfamiliar to/(there) looked unfamiliar/to/(there) appeared unfamiliar to/(there) appeared unfamiliar/to
300004468900194,TELEVID6111_SCANNER12,TR0030050638961792221300004468900194,17/06/2025,31/05/2025,6389617922,TR003,Turkic,TR,50,21,DIFFICULTY,0.8238,DIFFICULTY,,Match,D432/01,difficulty
300004503100023,TELEVID8008_SCANNER12,TR0030007638961792213300004503100023,19/06/2025,31/05/2025,6389617922,TR003,Turkic,TR,7,13,IT,0.8266,IT,,Match,D432/01,It
300004503100025,TELEVID8008_SCANNER12,TR0030009638961792229300004503100025,19/06/2025,31/05/2025,6389617922,TR003,Turkic,TR,9,29,A NOISY PARTY,0.8171,A NOISY PARTY,,Match,D432/01,such a noisy party/such/a noisy party
300004503100026,TELEVID8008_SCANNER12,TR0030010638961792219300004503100026,19/06/2025,31/05/2025,6389617922,TR003,Turkic,TR,10,19,PROBLEMIC,0.8003,PROBLEMIC,,Match,D432/01,problematical/problematic
300004504500765,TELEVID8006_SCANNER12,TR0030122638961792213300004504500765,19/06/2025,31/05/2025,6389617922,TR003,Turkic,TR,122,13,IT,0.8088,IT,,Match,D432/01,It
300004504500767,TELEVID8006_SCANNER12,TR0030124638961792225300004504500767,19/06/2025,31/05/2025,6389617922,TR003,Turkic,TR,124,25,IS THAT MUCH TALL TO,0.8271,IS THAT MUCH TALL TO,,Match,D432/01,is tall enough to/is/tall enough to/is sufficiently tall to/is/sufficiently tall to
300004504500816,TELEVID8006_SCANNER12,TR003022563896179223300004504500816,19/06/2025,31/05/2025,6389617922,TR003,Turkic,TR,225,3,A,0.8148,"A, B",,NoMatch,D432/01,B
300004504500816,TELEVID8006_SCANNER12,TR0030225638961792219300004504500816,19/06/2025,31/05/2025,6389617922,TR003,Turkic,TR,225,19,PROBLEMATIC,0.8152,PROBLEMATIC,,Match,D432/01,problematical/problematic
300004504500816,TELEVID8006_SCANNER12,TR0030225638961792226300004504500816,19/06/2025,31/05/2025,6389617922,TR003,Turkic,TR,225,26,TO TAKE CARE OF,0.8268,TO TAKE CARE OF,,Match,D432/01,for taking/for taking care of/care of
300004504500824,TELEVID8006_SCANNER12,TR003023363896179229300004504500824,19/06/2025,31/05/2025,6389617922,TR003,Turkic,TR,233,9,ONE,0.8142,ONE,,Match,D432/01,One
300004504500824,TELEVID8006_SCANNER12,TR0030233638961792219300004504500824,19/06/2025,31/05/2025,6389617922,TR003,Turkic,TR,233,19,PROBLEMATIC,0.8477,PROBLEMATIC,,Match,D432/01,problematical/problematic
300004504500827,TELEVID8006_SCANNER12,TR0030236638961792222300004504500827,19/06/2025,31/05/2025,6389617922,TR003,Turkic,TR,236,22,ENABLING,0.8411,ENOBLING,,NoMatch,D432/01,unable
300004504500830,TELEVID8006_SCANNER12,TR0030239638961792225300004504500830,19/06/2025,31/05/2025,6389617922,TR003,Turkic,TR,239,25,ARE TALL TO,0.8231,ARE TALL TO,,Match,D432/01,is tall enough to/is/tall enough to/is sufficiently tall to/is/sufficiently tall to
300004504500853,TELEVID8006_SCANNER12,TR003332638961792250300004504500853,19/06/2025,31/05/2025,6389617922,TR003,Turkic,TR,332,50,A,0.8168,A,,Match,D432/01,A
300004504500856,TELEVID8006_SCANNER12,TR0030209638961792225300004504500856,19/06/2025,31/05/2025,6389617922,TR003,Turkic,TR,209,25,IS ENOUGH TALL TO,0.8288,15 ENOUGH TALL TO,,NoMatch,D432/01,is tall enough to/is/tall enough to/is sufficiently tall to/is/sufficiently tall to
300004504500863,TELEVID8006_SCANNER12,TR0030216638961792219300004504500863,19/06/2025,31/05/2025,6389617922,TR003,Turkic,TR,216,19,PROBLEMATIC,0.8251,PROBLEMATIC,,Match,D432/01,problematical/problematic
300004504500870,TELEVID8006_SCANNER12,TR0030223638961792215300004504500870,19/06/2025,31/05/2025,6389617922,TR003,Turkic,TR,223,15,NOT,0.8052,NOF,,NoMatch,D432/01,not
300004504900360,TELEVID6102_SCANNER12,GE0020016258931172930300004504900360,19/06/2025,07/06/2025,2589311729,GE002,Others,GE,16,30,WHETHER MY TEACHER ACCEPTS,0.8302,WHETHER MY TEACHER HCC EPTS,,NoMatch,D432/01,whether my teacher is in/whether my teacher/is in/whether my teacher 's in/whether my teacher/'s in
300004504900363,TELEVID6102_SCANNER12,GE002001925893117294300004504900363,19/06/2025,07/06/2025,2589311729,GE002,Others,GE,19,4,--impossible--,0.8155,C,,NoMatch,D432/01,B
300004504900364,TELEVID6102_SCANNER12,GE002002025893117294300004504900364,19/06/2025,07/06/2025,2589311729,GE002,Others,GE,20,4,B,0.8441,B,,Match,D432/01,B
300004504900367,TELEVID6102_SCANNER12,GE002002325893117294300004504900367,19/06/2025,07/06/2025,2589311729,GE002,Others,GE,23,4,B,0.8019,B,,Match,D432/01,B
300004504900370,TELEVID6102_SCANNER12,GE0020026258931172921300004504900370,19/06/2025,07/06/2025,2589311729,GE002,Others,GE,26,21,CLOSEST,0.8024,CLOSEST,,Match,D432/01,closest
300004556900374,TELEVID8211_SCANNER13,ES4520005727712576830300004556900374,24/06/2025,21/06/2025,7277125768,ES452,Romance,ES,5,30,WISH I DIDN'T TOLD,0.8125,WISH I DIDN'T TOLD,,Match,D432/01,wish I had not told/wish I had not/told/wish I hadn't told/wish I hadn't/told/wish I'd not told/wish I'd not/told/wish I had not informed/wish I had not/informed/wish I hadn't informed/wish I hadn't/informed/wish I'd not informed/wish I'd not/informed/wish I had never told/wish I had never/told/wish I'd never told/wish I'd never/told/wish I had never informed/wish I had never/informed/wish I'd never informed/wish I'd never/informed
300004556900479,TELEVID8211_SCANNER13,ES0984045727712576830300004556900479,24/06/2025,21/06/2025,7277125768,ES098,Romance,ES,4045,30,WISH NOT TELLING,0.805,WISH NOT TELLING,,Match,D432/01,wish I had not told/wish I had not/told/wish I hadn't told/wish I hadn't/told/wish I'd not told/wish I'd not/told/wish I had not informed/wish I had not/informed/wish I hadn't informed/wish I hadn't/informed/wish I'd not informed/wish I'd not/informed/wish I had never told/wish I had never/told/wish I'd never told/wish I'd never/told/wish I had never informed/wish I had never/informed/wish I'd never informed/wish I'd never/informed
300004557000231,TELEVID8223_SCANNER12,ES0984104727712576827300004557000231,24/06/2025,21/06/2025,7277125768,ES098,Romance,ES,4104,27,TO AVOID GEETING,0.8476,TO AVOID GEETING,,Match,D432/01,to AVOID (us) [getting/being]/to AVOID/(us) [getting/being]
300004557900428,TELEVID8213_SCANNER13,ES3830347727712576817300004557900428,24/06/2025,21/06/2025,7277125768,ES383,Romance,ES,347,17,WILDY,0.8262,WILDY,,Match,D432/01,widen
300004558300083,TELEVID8224_SCANNER12,ES283000472771257681300004558300083,24/06/2025,21/06/2025,7277125768,ES283,Romance,ES,4,1,B,0.8331,B,,Match,D432/01,D
300004559800403,TELEVID8226_SCANNER13,PL0041009727712576826300004559800403,25/06/2025,21/06/2025,7277125768,PL004,Slavic,PL,1009,26,AS GOOD AT CHESS,0.8287,AS GOOD AT THESS,,NoMatch,D432/01,as good at (playing) chess/as good/at (playing) chess/so good at (playing) chess/so good/at (playing) chess/as good a chess player/as good/a chess player/so good a chess player/so good/a chess player
300004559800411,TELEVID8226_SCANNER13,PL0041017727712576811300004559800411,25/06/2025,21/06/2025,7277125768,PL004,Slavic,PL,1017,11,SOMETHING,0.816,SOMETHING,,Match,D432/01,something/anything
300004559800457,TELEVID8226_SCANNER13,PL0041063727712576821300004559800457,25/06/2025,21/06/2025,7277125768,PL004,Slavic,PL,1063,21,SIGNIFICIENTLY,0.8463,SIGNIFICIENTLY,,Match,D432/01,Significantly
300004560100329,TELEVID8225_SCANNER13,ES0200029727712576812300004560100329,25/06/2025,21/06/2025,7277125768,ES020,Romance,ES,29,12,ALMOST,0.8079,ALMOST,,Match,D432/01,when
300004560100329,TELEVID8225_SCANNER13,ES0200029727712576824300004560100329,25/06/2025,21/06/2025,7277125768,ES020,Romance,ES,29,24,UNVIRUS,0.8001,UNVIRUS,,Match,D432/01,viral
300004560100342,TELEVID8225_SCANNER13,ES0200042727712576830300004560100342,25/06/2025,21/06/2025,7277125768,ES020,Romance,ES,42,30,WISH I TOLD,0.8282,WISH 1 TOLD,,NoMatch,D432/01,wish I had not told/wish I had not/told/wish I hadn't told/wish I hadn't/told/wish I'd not told/wish I'd not/told/wish I had not informed/wish I had not/informed/wish I hadn't informed/wish I hadn't/informed/wish I'd not informed/wish I'd not/informed/wish I had never told/wish I had never/told/wish I'd never told/wish I'd never/told/wish I had never informed/wish I had never/informed/wish I'd never informed/wish I'd never/informed
300004560100423,TELEVID8225_SCANNER13,ES0200123727712576821300004560100423,25/06/2025,21/06/2025,7277125768,ES020,Romance,ES,123,21,SIGNIFICANLY,0.8315,SIGNIFICANLY,,Match,D432/01,Significantly
300004560100423,TELEVID8225_SCANNER13,ES0200123727712576825300004560100423,25/06/2025,21/06/2025,7277125768,ES020,Romance,ES,123,25,NOT THE INTENTION TO HIT,0.814,NCT THE INTENTION TO HIT,,NoMatch,D432/01,(absolutely) no intention of hitting/(absolutely) no intention/of hitting
300004560100437,TELEVID8225_SCANNER13,ES0200137727712576814300004560100437,25/06/2025,21/06/2025,7277125768,ES020,Romance,ES,137,14,IF,0.8206,1F,,NoMatch,D432/01,though/if
300004560100437,TELEVID8225_SCANNER13,ES0200137727712576829300004560100437,25/06/2025,21/06/2025,7277125768,ES020,Romance,ES,137,29,NOT BE BROUGHT,0.8128,NOT BE BROUGHT,,Match,D432/01,never be brought/never/be brought/not (ever) be brought/not (ever)/be brought/n't (ever) be brought/n't (ever)/be brought
300004560100441,TELEVID8225_SCANNER13,ES0200141727712576818300004560100441,25/06/2025,21/06/2025,7277125768,ES020,Romance,ES,141,18,THIRD,0.8144,THIRD,,Match,D432/01,third
300004560100545,TELEVID8225_SCANNER13,ES3830225727712576830300004560100545,25/06/2025,21/06/2025,7277125768,ES383,Romance,ES,225,30,WISH I HADN'T TOLD,0.8292,WISH I HAPPY TOLD,,NoMatch,D432/01,wish I had not told/wish I had not/told/wish I hadn't told/wish I hadn't/told/wish I'd not told/wish I'd not/told/wish I had not informed/wish I had not/informed/wish I hadn't informed/wish I hadn't/informed/wish I'd not informed/wish I'd not/informed/wish I had never told/wish I had never/told/wish I'd never told/wish I'd never/told/wish I had never informed/wish I had never/informed/wish I'd never informed/wish I'd never/informed
300004560100583,TELEVID8225_SCANNER13,ES3830098727712576828300004560100583,25/06/2025,21/06/2025,7277125768,ES383,Romance,ES,98,28,MAKES IMPOSIBLE FOR,0.812,MAKES IMPOSIBLE FOR,,Match,D432/01,made it impossible for/made it/impossible for/meant it was/meant it was impossible for/impossible for
300004561500507,TELEVID8218_SCANNER13,ES0200177727712576812300004561500507,25/06/2025,21/06/2025,7277125768,ES020,Romance,ES,177,12,WHEN,0.8195,WHEN,,Match,D432/01,when
300004561500548,TELEVID8218_SCANNER13,ES020020072771257684300004561500548,25/06/2025,21/06/2025,7277125768,ES020,Romance,ES,200,4,B,0.8162,B,,Match,D432/01,B
300004561500548,TELEVID8218_SCANNER13,ES0200200727712576824300004561500548,25/06/2025,21/06/2025,7277125768,ES020,Romance,ES,200,24,VIRUSED,0.8423,VIRUSED,,Match,D432/01,viral
300004561500548,TELEVID8218_SCANNER13,ES0200200727712576830300004561500548,25/06/2025,21/06/2025,7277125768,ES020,Romance,ES,200,30,WISH I HAD TOLD,0.8412,WISH I HAD TOLD,,Match,D432/01,wish I had not told/wish I had not/told/wish I hadn't told/wish I hadn't/told/wish I'd not told/wish I'd not/told/wish I had not informed/wish I had not/informed/wish I hadn't informed/wish I hadn't/informed/wish I'd not informed/wish I'd not/informed/wish I had never told/wish I had never/told/wish I'd never told/wish I'd never/told/wish I had never informed/wish I had never/informed/wish I'd never informed/wish I'd never/informed
300004561700517,TELEVID8240_SCANNER13,IT111000472771257681300004561700517,25/06/2025,21/06/2025,7277125768,IT111,Romance,IT,4,1,B,0.8493,B,,Match,D432/01,D
300004561700518,TELEVID8240_SCANNER13,IT111000572771257684300004561700518,25/06/2025,21/06/2025,7277125768,IT111,Romance,IT,5,4,B,0.818,B,,Match,D432/01,B
300004561700518,TELEVID8240_SCANNER13,IT1110005727712576818300004561700518,25/06/2025,21/06/2025,7277125768,IT111,Romance,IT,5,18,THIRD,0.8156,SHIRD,,NoMatch,D432/01,third
300004561700519,TELEVID8240_SCANNER13,IT1110006727712576828300004561700519,25/06/2025,21/06/2025,7277125768,IT111,Romance,IT,6,28,MAKE IMPOSSIBLE TO,0.8285,MAKE IMPOSSIBLE TO,,Match,D432/01,made it impossible for/made it/impossible for/meant it was/meant it was impossible for/impossible for
300004561900245,TELEVID8241_SCANNER13,ES460022072771257684300004561900245,25/06/2025,21/06/2025,7277125768,ES460,Romance,ES,220,4,B,0.8419,B,,Match,D432/01,B
300004570600086,TELEVID8264_SCANNER13,DE299535572771257684300004570600086,25/06/2025,21/06/2025,7277125768,DE299,Germanic,DE,5355,4,B,0.8323,B,,Match,D432/01,B
300004571000241,TELEVID8255_SCANNER12,ES2910274727712576834300004571000241,25/06/2025,21/06/2025,7277125768,ES291,Romance,ES,274,34,B,0.8258,B,,Match,D432/01,D
300004571000334,TELEVID8255_SCANNER12,ES2910157727712576810300004571000334,25/06/2025,21/06/2025,7277125768,ES291,Romance,ES,157,10,IT,0.8075,IT,,Match,D432/01,having
300004571000374,TELEVID8255_SCANNER12,IT017601572771257687300004571000374,25/06/2025,21/06/2025,7277125768,IT017,Romance,IT,6015,7,A,0.8385,A,,Match,D432/01,C
300004571000374,TELEVID8255_SCANNER12,IT0176015727712576811300004571000374,25/06/2025,21/06/2025,7277125768,IT017,Romance,IT,6015,11,IT,0.846,IT,,Match,D432/01,something/anything
300004571000486,TELEVID8255_SCANNER12,ES291032272771257684300004571000486,25/06/2025,21/06/2025,7277125768,ES291,Romance,ES,322,4,B,0.8026,B,,Match,D432/01,B
300004571100250,TELEVID8250_SCANNER13,IT2404025727712576828300004571100250,25/06/2025,21/06/2025,7277125768,IT240,Romance,IT,4025,28,IS MAKING IMPOSSIBLE TO,0.8184,IS MANING IMPOSSIBLE TO,,NoMatch,D432/01,made it impossible for/made it/impossible for/meant it was/meant it was impossible for/impossible for
300004571100978,TELEVID8250_SCANNER13,ES0720146727712576823300004571100978,25/06/2025,21/06/2025,7277125768,ES072,Romance,ES,146,23,APPEREANCE,0.8412,APPEREANCE,,Match,D432/01,appearance
300004571100978,TELEVID8250_SCANNER13,ES0720146727712576829300004571100978,25/06/2025,21/06/2025,7277125768,ES072,Romance,ES,146,29,NOT BEING BROUGHT,0.8284,NOT BEING BROUGHT,,Match,D432/01,never be brought/never/be brought/not (ever) be brought/not (ever)/be brought/n't (ever) be brought/n't (ever)/be brought
300004571101002,TELEVID8250_SCANNER13,ES072017172771257686300004571101002,25/06/2025,21/06/2025,7277125768,ES072,Romance,ES,171,6,D,0.8425,D,,Match,D432/01,A
300004571500068,TELEVID8258_SCANNER13,IT2404031727712576814300004571500068,25/06/2025,21/06/2025,7277125768,IT240,Romance,IT,4031,14,IF,0.8193,1F,,NoMatch,D432/01,though/if
300004571500070,TELEVID8258_SCANNER13,IT2404033727712576814300004571500070,25/06/2025,21/06/2025,7277125768,IT240,Romance,IT,4033,14,IF,0.8072,IF,,Match,D432/01,though/if
300004571500073,TELEVID8258_SCANNER13,IT2404036727712576820300004571500073,25/06/2025,21/06/2025,7277125768,IT240,Romance,IT,4036,20,COVER,0.839,COLER,,NoMatch,D432/01,uncover
300004571500073,TELEVID8258_SCANNER13,IT2404036727712576825300004571500073,25/06/2025,21/06/2025,7277125768,IT240,Romance,IT,4036,25,NO INTENTION OF HITTING,0.8004,NO INTENTION OF HITTING,,Match,D432/01,(absolutely) no intention of hitting/(absolutely) no intention/of hitting
300004571500076,TELEVID8258_SCANNER13,IT2404039727712576814300004571500076,25/06/2025,21/06/2025,7277125768,IT240,Romance,IT,4039,14,IF,0.8169,IF,,Match,D432/01,though/if
300004571500438,TELEVID8258_SCANNER13,ES4230026727712576827300004571500438,25/06/2025,21/06/2025,7277125768,ES423,Romance,ES,26,27,TO AVOID GETTING,0.83,70 AVOID GETTING,,NoMatch,D432/01,to AVOID (us) [getting/being]/to AVOID/(us) [getting/being]
300004571900388,TELEVID8263_SCANNER13,ES0720327727712576828300004571900388,25/06/2025,21/06/2025,7277125768,ES072,Romance,ES,327,28,MADE IMPOSSIBLE FOR,0.8322,MADE IMPOSSIBLE FOR,,Match,D432/01,made it impossible for/made it/impossible for/meant it was/meant it was impossible for/impossible for
300004571900392,TELEVID8263_SCANNER13,ES072033172771257684300004571900392,25/06/2025,21/06/2025,7277125768,ES072,Romance,ES,331,4,B,0.8327,B,,Match,D432/01,B
300004571900392,TELEVID8263_SCANNER13,ES0720331727712576817300004571900392,25/06/2025,21/06/2025,7277125768,ES072,Romance,ES,331,17,WIDEL,0.8264,WISEL,,NoMatch,D432/01,widen
300004572100006,TELEVID8257_SCANNER12,IT303000672771257684300004572100006,25/06/2025,21/06/2025,7277125768,IT303,Romance,IT,6,4,B,0.8403,B,,Match,D432/01,B
300004572100006,TELEVID8257_SCANNER12,IT3030006727712576830300004572100006,25/06/2025,21/06/2025,7277125768,IT303,Romance,IT,6,30,WISH I DIDN'T TELL,0.8271,WISH I DIDN'T TELL,,Match,D432/01,wish I had not told/wish I had not/told/wish I hadn't told/wish I hadn't/told/wish I'd not told/wish I'd not/told/wish I had not informed/wish I had not/informed/wish I hadn't informed/wish I hadn't/informed/wish I'd not informed/wish I'd not/informed/wish I had never told/wish I had never/told/wish I'd never told/wish I'd never/told/wish I had never informed/wish I had never/informed/wish I'd never informed/wish I'd never/informed
300004572100007,TELEVID8257_SCANNER12,IT3030007727712576830300004572100007,25/06/2025,21/06/2025,7277125768,IT303,Romance,IT,7,30,WISH I HADN'T TOLD,0.824,WISH I HADN'T TOLD,,Match,D432/01,wish I had not told/wish I had not/told/wish I hadn't told/wish I hadn't/told/wish I'd not told/wish I'd not/told/wish I had not informed/wish I had not/informed/wish I hadn't informed/wish I hadn't/informed/wish I'd not informed/wish I'd not/informed/wish I had never told/wish I had never/told/wish I'd never told/wish I'd never/told/wish I had never informed/wish I had never/informed/wish I'd never informed/wish I'd never/informed
300004572100010,TELEVID8257_SCANNER12,IT3030010727712576827300004572100010,25/06/2025,21/06/2025,7277125768,IT303,Romance,IT,10,27,NOT TO BE AVOID TO,0.8086,NOT TO BE AUCID TO,,NoMatch,D432/01,to AVOID (us) [getting/being]/to AVOID/(us) [getting/being]
300004572100010,TELEVID8257_SCANNER12,IT3030010727712576834300004572100010,25/06/2025,21/06/2025,7277125768,IT303,Romance,IT,10,34,B,0.809,B,,Match,D432/01,D
300004572100015,TELEVID8257_SCANNER12,IT3030016727712576830300004572100015,25/06/2025,21/06/2025,7277125768,IT303,Romance,IT,16,30,WISH I HADN'T TOLD,0.8248,WISH I HADN'T TOLD,,Match,D432/01,wish I had not told/wish I had not/told/wish I hadn't told/wish I hadn't/told/wish I'd not told/wish I'd not/told/wish I had not informed/wish I had not/informed/wish I hadn't informed/wish I hadn't/informed/wish I'd not informed/wish I'd not/informed/wish I had never told/wish I had never/told/wish I'd never told/wish I'd never/told/wish I had never informed/wish I had never/informed/wish I'd never informed/wish I'd never/informed
300004572100020,TELEVID8257_SCANNER12,IT3030021727712576834300004572100020,25/06/2025,21/06/2025,7277125768,IT303,Romance,IT,21,34,B,0.8395,B,,Match,D432/01,D
300004572100024,TELEVID8257_SCANNER12,IT303002572771257684300004572100024,25/06/2025,21/06/2025,7277125768,IT303,Romance,IT,25,4,B,0.8303,B,,Match,D432/01,B
300004572100027,TELEVID8257_SCANNER12,IT3030028727712576814300004572100027,25/06/2025,21/06/2025,7277125768,IT303,Romance,IT,28,14,IF,0.8175,1F,,NoMatch,D432/01,though/if
300004572100028,TELEVID8257_SCANNER12,IT3030029727712576847300004572100028,25/06/2025,21/06/2025,7277125768,IT303,Romance,IT,29,47,A,0.8353,--blank--,,NoMatch,D432/01,A
300004572100029,TELEVID8257_SCANNER12,IT3030030727712576814300004572100029,25/06/2025,21/06/2025,7277125768,IT303,Romance,IT,30,14,IF,0.8058,1F,,NoMatch,D432/01,though/if
300004572100360,TELEVID8257_SCANNER12,ES0720347727712576827300004572100360,25/06/2025,21/06/2025,7277125768,ES072,Romance,ES,347,27,TO AVOID BEING,0.8082,TO AVOID BEING,,Match,D432/01,to AVOID (us) [getting/being]/to AVOID/(us) [getting/being]
300004572100367,TELEVID8257_SCANNER12,ES0720354727712576821300004572100367,25/06/2025,21/06/2025,7277125768,ES072,Romance,ES,354,21,SIGNIFICALY,0.8469,SIGNIFICALY,,Match,D432/01,Significantly
300004572300780,TELEVID8254_SCANNER13,IT2404052727712576827300004572300780,25/06/2025,21/06/2025,7277125768,IT240,Romance,IT,4052,27,TO AVOID TO BE,0.8028,TO AVOID TO BE,,Match,D432/01,to AVOID (us) [getting/being]/to AVOID/(us) [getting/being]
300004572300825,TELEVID8254_SCANNER13,ES072023472771257683300004572300825,25/06/2025,21/06/2025,7277125768,ES072,Romance,ES,234,3,C,0.8046,C,,Match,D432/01,C
300004572300860,TELEVID8254_SCANNER13,ES0720269727712576829300004572300860,25/06/2025,21/06/2025,7277125768,ES072,Romance,ES,269,29,NOT BE BROUGHT,0.8153,NOT PE BROUGHT,,NoMatch,D432/01,never be brought/never/be brought/not (ever) be brought/not (ever)/be brought/n't (ever) be brought/n't (ever)/be brought
300004572300881,TELEVID8254_SCANNER13,ES0720290727712576822300004572300881,25/06/2025,21/06/2025,7277125768,ES072,Romance,ES,290,22,DISLIKED,0.837,DISLIKED,,Match,D432/01,disliked
300004572500628,TELEVID8253_SCANNER13,ES3780053727712576817300004572500628,25/06/2025,21/06/2025,7277125768,ES378,Romance,ES,53,17,WIDED,0.8017,WIDED,,Match,D432/01,widen
300004572800355,TELEVID8247_SCANNER12,PL2770115727712576811300004572800355,25/06/2025,21/06/2025,7277125768,PL277,Slavic,PL,115,11,IT,0.8189,IT,,Match,D432/01,something/anything
300004572800356,TELEVID8247_SCANNER12,PL2770116727712576828300004572800356,25/06/2025,21/06/2025,7277125768,PL277,Slavic,PL,116,28,MADE IT IMPOSSIBLE FOR,0.8064,MODE IT IMPOSSIBLE FOR,,NoMatch,D432/01,made it impossible for/made it/impossible for/meant it was/meant it was impossible for/impossible for
300004573100296,TELEVID8251_SCANNER12,ES7500020727712576818300004573100296,25/06/2025,21/06/2025,7277125768,ES750,Romance,ES,20,18,THIRD,0.8277,THIRD,,Match,D432/01,third
300004573300010,TELEVID8262_SCANNER12,IT2404010727712576828300004573300010,25/06/2025,21/06/2025,7277125768,IT240,Romance,IT,4010,28,IS IMPOSSIBLE CONCENTRATE,0.8247,15 IMPOSSIBLE CONCENTRATE,,NoMatch,D432/01,made it impossible for/made it/impossible for/meant it was/meant it was impossible for/impossible for
300004573300010,TELEVID8262_SCANNER12,IT2404010727712576830300004573300010,25/06/2025,21/06/2025,7277125768,IT240,Romance,IT,4010,30,WISH TO REGRET,0.8402,MSH TO REGRET,,NoMatch,D432/01,wish I had not told/wish I had not/told/wish I hadn't told/wish I hadn't/told/wish I'd not told/wish I'd not/told/wish I had not informed/wish I had not/informed/wish I hadn't informed/wish I hadn't/informed/wish I'd not informed/wish I'd not/informed/wish I had never told/wish I had never/told/wish I'd never told/wish I'd never/told/wish I had never informed/wish I had never/informed/wish I'd never informed/wish I'd never/informed
300004573300011,TELEVID8262_SCANNER12,IT240401172771257687300004573300011,25/06/2025,21/06/2025,7277125768,IT240,Romance,IT,4011,7,B,0.8058,C,,NoMatch,D432/01,C
300004573300011,TELEVID8262_SCANNER12,IT2404011727712576825300004573300011,25/06/2025,21/06/2025,7277125768,IT240,Romance,IT,4011,25,NO INTENTION OF HIT,0.8373,NO INTENTION OF HIT,,Match,D432/01,(absolutely) no intention of hitting/(absolutely) no intention/of hitting
300004573300011,TELEVID8262_SCANNER12,IT2404011727712576827300004573300011,25/06/2025,21/06/2025,7277125768,IT240,Romance,IT,4011,27,TO AVOID TO GET,0.8454,TO AVOID TO GET,,Match,D432/01,to AVOID (us) [getting/being]/to AVOID/(us) [getting/being]
300004573300012,TELEVID8262_SCANNER12,IT240401272771257686300004573300012,25/06/2025,21/06/2025,7277125768,IT240,Romance,IT,4012,6,A,0.845,A,,Match,D432/01,A
300004573300015,TELEVID8262_SCANNER12,IT2404015727712576833300004573300015,25/06/2025,21/06/2025,7277125768,IT240,Romance,IT,4015,33,D,0.8383,D,,Match,D432/01,D
300004573300023,TELEVID8262_SCANNER12,IT240402372771257684300004573300023,25/06/2025,21/06/2025,7277125768,IT240,Romance,IT,4023,4,B,0.8104,B,,Match,D432/01,B
300004573700681,TELEVID8256_SCANNER12,ES2910413727712576811300004573700681,25/06/2025,21/06/2025,7277125768,ES291,Romance,ES,413,11,BE,0.8469,BE,,Match,D432/01,something/anything
300004574100539,TELEVID8259_SCANNER13,IT0176027727712576818300004574100539,25/06/2025,21/06/2025,7277125768,IT017,Romance,IT,6027,18,THIRD,0.8336,THIRD,,Match,D432/01,third
300004574100540,TELEVID8259_SCANNER13,IT0176028727712576830300004574100540,25/06/2025,21/06/2025,7277125768,IT017,Romance,IT,6028,30,WISH I DIDN'T TELL,0.8459,WISH DIDN'T TELL,,NoMatch,D432/01,wish I had not told/wish I had not/told/wish I hadn't told/wish I hadn't/told/wish I'd not told/wish I'd not/told/wish I had not informed/wish I had not/informed/wish I hadn't informed/wish I hadn't/informed/wish I'd not informed/wish I'd not/informed/wish I had never told/wish I had never/told/wish I'd never told/wish I'd never/told/wish I had never informed/wish I had never/informed/wish I'd never informed/wish I'd never/informed
300004574700346,TELEVID8261_SCANNER13,ES3010126727712576823300004574700346,25/06/2025,21/06/2025,7277125768,ES301,Romance,ES,126,23,APPEARANCE,0.8405,APPEAFANCE,,NoMatch,D432/01,appearance
300004574700356,TELEVID8261_SCANNER13,ES3010136727712576828300004574700356,25/06/2025,21/06/2025,7277125768,ES301,Romance,ES,136,28,HAD MADE IMPOSSIBLE,0.8101,HAD MADE IMPOSSIBLE,,Match,D432/01,made it impossible for/made it/impossible for/meant it was/meant it was impossible for/impossible for
300004574700365,TELEVID8261_SCANNER13,ES3010145727712576830300004574700365,25/06/2025,21/06/2025,7277125768,ES301,Romance,ES,145,30,WISH I HAD TELL,0.8353,WISH / HAD TELL,,NoMatch,D432/01,wish I had not told/wish I had not/told/wish I hadn't told/wish I hadn't/told/wish I'd not told/wish I'd not/told/wish I had not informed/wish I had not/informed/wish I hadn't informed/wish I hadn't/informed/wish I'd not informed/wish I'd not/informed/wish I had never told/wish I had never/told/wish I'd never told/wish I'd never/told/wish I had never informed/wish I had never/informed/wish I'd never informed/wish I'd never/informed
300004574700379,TELEVID8261_SCANNER13,ES301015972771257684300004574700379,25/06/2025,21/06/2025,7277125768,ES301,Romance,ES,159,4,B,0.8084,B,,Match,D432/01,B
300004574700729,TELEVID8261_SCANNER13,ES2910386727712576830300004574700729,25/06/2025,21/06/2025,7277125768,ES291,Romance,ES,386,30,WISH I WOULDN'T HAVE TOLD,0.8485,WISH I WOULDN'T HAVE TOLD,,Match,D432/01,wish I had not told/wish I had not/told/wish I hadn't told/wish I hadn't/told/wish I'd not told/wish I'd not/told/wish I had not informed/wish I had not/informed/wish I hadn't informed/wish I hadn't/informed/wish I'd not informed/wish I'd not/informed/wish I had never told/wish I had never/told/wish I'd never told/wish I'd never/told/wish I had never informed/wish I had never/informed/wish I'd never informed/wish I'd never/informed
300004574700729,TELEVID8261_SCANNER13,ES2910386727712576840300004574700729,25/06/2025,21/06/2025,7277125768,ES291,Romance,ES,386,40,A,0.8085,A,,Match,D432/01,A
300004575400221,TELEVID8268_SCANNER13,IT4600039727712576830300004575400221,25/06/2025,21/06/2025,7277125768,IT460,Romance,IT,39,30,WISH I DIDN'T TELL,0.8448,WISH IDIDN'T TELL,,NoMatch,D432/01,wish I had not told/wish I had not/told/wish I hadn't told/wish I hadn't/told/wish I'd not told/wish I'd not/told/wish I had not informed/wish I had not/informed/wish I hadn't informed/wish I hadn't/informed/wish I'd not informed/wish I'd not/informed/wish I had never told/wish I had never/told/wish I'd never told/wish I'd never/told/wish I had never informed/wish I had never/informed/wish I'd never informed/wish I'd never/informed
300004575400224,TELEVID8268_SCANNER13,IT4600042727712576839300004575400224,25/06/2025,21/06/2025,7277125768,IT460,Romance,IT,42,39,F,0.8424,F,,Match,D432/01,F
300004575400295,TELEVID8268_SCANNER13,IT2170002727712576821300004575400295,25/06/2025,21/06/2025,7277125768,IT217,Romance,IT,2,21,SIGNIFICANTLY,0.835,SIGNIFICANTLY,,Match,D432/01,Significantly
300004575400295,TELEVID8268_SCANNER13,IT2170002727712576827300004575400295,25/06/2025,21/06/2025,7277125768,IT217,Romance,IT,2,27,TO AVOID BEING,0.8465,TO AVOID BEING,,Match,D432/01,to AVOID (us) [getting/being]/to AVOID/(us) [getting/being]
300004575400365,TELEVID8268_SCANNER13,IT217002772771257684300004575400365,25/06/2025,21/06/2025,7277125768,IT217,Romance,IT,27,4,B,0.8193,B,,Match,D432/01,B
300004575400365,TELEVID8268_SCANNER13,IT2170027727712576828300004575400365,25/06/2025,21/06/2025,7277125768,IT217,Romance,IT,27,28,MADE IMPOSSIBLE TO,0.8037,HADE IMPOSSIBLE TO,,NoMatch,D432/01,made it impossible for/made it/impossible for/meant it was/meant it was impossible for/impossible for
300004575400365,TELEVID8268_SCANNER13,IT2170027727712576834300004575400365,25/06/2025,21/06/2025,7277125768,IT217,Romance,IT,27,34,B,0.816,B,,Match,D432/01,D
300004575400369,TELEVID8268_SCANNER13,IT2170031727712576811300004575400369,25/06/2025,21/06/2025,7277125768,IT217,Romance,IT,31,11,IS,0.8073,IS,,Match,D432/01,something/anything
300004575900527,TELEVID8274_SCANNER12,ES4380004727712576830300004575900527,25/06/2025,21/06/2025,7277125768,ES438,Romance,ES,4,30,WISH I WON'T TELL,0.8291,WISH I WON'T TELL,,Match,D432/01,wish I had not told/wish I had not/told/wish I hadn't told/wish I hadn't/told/wish I'd not told/wish I'd not/told/wish I had not informed/wish I had not/informed/wish I hadn't informed/wish I hadn't/informed/wish I'd not informed/wish I'd not/informed/wish I had never told/wish I had never/told/wish I'd never told/wish I'd never/told/wish I had never informed/wish I had never/informed/wish I'd never informed/wish I'd never/informed
300004575900608,TELEVID8274_SCANNER12,ES4380085727712576830300004575900608,25/06/2025,21/06/2025,7277125768,ES438,Romance,ES,85,30,WISH I HAD NOT TOLD,0.8413,WISH I HAD NOT TOLD,,Match,D432/01,wish I had not told/wish I had not/told/wish I hadn't told/wish I hadn't/told/wish I'd not told/wish I'd not/told/wish I had not informed/wish I had not/informed/wish I hadn't informed/wish I hadn't/informed/wish I'd not informed/wish I'd not/informed/wish I had never told/wish I had never/told/wish I'd never told/wish I'd never/told/wish I had never informed/wish I had never/informed/wish I'd never informed/wish I'd never/informed
300004575900673,TELEVID8274_SCANNER12,ES4380150727712576814300004575900673,25/06/2025,21/06/2025,7277125768,ES438,Romance,ES,150,14,IF,0.8092,1F,,NoMatch,D432/01,though/if
300004589700540,TELEVID8279_SCANNER12,CZ003104972771257683300004589700540,26/06/2025,21/06/2025,7277125768,CZ003,Slavic,CZ,1049,3,C,0.8154,B,,NoMatch,D432/01,C
300004589700540,TELEVID8279_SCANNER12,CZ0031049727712576830300004589700540,26/06/2025,21/06/2025,7277125768,CZ003,Slavic,CZ,1049,30,WISH I HAD TELL,0.8405,WISH I HAD TELL,,Match,D432/01,wish I had not told/wish I had not/told/wish I hadn't told/wish I hadn't/told/wish I'd not told/wish I'd not/told/wish I had not informed/wish I had not/informed/wish I hadn't informed/wish I hadn't/informed/wish I'd not informed/wish I'd not/informed/wish I had never told/wish I had never/told/wish I'd never told/wish I'd never/told/wish I had never informed/wish I had never/informed/wish I'd never informed/wish I'd never/informed
300004589900003,TELEVID8269_SCANNER13,CZ0190003727712576834300004589900003,26/06/2025,21/06/2025,7277125768,CZ019,Slavic,CZ,3,34,B,0.8212,B,,Match,D432/01,D
300004589900017,TELEVID8269_SCANNER13,IT310000372771257687300004589900017,26/06/2025,21/06/2025,7277125768,IT310,Romance,IT,3,7,C,0.842,C,,Match,D432/01,C
300004590100562,TELEVID8272_SCANNER12,ES2990137727712576851300004590100562,26/06/2025,21/06/2025,7277125768,ES299,Romance,ES,137,51,B,0.8473,B,,Match,D432/01,D
300004590700052,TELEVID6123_SCANNER13,LK0010183727712576827300004590700052,26/06/2025,21/06/2025,7277125768,LK001,Indo-Iranian,LK,183,27,TO AVOID BEEN,0.8458,TOHVOID BEIN,,NoMatch,D432/01,to AVOID (us) [getting/being]/to AVOID/(us) [getting/being]
300004590700056,TELEVID6123_SCANNER13,LK0010187727712576826300004590700056,26/06/2025,21/06/2025,7277125768,LK001,Indo-Iranian,LK,187,26,GOOD AT CHESS,0.8022,GOOD AT CH55,,NoMatch,D432/01,as good at (playing) chess/as good/at (playing) chess/so good at (playing) chess/so good/at (playing) chess/as good a chess player/as good/a chess player/so good a chess player/so good/a chess player
300004590700066,TELEVID6123_SCANNER13,LK0010197727712576828300004590700066,26/06/2025,21/06/2025,7277125768,LK001,Indo-Iranian,LK,197,28,MADE FEEL IMPOSSIBLE,0.8437,MADE FEEL IMPOSSIBLE,,Match,D432/01,made it impossible for/made it/impossible for/meant it was/meant it was impossible for/impossible for
300004591100116,TELEVID6134_SCANNER13,ES0656116727712576829300004591100116,26/06/2025,21/06/2025,7277125768,ES065,Romance,ES,6116,29,BROUGHT,0.8381,BROUGHT,,Match,D432/01,never be brought/never/be brought/not (ever) be brought/not (ever)/be brought/n't (ever) be brought/n't (ever)/be brought
300004591100122,TELEVID6134_SCANNER13,ES0656122727712576830300004591100122,26/06/2025,21/06/2025,7277125768,ES065,Romance,ES,6122,30,WISH TELLING,0.8449,WISH TELLING,,Match,D432/01,wish I had not told/wish I had not/told/wish I hadn't told/wish I hadn't/told/wish I'd not told/wish I'd not/told/wish I had not informed/wish I had not/informed/wish I hadn't informed/wish I hadn't/informed/wish I'd not informed/wish I'd not/informed/wish I had never told/wish I had never/told/wish I'd never told/wish I'd never/told/wish I had never informed/wish I had never/informed/wish I'd never informed/wish I'd never/informed
300004591100146,TELEVID6134_SCANNER13,ES0656146727712576828300004591100146,26/06/2025,21/06/2025,7277125768,ES065,Romance,ES,6146,28,MADE ME IMPOSSIBLE TO,0.8372,MADE ME IMPOSSIBLE TO,,Match,D432/01,made it impossible for/made it/impossible for/meant it was/meant it was impossible for/impossible for
300004591100406,TELEVID6134_SCANNER13,TN0010022727712576825300004591100406,26/06/2025,21/06/2025,7277125768,TN001,Afro-Asiatic,TN,22,25,NOT THE INTETION IN HITTING,0.8117,NOT THE INTETION IN HITTING,,Match,D432/01,(absolutely) no intention of hitting/(absolutely) no intention/of hitting
300004591100411,TELEVID6134_SCANNER13,TN0010027727712576821300004591100411,26/06/2025,21/06/2025,7277125768,TN001,Afro-Asiatic,TN,27,21,SIGNIFICNTLY,0.8347,SIGNIFICANTLY,,NoMatch,D432/01,Significantly
300004591100412,TELEVID6134_SCANNER13,TN001002872771257683300004591100412,26/06/2025,21/06/2025,7277125768,TN001,Afro-Asiatic,TN,28,3,B,0.8029,B,,Match,D432/01,C
300004591100414,TELEVID6134_SCANNER13,TN0010030727712576820300004591100414,26/06/2025,21/06/2025,7277125768,TN001,Afro-Asiatic,TN,30,20,DISCOVER,0.8069,TISCOVER,,NoMatch,D432/01,uncover
300004591100425,TELEVID6134_SCANNER13,TN0010041727712576825300004591100425,26/06/2025,21/06/2025,7277125768,TN001,Afro-Asiatic,TN,41,25,NO INTENTION TO HIT,0.8323,NO INTENTION TO HIT,,Match,D432/01,(absolutely) no intention of hitting/(absolutely) no intention/of hitting
300004591100425,TELEVID6134_SCANNER13,TN0010041727712576827300004591100425,26/06/2025,21/06/2025,7277125768,TN001,Afro-Asiatic,TN,41,27,TO AVOID BEING,0.8442,TO AVOID BEING,,Match,D432/01,to AVOID (us) [getting/being]/to AVOID/(us) [getting/being]
300004591100429,TELEVID6134_SCANNER13,TN001004572771257681300004591100429,26/06/2025,21/06/2025,7277125768,TN001,Afro-Asiatic,TN,45,1,B,0.837,B,,Match,D432/01,D
300004591100441,TELEVID6134_SCANNER13,TN0010057727712576829300004591100441,26/06/2025,21/06/2025,7277125768,TN001,Afro-Asiatic,TN,57,29,BE BROUGHT,0.8264,BE BROUGHT,,Match,D432/01,never be brought/never/be brought/not (ever) be brought/not (ever)/be brought/n't (ever) be brought/n't (ever)/be brought
300004591100450,TELEVID6134_SCANNER13,TN0010066727712576828300004591100450,26/06/2025,21/06/2025,7277125768,TN001,Afro-Asiatic,TN,66,28,MADE IT IMPOSSIBLE FOR,0.8222,MADE IT IMPOSSIBLE FOR,,Match,D432/01,made it impossible for/made it/impossible for/meant it was/meant it was impossible for/impossible for
300004591100452,TELEVID6134_SCANNER13,TN001006872771257684300004591100452,26/06/2025,21/06/2025,7277125768,TN001,Afro-Asiatic,TN,68,4,B,0.8469,B,,Match,D432/01,B
300004591100454,TELEVID6134_SCANNER13,TN001007072771257681300004591100454,26/06/2025,21/06/2025,7277125768,TN001,Afro-Asiatic,TN,70,1,A,0.8382,A,,Match,D432/01,D
300004591100454,TELEVID6134_SCANNER13,TN001007072771257683300004591100454,26/06/2025,21/06/2025,7277125768,TN001,Afro-Asiatic,TN,70,3,B,0.839,B,,Match,D432/01,C
300004591100454,TELEVID6134_SCANNER13,TN0010070727712576834300004591100454,26/06/2025,21/06/2025,7277125768,TN001,Afro-Asiatic,TN,70,34,B,0.814,B,,Match,D432/01,D
300004591100455,TELEVID6134_SCANNER13,TN0010071727712576817300004591100455,26/06/2025,21/06/2025,7277125768,TN001,Afro-Asiatic,TN,71,17,WIDEN,0.8218,WIDEN,,Match,D432/01,widen
300004591300553,TELEVID8302_SCANNER12,GE0090014727712576827300004591300553,26/06/2025,21/06/2025,7277125768,GE009,Others,GE,14,27,TO AVOID GETTING,0.8464,TO AVOID GETTING,,Match,D432/01,to AVOID (us) [getting/being]/to AVOID/(us) [getting/being]
300004591300554,TELEVID8302_SCANNER12,GE0090015727712576827300004591300554,26/06/2025,21/06/2025,7277125768,GE009,Others,GE,15,27,TO AVOID GETTING,0.8369,TO AVOID GETTING,,Match,D432/01,to AVOID (us) [getting/being]/to AVOID/(us) [getting/being]
300004591300555,TELEVID8302_SCANNER12,GE0090016727712576834300004591300555,26/06/2025,21/06/2025,7277125768,GE009,Others,GE,16,34,--blank--,0.8254,--blank--,,Match,D432/01,D
300004591300556,TELEVID8302_SCANNER12,GE0090017727712576834300004591300556,26/06/2025,21/06/2025,7277125768,GE009,Others,GE,17,34,B,0.8026,B,,Match,D432/01,D
300004591300562,TELEVID8302_SCANNER12,GE0090023727712576825300004591300562,26/06/2025,21/06/2025,7277125768,GE009,Others,GE,23,25,NO INTENTION OF HITTING,0.8088,NO INTENTION OF HITTING,,Match,D432/01,(absolutely) no intention of hitting/(absolutely) no intention/of hitting
300004591300563,TELEVID8302_SCANNER12,GE0090024727712576820300004591300563,26/06/2025,21/06/2025,7277125768,GE009,Others,GE,24,20,UNCOVER,0.8233,UNCOVER,,Match,D432/01,uncover
300004591300564,TELEVID8302_SCANNER12,GE0090025727712576824300004591300564,26/06/2025,21/06/2025,7277125768,GE009,Others,GE,25,24,ANTIVIRUS,0.842,ANTIVIRUS,,Match,D432/01,viral
300004591300623,TELEVID8302_SCANNER12,ES0402008727712576818300004591300623,26/06/2025,21/06/2025,7277125768,ES040,Romance,ES,2008,18,THIRD,0.8332,THIRD,,Match,D432/01,third
300004591300708,TELEVID8302_SCANNER12,ES0402093727712576852300004591300708,26/06/2025,21/06/2025,7277125768,ES040,Romance,ES,2093,52,--impossible--,0.8048,C,,NoMatch,D432/01,C
300004591300712,TELEVID8302_SCANNER12,ES0402097727712576834300004591300712,26/06/2025,21/06/2025,7277125768,ES040,Romance,ES,2097,34,B,0.8257,B,,Match,D432/01,D
300004591300747,TELEVID8302_SCANNER12,ES0402132727712576830300004591300747,26/06/2025,21/06/2025,7277125768,ES040,Romance,ES,2132,30,WISH I HADN'T TOLD,0.8135,WISH I HADN'T TOLD,,Match,D432/01,wish I had not told/wish I had not/told/wish I hadn't told/wish I hadn't/told/wish I'd not told/wish I'd not/told/wish I had not informed/wish I had not/informed/wish I hadn't informed/wish I hadn't/informed/wish I'd not informed/wish I'd not/informed/wish I had never told/wish I had never/told/wish I'd never told/wish I'd never/told/wish I had never informed/wish I had never/informed/wish I'd never informed/wish I'd never/informed
300004591300834,TELEVID8302_SCANNER12,ES0402219727712576828300004591300834,26/06/2025,21/06/2025,7277125768,ES040,Romance,ES,2219,28,MADE IMPOSIBLE TO,0.8047,MADE IMPOSIBLE TO,,Match,D432/01,made it impossible for/made it/impossible for/meant it was/meant it was impossible for/impossible for
300004591500387,TELEVID6124_SCANNER13,ES445006472771257684300004591500387,26/06/2025,21/06/2025,7277125768,ES445,Romance,ES,64,4,B,0.8231,B,,Match,D432/01,B
300004591500387,TELEVID6124_SCANNER13,ES4450064727712576822300004591500387,26/06/2025,21/06/2025,7277125768,ES445,Romance,ES,64,22,UNLIKED,0.8241,UNDIKED,,NoMatch,D432/01,disliked
300004591500468,TELEVID6124_SCANNER13,ES4110017727712576816300004591500468,26/06/2025,21/06/2025,7277125768,ES411,Romance,ES,17,16,AN,0.8197,AH,,NoMatch,D432/01,no/little
300004591500480,TELEVID6124_SCANNER13,ES4110029727712576830300004591500480,26/06/2025,21/06/2025,7277125768,ES411,Romance,ES,29,30,WISH I DIDN'T TOLD,0.8284,WISH I DIDN'T TOLD,,Match,D432/01,wish I had not told/wish I had not/told/wish I hadn't told/wish I hadn't/told/wish I'd not told/wish I'd not/told/wish I had not informed/wish I had not/informed/wish I hadn't informed/wish I hadn't/informed/wish I'd not informed/wish I'd not/informed/wish I had never told/wish I had never/told/wish I'd never told/wish I'd never/told/wish I had never informed/wish I had never/informed/wish I'd never informed/wish I'd never/informed
300004591900544,TELEVID6133_SCANNER12,LK001000872771257683300004591900544,26/06/2025,21/06/2025,7277125768,LK001,Indo-Iranian,LK,8,3,C,0.849,C,,Match,D432/01,C
300004591900603,TELEVID6133_SCANNER12,LK0010067727712576823300004591900603,26/06/2025,21/06/2025,7277125768,LK001,Indo-Iranian,LK,67,23,APPEARANCE,0.8272,APPEARANCE,,Match,D432/01,appearance
300004591900616,TELEVID6133_SCANNER12,LK0010080727712576824300004591900616,26/06/2025,21/06/2025,7277125768,LK001,Indo-Iranian,LK,80,24,UNVIRUS,0.8344,UNVIRUS,,Match,D432/01,viral
300004591900618,TELEVID6133_SCANNER12,LK001008272771257684300004591900618,26/06/2025,21/06/2025,7277125768,LK001,Indo-Iranian,LK,82,4,B,0.8295,B,,Match,D432/01,B
300004591900625,TELEVID6133_SCANNER12,LK001008972771257687300004591900625,26/06/2025,21/06/2025,7277125768,LK001,Indo-Iranian,LK,89,7,B,0.8024,B,,Match,D432/01,C
300004592200362,TELEVID8271_SCANNER12,ES4593043727712576824300004592200362,26/06/2025,21/06/2025,7277125768,ES459,Romance,ES,3043,24,VIRUSENT,0.8498,VIRUSENT,,Match,D432/01,viral
300004592200373,TELEVID8271_SCANNER12,IT421000772771257684300004592200373,26/06/2025,21/06/2025,7277125768,IT421,Romance,IT,7,4,B,0.8434,B,,Match,D432/01,B
300004592200373,TELEVID8271_SCANNER12,IT4210007727712576825300004592200373,26/06/2025,21/06/2025,7277125768,IT421,Romance,IT,7,25,NEVER THE INTENTION TO HIT,0.8231,NEVER THE INTENTION TO HIT,,Match,D432/01,(absolutely) no intention of hitting/(absolutely) no intention/of hitting
300004592200373,TELEVID8271_SCANNER12,IT4210007727712576841300004592200373,26/06/2025,21/06/2025,7277125768,IT421,Romance,IT,7,41,--impossible--,0.813,C,,NoMatch,D432/01,C
300004592200375,TELEVID8271_SCANNER12,IT421000972771257684300004592200375,26/06/2025,21/06/2025,7277125768,IT421,Romance,IT,9,4,B,0.8222,B,,Match,D432/01,B
300004592200375,TELEVID8271_SCANNER12,IT4210009727712576827300004592200375,26/06/2025,21/06/2025,7277125768,IT421,Romance,IT,9,27,TO AVOID GETTING,0.8152,TO AVOID GETTING,,Match,D432/01,to AVOID (us) [getting/being]/to AVOID/(us) [getting/being]
300004592200465,TELEVID8271_SCANNER12,IT4210031727712576827300004592200465,26/06/2025,21/06/2025,7277125768,IT421,Romance,IT,31,27,TO AVOID BEING,0.8115,TO AVOID BEING,,Match,D432/01,to AVOID (us) [getting/being]/to AVOID/(us) [getting/being]
300004592200473,TELEVID8271_SCANNER12,IT4210004727712576830300004592200473,26/06/2025,21/06/2025,7277125768,IT421,Romance,IT,4,30,WISH I HAD NOT TOLD,0.8343,WISH I HAD NOT TOLD,,Match,D432/01,wish I had not told/wish I had not/told/wish I hadn't told/wish I hadn't/told/wish I'd not told/wish I'd not/told/wish I had not informed/wish I had not/informed/wish I hadn't informed/wish I hadn't/informed/wish I'd not informed/wish I'd not/informed/wish I had never told/wish I had never/told/wish I'd never told/wish I'd never/told/wish I had never informed/wish I had never/informed/wish I'd never informed/wish I'd never/informed
300004592300002,TELEVID6132_SCANNER13,ES4380311727712576829300004592300002,26/06/2025,21/06/2025,7277125768,ES438,Romance,ES,311,29,NOT BEEN BROUGHT,0.8435,NOT BEEN BROUGHT,,Match,D432/01,never be brought/never/be brought/not (ever) be brought/not (ever)/be brought/n't (ever) be brought/n't (ever)/be brought
300004592300002,TELEVID6132_SCANNER13,ES4380311727712576837300004592300002,26/06/2025,21/06/2025,7277125768,ES438,Romance,ES,311,37,B,0.8394,B,,Match,D432/01,G
300004592300620,TELEVID6132_SCANNER13,ES4240111727712576829300004592300620,26/06/2025,21/06/2025,7277125768,ES424,Romance,ES,111,29,NOT BEING BROUGHT,0.8236,NOT BEING AROUGHT,,NoMatch,D432/01,never be brought/never/be brought/not (ever) be brought/not (ever)/be brought/n't (ever) be brought/n't (ever)/be brought
300004592300640,TELEVID6132_SCANNER13,ES4240131727712576825300004592300640,26/06/2025,21/06/2025,7277125768,ES424,Romance,ES,131,25,NOT INTENTION HITTING,0.8062,NOT INTENTION HILLING,,NoMatch,D432/01,(absolutely) no intention of hitting/(absolutely) no intention/of hitting
300004592500039,TELEVID8307_SCANNER12,PL002103172771257684300004592500039,26/06/2025,21/06/2025,7277125768,PL002,Slavic,PL,1031,4,B,0.846,B,,Match,D432/01,B
300004592500046,TELEVID8307_SCANNER12,PL0021038727712576810300004592500046,26/06/2025,21/06/2025,7277125768,PL002,Slavic,PL,1038,10,HAD,0.8186,HAO,,NoMatch,D432/01,having
300004592800412,TELEVID8290_SCANNER13,PL277000972771257687300004592800412,26/06/2025,21/06/2025,7277125768,PL277,Slavic,PL,9,7,B,0.8264,B,,Match,D432/01,C
300004592800413,TELEVID8290_SCANNER13,PL2770010727712576814300004592800413,26/06/2025,21/06/2025,7277125768,PL277,Slavic,PL,10,14,IF,0.8136,1F,,NoMatch,D432/01,though/if
300004592800413,TELEVID8290_SCANNER13,PL2770010727712576819300004592800413,26/06/2025,21/06/2025,7277125768,PL277,Slavic,PL,10,19,LENGTH,0.8299,LENGTH,,Match,D432/01,length
300004592800415,TELEVID8290_SCANNER13,PL2770012727712576821300004592800415,26/06/2025,21/06/2025,7277125768,PL277,Slavic,PL,12,21,SIGNIFICAT,0.8022,SIGNIFICAT,,Match,D432/01,Significantly
300004592800421,TELEVID8290_SCANNER13,PL2770018727712576818300004592800421,26/06/2025,21/06/2025,7277125768,PL277,Slavic,PL,18,18,THIRD,0.8369,THIRD,,Match,D432/01,third
300004592800421,TELEVID8290_SCANNER13,PL2770018727712576825300004592800421,26/06/2025,21/06/2025,7277125768,PL277,Slavic,PL,18,25,INTENTION TO DID NOT HIT,0.8467,INTENTION TO DID NOT HIT,,Match,D432/01,(absolutely) no intention of hitting/(absolutely) no intention/of hitting
300004592800534,TELEVID8290_SCANNER13,ES291022372771257684300004592800534,26/06/2025,21/06/2025,7277125768,ES291,Romance,ES,223,4,B,0.8158,B,,Match,D432/01,B
300004593100203,TELEVID6122_SCANNER12,ES0710135727712576834300004593100203,26/06/2025,21/06/2025,7277125768,ES071,Romance,ES,135,34,B,0.8467,B,,Match,D432/01,D
300004593200194,TELEVID8265_SCANNER13,PL0061034727712576830300004593200194,26/06/2025,21/06/2025,7277125768,PL006,Slavic,PL,1034,30,WISH I HADN'T TOLD,0.8442,WISH I HADN'T TOLD,,Match,D432/01,wish I had not told/wish I had not/told/wish I hadn't told/wish I hadn't/told/wish I'd not told/wish I'd not/told/wish I had not informed/wish I had not/informed/wish I hadn't informed/wish I hadn't/informed/wish I'd not informed/wish I'd not/informed/wish I had never told/wish I had never/told/wish I'd never told/wish I'd never/told/wish I had never informed/wish I had never/informed/wish I'd never informed/wish I'd never/informed
300004593200309,TELEVID8265_SCANNER13,IT460001072771257681300004593200309,26/06/2025,21/06/2025,7277125768,IT460,Romance,IT,10,1,C,0.8214,C,,Match,D432/01,D
300004593200309,TELEVID8265_SCANNER13,IT4600010727712576814300004593200309,26/06/2025,21/06/2025,7277125768,IT460,Romance,IT,10,14,SEEM,0.8361,SEEH,,NoMatch,D432/01,though/if
300004593200309,TELEVID8265_SCANNER13,IT4600010727712576834300004593200309,26/06/2025,21/06/2025,7277125768,IT460,Romance,IT,10,34,B,0.8026,B,,Match,D432/01,D
300004593200312,TELEVID8265_SCANNER13,IT4600013727712576828300004593200312,26/06/2025,21/06/2025,7277125768,IT460,Romance,IT,13,28,MAKE IMPOSSIBLE FOR,0.8109,MAKE IMPOSSIBLE FOR,,Match,D432/01,made it impossible for/made it/impossible for/meant it was/meant it was impossible for/impossible for
300004593200316,TELEVID8265_SCANNER13,IT4600017727712576813300004593200316,26/06/2025,21/06/2025,7277125768,IT460,Romance,IT,17,13,WHO,0.8241,W40,,NoMatch,D432/01,who/that
300004593200316,TELEVID8265_SCANNER13,IT4600017727712576825300004593200316,26/06/2025,21/06/2025,7277125768,IT460,Romance,IT,17,25,NOT THE INTENTION TO HIT,0.8175,NOT THE INTENTION TO HIT,,Match,D432/01,(absolutely) no intention of hitting/(absolutely) no intention/of hitting
300004593200318,TELEVID8265_SCANNER13,IT4600019727712576830300004593200318,26/06/2025,21/06/2025,7277125768,IT460,Romance,IT,19,30,WISH NOT TO TELL,0.8385,WISH NOT TO TELL,,Match,D432/01,wish I had not told/wish I had not/told/wish I hadn't told/wish I hadn't/told/wish I'd not told/wish I'd not/told/wish I had not informed/wish I had not/informed/wish I hadn't informed/wish I hadn't/informed/wish I'd not informed/wish I'd not/informed/wish I had never told/wish I had never/told/wish I'd never told/wish I'd never/told/wish I had never informed/wish I had never/informed/wish I'd never informed/wish I'd never/informed
300004593200326,TELEVID8265_SCANNER13,IT4600027727712576834300004593200326,26/06/2025,21/06/2025,7277125768,IT460,Romance,IT,27,34,B,0.8299,B,,Match,D432/01,D
300004593200328,TELEVID8265_SCANNER13,IT4600029727712576830300004593200328,26/06/2025,21/06/2025,7277125768,IT460,Romance,IT,29,30,WISH THAT I DIDN'T TELL,0.8441,WISH THAT I DIDN'T TELL,,Match,D432/01,wish I had not told/wish I had not/told/wish I hadn't told/wish I hadn't/told/wish I'd not told/wish I'd not/told/wish I had not informed/wish I had not/informed/wish I hadn't informed/wish I hadn't/informed/wish I'd not informed/wish I'd not/informed/wish I had never told/wish I had never/told/wish I'd never told/wish I'd never/told/wish I had never informed/wish I had never/informed/wish I'd never informed/wish I'd never/informed
300004593200369,TELEVID8265_SCANNER13,ES3850081727712576828300004593200369,26/06/2025,21/06/2025,7277125768,ES385,Romance,ES,81,28,MADE IT IMPOSIBLE FOR,0.8357,MADE IT IMPOSIBLE FOR,,Match,D432/01,made it impossible for/made it/impossible for/meant it was/meant it was impossible for/impossible for
300004593200656,TELEVID8265_SCANNER13,ES0070536727712576821300004593200656,26/06/2025,21/06/2025,7277125768,ES007,Romance,ES,536,21,SIGNIFICATIVE,0.8017,SIGNIFICATIVE,,Match,D432/01,Significantly
300004593500640,TELEVID6130_SCANNER13,PL0041080727712576822300004593500640,26/06/2025,21/06/2025,7277125768,PL004,Slavic,PL,1080,22,DISLIKED,0.8087,DISLIKED,,Match,D432/01,disliked
300004593900085,TELEVID8276_SCANNER12,IT3100007727712576814300004593900085,26/06/2025,21/06/2025,7277125768,IT310,Romance,IT,7,14,IF,0.8495,1F,,NoMatch,D432/01,though/if
300004593900085,TELEVID8276_SCANNER12,IT3100007727712576852300004593900085,26/06/2025,21/06/2025,7277125768,IT310,Romance,IT,7,52,D,0.8131,D,,Match,D432/01,C
300004593900268,TELEVID8276_SCANNER12,ES0070155727712576814300004593900268,26/06/2025,21/06/2025,7277125768,ES007,Romance,ES,155,14,IF,0.8465,1F,,NoMatch,D432/01,though/if
300004593900305,TELEVID8276_SCANNER12,ES0070192727712576821300004593900305,26/06/2025,21/06/2025,7277125768,ES007,Romance,ES,192,21,SIGNIFICATIVE,0.8251,SIGNIFICATIVE,,Match,D432/01,Significantly
300004593900319,TELEVID8276_SCANNER12,ES0070206727712576849300004593900319,26/06/2025,21/06/2025,7277125768,ES007,Romance,ES,206,49,B,0.8375,"B, F",,NoMatch,D432/01,B
300004593900371,TELEVID8276_SCANNER12,ES0070258727712576830300004593900371,26/06/2025,21/06/2025,7277125768,ES007,Romance,ES,258,30,WISH I DIDN'T TELL,0.8412,WISH I DIDN'T TELL,,Match,D432/01,wish I had not told/wish I had not/told/wish I hadn't told/wish I hadn't/told/wish I'd not told/wish I'd not/told/wish I had not informed/wish I had not/informed/wish I hadn't informed/wish I hadn't/informed/wish I'd not informed/wish I'd not/informed/wish I had never told/wish I had never/told/wish I'd never told/wish I'd never/told/wish I had never informed/wish I had never/informed/wish I'd never informed/wish I'd never/informed
300004593900474,TELEVID8276_SCANNER12,ES0070361727712576814300004593900474,26/06/2025,21/06/2025,7277125768,ES007,Romance,ES,361,14,IF,0.8375,1F,,NoMatch,D432/01,though/if
300004593900474,TELEVID8276_SCANNER12,ES0070361727712576818300004593900474,26/06/2025,21/06/2025,7277125768,ES007,Romance,ES,361,18,THERCY,0.8369,THERCY,,Match,D432/01,third
300004593900481,TELEVID8276_SCANNER12,ES0070368727712576832300004593900481,26/06/2025,21/06/2025,7277125768,ES007,Romance,ES,368,32,B,0.8063,B,,Match,D432/01,B
300004593900583,TELEVID8276_SCANNER12,ES0070470727712576817300004593900583,26/06/2025,21/06/2025,7277125768,ES007,Romance,ES,470,17,WIDELLY,0.8293,WIDELLY,,Match,D432/01,widen
300004593900583,TELEVID8276_SCANNER12,ES0070470727712576828300004593900583,26/06/2025,21/06/2025,7277125768,ES007,Romance,ES,470,28,MAKES IMPOSSIBLE TO,0.8068,NAKES IMPOSSIBLE TO,,NoMatch,D432/01,made it impossible for/made it/impossible for/meant it was/meant it was impossible for/impossible for
300004593900590,TELEVID8276_SCANNER12,ES0070477727712576819300004593900590,26/06/2025,21/06/2025,7277125768,ES007,Romance,ES,477,19,LONGLLY,0.812,LONGLLY,,Match,D432/01,length
300004593900602,TELEVID8276_SCANNER12,ES007048972771257684300004593900602,26/06/2025,21/06/2025,7277125768,ES007,Romance,ES,489,4,B,0.8475,B,,Match,D432/01,B
300004593900627,TELEVID8276_SCANNER12,ES0070586727712576830300004593900627,26/06/2025,21/06/2025,7277125768,ES007,Romance,ES,586,30,I WISH REGRET TELLING MY BROTHER ABOUT THE PARTY,0.8425,1 WISH REGRET TELLING MY BROTHER ABOUT THE PARTY,,NoMatch,D432/01,wish I had not told/wish I had not/told/wish I hadn't told/wish I hadn't/told/wish I'd not told/wish I'd not/told/wish I had not informed/wish I had not/informed/wish I hadn't informed/wish I hadn't/informed/wish I'd not informed/wish I'd not/informed/wish I had never told/wish I had never/told/wish I'd never told/wish I'd never/told/wish I had never informed/wish I had never/informed/wish I'd never informed/wish I'd never/informed
300004594700400,TELEVID6129_SCANNER12,PL0021116727712576813300004594700400,26/06/2025,21/06/2025,7277125768,PL002,Slavic,PL,1116,13,WHO,0.8052,WMO,,NoMatch,D432/01,who/that
300004594700410,TELEVID6129_SCANNER12,PL002112672771257684300004594700410,26/06/2025,21/06/2025,7277125768,PL002,Slavic,PL,1126,4,B,0.816,B,,Match,D432/01,B
300004594700432,TELEVID6129_SCANNER12,PL0021148727712576846300004594700432,26/06/2025,21/06/2025,7277125768,PL002,Slavic,PL,1148,46,--impossible--,0.8439,F,,NoMatch,D432/01,E
300004594700440,TELEVID6129_SCANNER12,PL0021156727712576830300004594700440,26/06/2025,21/06/2025,7277125768,PL002,Slavic,PL,1156,30,WISH I HAVEN'T TOLD,0.8053,WISH I HAVEN'T TOLD,,Match,D432/01,wish I had not told/wish I had not/told/wish I hadn't told/wish I hadn't/told/wish I'd not told/wish I'd not/told/wish I had not informed/wish I had not/informed/wish I hadn't informed/wish I hadn't/informed/wish I'd not informed/wish I'd not/informed/wish I had never told/wish I had never/told/wish I'd never told/wish I'd never/told/wish I had never informed/wish I had never/informed/wish I'd never informed/wish I'd never/informed
300004594700441,TELEVID6129_SCANNER12,PL0021157727712576825300004594700441,26/06/2025,21/06/2025,7277125768,PL002,Slavic,PL,1157,25,NO INTENTION IN HITTING,0.8087,NOINTENTION WHITTING,,NoMatch,D432/01,(absolutely) no intention of hitting/(absolutely) no intention/of hitting
300004594700441,TELEVID6129_SCANNER12,PL0021157727712576832300004594700441,26/06/2025,21/06/2025,7277125768,PL002,Slavic,PL,1157,32,A,0.8208,A,,Match,D432/01,B
300004594700444,TELEVID6129_SCANNER12,PL002116072771257687300004594700444,26/06/2025,21/06/2025,7277125768,PL002,Slavic,PL,1160,7,B,0.8153,C,,NoMatch,D432/01,C
300004594800006,TELEVID6138_SCANNER13,LK0010214727712576817300004594800006,26/06/2025,21/06/2025,7277125768,LK001,Indo-Iranian,LK,214,17,WIDLY,0.8384,WIDIY,,NoMatch,D432/01,widen
300004594800007,TELEVID6138_SCANNER13,LK0010215727712576819300004594800007,26/06/2025,21/06/2025,7277125768,LK001,Indo-Iranian,LK,215,19,LARGER,0.8247,LARGER,,Match,D432/01,length
300004594800013,TELEVID6138_SCANNER13,LK0010221727712576834300004594800013,26/06/2025,21/06/2025,7277125768,LK001,Indo-Iranian,LK,221,34,B,0.8401,B,,Match,D432/01,D
300004594800014,TELEVID6138_SCANNER13,LK0010222727712576820300004594800014,26/06/2025,21/06/2025,7277125768,LK001,Indo-Iranian,LK,222,20,UNCOVER,0.8444,UNCOVER,,Match,D432/01,uncover
300004595100058,TELEVID8309_SCANNER12,PL0021073727712576821300004595100058,26/06/2025,21/06/2025,7277125768,PL002,Slavic,PL,1073,21,SIGNIFICANTLY,0.8172,SIGNIFICANTLY,,Match,D432/01,Significantly
300004595100058,TELEVID8309_SCANNER12,PL0021073727712576822300004595100058,26/06/2025,21/06/2025,7277125768,PL002,Slavic,PL,1073,22,DISLIKED,0.8311,DISLIFED,,NoMatch,D432/01,disliked
300004595100060,TELEVID8309_SCANNER12,PL002107572771257689300004595100060,26/06/2025,21/06/2025,7277125768,PL002,Slavic,PL,1075,9,AT,0.8025,AT,,Match,D432/01,at
300004595100060,TELEVID8309_SCANNER12,PL0021075727712576815300004595100060,26/06/2025,21/06/2025,7277125768,PL002,Slavic,PL,1075,15,BY,0.8343,64,,NoMatch,D432/01,on
300004595100060,TELEVID8309_SCANNER12,PL0021075727712576817300004595100060,26/06/2025,21/06/2025,7277125768,PL002,Slavic,PL,1075,17,WIDEN,0.8362,VIDEN,,NoMatch,D432/01,widen
300004595100060,TELEVID8309_SCANNER12,PL0021075727712576825300004595100060,26/06/2025,21/06/2025,7277125768,PL002,Slavic,PL,1075,25,NO INTENTION OF HITTING,0.8422,NO INTENTION OF HITTING,,Match,D432/01,(absolutely) no intention of hitting/(absolutely) no intention/of hitting
300004595100061,TELEVID8309_SCANNER12,PL002107672771257684300004595100061,26/06/2025,21/06/2025,7277125768,PL002,Slavic,PL,1076,4,B,0.8484,B,,Match,D432/01,B
300004595100070,TELEVID8309_SCANNER12,PL0021085727712576830300004595100070,26/06/2025,21/06/2025,7277125768,PL002,Slavic,PL,1085,30,WISH I HAD NOT TOLD,0.8061,WISH I HAD NOT TOLD,,Match,D432/01,wish I had not told/wish I had not/told/wish I hadn't told/wish I hadn't/told/wish I'd not told/wish I'd not/told/wish I had not informed/wish I had not/informed/wish I hadn't informed/wish I hadn't/informed/wish I'd not informed/wish I'd not/informed/wish I had never told/wish I had never/told/wish I'd never told/wish I'd never/told/wish I had never informed/wish I had never/informed/wish I'd never informed/wish I'd never/informed
300004595100077,TELEVID8309_SCANNER12,PL0021092727712576822300004595100077,26/06/2025,21/06/2025,7277125768,PL002,Slavic,PL,1092,22,DISLIKED,0.8185,DISLIUED,,NoMatch,D432/01,disliked
300004595100465,TELEVID8309_SCANNER12,PL1610001727712576830300004595100465,26/06/2025,21/06/2025,7277125768,PL161,Slavic,PL,1,30,WISH I WOULD NOT TELL,0.8221,WISH I WOULD NOT TELL,,Match,D432/01,wish I had not told/wish I had not/told/wish I hadn't told/wish I hadn't/told/wish I'd not told/wish I'd not/told/wish I had not informed/wish I had not/informed/wish I hadn't informed/wish I hadn't/informed/wish I'd not informed/wish I'd not/informed/wish I had never told/wish I had never/told/wish I'd never told/wish I'd never/told/wish I had never informed/wish I had never/informed/wish I'd never informed/wish I'd never/informed
300004595500120,TELEVID8308_SCANNER12,PL161001572771257683300004595500120,26/06/2025,21/06/2025,7277125768,PL161,Slavic,PL,15,3,C,0.8242,C,,Match,D432/01,C
300004595500120,TELEVID8308_SCANNER12,PL161001572771257684300004595500120,26/06/2025,21/06/2025,7277125768,PL161,Slavic,PL,15,4,B,0.8177,B,,Match,D432/01,B
300004597000115,TELEVID6141_SCANNER13,ES2520202727712576827300004597000115,27/06/2025,21/06/2025,7277125768,ES252,Romance,ES,202,27,TO AVOID GETTING,0.8037,TO AVAN GETTING,,NoMatch,D432/01,to AVOID (us) [getting/being]/to AVOID/(us) [getting/being]
300004597000129,TELEVID6141_SCANNER13,ES2520216727712576824300004597000129,27/06/2025,21/06/2025,7277125768,ES252,Romance,ES,216,24,VIRUSABLE,0.8408,VIRUSAWLE,,NoMatch,D432/01,viral
300004597000247,TELEVID6141_SCANNER13,ES483007072771257687300004597000247,27/06/2025,21/06/2025,7277125768,ES483,Romance,ES,70,7,--impossible--,0.8224,C,,NoMatch,D432/01,C
300004597200349,TELEVID8306_SCANNER13,PL002100372771257687300004597200349,27/06/2025,21/06/2025,7277125768,PL002,Slavic,PL,1003,7,A,0.8266,A,,Match,D432/01,C
300004597200353,TELEVID8306_SCANNER13,PL0021007727712576811300004597200353,27/06/2025,21/06/2025,7277125768,PL002,Slavic,PL,1007,11,SOMETHING,0.8121,SOMETHING,,Match,D432/01,something/anything
300004597200353,TELEVID8306_SCANNER13,PL0021007727712576814300004597200353,27/06/2025,21/06/2025,7277125768,PL002,Slavic,PL,1007,14,IF,0.8342,IF,,Match,D432/01,though/if
300004597200403,TELEVID8306_SCANNER13,PL0021050727712576814300004597200403,27/06/2025,21/06/2025,7277125768,PL002,Slavic,PL,1050,14,HILARIOUS,0.8095,HILARIOUS,,Match,D432/01,though/if
300004597300376,TELEVID8304_SCANNER13,ES2910501727712576834300004597300376,27/06/2025,21/06/2025,7277125768,ES291,Romance,ES,501,34,B,0.8175,B,,Match,D432/01,D
300004597300540,TELEVID8304_SCANNER13,GE0090034727712576819300004597300540,27/06/2025,21/06/2025,7277125768,GE009,Others,GE,34,19,LONGIEVITY,0.833,LONGIEVITY,,Match,D432/01,length
300004597300543,TELEVID8304_SCANNER13,GE0090037727712576828300004597300543,27/06/2025,21/06/2025,7277125768,GE009,Others,GE,37,28,MADE IT IMPOSSIBLE FOR,0.8376,MADE IT IMPOSSIBLE FOR,,Match,D432/01,made it impossible for/made it/impossible for/meant it was/meant it was impossible for/impossible for
300004597300547,TELEVID8304_SCANNER13,GE0090041727712576814300004597300547,27/06/2025,21/06/2025,7277125768,GE009,Others,GE,41,14,LIKE,0.8218,LIKE,,Match,D432/01,though/if
300004597300555,TELEVID8304_SCANNER13,GE0090049727712576825300004597300555,27/06/2025,21/06/2025,7277125768,GE009,Others,GE,49,25,TOM INSISTED HE'D HAD INTENTION TO HIT HIS FRIEND WITH TENIS BALL,0.8276,TOM INSISTED HE'D HAD INTENTION TO HIT HIS FRIEND WITH TENIS BALL,,Match,D432/01,(absolutely) no intention of hitting/(absolutely) no intention/of hitting
300004597300555,TELEVID8304_SCANNER13,GE0090049727712576828300004597300555,27/06/2025,21/06/2025,7277125768,GE009,Others,GE,49,28,IS IMPOSSIBLE FOR,0.837,IS IMPOSSIBLE FOR,,Match,D432/01,made it impossible for/made it/impossible for/meant it was/meant it was impossible for/impossible for
300004597300604,TELEVID8304_SCANNER13,GE0090001727712576824300004597300604,27/06/2025,21/06/2025,7277125768,GE009,Others,GE,1,24,VIRAL,0.8371,VIRAL,,Match,D432/01,viral
300004597300605,TELEVID8304_SCANNER13,GE009000272771257684300004597300605,27/06/2025,21/06/2025,7277125768,GE009,Others,GE,2,4,B,0.8071,B,,Match,D432/01,B
300004597300605,TELEVID8304_SCANNER13,GE0090002727712576820300004597300605,27/06/2025,21/06/2025,7277125768,GE009,Others,GE,2,20,UNCOVER,0.8422,UNCOVER,,Match,D432/01,uncover
300004597300608,TELEVID8304_SCANNER13,GE0090005727712576827300004597300608,27/06/2025,21/06/2025,7277125768,GE009,Others,GE,5,27,LEAVE EARLY TO AVOID BEING,0.848,LEAVE EARLY TO AVOID BEING,,Match,D432/01,to AVOID (us) [getting/being]/to AVOID/(us) [getting/being]
300004597400031,TELEVID8310_SCANNER13,LK001016072771257684300004597400031,27/06/2025,21/06/2025,7277125768,LK001,Indo-Iranian,LK,160,4,B,0.8173,B,,Match,D432/01,B
300004597400031,TELEVID8310_SCANNER13,LK001016072771257687300004597400031,27/06/2025,21/06/2025,7277125768,LK001,Indo-Iranian,LK,160,7,B,0.808,B,,Match,D432/01,C
300004597400031,TELEVID8310_SCANNER13,LK0010160727712576822300004597400031,27/06/2025,21/06/2025,7277125768,LK001,Indo-Iranian,LK,160,22,DISLIKE,0.8036,OISLIKE,,NoMatch,D432/01,disliked
300004597400038,TELEVID8310_SCANNER13,LK001016772771257684300004597400038,27/06/2025,21/06/2025,7277125768,LK001,Indo-Iranian,LK,167,4,--impossible--,0.804,C,,NoMatch,D432/01,B
300004597400041,TELEVID8310_SCANNER13,LK0010170727712576826300004597400041,27/06/2025,21/06/2025,7277125768,LK001,Indo-Iranian,LK,170,26,AS GOOD,0.8267,AS GOOD,,Match,D432/01,as good at (playing) chess/as good/at (playing) chess/so good at (playing) chess/so good/at (playing) chess/as good a chess player/as good/a chess player/so good a chess player/so good/a chess player
300004597400050,TELEVID8310_SCANNER13,LK001017972771257689300004597400050,27/06/2025,21/06/2025,7277125768,LK001,Indo-Iranian,LK,179,9,ON,0.8179,ON,,Match,D432/01,at
300004597400297,TELEVID8310_SCANNER13,PL0021066727712576830300004597400297,27/06/2025,21/06/2025,7277125768,PL002,Slavic,PL,1066,30,WISH I DIDN'T TELL,0.8234,WISH I DIDN'T TELL,,Match,D432/01,wish I had not told/wish I had not/told/wish I hadn't told/wish I hadn't/told/wish I'd not told/wish I'd not/told/wish I had not informed/wish I had not/informed/wish I hadn't informed/wish I hadn't/informed/wish I'd not informed/wish I'd not/informed/wish I had never told/wish I had never/told/wish I'd never told/wish I'd never/told/wish I had never informed/wish I had never/informed/wish I'd never informed/wish I'd never/informed
300004597800008,TELEVID6135_SCANNER13,PL002117072771257681300004597800008,27/06/2025,21/06/2025,7277125768,PL002,Slavic,PL,1170,1,A,0.8474,A,,Match,D432/01,D
300004597800029,TELEVID6135_SCANNER13,PL0021191727712576825300004597800029,27/06/2025,21/06/2025,7277125768,PL002,Slavic,PL,1191,25,AN INTENTION TO HIT,0.8373,AN INTENTION TO HIT,,Match,D432/01,(absolutely) no intention of hitting/(absolutely) no intention/of hitting
300004597800035,TELEVID6135_SCANNER13,PL0021197727712576813300004597800035,27/06/2025,21/06/2025,7277125768,PL002,Slavic,PL,1197,13,WHO,0.8279,WHO,,Match,D432/01,who/that
300004597800049,TELEVID6135_SCANNER13,PL0021211727712576819300004597800049,27/06/2025,21/06/2025,7277125768,PL002,Slavic,PL,1211,19,LONGCASTING,0.8022,LONGCASTING,,Match,D432/01,length
300004597800058,TELEVID6135_SCANNER13,PL0021220727712576834300004597800058,27/06/2025,21/06/2025,7277125768,PL002,Slavic,PL,1220,34,B,0.844,B,,Match,D432/01,D
300004598100315,TELEVID8316_SCANNER13,ES4090006727712576834300004598100315,27/06/2025,21/06/2025,7277125768,ES409,Romance,ES,6,34,A,0.8038,A,,Match,D432/01,D
300004599000262,TELEVID6121_SCANNER13,ES2910593727712576834300004599000262,27/06/2025,21/06/2025,7277125768,ES291,Romance,ES,593,34,B,0.8103,B,,Match,D432/01,D
300004599200345,TELEVID8311_SCANNER13,ES0400609727712576819300004599200345,27/06/2025,21/06/2025,7277125768,ES040,Romance,ES,609,19,LONGEST,0.8288,LONGCST,,NoMatch,D432/01,length
300004599300505,TELEVID6127_SCANNER13,LK001010172771257687300004599300505,27/06/2025,21/06/2025,7277125768,LK001,Indo-Iranian,LK,101,7,--impossible--,0.8108,C,,NoMatch,D432/01,C
300004599300517,TELEVID6127_SCANNER13,LK0010113727712576829300004599300517,27/06/2025,21/06/2025,7277125768,LK001,Indo-Iranian,LK,113,29,HAVE NOT BROUGHT,0.8133,HAVE NON BROUGHT,,NoMatch,D432/01,never be brought/never/be brought/not (ever) be brought/not (ever)/be brought/n't (ever) be brought/n't (ever)/be brought
300004599300521,TELEVID6127_SCANNER13,LK0010117727712576817300004599300521,27/06/2025,21/06/2025,7277125768,LK001,Indo-Iranian,LK,117,17,WIDELY,0.831,WIDCLY,,NoMatch,D432/01,widen
300004599300529,TELEVID6127_SCANNER13,LK0010125727712576827300004599300529,27/06/2025,21/06/2025,7277125768,LK001,Indo-Iranian,LK,125,27,TO AVOID GETTING,0.8389,TO AVOID GETTING,,Match,D432/01,to AVOID (us) [getting/being]/to AVOID/(us) [getting/being]
300004599300529,TELEVID6127_SCANNER13,LK0010125727712576830300004599300529,27/06/2025,21/06/2025,7277125768,LK001,Indo-Iranian,LK,125,30,WISH I HAVEN'T TOLD,0.8478,WISH I HAVEN'T TOLD,,Match,D432/01,wish I had not told/wish I had not/told/wish I hadn't told/wish I hadn't/told/wish I'd not told/wish I'd not/told/wish I had not informed/wish I had not/informed/wish I hadn't informed/wish I hadn't/informed/wish I'd not informed/wish I'd not/informed/wish I had never told/wish I had never/told/wish I'd never told/wish I'd never/told/wish I had never informed/wish I had never/informed/wish I'd never informed/wish I'd never/informed
300004599300539,TELEVID6127_SCANNER13,LK0010135727712576826300004599300539,27/06/2025,21/06/2025,7277125768,LK001,Indo-Iranian,LK,135,26,AS GOOD IN CHESS,0.82,AS GOOD IN CHESS,,Match,D432/01,as good at (playing) chess/as good/at (playing) chess/so good at (playing) chess/so good/at (playing) chess/as good a chess player/as good/a chess player/so good a chess player/so good/a chess player
300004599300541,TELEVID6127_SCANNER13,LK0010137727712576819300004599300541,27/06/2025,21/06/2025,7277125768,LK001,Indo-Iranian,LK,137,19,LONGLY,0.8381,LONG LY,,NoMatch,D432/01,length
300004599300545,TELEVID6127_SCANNER13,LK0010141727712576810300004599300545,27/06/2025,21/06/2025,7277125768,LK001,Indo-Iranian,LK,141,10,AND,0.8078,ANO,,NoMatch,D432/01,having
300004599300554,TELEVID6127_SCANNER13,LK0010150727712576834300004599300554,27/06/2025,21/06/2025,7277125768,LK001,Indo-Iranian,LK,150,34,D,0.8131,--blank--,,NoMatch,D432/01,D
300004599300555,TELEVID6127_SCANNER13,LK0010151727712576829300004599300555,27/06/2025,21/06/2025,7277125768,LK001,Indo-Iranian,LK,151,29,NOT BE BROUGT,0.8272,NOT BE BROUGT,,Match,D432/01,never be brought/never/be brought/not (ever) be brought/not (ever)/be brought/n't (ever) be brought/n't (ever)/be brought
300004599300557,TELEVID6127_SCANNER13,LK0010153727712576827300004599300557,27/06/2025,21/06/2025,7277125768,LK001,Indo-Iranian,LK,153,27,TO AVOID GETTING,0.8339,TO AVOID GEITING,,NoMatch,D432/01,to AVOID (us) [getting/being]/to AVOID/(us) [getting/being]
300004599500138,TELEVID6148_SCANNER13,ES4120317727712576828300004599500138,27/06/2025,21/06/2025,7277125768,ES412,Romance,ES,317,28,HAD IMPOSSIBLE,0.8266,HAD IMPOSSIBLE,,Match,D432/01,made it impossible for/made it/impossible for/meant it was/meant it was impossible for/impossible for
300004599500138,TELEVID6148_SCANNER13,ES4120317727712576830300004599500138,27/06/2025,21/06/2025,7277125768,ES412,Romance,ES,317,30,WISH I DIDN'T TELL,0.8234,WISH I DIDN'T TELL,,Match,D432/01,wish I had not told/wish I had not/told/wish I hadn't told/wish I hadn't/told/wish I'd not told/wish I'd not/told/wish I had not informed/wish I had not/informed/wish I hadn't informed/wish I hadn't/informed/wish I'd not informed/wish I'd not/informed/wish I had never told/wish I had never/told/wish I'd never told/wish I'd never/told/wish I had never informed/wish I had never/informed/wish I'd never informed/wish I'd never/informed
300004599500272,TELEVID6148_SCANNER13,IT2810001727712576825300004599500272,27/06/2025,21/06/2025,7277125768,IT281,Romance,IT,1,25,INTENTION TO HIT,0.8418,INTENTION,,NoMatch,D432/01,(absolutely) no intention of hitting/(absolutely) no intention/of hitting
300004599500272,TELEVID6148_SCANNER13,IT2810001727712576830300004599500272,27/06/2025,21/06/2025,7277125768,IT281,Romance,IT,1,30,WISH TELLING,0.8203,WISH TELLING,,Match,D432/01,wish I had not told/wish I had not/told/wish I hadn't told/wish I hadn't/told/wish I'd not told/wish I'd not/told/wish I had not informed/wish I had not/informed/wish I hadn't informed/wish I hadn't/informed/wish I'd not informed/wish I'd not/informed/wish I had never told/wish I had never/told/wish I'd never told/wish I'd never/told/wish I had never informed/wish I had never/informed/wish I'd never informed/wish I'd never/informed
300004605100271,TELEVID6139_SCANNER13,ES0301044727712576822300004605100271,30/06/2025,21/06/2025,7277125768,ES030,Romance,ES,1044,22,UNLIKED,0.8421,UNLIKED,,Match,D432/01,disliked
300004605500005,TELEVID8317_SCANNER13,PL0900011727712576814300004605500005,30/06/2025,21/06/2025,7277125768,PL090,Slavic,PL,11,14,IF,0.8185,IF,,Match,D432/01,though/if
300004605700269,TELEVID8320_SCANNER13,PL0900019727712576827300004605700269,30/06/2025,21/06/2025,7277125768,PL090,Slavic,PL,19,27,TO AVOID BEING,0.8054,TO AVOID BEING,,Match,D432/01,to AVOID (us) [getting/being]/to AVOID/(us) [getting/being]
300004605700272,TELEVID8320_SCANNER13,PL0900022727712576830300004605700272,30/06/2025,21/06/2025,7277125768,PL090,Slavic,PL,22,30,WISH I DID N'T TOLD,0.8202,WISH 1 DID N'T TOLD,,NoMatch,D432/01,wish I had not told/wish I had not/told/wish I hadn't told/wish I hadn't/told/wish I'd not told/wish I'd not/told/wish I had not informed/wish I had not/informed/wish I hadn't informed/wish I hadn't/informed/wish I'd not informed/wish I'd not/informed/wish I had never told/wish I had never/told/wish I'd never told/wish I'd never/told/wish I had never informed/wish I had never/informed/wish I'd never informed/wish I'd never/informed
300004605700274,TELEVID8320_SCANNER13,PL0900024727712576830300004605700274,30/06/2025,21/06/2025,7277125768,PL090,Slavic,PL,24,30,WISH I HAD NOT TOLD,0.8161,WISH I HAD NOT TOLD,,Match,D432/01,wish I had not told/wish I had not/told/wish I hadn't told/wish I hadn't/told/wish I'd not told/wish I'd not/told/wish I had not informed/wish I had not/informed/wish I hadn't informed/wish I hadn't/informed/wish I'd not informed/wish I'd not/informed/wish I had never told/wish I had never/told/wish I'd never told/wish I'd never/told/wish I had never informed/wish I had never/informed/wish I'd never informed/wish I'd never/informed
300004605900235,TELEVID8312_SCANNER13,TN0010101727712576818300004605900235,30/06/2025,21/06/2025,7277125768,TN001,Afro-Asiatic,TN,101,18,THREEPERCENT,0.8097,THREEPERCENT,,Match,D432/01,third
300004605900236,TELEVID8312_SCANNER13,TN001010272771257687300004605900236,30/06/2025,21/06/2025,7277125768,TN001,Afro-Asiatic,TN,102,7,C,0.8158,C,,Match,D432/01,C
300004605900240,TELEVID8312_SCANNER13,TN001010672771257684300004605900240,30/06/2025,21/06/2025,7277125768,TN001,Afro-Asiatic,TN,106,4,B,0.8196,B,,Match,D432/01,B
300004605900248,TELEVID8312_SCANNER13,TN001011472771257681300004605900248,30/06/2025,21/06/2025,7277125768,TN001,Afro-Asiatic,TN,114,1,B,0.8376,"A, B",,NoMatch,D432/01,D
300004605900250,TELEVID8312_SCANNER13,TN001011672771257683300004605900250,30/06/2025,21/06/2025,7277125768,TN001,Afro-Asiatic,TN,116,3,B,0.8261,B,,Match,D432/01,C
300004606600517,TELEVID6162_SCANNER13,IT326000572771257684300004606600517,30/06/2025,21/06/2025,7277125768,IT326,Romance,IT,5,4,B,0.8485,B,,Match,D432/01,B
300004606600519,TELEVID6162_SCANNER13,IT3260007727712576814300004606600519,30/06/2025,21/06/2025,7277125768,IT326,Romance,IT,7,14,IF,0.8298,IF,,Match,D432/01,though/if
300004607100478,TELEVID6163_SCANNER13,PE5060010727712576825300004607100478,30/06/2025,21/06/2025,7277125768,PE506,Romance,PE,10,25,NOT INTTENTION TO HIT,0.8341,NOT INTENTION TO MIT,,NoMatch,D432/01,(absolutely) no intention of hitting/(absolutely) no intention/of hitting
300004607100479,TELEVID6163_SCANNER13,PE5060011727712576823300004607100479,30/06/2025,21/06/2025,7277125768,PE506,Romance,PE,11,23,APPEARENCE,0.8324,APPEARENCE,,Match,D432/01,appearance
300004607100483,TELEVID6163_SCANNER13,PE506001572771257684300004607100483,30/06/2025,21/06/2025,7277125768,PE506,Romance,PE,15,4,B,0.8183,B,,Match,D432/01,B
300004607100511,TELEVID6163_SCANNER13,ES636002772771257687300004607100511,30/06/2025,21/06/2025,7277125768,ES636,Romance,ES,27,7,B,0.8214,B,,Match,D432/01,C
300004607100511,TELEVID6163_SCANNER13,ES6360027727712576813300004607100511,30/06/2025,21/06/2025,7277125768,ES636,Romance,ES,27,13,DIDN'T,0.8175,DION'T,,NoMatch,D432/01,who/that
300004607100608,TELEVID6163_SCANNER13,ES3780032727712576834300004607100608,30/06/2025,21/06/2025,7277125768,ES378,Romance,ES,32,34,B,0.8304,B,,Match,D432/01,D
300004608300011,TELEVID6175_SCANNER13,IT0870001727712576827300004608300011,01/07/2025,21/06/2025,7277125768,IT087,Romance,IT,1,27,TO AVOID GETTING,0.8192,TO AVOID GETTING,,Match,D432/01,to AVOID (us) [getting/being]/to AVOID/(us) [getting/being]
300004608300011,TELEVID6175_SCANNER13,IT0870001727712576828300004608300011,01/07/2025,21/06/2025,7277125768,IT087,Romance,IT,1,28,MADE IT IMPOSSIBLE FOR,0.8408,MADE IT IMPOSSIBLE FOR,,Match,D432/01,made it impossible for/made it/impossible for/meant it was/meant it was impossible for/impossible for
300004608300018,TELEVID6175_SCANNER13,IT0870008727712576834300004608300018,01/07/2025,21/06/2025,7277125768,IT087,Romance,IT,8,34,B,0.8477,B,,Match,D432/01,D
300004608500330,TELEVID6172_SCANNER13,ES5890022727712576811300004608500330,01/07/2025,21/06/2025,7277125768,ES589,Romance,ES,22,11,SOMETHING,0.8095,SOMETHING,,Match,D432/01,something/anything
300004608700005,TELEVID6176_SCANNER13,BG001003672771257687300004608700005,01/07/2025,21/06/2025,7277125768,BG001,Slavic,BG,36,7,B,0.8284,B,,Match,D432/01,C
300004608700104,TELEVID6176_SCANNER13,BG0010061727712576834300004608700104,01/07/2025,21/06/2025,7277125768,BG001,Slavic,BG,61,34,B,0.8352,B,,Match,D432/01,D
300004608700147,TELEVID6176_SCANNER13,BG001010472771257684300004608700147,01/07/2025,21/06/2025,7277125768,BG001,Slavic,BG,104,4,B,0.8372,B,,Match,D432/01,B
300004609200001,TELEVID8323_SCANNER13,IT2090001727712576822300004609200001,01/07/2025,21/06/2025,7277125768,IT209,Romance,IT,1,22,DISLIKED,0.8366,DISLIKED,,Match,D432/01,disliked
300004609200435,TELEVID8323_SCANNER13,ES0970045727712576828300004609200435,01/07/2025,21/06/2025,7277125768,ES097,Romance,ES,45,28,MAKES IMPOSSIBLE FOR,0.844,MAKES IMPOSSIBLE FOR,,Match,D432/01,made it impossible for/made it/impossible for/meant it was/meant it was impossible for/impossible for
300004609400286,TELEVID6177_SCANNER13,BG0010160727712576825300004609400286,01/07/2025,21/06/2025,7277125768,BG001,Slavic,BG,160,25,NO INTENTION TO HIT,0.804,NO INTENTION TO HIT,,Match,D432/01,(absolutely) no intention of hitting/(absolutely) no intention/of hitting
300004609400288,TELEVID6177_SCANNER13,BG0010162727712576817300004609400288,01/07/2025,21/06/2025,7277125768,BG001,Slavic,BG,162,17,WIDDEN,0.8087,WIDDEN,,Match,D432/01,widen
300004609400288,TELEVID6177_SCANNER13,BG0010162727712576827300004609400288,01/07/2025,21/06/2025,7277125768,BG001,Slavic,BG,162,27,TO AVOID GETTING,0.8014,TO AVOID GETTING,,Match,D432/01,to AVOID (us) [getting/being]/to AVOID/(us) [getting/being]
300004611000259,TELEVID6207_SCANNER12,ES4970113857122788617300004611000259,01/07/2025,28/06/2025,8571227886,ES497,Romance,ES,113,17,BENEFITIAL,0.8359,BENEFITIAL,,Match,D432/01,beneficial
300004611000276,TELEVID6207_SCANNER12,ES4970131857122788611300004611000276,01/07/2025,28/06/2025,8571227886,ES497,Romance,ES,131,11,IT,0.8243,IT,,Match,D432/01,them
300004611000311,TELEVID6207_SCANNER12,ES4970166857122788627300004611000311,01/07/2025,28/06/2025,8571227886,ES497,Romance,ES,166,27,NOT WORTH WORRYING ABOUT,0.8325,NOT WORTH WORRYING ABOUT,,Match,D432/01,not WORTH worrying [about/over]/not WORTH/worrying [about/over]
300004611000320,TELEVID6207_SCANNER12,ES497017585712278863300004611000320,01/07/2025,28/06/2025,8571227886,ES497,Romance,ES,175,3,B,0.8209,B,,Match,D432/01,A
300004613400514,TELEVID6195_SCANNER13,ES4399167727712576817300004613400514,02/07/2025,21/06/2025,7277125768,ES439,Romance,ES,9167,17,WIDELY,0.8324,NIDELY,,NoMatch,D432/01,widen
300004613600725,TELEVID6213_SCANNER13,ES2990077857122788627300004613600725,02/07/2025,28/06/2025,8571227886,ES299,Romance,ES,77,27,NO WORTH WORRYING ABOUT,0.8263,NO WORTH WORRYING ABOUT,,Match,D432/01,not WORTH worrying [about/over]/not WORTH/worrying [about/over]
300004614300310,TELEVID6204_SCANNER13,ES2910034857122788627300004614300310,02/07/2025,28/06/2025,8571227886,ES291,Romance,ES,34,27,NOT WORTH TO WORRY ABOUT,0.8456,NOT WORTH TO WORRY ABOUT,,Match,D432/01,not WORTH worrying [about/over]/not WORTH/worrying [about/over]
300004614300315,TELEVID6204_SCANNER13,ES2910039857122788626300004614300315,02/07/2025,28/06/2025,8571227886,ES291,Romance,ES,39,26,JOHN HAD EATEN OFF,0.828,JOHN HAD EATEN OFF,,Match,D432/01,having eaten/John of eating/John of/eating/John of having eaten/John of/having eaten/him of eating/him of/eating/him of having eaten/him of/having eaten/her of eating/her of/eating/her of having eaten/her of/having eaten/them of eating/them of/eating/them of having eaten/them of
300004617300348,televid6240_SCANNER12,IT1230012857122788612300004617300348,03/07/2025,28/06/2025,8571227886,IT123,Romance,IT,12,12,IS,0.8488,IS,,Match,D432/01,was
300004617300348,televid6240_SCANNER12,IT1230012857122788624300004617300348,03/07/2025,28/06/2025,8571227886,IT123,Romance,IT,12,24,ADVENTURING,0.8447,ADVENTURING,,Match,D432/01,adventurous/adventuresome
300004617300348,televid6240_SCANNER12,IT1230012857122788625300004617300348,03/07/2025,28/06/2025,8571227886,IT123,Romance,IT,12,25,WAS MADE UP BY,0.8133,WAS MADE UP BY,,Match,D432/01,got made up by/got made/up by/was made up by/was made/up by
300004617300350,televid6240_SCANNER12,IT1230014857122788634300004617300350,03/07/2025,28/06/2025,8571227886,IT123,Romance,IT,14,34,B,0.8115,B,,Match,D432/01,B
300004617300352,televid6240_SCANNER12,IT1230016857122788630300004617300352,03/07/2025,28/06/2025,8571227886,IT123,Romance,IT,16,30,GET AN EYE ON,0.845,GET AN EYE ON,,Match,D432/01,keep an eye on/keep/an eye on/keep your eye on/keep/your eye on
300004617300357,televid6240_SCANNER12,IT1230021857122788610300004617300357,03/07/2025,28/06/2025,8571227886,IT123,Romance,IT,21,10,TIME,0.8433,TIME,,Match,D432/01,because
300004617300357,televid6240_SCANNER12,IT1230021857122788628300004617300357,03/07/2025,28/06/2025,8571227886,IT123,Romance,IT,21,28,"TIM, NOBODY HAS",0.8496,"TIM, NOBODY HAS",,Match,D432/01,from Tim nobody/from Tim/nobody/from Tim nobody else/from Tim/nobody else/from Tim nobody has/from Tim/nobody has/from Tim nobody's/from Tim/nobody's/from Tim nobody else has/from Tim/nobody else has/from him nobody/from him/nobody/from him nobody else/from him/nobody else/from him nobody has/from him/nobody has/from him nobody's/from him/nobody's/from him nobody else has/from him/nobody else has/from her nobody/from her/nobody/from her nobody else/from her/nobody else/from her nobody has/from her/nobody has/from her nobody's/from her/nobody's/from her nobody else has/from her/nobody else has/from them nobody/from them/nobody/from them nobody else/from them/nobody else/from them nobody has/from them/nobody has/from them nobody's/from them/nobody's/from them nobody else has/from them/nobody else has
300004617500397,TELEVID6228_SCANNER12,ES020012785712278864300004617500397,03/07/2025,28/06/2025,8571227886,ES020,Romance,ES,127,4,B,0.8138,B,,Match,D432/01,B
300004617500420,TELEVID6228_SCANNER12,ES0200150857122788632300004617500420,03/07/2025,28/06/2025,8571227886,ES020,Romance,ES,150,32,B,0.8176,B,,Match,D432/01,B
300004617500463,TELEVID6228_SCANNER12,ES0200193857122788628300004617500463,03/07/2025,28/06/2025,8571227886,ES020,Romance,ES,193,28,"OF TIM, NOBODY HAS",0.8449,"OF TIM, NOBODY HAS",,Match,D432/01,from Tim nobody/from Tim/nobody/from Tim nobody else/from Tim/nobody else/from Tim nobody has/from Tim/nobody has/from Tim nobody's/from Tim/nobody's/from Tim nobody else has/from Tim/nobody else has/from him nobody/from him/nobody/from him nobody else/from him/nobody else/from him nobody has/from him/nobody has/from him nobody's/from him/nobody's/from him nobody else has/from him/nobody else has/from her nobody/from her/nobody/from her nobody else/from her/nobody else/from her nobody has/from her/nobody has/from her nobody's/from her/nobody's/from her nobody else has/from her/nobody else has/from them nobody/from them/nobody/from them nobody else/from them/nobody else/from them nobody has/from them/nobody has/from them nobody's/from them/nobody's/from them nobody else has/from them/nobody else has
300004617600066,TELEVID6237_SCANNER12,ES4470009727712576824300004617600066,03/07/2025,21/06/2025,7277125768,ES447,Romance,ES,9,24,ANTIVIRUS,0.8085,ANTIVIRUS,,Match,D432/01,viral
300004617600150,TELEVID6237_SCANNER12,ES4470093727712576821300004617600150,03/07/2025,21/06/2025,7277125768,ES447,Romance,ES,93,21,SIGNIFICATELY,0.8232,SIGNIFICATELY,,Match,D432/01,Significantly
300004617600176,TELEVID6237_SCANNER12,ES421016072771257684300004617600176,03/07/2025,21/06/2025,7277125768,ES421,Romance,ES,160,4,B,0.8126,B,,Match,D432/01,B
300004617600177,TELEVID6237_SCANNER12,ES4210161727712576828300004617600177,03/07/2025,21/06/2025,7277125768,ES421,Romance,ES,161,28,MAKES IMPOSSIBLE TO,0.8186,MAKES INCOSSIBLE TO,,NoMatch,D432/01,made it impossible for/made it/impossible for/meant it was/meant it was impossible for/impossible for
300004618100001,TELEVID6234_SCANNER12,ES421016572771257681300004618100001,03/07/2025,21/06/2025,7277125768,ES421,Romance,ES,165,1,A,0.8088,A,,Match,D432/01,D
300004618700572,TELEVID6232_SCANNER12,ES4210196727712576826300004618700572,03/07/2025,21/06/2025,7277125768,ES421,Romance,ES,196,26,SO GOOD PLAYING CHESS,0.8308,SO GOOD PLAYING CHESS,,Match,D432/01,as good at (playing) chess/as good/at (playing) chess/so good at (playing) chess/so good/at (playing) chess/as good a chess player/as good/a chess player/so good a chess player/so good/a chess player
300004618900167,TELEVID6241_SCANNER12,ES1035849857122788627300004618900167,03/07/2025,28/06/2025,8571227886,ES103,Romance,ES,5849,27,NOT WORTH TO WORRY ABOUT,0.8113,NOT WORRY ABOUT,,NoMatch,D432/01,not WORTH worrying [about/over]/not WORTH/worrying [about/over]
300004618900175,TELEVID6241_SCANNER12,ES1035857857122788626300004618900175,03/07/2025,28/06/2025,8571227886,ES103,Romance,ES,5857,26,OF JOHN FOR EATING,0.801,OF JOHN FOR EATING,,Match,D432/01,having eaten/John of eating/John of/eating/John of having eaten/John of/having eaten/him of eating/him of/eating/him of having eaten/him of/having eaten/her of eating/her of/eating/her of having eaten/her of/having eaten/them of eating/them of/eating/them of having eaten/them of
300004618900189,TELEVID6241_SCANNER12,ES103587185712278863300004618900189,03/07/2025,28/06/2025,8571227886,ES103,Romance,ES,5871,3,D,0.8048,D,,Match,D432/01,A
300004618900189,TELEVID6241_SCANNER12,ES103587185712278867300004618900189,03/07/2025,28/06/2025,8571227886,ES103,Romance,ES,5871,7,C,0.8427,C,,Match,D432/01,D
300004618900189,TELEVID6241_SCANNER12,ES1035871857122788626300004618900189,03/07/2025,28/06/2025,8571227886,ES103,Romance,ES,5871,26,OF JOHN FOR EATEN,0.8073,OF JOHN FOR EATEN,,Match,D432/01,having eaten/John of eating/John of/eating/John of having eaten/John of/having eaten/him of eating/him of/eating/him of having eaten/him of/having eaten/her of eating/her of/eating/her of having eaten/her of/having eaten/them of eating/them of/eating/them of having eaten/them of
300004618900189,TELEVID6241_SCANNER12,ES1035871857122788630300004618900189,03/07/2025,28/06/2025,8571227886,ES103,Romance,ES,5871,30,PUT AN EYE ON,0.816,PUT AN EYE ON,,Match,D432/01,keep an eye on/keep/an eye on/keep your eye on/keep/your eye on
300004618900560,TELEVID6241_SCANNER12,ES1035737857122788615300004618900560,03/07/2025,28/06/2025,8571227886,ES103,Romance,ES,5737,15,IF,0.8097,1F,,NoMatch,D432/01,though
300004618900570,TELEVID6241_SCANNER12,ES103574785712278861300004618900570,03/07/2025,28/06/2025,8571227886,ES103,Romance,ES,5747,1,B,0.8218,B,,Match,D432/01,B
300004618900711,TELEVID6241_SCANNER12,ES1035635857122788629300004618900711,03/07/2025,28/06/2025,8571227886,ES103,Romance,ES,5635,29,PAY ATTENTION TO,0.8401,PAY ATTENTION TO,,Match,D432/01,pay (close) attention to/pay (close) attention/to/pay (careful) attention to/pay (careful) attention/to
300004618900713,TELEVID6241_SCANNER12,ES103563785712278861300004618900713,03/07/2025,28/06/2025,8571227886,ES103,Romance,ES,5637,1,B,0.8217,B,,Match,D432/01,B
300004618900713,TELEVID6241_SCANNER12,ES1035637857122788628300004618900713,03/07/2025,28/06/2025,8571227886,ES103,Romance,ES,5637,28,OF HE NOBODY HAS,0.8275,OF HE NOBODY HAS,,Match,D432/01,from Tim nobody/from Tim/nobody/from Tim nobody else/from Tim/nobody else/from Tim nobody has/from Tim/nobody has/from Tim nobody's/from Tim/nobody's/from Tim nobody else has/from Tim/nobody else has/from him nobody/from him/nobody/from him nobody else/from him/nobody else/from him nobody has/from him/nobody has/from him nobody's/from him/nobody's/from him nobody else has/from him/nobody else has/from her nobody/from her/nobody/from her nobody else/from her/nobody else/from her nobody has/from her/nobody has/from her nobody's/from her/nobody's/from her nobody else has/from her/nobody else has/from them nobody/from them/nobody/from them nobody else/from them/nobody else/from them nobody has/from them/nobody has/from them nobody's/from them/nobody's/from them nobody else has/from them/nobody else has
300004619300405,TELEVID6246_SCANNER12,ES0400705857122788617300004619300405,03/07/2025,28/06/2025,8571227886,ES040,Romance,ES,705,17,BENEFITTIANT,0.8396,BENEFITTIANT,,Match,D432/01,beneficial
300004619500288,TELEVID6242_SCANNER12,IT1230005857122788628300004619500288,03/07/2025,28/06/2025,8571227886,IT123,Romance,IT,5,28,TIM WAS NOBODY,0.8362,TIM WAS NOBODY,,Match,D432/01,from Tim nobody/from Tim/nobody/from Tim nobody else/from Tim/nobody else/from Tim nobody has/from Tim/nobody has/from Tim nobody's/from Tim/nobody's/from Tim nobody else has/from Tim/nobody else has/from him nobody/from him/nobody/from him nobody else/from him/nobody else/from him nobody has/from him/nobody has/from him nobody's/from him/nobody's/from him nobody else has/from him/nobody else has/from her nobody/from her/nobody/from her nobody else/from her/nobody else/from her nobody has/from her/nobody has/from her nobody's/from her/nobody's/from her nobody else has/from her/nobody else has/from them nobody/from them/nobody/from them nobody else/from them/nobody else/from them nobody has/from them/nobody has/from them nobody's/from them/nobody's/from them nobody else has/from them/nobody else has
300004619700294,TELEVID6243_SCANNER12,PL1150041727712576827300004619700294,03/07/2025,21/06/2025,7277125768,PL115,Slavic,PL,41,27,TO AVOID TO GET,0.8464,TO AVOID TO GET,,Match,D432/01,to AVOID (us) [getting/being]/to AVOID/(us) [getting/being]
300004619700294,TELEVID6243_SCANNER12,PL1150041727712576846300004619700294,03/07/2025,21/06/2025,7277125768,PL115,Slavic,PL,41,46,D,0.8103,D,,Match,D432/01,E
300004620600583,TELEVID6251_SCANNER12,ES0301139857122788627300004620600583,03/07/2025,28/06/2025,8571227886,ES030,Romance,ES,1139,27,NOT WORTH TO: WORRY FOR,0.8429,NOT WORTH TO: WORRY FOR,,Match,D432/01,not WORTH worrying [about/over]/not WORTH/worrying [about/over]
300004620600695,TELEVID6251_SCANNER12,IT1600007727712576830300004620600695,03/07/2025,21/06/2025,7277125768,IT160,Romance,IT,7,30,WISH I HADN'T TOLD,0.8481,WISH I HADN'T TOLD,,Match,D432/01,wish I had not told/wish I had not/told/wish I hadn't told/wish I hadn't/told/wish I'd not told/wish I'd not/told/wish I had not informed/wish I had not/informed/wish I hadn't informed/wish I hadn't/informed/wish I'd not informed/wish I'd not/informed/wish I had never told/wish I had never/told/wish I'd never told/wish I'd never/told/wish I had never informed/wish I had never/informed/wish I'd never informed/wish I'd never/informed
300004620600701,TELEVID6251_SCANNER12,IT1600013727712576826300004620600701,03/07/2025,21/06/2025,7277125768,IT160,Romance,IT,13,26,GOOD ON PLAYING CHESS,0.8359,GOOD ON PLAYING CLESS,,NoMatch,D432/01,as good at (playing) chess/as good/at (playing) chess/so good at (playing) chess/so good/at (playing) chess/as good a chess player/as good/a chess player/so good a chess player/so good/a chess player
300004620600703,TELEVID6251_SCANNER12,IT1600015727712576832300004620600703,03/07/2025,21/06/2025,7277125768,IT160,Romance,IT,15,32,B,0.8286,B,,Match,D432/01,B
300004620600710,TELEVID6251_SCANNER12,IT160002272771257681300004620600710,03/07/2025,21/06/2025,7277125768,IT160,Romance,IT,22,1,D,0.8029,"B, D",,NoMatch,D432/01,D
300004620600710,TELEVID6251_SCANNER12,IT160002272771257682300004620600710,03/07/2025,21/06/2025,7277125768,IT160,Romance,IT,22,2,B,0.8482,"B, D",,NoMatch,D432/01,C
300004620800573,TELEVID6250_SCANNER12,ES3783020857122788628300004620800573,03/07/2025,28/06/2025,8571227886,ES378,Romance,ES,3020,28,FROM TIM THERE WAS NOBODY WHO,0.8196,FROM TIM THERE WAS NOBODY WHO,,Match,D432/01,from Tim nobody/from Tim/nobody/from Tim nobody else/from Tim/nobody else/from Tim nobody has/from Tim/nobody has/from Tim nobody's/from Tim/nobody's/from Tim nobody else has/from Tim/nobody else has/from him nobody/from him/nobody/from him nobody else/from him/nobody else/from him nobody has/from him/nobody has/from him nobody's/from him/nobody's/from him nobody else has/from him/nobody else has/from her nobody/from her/nobody/from her nobody else/from her/nobody else/from her nobody has/from her/nobody has/from her nobody's/from her/nobody's/from her nobody else has/from her/nobody else has/from them nobody/from them/nobody/from them nobody else/from them/nobody else/from them nobody has/from them/nobody has/from them nobody's/from them/nobody's/from them nobody else has/from them/nobody else has
300004621500571,TELEVID6256_SCANNER12,ES4380001857122788628300004621500571,03/07/2025,28/06/2025,8571227886,ES438,Romance,ES,1,28,OF TIM NOBADY HAS,0.8455,OF TIM NOBADY HAS,,Match,D432/01,from Tim nobody/from Tim/nobody/from Tim nobody else/from Tim/nobody else/from Tim nobody has/from Tim/nobody has/from Tim nobody's/from Tim/nobody's/from Tim nobody else has/from Tim/nobody else has/from him nobody/from him/nobody/from him nobody else/from him/nobody else/from him nobody has/from him/nobody has/from him nobody's/from him/nobody's/from him nobody else has/from him/nobody else has/from her nobody/from her/nobody/from her nobody else/from her/nobody else/from her nobody has/from her/nobody has/from her nobody's/from her/nobody's/from her nobody else has/from her/nobody else has/from them nobody/from them/nobody/from them nobody else/from them/nobody else/from them nobody has/from them/nobody has/from them nobody's/from them/nobody's/from them nobody else has/from them/nobody else has
300004621500637,TELEVID6256_SCANNER12,ES438006785712278861300004621500637,03/07/2025,28/06/2025,8571227886,ES438,Romance,ES,67,1,B,0.8043,B,,Match,D432/01,B
300004621500639,TELEVID6256_SCANNER12,ES4380069857122788618300004621500639,03/07/2025,28/06/2025,8571227886,ES438,Romance,ES,69,18,CONSUMI ION,0.8487,CONSUMI ION,,Match,D432/01,consumption
300004621500639,TELEVID6256_SCANNER12,ES4380069857122788619300004621500639,03/07/2025,28/06/2025,8571227886,ES438,Romance,ES,69,19,FLYS,0.8103,FLYS,,Match,D432/01,flights
300004621500710,TELEVID6256_SCANNER12,ES4399293857122788628300004621500710,03/07/2025,28/06/2025,8571227886,ES439,Romance,ES,9293,28,TIM NOBODY ELSE HAS,0.809,TIM NOBODY ELSE HAS,,Match,D432/01,from Tim nobody/from Tim/nobody/from Tim nobody else/from Tim/nobody else/from Tim nobody has/from Tim/nobody has/from Tim nobody's/from Tim/nobody's/from Tim nobody else has/from Tim/nobody else has/from him nobody/from him/nobody/from him nobody else/from him/nobody else/from him nobody has/from him/nobody has/from him nobody's/from him/nobody's/from him nobody else has/from him/nobody else has/from her nobody/from her/nobody/from her nobody else/from her/nobody else/from her nobody has/from her/nobody has/from her nobody's/from her/nobody's/from her nobody else has/from her/nobody else has/from them nobody/from them/nobody/from them nobody else/from them/nobody else/from them nobody has/from them/nobody has/from them nobody's/from them/nobody's/from them nobody else has/from them/nobody else has
300004621700236,TELEVID6247_SCANNER12,ES1035835857122788624300004621700236,03/07/2025,28/06/2025,8571227886,ES103,Romance,ES,5835,24,ADVENTURING,0.8327,ADVENTURING,,Match,D432/01,adventurous/adventuresome
300004621700236,TELEVID6247_SCANNER12,ES1035835857122788632300004621700236,03/07/2025,28/06/2025,8571227886,ES103,Romance,ES,5835,32,B,0.8073,B,,Match,D432/01,B
300004621900418,TELEVID6254_SCANNER12,ES3890052857122788628300004621900418,03/07/2025,28/06/2025,8571227886,ES389,Romance,ES,52,28,"FROM TIM, NOBODY HAS",0.8352,"FROM TIM, NOBODY HAS",,Match,D432/01,from Tim nobody/from Tim/nobody/from Tim nobody else/from Tim/nobody else/from Tim nobody has/from Tim/nobody has/from Tim nobody's/from Tim/nobody's/from Tim nobody else has/from Tim/nobody else has/from him nobody/from him/nobody/from him nobody else/from him/nobody else/from him nobody has/from him/nobody has/from him nobody's/from him/nobody's/from him nobody else has/from him/nobody else has/from her nobody/from her/nobody/from her nobody else/from her/nobody else/from her nobody has/from her/nobody has/from her nobody's/from her/nobody's/from her nobody else has/from her/nobody else has/from them nobody/from them/nobody/from them nobody else/from them/nobody else/from them nobody has/from them/nobody has/from them nobody's/from them/nobody's/from them nobody else has/from them/nobody else has
300004621900580,TELEVID6254_SCANNER12,IT2170005857122788614300004621900580,03/07/2025,28/06/2025,8571227886,IT217,Romance,IT,5,14,UP,0.8404,UP,,Match,D432/01,up
300004621900591,TELEVID6254_SCANNER12,IT217001685712278869300004621900591,03/07/2025,28/06/2025,8571227886,IT217,Romance,IT,16,9,IN,0.832,IN,,Match,D432/01,more
300004621900595,TELEVID6254_SCANNER12,IT2170020857122788617300004621900595,03/07/2025,28/06/2025,8571227886,IT217,Romance,IT,20,17,BENEFICIAL,0.8312,BENEFICIAE,,NoMatch,D432/01,beneficial
300004621900595,TELEVID6254_SCANNER12,IT2170020857122788621300004621900595,03/07/2025,28/06/2025,8571227886,IT217,Romance,IT,20,21,AFFORDABLE,0.8452,AFFOZDABLE,,NoMatch,D432/01,affordable
300004621900595,TELEVID6254_SCANNER12,IT2170020857122788623300004621900595,03/07/2025,28/06/2025,8571227886,IT217,Romance,IT,20,23,DAILY,0.8206,DAIEY,,NoMatch,D432/01,daily/everyday
300004621900595,TELEVID6254_SCANNER12,IT2170020857122788626300004621900595,03/07/2025,28/06/2025,8571227886,IT217,Romance,IT,20,26,OF JOHN FOR EATING,0.8348,OF JOHN FOR EATING,,Match,D432/01,having eaten/John of eating/John of/eating/John of having eaten/John of/having eaten/him of eating/him of/eating/him of having eaten/him of/having eaten/her of eating/her of/eating/her of having eaten/her of/having eaten/them of eating/them of/eating/them of having eaten/them of
300004621900599,TELEVID6254_SCANNER12,IT2170024857122788613300004621900599,03/07/2025,28/06/2025,8571227886,IT217,Romance,IT,24,13,MANY,0.8029,RANY,,NoMatch,D432/01,many
300004621900599,TELEVID6254_SCANNER12,IT2170024857122788629300004621900599,03/07/2025,28/06/2025,8571227886,IT217,Romance,IT,24,29,PAY ATTENTION TO,0.8171,PAY ATTENTION TO,,Match,D432/01,pay (close) attention to/pay (close) attention/to/pay (careful) attention to/pay (careful) attention/to
300004621900601,TELEVID6254_SCANNER12,IT2170026857122788621300004621900601,03/07/2025,28/06/2025,8571227886,IT217,Romance,IT,26,21,AFFORDABLE,0.8194,AFFORDABLE,,Match,D432/01,affordable
300004621900601,TELEVID6254_SCANNER12,IT2170026857122788625300004621900601,03/07/2025,28/06/2025,8571227886,IT217,Romance,IT,26,25,WAS MADE UP BY,0.8096,WAS MADE UP BJ,,NoMatch,D432/01,got made up by/got made/up by/was made up by/was made/up by
300004621900602,TELEVID6254_SCANNER12,IT2170027857122788628300004621900602,03/07/2025,28/06/2025,8571227886,IT217,Romance,IT,27,28,TIM NOBODY HAS,0.8325,TIN NOBODY HAS,,NoMatch,D432/01,from Tim nobody/from Tim/nobody/from Tim nobody else/from Tim/nobody else/from Tim nobody has/from Tim/nobody has/from Tim nobody's/from Tim/nobody's/from Tim nobody else has/from Tim/nobody else has/from him nobody/from him/nobody/from him nobody else/from him/nobody else/from him nobody has/from him/nobody has/from him nobody's/from him/nobody's/from him nobody else has/from him/nobody else has/from her nobody/from her/nobody/from her nobody else/from her/nobody else/from her nobody has/from her/nobody has/from her nobody's/from her/nobody's/from her nobody else has/from her/nobody else has/from them nobody/from them/nobody/from them nobody else/from them/nobody else/from them nobody has/from them/nobody has/from them nobody's/from them/nobody's/from them nobody else has/from them/nobody else has
300004622500978,TELEVID6264_SCANNER12,ES3917011857122788628300004622500978,03/07/2025,28/06/2025,8571227886,ES391,Romance,ES,7011,28,"FROM TIM, NOBODY ELSE HAS",0.8228,"FROM TIM, NOBODY ELSE HAS",,Match,D432/01,from Tim nobody/from Tim/nobody/from Tim nobody else/from Tim/nobody else/from Tim nobody has/from Tim/nobody has/from Tim nobody's/from Tim/nobody's/from Tim nobody else has/from Tim/nobody else has/from him nobody/from him/nobody/from him nobody else/from him/nobody else/from him nobody has/from him/nobody has/from him nobody's/from him/nobody's/from him nobody else has/from him/nobody else has/from her nobody/from her/nobody/from her nobody else/from her/nobody else/from her nobody has/from her/nobody has/from her nobody's/from her/nobody's/from her nobody else has/from her/nobody else has/from them nobody/from them/nobody/from them nobody else/from them/nobody else/from them nobody has/from them/nobody has/from them nobody's/from them/nobody's/from them nobody else has/from them/nobody else has
300004622500989,TELEVID6264_SCANNER12,ES3917022857122788632300004622500989,03/07/2025,28/06/2025,8571227886,ES391,Romance,ES,7022,32,B,0.8021,B,,Match,D432/01,B
300004622501023,TELEVID6264_SCANNER12,ES3917056857122788615300004622501023,03/07/2025,28/06/2025,8571227886,ES391,Romance,ES,7056,15,IF,0.8017,1F,,NoMatch,D432/01,though
300004622501028,TELEVID6264_SCANNER12,ES3917061857122788634300004622501028,03/07/2025,28/06/2025,8571227886,ES391,Romance,ES,7061,34,B,0.8232,B,,Match,D432/01,B
300004622501085,TELEVID6264_SCANNER12,ES3917118857122788628300004622501085,03/07/2025,28/06/2025,8571227886,ES391,Romance,ES,7118,28,"FROM TIM, NOBODY",0.8123,FROM TIM NOBODY,,NoMatch,D432/01,from Tim nobody/from Tim/nobody/from Tim nobody else/from Tim/nobody else/from Tim nobody has/from Tim/nobody has/from Tim nobody's/from Tim/nobody's/from Tim nobody else has/from Tim/nobody else has/from him nobody/from him/nobody/from him nobody else/from him/nobody else/from him nobody has/from him/nobody has/from him nobody's/from him/nobody's/from him nobody else has/from him/nobody else has/from her nobody/from her/nobody/from her nobody else/from her/nobody else/from her nobody has/from her/nobody has/from her nobody's/from her/nobody's/from her nobody else has/from her/nobody else has/from them nobody/from them/nobody/from them nobody else/from them/nobody else/from them nobody has/from them/nobody has/from them nobody's/from them/nobody's/from them nobody else has/from them/nobody else has
300004622501107,TELEVID6264_SCANNER12,ES3917140857122788634300004622501107,03/07/2025,28/06/2025,8571227886,ES391,Romance,ES,7140,34,B,0.8117,B,,Match,D432/01,B
300004622501142,TELEVID6264_SCANNER12,ES3917175857122788612300004622501142,03/07/2025,28/06/2025,8571227886,ES391,Romance,ES,7175,12,IS,0.8011,IS,,Match,D432/01,was
300004622501197,TELEVID6264_SCANNER12,ES3917230857122788634300004622501197,03/07/2025,28/06/2025,8571227886,ES391,Romance,ES,7230,34,B,0.8251,B,,Match,D432/01,B
300004622501248,TELEVID6264_SCANNER12,ES3917281857122788624300004622501248,03/07/2025,28/06/2025,8571227886,ES391,Romance,ES,7281,24,ADVENTUROUS,0.8086,ADVENTUROUS,,Match,D432/01,adventurous/adventuresome
300004622501248,TELEVID6264_SCANNER12,ES3917281857122788646300004622501248,03/07/2025,28/06/2025,8571227886,ES391,Romance,ES,7281,46,--impossible--,0.8053,D,,NoMatch,D432/01,C
300004623000571,TELEVID6270_SCANNER13,IT282003185712278861300004623000571,04/07/2025,28/06/2025,8571227886,IT282,Romance,IT,31,1,B,0.8379,B,,Match,D432/01,B
300004623200347,TELEVID6261_SCANNER13,ES7500163857122788629300004623200347,04/07/2025,28/06/2025,8571227886,ES750,Romance,ES,163,29,PAY ATTENTION TO,0.8257,PAY ATTENTION TO,,Match,D432/01,pay (close) attention to/pay (close) attention/to/pay (careful) attention to/pay (careful) attention/to
300004623200358,TELEVID6261_SCANNER13,ES7500174857122788626300004623200358,04/07/2025,28/06/2025,8571227886,ES750,Romance,ES,174,26,OF JOHN EATING,0.8158,OF JOHN EATING,,Match,D432/01,having eaten/John of eating/John of/eating/John of having eaten/John of/having eaten/him of eating/him of/eating/him of having eaten/him of/having eaten/her of eating/her of/eating/her of having eaten/her of/having eaten/them of eating/them of/eating/them of having eaten/them of
300004623200408,TELEVID6261_SCANNER13,ES7500244857122788610300004623200408,04/07/2025,28/06/2025,8571227886,ES750,Romance,ES,244,10,BECAUSE,0.8069,BECAUSE,,Match,D432/01,because
300004623200420,TELEVID6261_SCANNER13,ES750025685712278863300004623200420,04/07/2025,28/06/2025,8571227886,ES750,Romance,ES,256,3,B,0.8381,B,,Match,D432/01,A
300004623200421,TELEVID6261_SCANNER13,ES750025785712278867300004623200421,04/07/2025,28/06/2025,8571227886,ES750,Romance,ES,257,7,B,0.8415,B,,Match,D432/01,D
300004623400534,TELEVID6265_SCANNER13,IT2820053857122788618300004623400534,04/07/2025,28/06/2025,8571227886,IT282,Romance,IT,53,18,CONSUMISM,0.8178,CONSUMISM,,Match,D432/01,consumption
300004623400535,TELEVID6265_SCANNER13,IT282005485712278864300004623400535,04/07/2025,28/06/2025,8571227886,IT282,Romance,IT,54,4,B,0.8011,B,,Match,D432/01,B
300004623600353,TELEVID6263_SCANNER13,ES7500214857122788627300004623600353,04/07/2025,28/06/2025,8571227886,ES750,Romance,ES,214,27,NOT WORTH TO WORRY ABOUT,0.8419,NOT WORTH TO WORRY ABOUT,,Match,D432/01,not WORTH worrying [about/over]/not WORTH/worrying [about/over]
300004623600353,TELEVID6263_SCANNER13,ES7500214857122788634300004623600353,04/07/2025,28/06/2025,8571227886,ES750,Romance,ES,214,34,--impossible--,0.8382,C,,NoMatch,D432/01,B
300004623600379,TELEVID6263_SCANNER13,ES7500352857122788634300004623600379,04/07/2025,28/06/2025,8571227886,ES750,Romance,ES,352,34,B,0.8332,B,,Match,D432/01,B
300004627300440,TELEVID6304_SCANNER13,ES8505415857122788630300004627300440,08/07/2025,28/06/2025,8571227886,ES850,Romance,ES,5415,30,KEEP AN EYE ON,0.8076,KEEP AN EYE ON,,Match,D432/01,keep an eye on/keep/an eye on/keep your eye on/keep/your eye on
300004627800081,TELEVID6312_SCANNER13,ES8154207857122788634300004627800081,08/07/2025,28/06/2025,8571227886,ES815,Romance,ES,4207,34,B,0.8222,B,,Match,D432/01,B
300004627800081,TELEVID6312_SCANNER13,ES8154207857122788647300004627800081,08/07/2025,28/06/2025,8571227886,ES815,Romance,ES,4207,47,A,0.8036,A,,Match,D432/01,A
300004627800119,TELEVID6312_SCANNER13,ES815041485712278864300004627800119,08/07/2025,28/06/2025,8571227886,ES815,Romance,ES,414,4,B,0.8151,B,,Match,D432/01,B
300004627800119,TELEVID6312_SCANNER13,ES8150414857122788628300004627800119,08/07/2025,28/06/2025,8571227886,ES815,Romance,ES,414,28,"FROM TIM, NOBODY",0.8377,"FROM TIM, NOBODY",,Match,D432/01,from Tim nobody/from Tim/nobody/from Tim nobody else/from Tim/nobody else/from Tim nobody has/from Tim/nobody has/from Tim nobody's/from Tim/nobody's/from Tim nobody else has/from Tim/nobody else has/from him nobody/from him/nobody/from him nobody else/from him/nobody else/from him nobody has/from him/nobody has/from him nobody's/from him/nobody's/from him nobody else has/from him/nobody else has/from her nobody/from her/nobody/from her nobody else/from her/nobody else/from her nobody has/from her/nobody has/from her nobody's/from her/nobody's/from her nobody else has/from her/nobody else has/from them nobody/from them/nobody/from them nobody else/from them/nobody else/from them nobody has/from them/nobody has/from them nobody's/from them/nobody's/from them nobody else has/from them/nobody else has
300004627800150,TELEVID6312_SCANNER13,ES8150513857122788628300004627800150,08/07/2025,28/06/2025,8571227886,ES815,Romance,ES,513,28,TIM NOBODY ARE,0.8318,TIM NOBODY ARE,,Match,D432/01,from Tim nobody/from Tim/nobody/from Tim nobody else/from Tim/nobody else/from Tim nobody has/from Tim/nobody has/from Tim nobody's/from Tim/nobody's/from Tim nobody else has/from Tim/nobody else has/from him nobody/from him/nobody/from him nobody else/from him/nobody else/from him nobody has/from him/nobody has/from him nobody's/from him/nobody's/from him nobody else has/from him/nobody else has/from her nobody/from her/nobody/from her nobody else/from her/nobody else/from her nobody has/from her/nobody has/from her nobody's/from her/nobody's/from her nobody else has/from her/nobody else has/from them nobody/from them/nobody/from them nobody else/from them/nobody else/from them nobody has/from them/nobody has/from them nobody's/from them/nobody's/from them nobody else has/from them/nobody else has
300004627800198,TELEVID6312_SCANNER13,ES8150561857122788624300004627800198,08/07/2025,28/06/2025,8571227886,ES815,Romance,ES,561,24,ADVENTUROUS,0.8467,ADVENTION,,NoMatch,D432/01,adventurous/adventuresome
300004627800223,TELEVID6312_SCANNER13,ES8150586857122788629300004627800223,08/07/2025,28/06/2025,8571227886,ES815,Romance,ES,586,29,PAY ATTENTION READING,0.8256,PAY ATTENTION READING,,Match,D432/01,pay (close) attention to/pay (close) attention/to/pay (careful) attention to/pay (careful) attention/to
300004627800223,TELEVID6312_SCANNER13,ES8150586857122788630300004627800223,08/07/2025,28/06/2025,8571227886,ES815,Romance,ES,586,30,HAVE AN EYE ON,0.8127,HAVE AN EYE ON,,Match,D432/01,keep an eye on/keep/an eye on/keep your eye on/keep/your eye on
300004628100842,TELEVID8329_SCANNER13,ES456007385712278864300004628100842,08/07/2025,28/06/2025,8571227886,ES456,Romance,ES,73,4,B,0.8312,B,,Match,D432/01,B
300004628100848,TELEVID8329_SCANNER13,ES4560079857122788628300004628100848,08/07/2025,28/06/2025,8571227886,ES456,Romance,ES,79,28,FROM TIM NOBODY ELSE,0.8399,FROM TIM NOBODY ELSE,,Match,D432/01,from Tim nobody/from Tim/nobody/from Tim nobody else/from Tim/nobody else/from Tim nobody has/from Tim/nobody has/from Tim nobody's/from Tim/nobody's/from Tim nobody else has/from Tim/nobody else has/from him nobody/from him/nobody/from him nobody else/from him/nobody else/from him nobody has/from him/nobody has/from him nobody's/from him/nobody's/from him nobody else has/from him/nobody else has/from her nobody/from her/nobody/from her nobody else/from her/nobody else/from her nobody has/from her/nobody has/from her nobody's/from her/nobody's/from her nobody else has/from her/nobody else has/from them nobody/from them/nobody/from them nobody else/from them/nobody else/from them nobody has/from them/nobody has/from them nobody's/from them/nobody's/from them nobody else has/from them/nobody else has
300004629100707,TELEVID8337_SCANNER12,IT0240010727712576814300004629100707,10/07/2025,21/06/2025,7277125768,IT024,Romance,IT,10,14,IF,0.8299,1F,,NoMatch,D432/01,though/if
300004629100709,TELEVID8337_SCANNER12,IT0240012727712576830300004629100709,10/07/2025,21/06/2025,7277125768,IT024,Romance,IT,12,30,WISH I DIDN'T TELL,0.8229,WISH I DIDN'T TELL,,Match,D432/01,wish I had not told/wish I had not/told/wish I hadn't told/wish I hadn't/told/wish I'd not told/wish I'd not/told/wish I had not informed/wish I had not/informed/wish I hadn't informed/wish I hadn't/informed/wish I'd not informed/wish I'd not/informed/wish I had never told/wish I had never/told/wish I'd never told/wish I'd never/told/wish I had never informed/wish I had never/informed/wish I'd never informed/wish I'd never/informed
300004629100710,TELEVID8337_SCANNER12,IT0240013727712576830300004629100710,10/07/2025,21/06/2025,7277125768,IT024,Romance,IT,13,30,WISH NOBODY KNOWS INCLUDING,0.8127,WISH NOBODY KNOWS INCLUDING,,Match,D432/01,wish I had not told/wish I had not/told/wish I hadn't told/wish I hadn't/told/wish I'd not told/wish I'd not/told/wish I had not informed/wish I had not/informed/wish I hadn't informed/wish I hadn't/informed/wish I'd not informed/wish I'd not/informed/wish I had never told/wish I had never/told/wish I'd never told/wish I'd never/told/wish I had never informed/wish I had never/informed/wish I'd never informed/wish I'd never/informed
300004629100712,TELEVID8337_SCANNER12,IT0240015727712576832300004629100712,10/07/2025,21/06/2025,7277125768,IT024,Romance,IT,15,32,B,0.8432,B,,Match,D432/01,B
300004632300016,TELEVID8328_SCANNER12,ES378008185712278867300004632300016,10/07/2025,28/06/2025,8571227886,ES378,Romance,ES,81,7,D,0.822,D,,Match,D432/01,D
300004632300041,TELEVID8328_SCANNER12,ES3780067857122788628300004632300041,10/07/2025,28/06/2025,8571227886,ES378,Romance,ES,67,28,"FROM TIM, NO BODY HAS",0.8087,"FROM TIM, NO BODY HAS",,Match,D432/01,from Tim nobody/from Tim/nobody/from Tim nobody else/from Tim/nobody else/from Tim nobody has/from Tim/nobody has/from Tim nobody's/from Tim/nobody's/from Tim nobody else has/from Tim/nobody else has/from him nobody/from him/nobody/from him nobody else/from him/nobody else/from him nobody has/from him/nobody has/from him nobody's/from him/nobody's/from him nobody else has/from him/nobody else has/from her nobody/from her/nobody/from her nobody else/from her/nobody else/from her nobody has/from her/nobody has/from her nobody's/from her/nobody's/from her nobody else has/from her/nobody else has/from them nobody/from them/nobody/from them nobody else/from them/nobody else/from them nobody has/from them/nobody has/from them nobody's/from them/nobody's/from them nobody else has/from them/nobody else has
300004632300138,TELEVID8328_SCANNER12,ES447000585712278863300004632300138,10/07/2025,28/06/2025,8571227886,ES447,Romance,ES,5,3,B,0.8126,C,,NoMatch,D432/01,A
300004632300143,TELEVID8328_SCANNER12,ES447001085712278864300004632300143,10/07/2025,28/06/2025,8571227886,ES447,Romance,ES,10,4,B,0.8437,B,,Match,D432/01,B
300004632300143,TELEVID8328_SCANNER12,ES4470010857122788627300004632300143,10/07/2025,28/06/2025,8571227886,ES447,Romance,ES,10,27,NOT WORTH TO WORRY ABOUT,0.81,NOT WORTH TO WORRY ABOUT,,Match,D432/01,not WORTH worrying [about/over]/not WORTH/worrying [about/over]
300004632300223,TELEVID8328_SCANNER12,IT9550016857122788629300004632300223,10/07/2025,28/06/2025,8571227886,IT955,Romance,IT,16,29,PAY ATTENTION ON,0.8069,DAY ATTENTION ON,,NoMatch,D432/01,pay (close) attention to/pay (close) attention/to/pay (careful) attention to/pay (careful) attention/to
300004632300224,TELEVID8328_SCANNER12,IT9550017857122788627300004632300224,10/07/2025,28/06/2025,8571227886,IT955,Romance,IT,17,27,NOT WORTH IT WORRYING ABOUT,0.8174,NOT WORTH IT WORRYING ABOUT,,Match,D432/01,not WORTH worrying [about/over]/not WORTH/worrying [about/over]
300004632300227,TELEVID8328_SCANNER12,IT9550020857122788630300004632300227,10/07/2025,28/06/2025,8571227886,IT955,Romance,IT,20,30,TAKE AN EYE ON,0.8263,TAKE AM EYE ON,,NoMatch,D432/01,keep an eye on/keep/an eye on/keep your eye on/keep/your eye on
300004632300230,TELEVID8328_SCANNER12,IT9550023857122788632300004632300230,10/07/2025,28/06/2025,8571227886,IT955,Romance,IT,23,32,B,0.8457,B,,Match,D432/01,B
300004632300230,TELEVID8328_SCANNER12,IT9550023857122788648300004632300230,10/07/2025,28/06/2025,8571227886,IT955,Romance,IT,23,48,B,0.8178,B,,Match,D432/01,D
300004632300378,TELEVID8328_SCANNER12,ES685101885712278863300004632300378,10/07/2025,28/06/2025,8571227886,ES685,Romance,ES,1018,3,--impossible--,0.8329,C,,NoMatch,D432/01,A
300004632300673,TELEVID8328_SCANNER12,ES378003885712278864300004632300673,10/07/2025,28/06/2025,8571227886,ES378,Romance,ES,38,4,B,0.845,B,,Match,D432/01,B
300004632300675,TELEVID8328_SCANNER12,ES3780120857122788626300004632300675,10/07/2025,28/06/2025,8571227886,ES378,Romance,ES,120,26,JOHN OF HAVE EATEN,0.8488,JOHN OF HAVE EATEN,,Match,D432/01,having eaten/John of eating/John of/eating/John of having eaten/John of/having eaten/him of eating/him of/eating/him of having eaten/him of/having eaten/her of eating/her of/eating/her of having eaten/her of/having eaten/them of eating/them of/eating/them of having eaten/them of
300004632300868,TELEVID8328_SCANNER12,ES3780002857122788620300004632300868,10/07/2025,28/06/2025,8571227886,ES378,Romance,ES,2,20,UNREAL,0.811,UNREALT,,NoMatch,D432/01,unrealistic
300004632300878,TELEVID8328_SCANNER12,ES3780012857122788618300004632300878,10/07/2025,28/06/2025,8571227886,ES378,Romance,ES,12,18,CONSUME,0.8382,CONSUME,,Match,D432/01,consumption
300004633100270,TELEVID6342_SCANNER12,ES2119602727712576814300004633100270,10/07/2025,21/06/2025,7277125768,ES211,Romance,ES,9602,14,IF,0.8241,IF,,Match,D432/01,though/if
300004633100270,TELEVID6342_SCANNER12,ES2119602727712576849300004633100270,10/07/2025,21/06/2025,7277125768,ES211,Romance,ES,9602,49,D,0.8136,--blank--,,NoMatch,D432/01,B
300004641500868,TELEVID8341_SCANNER12,DE161000672771257681300004641500868,23/07/2025,21/06/2025,7277125768,DE161,Germanic,DE,6,1,B,0.8448,B,,Match,D432/01,D
400004589600184,TELEVID5025_Scanner20,MA0130002444335780825400004589600184,26/03/2025,22/03/2025,4443357808,MA013,Afro-Asiatic,MA,2,25,DOES SAMDRA SIMG WEEE,0.8074,DOES SAMDRA SIMG WEEE,,Match,D432/01,does Sandra sing well/does Sandra/sing well/does Sandra sing really well/does Sandra/sing really well/does Sandra sing very well/does Sandra/sing very well/does she sing well/does she/sing well/does she sing really well/does she/sing really well/does she sing very well/does she/sing very well/can Sandra sing well/can Sandra/sing well/can Sandra sing really well/can Sandra/sing really well/can Sandra sing very well/can Sandra/sing very well/can she sing well/can she/sing well/can she sing really well/can she/sing really well/can she sing very well/can she/sing very well
400004589600184,TELEVID5025_Scanner20,MA0130002444335780830400004589600184,26/03/2025,22/03/2025,4443357808,MA013,Afro-Asiatic,MA,2,30,NO POINT IM GOING,0.8195,NO POINT IM GOING,,Match,D432/01,not any point (in) going/not any point/(in) going/not much point (in) going/not much point/(in) going/no point (in) going/no point/(in) going/little point (in) going/little point/(in) going
400004589600234,TELEVID5025_Scanner20,MA0130124444335780827400004589600234,26/03/2025,22/03/2025,4443357808,MA013,Afro-Asiatic,MA,124,27,KNEW ANYBODY APART,0.8064,KNEW ANYBODY APART,,Match,D432/01,recognise anyone (else) apart from/recognise anyone (else)/apart from/recognise anybody (else) apart from/recognise anybody (else)/apart from/know anyone (else) apart from/know anyone (else)/apart from/know anybody (else) apart from/know anybody (else)/apart from/recognize anybody (else) apart from/recognize anybody (else)/apart from/recognize anyone (else) apart from/recognize anyone (else)/apart from
400004589600318,TELEVID5025_Scanner20,MA0130112444335780828400004589600318,26/03/2025,22/03/2025,4443357808,MA013,Afro-Asiatic,MA,112,28,MUST BE WORN,0.8192,MUSTBE WORN,,NoMatch,D432/01,must be worn/must be/worn
400004589600321,TELEVID5025_Scanner20,MA0130115444335780826400004589600321,26/03/2025,22/03/2025,4443357808,MA013,Afro-Asiatic,MA,115,26,WISH I DID NOT BREAK,0.8372,WISH I DID NOT BREAK,,Match,D432/01,wish I had not broken/wish I had not/broken/wish I hadn't broken/wish I hadn't/broken/wish I'd not broken/wish I'd not/broken
400004589600492,TELEVID5025_Scanner20,MA0130258444335780818400004589600492,26/03/2025,22/03/2025,4443357808,MA013,Afro-Asiatic,MA,258,18,INPERFECTIONS,0.8487,INPERFECTIONS,,Match,D432/01,imperfections
400004589600492,TELEVID5025_Scanner20,MA0130258444335780828400004589600492,26/03/2025,22/03/2025,4443357808,MA013,Afro-Asiatic,MA,258,28,MUST BE WEARED,0.8103,HUST BE WEARED,,NoMatch,D432/01,must be worn/must be/worn
400004589600493,TELEVID5025_Scanner20,MA013025944433578087400004589600493,26/03/2025,22/03/2025,4443357808,MA013,Afro-Asiatic,MA,259,7,--impossible--,0.8144,B,,NoMatch,D432/01,C
400004589800030,TELEVID5030_Scanner20,CH055030244433578083400004589800030,26/03/2025,22/03/2025,4443357808,CH055,Germanic,CH,302,3,B,0.8482,B,,Match,D432/01,B
400004589800031,TELEVID5030_Scanner20,CH0550304444335780813400004589800031,26/03/2025,22/03/2025,4443357808,CH055,Germanic,CH,304,13,IF,0.8258,1F,,NoMatch,D432/01,it
400004589800031,TELEVID5030_Scanner20,CH0550304444335780827400004589800031,26/03/2025,22/03/2025,4443357808,CH055,Germanic,CH,304,27,KNEW ANYONE APART,0.8035,KNEW ANYONE AFART,,NoMatch,D432/01,recognise anyone (else) apart from/recognise anyone (else)/apart from/recognise anybody (else) apart from/recognise anybody (else)/apart from/know anyone (else) apart from/know anyone (else)/apart from/know anybody (else) apart from/know anybody (else)/apart from/recognize anybody (else) apart from/recognize anybody (else)/apart from/recognize anyone (else) apart from/recognize anyone (else)/apart from
400004589800054,TELEVID5030_Scanner20,CH0550330444335780826400004589800054,26/03/2025,22/03/2025,4443357808,CH055,Germanic,CH,330,26,WISH I DID NOT BREAK,0.8396,WISH I DID NOT BREAK,,Match,D432/01,wish I had not broken/wish I had not/broken/wish I hadn't broken/wish I hadn't/broken/wish I'd not broken/wish I'd not/broken
400004589800259,TELEVID5030_Scanner20,CH0550003444335780830400004589800259,26/03/2025,22/03/2025,4443357808,CH055,Germanic,CH,3,30,NO POINT I AM GOING,0.8113,NO POINT I AM GOING,,Match,D432/01,not any point (in) going/not any point/(in) going/not much point (in) going/not much point/(in) going/no point (in) going/no point/(in) going/little point (in) going/little point/(in) going
400004589800280,TELEVID5030_Scanner20,CH055002444433578081400004589800280,26/03/2025,22/03/2025,4443357808,CH055,Germanic,CH,24,1,B,0.8197,B,,Match,D432/01,C
400004590000507,TELEVID5023_Scanner20,DE0731004444335780818400004590000507,26/03/2025,22/03/2025,4443357808,DE073,Germanic,DE,1004,18,IMPERFECTIONS,0.8252,IMPERFECTIONS,,Match,D432/01,imperfections
400004590000507,TELEVID5023_Scanner20,DE0731004444335780825400004590000507,26/03/2025,22/03/2025,4443357808,DE073,Germanic,DE,1004,25,IS SHE A GOOD SINGER,0.84,IS SHE A GOOD SINGER,,Match,D432/01,does Sandra sing well/does Sandra/sing well/does Sandra sing really well/does Sandra/sing really well/does Sandra sing very well/does Sandra/sing very well/does she sing well/does she/sing well/does she sing really well/does she/sing really well/does she sing very well/does she/sing very well/can Sandra sing well/can Sandra/sing well/can Sandra sing really well/can Sandra/sing really well/can Sandra sing very well/can Sandra/sing very well/can she sing well/can she/sing well/can she sing really well/can she/sing really well/can she sing very well/can she/sing very well
400004590000510,TELEVID5023_Scanner20,DE073100744433578083400004590000510,26/03/2025,22/03/2025,4443357808,DE073,Germanic,DE,1007,3,B,0.8332,B,,Match,D432/01,B
400004590000510,TELEVID5023_Scanner20,DE0731007444335780825400004590000510,26/03/2025,22/03/2025,4443357808,DE073,Germanic,DE,1007,25,CAN SANDRA SING GOOD,0.8019,CAN SANDRA SINGGOOD,,NoMatch,D432/01,does Sandra sing well/does Sandra/sing well/does Sandra sing really well/does Sandra/sing really well/does Sandra sing very well/does Sandra/sing very well/does she sing well/does she/sing well/does she sing really well/does she/sing really well/does she sing very well/does she/sing very well/can Sandra sing well/can Sandra/sing well/can Sandra sing really well/can Sandra/sing really well/can Sandra sing very well/can Sandra/sing very well/can she sing well/can she/sing well/can she sing really well/can she/sing really well/can she sing very well/can she/sing very well
400004590000514,TELEVID5023_Scanner20,DE073101144433578081400004590000514,26/03/2025,22/03/2025,4443357808,DE073,Germanic,DE,1011,1,B,0.8205,B,,Match,D432/01,C
400004590000514,TELEVID5023_Scanner20,DE0731011444335780829400004590000514,26/03/2025,22/03/2025,4443357808,DE073,Germanic,DE,1011,29,TO COME TO FIND,0.8311,TO COME TO FIND,,Match,D432/01,to come across/to come/across
400004590000758,TELEVID5023_Scanner20,DE0731020444335780820400004590000758,26/03/2025,22/03/2025,4443357808,DE073,Germanic,DE,1020,20,ACCEPTABLE,0.8215,ACCEPTABLE,,Match,D432/01,acceptable
400004590000765,TELEVID5023_Scanner20,DE0731027444335780846400004590000765,26/03/2025,22/03/2025,4443357808,DE073,Germanic,DE,1027,46,--impossible--,0.8283,B,,NoMatch,D432/01,C
400004590000769,TELEVID5023_Scanner20,DE073103144433578081400004590000769,26/03/2025,22/03/2025,4443357808,DE073,Germanic,DE,1031,1,A,0.8357,A,,Match,D432/01,C
400004590000769,TELEVID5023_Scanner20,DE073103144433578082400004590000769,26/03/2025,22/03/2025,4443357808,DE073,Germanic,DE,1031,2,D,0.8057,D,,Match,D432/01,D
400004590000769,TELEVID5023_Scanner20,DE073103144433578083400004590000769,26/03/2025,22/03/2025,4443357808,DE073,Germanic,DE,1031,3,B,0.827,D,,NoMatch,D432/01,B
400004590000769,TELEVID5023_Scanner20,DE0731031444335780825400004590000769,26/03/2025,22/03/2025,4443357808,DE073,Germanic,DE,1031,25,IS A GREAT SINGER,0.8032,15 A GREAT SINGER,,NoMatch,D432/01,does Sandra sing well/does Sandra/sing well/does Sandra sing really well/does Sandra/sing really well/does Sandra sing very well/does Sandra/sing very well/does she sing well/does she/sing well/does she sing really well/does she/sing really well/does she sing very well/does she/sing very well/can Sandra sing well/can Sandra/sing well/can Sandra sing really well/can Sandra/sing really well/can Sandra sing very well/can Sandra/sing very well/can she sing well/can she/sing well/can she sing really well/can she/sing really well/can she sing very well/can she/sing very well
400004590000771,TELEVID5023_Scanner20,DE0731033444335780826400004590000771,26/03/2025,22/03/2025,4443357808,DE073,Germanic,DE,1033,26,WISH I HAD NOT BROKEN,0.8485,WISH I HAD NOT BROKEN,,Match,D432/01,wish I had not broken/wish I had not/broken/wish I hadn't broken/wish I hadn't/broken/wish I'd not broken/wish I'd not/broken
400004590000788,TELEVID5023_Scanner20,DE0731050444335780813400004590000788,26/03/2025,22/03/2025,4443357808,DE073,Germanic,DE,1050,13,IT,0.8494,IT,,Match,D432/01,it
400004590300228,TELEVID5026_Scanner20,CH0014302444335780826400004590300228,26/03/2025,22/03/2025,4443357808,CH001,Germanic,CH,4302,26,WISH I HADN'T BREAK,0.826,WISH I HADN'T BREAK,,Match,D432/01,wish I had not broken/wish I had not/broken/wish I hadn't broken/wish I hadn't/broken/wish I'd not broken/wish I'd not/broken
400004590300230,TELEVID5026_Scanner20,CH0014304444335780813400004590300230,26/03/2025,22/03/2025,4443357808,CH001,Germanic,CH,4304,13,IT,0.8337,IT,,Match,D432/01,it
400004590300233,TELEVID5026_Scanner20,CH0014307444335780828400004590300233,26/03/2025,22/03/2025,4443357808,CH001,Germanic,CH,4307,28,MUST BE WORN,0.8369,MUST BE WORN,,Match,D432/01,must be worn/must be/worn
400004592500227,TELEVID5024_Scanner20,CH0012508444335780825400004592500227,26/03/2025,22/03/2025,4443357808,CH001,Germanic,CH,2508,25,IS SANDRA A GOOD SINGER,0.829,IS SANDRA A GOOD SINGER,,Match,D432/01,does Sandra sing well/does Sandra/sing well/does Sandra sing really well/does Sandra/sing really well/does Sandra sing very well/does Sandra/sing very well/does she sing well/does she/sing well/does she sing really well/does she/sing really well/does she sing very well/does she/sing very well/can Sandra sing well/can Sandra/sing well/can Sandra sing really well/can Sandra/sing really well/can Sandra sing very well/can Sandra/sing very well/can she sing well/can she/sing well/can she sing really well/can she/sing really well/can she sing very well/can she/sing very well
400004592500229,TELEVID5024_Scanner20,CH0012510444335780829400004592500229,26/03/2025,22/03/2025,4443357808,CH001,Germanic,CH,2510,29,IT COME OUT,0.8259,1.T COME OUT,,NoMatch,D432/01,to come across/to come/across
400004592500230,TELEVID5024_Scanner20,CH0012511444335780813400004592500230,26/03/2025,22/03/2025,4443357808,CH001,Germanic,CH,2511,13,IT,0.8212,IT,,Match,D432/01,it
400004592500231,TELEVID5024_Scanner20,CH0012512444335780813400004592500231,26/03/2025,22/03/2025,4443357808,CH001,Germanic,CH,2512,13,IT,0.8196,IT,,Match,D432/01,it
400004592500238,TELEVID5024_Scanner20,CH0012519444335780846400004592500238,26/03/2025,22/03/2025,4443357808,CH001,Germanic,CH,2519,46,--blank--,0.8112,--blank--,,Match,D432/01,C
400004592700289,TELEVID5029_Scanner20,CH1880004444335780846400004592700289,26/03/2025,22/03/2025,4443357808,CH188,Germanic,CH,4,46,--impossible--,0.8401,"A, B, C",,NoMatch,D432/01,C
400004592700292,TELEVID5029_Scanner20,CH1880007444335780815400004592700292,26/03/2025,22/03/2025,4443357808,CH188,Germanic,CH,7,15,IF,0.8487,1F,,NoMatch,D432/01,If
400004592700294,TELEVID5029_Scanner20,CH1880009444335780826400004592700294,26/03/2025,22/03/2025,4443357808,CH188,Germanic,CH,9,26,WISH I DIDN'T BREAK,0.846,WISH I DIDN'T BREAK,,Match,D432/01,wish I had not broken/wish I had not/broken/wish I hadn't broken/wish I hadn't/broken/wish I'd not broken/wish I'd not/broken
400004592700298,TELEVID5029_Scanner20,CH188001344433578081400004592700298,26/03/2025,22/03/2025,4443357808,CH188,Germanic,CH,13,1,B,0.8014,B,,Match,D432/01,C
400004592700300,TELEVID5029_Scanner20,CH1880015444335780813400004592700300,26/03/2025,22/03/2025,4443357808,CH188,Germanic,CH,15,13,IT,0.833,IT,,Match,D432/01,it
400004592700303,TELEVID5029_Scanner20,CH1880018444335780813400004592700303,26/03/2025,22/03/2025,4443357808,CH188,Germanic,CH,18,13,IT,0.8465,IT,,Match,D432/01,it
400004592700304,TELEVID5029_Scanner20,CH1880019444335780813400004592700304,26/03/2025,22/03/2025,4443357808,CH188,Germanic,CH,19,13,IT,0.8012,IT,,Match,D432/01,it
400004592700309,TELEVID5029_Scanner20,CH1880024444335780813400004592700309,26/03/2025,22/03/2025,4443357808,CH188,Germanic,CH,24,13,IT,0.8139,IT,,Match,D432/01,it
400004592700313,TELEVID5029_Scanner20,CH188002844433578083400004592700313,26/03/2025,22/03/2025,4443357808,CH188,Germanic,CH,28,3,B,0.8407,B,,Match,D432/01,B
400004592700314,TELEVID5029_Scanner20,CH188002944433578081400004592700314,26/03/2025,22/03/2025,4443357808,CH188,Germanic,CH,29,1,B,0.8205,B,,Match,D432/01,C
400004592700314,TELEVID5029_Scanner20,CH188002944433578084400004592700314,26/03/2025,22/03/2025,4443357808,CH188,Germanic,CH,29,4,A,0.8308,A,,Match,D432/01,D
400004592700315,TELEVID5029_Scanner20,CH188003044433578083400004592700315,26/03/2025,22/03/2025,4443357808,CH188,Germanic,CH,30,3,B,0.8095,B,,Match,D432/01,B
400004592700315,TELEVID5029_Scanner20,CH1880030444335780826400004592700315,26/03/2025,22/03/2025,4443357808,CH188,Germanic,CH,30,26,WISH I DIDN'T BREAK,0.8191,WISH I DIDN'T BREAK,,Match,D432/01,wish I had not broken/wish I had not/broken/wish I hadn't broken/wish I hadn't/broken/wish I'd not broken/wish I'd not/broken
400004592700315,TELEVID5029_Scanner20,CH1880030444335780827400004592700315,26/03/2025,22/03/2025,4443357808,CH188,Germanic,CH,30,27,KNEW ANYBODY APART,0.8363,KNEW ANYBODY APART,,Match,D432/01,recognise anyone (else) apart from/recognise anyone (else)/apart from/recognise anybody (else) apart from/recognise anybody (else)/apart from/know anyone (else) apart from/know anyone (else)/apart from/know anybody (else) apart from/know anybody (else)/apart from/recognize anybody (else) apart from/recognize anybody (else)/apart from/recognize anyone (else) apart from/recognize anyone (else)/apart from
400004593800217,TELEVID5079_Scanner20,MA017130644433578081400004593800217,31/03/2025,22/03/2025,4443357808,MA017,Afro-Asiatic,MA,1306,1,B,0.8381,"B, C",,NoMatch,D432/01,C
400004593800223,TELEVID5079_Scanner20,MA017131244433578081400004593800223,31/03/2025,22/03/2025,4443357808,MA017,Afro-Asiatic,MA,1312,1,B,0.8136,B,,Match,D432/01,C
400004594500758,TELEVID5048_Scanner20,CN4183215444335780824400004594500758,31/03/2025,22/03/2025,4443357808,CN418,Chinese,CN,3215,24,CONFIDENSE,0.8355,CONFIDENSE,,Match,D432/01,confidence
400004594500758,TELEVID5048_Scanner20,CN4183215444335780826400004594500758,31/03/2025,22/03/2025,4443357808,CN418,Chinese,CN,3215,26,WISH I HAD NOT BREAK,0.8329,WISH I HAD NOT BREAK,,Match,D432/01,wish I had not broken/wish I had not/broken/wish I hadn't broken/wish I hadn't/broken/wish I'd not broken/wish I'd not/broken
400004594500761,TELEVID5048_Scanner20,CN4183218444335780826400004594500761,31/03/2025,22/03/2025,4443357808,CN418,Chinese,CN,3218,26,WISH I HADN'T BROKE,0.8333,WISH I HADN'T BROKE,,Match,D432/01,wish I had not broken/wish I had not/broken/wish I hadn't broken/wish I hadn't/broken/wish I'd not broken/wish I'd not/broken
400004594500764,TELEVID5048_Scanner20,CN4183221444335780829400004594500764,31/03/2025,22/03/2025,4443357808,CN418,Chinese,CN,3221,29,TO COME ACCROSS,0.8056,TO COME ACCROSS,,Match,D432/01,to come across/to come/across
400004594500769,TELEVID5048_Scanner20,CN418322644433578083400004594500769,31/03/2025,22/03/2025,4443357808,CN418,Chinese,CN,3226,3,B,0.8004,B,,Match,D432/01,B
400004594500776,TELEVID5048_Scanner20,CN4183233444335780813400004594500776,31/03/2025,22/03/2025,4443357808,CN418,Chinese,CN,3233,13,IT,0.8251,IT,,Match,D432/01,it
400004594500779,TELEVID5048_Scanner20,CN4183236444335780813400004594500779,31/03/2025,22/03/2025,4443357808,CN418,Chinese,CN,3236,13,IT,0.8424,IT,,Match,D432/01,it
400004594500780,TELEVID5048_Scanner20,CN4183237444335780817400004594500780,31/03/2025,22/03/2025,4443357808,CN418,Chinese,CN,3237,17,NECESSARILY,0.825,NECESSARTLY,,NoMatch,D432/01,necessarily
400004594500780,TELEVID5048_Scanner20,CN4183237444335780828400004594500780,31/03/2025,22/03/2025,4443357808,CN418,Chinese,CN,3237,28,MUST TO BE WEAR,0.8436,MUST TO BE WEAR,,Match,D432/01,must be worn/must be/worn
400004594500800,TELEVID5048_Scanner20,CN4183006444335780818400004594500800,31/03/2025,22/03/2025,4443357808,CN418,Chinese,CN,3006,18,PERFECTIONBLE,0.839,PERFECTIONBLE,,Match,D432/01,imperfections
400004594500801,TELEVID5048_Scanner20,CN4183007444335780828400004594500801,31/03/2025,22/03/2025,4443357808,CN418,Chinese,CN,3007,28,MUST BE WORN BY,0.829,MUST BE WORN BY,,Match,D432/01,must be worn/must be/worn
400004594500810,TELEVID5048_Scanner20,CN418301644433578083400004594500810,31/03/2025,22/03/2025,4443357808,CN418,Chinese,CN,3016,3,A,0.8001,"A, B",,NoMatch,D432/01,B
400004594500817,TELEVID5048_Scanner20,CN418302344433578081400004594500817,31/03/2025,22/03/2025,4443357808,CN418,Chinese,CN,3023,1,B,0.8006,B,,Match,D432/01,C
400004594700454,TELEVID5055_Scanner20,DE1061020444335780813400004594700454,31/03/2025,22/03/2025,4443357808,DE106,Germanic,DE,1020,13,IT,0.8147,IT,,Match,D432/01,it
400004594700464,TELEVID5055_Scanner20,DE1061030444335780835400004594700464,31/03/2025,22/03/2025,4443357808,DE106,Germanic,DE,1030,35,--impossible--,0.8338,"A, C",,NoMatch,D432/01,B
400004597400518,TELEVID5091_Scanner20,TN0010004444335780819400004597400518,01/04/2025,22/03/2025,4443357808,TN001,Afro-Asiatic,TN,4,19,COMBINATION,0.8125,COMBINATION,,Match,D432/01,combination
400004597400518,TELEVID5091_Scanner20,TN0010004444335780824400004597400518,01/04/2025,22/03/2025,4443357808,TN001,Afro-Asiatic,TN,4,24,CONFIDENCE,0.8131,CONFIDENCE,,Match,D432/01,confidence
400004597400518,TELEVID5091_Scanner20,TN0010004444335780827400004597400518,01/04/2025,22/03/2025,4443357808,TN001,Afro-Asiatic,TN,4,27,FEEL LEFT APART BECAUSE OF,0.8479,FEEL LEFT APART BECAUSE OF,,Match,D432/01,recognise anyone (else) apart from/recognise anyone (else)/apart from/recognise anybody (else) apart from/recognise anybody (else)/apart from/know anyone (else) apart from/know anyone (else)/apart from/know anybody (else) apart from/know anybody (else)/apart from/recognize anybody (else) apart from/recognize anybody (else)/apart from/recognize anyone (else) apart from/recognize anyone (else)/apart from
400004597400524,TELEVID5091_Scanner20,TN001001044433578081400004597400524,01/04/2025,22/03/2025,4443357808,TN001,Afro-Asiatic,TN,10,1,A,0.8031,A,,Match,D432/01,C
400004597600111,TELEVID5049_Scanner20,MA0171296444335780827400004597600111,01/04/2025,22/03/2025,4443357808,MA017,Afro-Asiatic,MA,1296,27,KNOW ANYONE APART,0.8267,KNOW ANYONE A PART,,NoMatch,D432/01,recognise anyone (else) apart from/recognise anyone (else)/apart from/recognise anybody (else) apart from/recognise anybody (else)/apart from/know anyone (else) apart from/know anyone (else)/apart from/know anybody (else) apart from/know anybody (else)/apart from/recognize anybody (else) apart from/recognize anybody (else)/apart from/recognize anyone (else) apart from/recognize anyone (else)/apart from
400004597600720,TELEVID5049_Scanner20,CN418304144433578081400004597600720,01/04/2025,22/03/2025,4443357808,CN418,Chinese,CN,3041,1,B,0.8005,B,,Match,D432/01,C
400004597600725,TELEVID5049_Scanner20,CN4183046444335780826400004597600725,01/04/2025,22/03/2025,4443357808,CN418,Chinese,CN,3046,26,WISH I HADN'T BROKEN,0.8494,WISH I HADN'T BROKEN,,Match,D432/01,wish I had not broken/wish I had not/broken/wish I hadn't broken/wish I hadn't/broken/wish I'd not broken/wish I'd not/broken
400004597600735,TELEVID5049_Scanner20,CN4183056444335780824400004597600735,01/04/2025,22/03/2025,4443357808,CN418,Chinese,CN,3056,24,CONFIDENE,0.8476,CONFIDENE,,Match,D432/01,confidence
400004598600105,TELEVID5043_Scanner20,DE0043049444335780815400004598600105,01/04/2025,22/03/2025,4443357808,DE004,Germanic,DE,3049,15,IF,0.8382,1F,,NoMatch,D432/01,If
400004598600207,TELEVID5043_Scanner20,DE0043004444335780815400004598600207,01/04/2025,22/03/2025,4443357808,DE004,Germanic,DE,3004,15,IF,0.8362,1F,,NoMatch,D432/01,If
400004598600209,TELEVID5043_Scanner20,DE0043006444335780826400004598600209,01/04/2025,22/03/2025,4443357808,DE004,Germanic,DE,3006,26,WISH I HADN'T BROKEN,0.8405,WISH I HADN'T BROKEN,,Match,D432/01,wish I had not broken/wish I had not/broken/wish I hadn't broken/wish I hadn't/broken/wish I'd not broken/wish I'd not/broken
400004598600210,TELEVID5043_Scanner20,DE0043007444335780822400004598600210,01/04/2025,22/03/2025,4443357808,DE004,Germanic,DE,3007,22,UNACCURATIUTI,0.8208,UNACCURATIUTI,,Match,D432/01,accuracy
400004598600616,TELEVID5043_Scanner20,DE0043104444335780813400004598600616,01/04/2025,22/03/2025,4443357808,DE004,Germanic,DE,3104,13,IT,0.8063,IT,,Match,D432/01,it
400004598600621,TELEVID5043_Scanner20,DE0043059444335780826400004598600621,01/04/2025,22/03/2025,4443357808,DE004,Germanic,DE,3059,26,WISH I HAVEN'T BROKE,0.8133,WISH I HAVEN'T BROKE,,Match,D432/01,wish I had not broken/wish I had not/broken/wish I hadn't broken/wish I hadn't/broken/wish I'd not broken/wish I'd not/broken
400004598600676,TELEVID5043_Scanner20,DE004301544433578083400004598600676,01/04/2025,22/03/2025,4443357808,DE004,Germanic,DE,3015,3,B,0.8398,B,,Match,D432/01,B
400004598600676,TELEVID5043_Scanner20,DE0043015444335780813400004598600676,01/04/2025,22/03/2025,4443357808,DE004,Germanic,DE,3015,13,IT,0.835,IT,,Match,D432/01,it
400004599000706,TELEVID5092_Scanner20,CN4104001444335780823400004599000706,01/04/2025,22/03/2025,4443357808,CN410,Chinese,CN,4001,23,EXPRESSTION,0.8132,EXPRESSTION,,Match,D432/01,expression
400004599000715,TELEVID5092_Scanner20,CN4104010444335780826400004599000715,01/04/2025,22/03/2025,4443357808,CN410,Chinese,CN,4010,26,WISH I HADN'T BROKE,0.8473,WISH I HADN'T BROKE,,Match,D432/01,wish I had not broken/wish I had not/broken/wish I hadn't broken/wish I hadn't/broken/wish I'd not broken/wish I'd not/broken
400004599000726,TELEVID5092_Scanner20,CN4104021444335780826400004599000726,01/04/2025,22/03/2025,4443357808,CN410,Chinese,CN,4021,26,WISH I HAD NOT BROCKEN,0.8435,WISH I HAD NOT BROCKEN,,Match,D432/01,wish I had not broken/wish I had not/broken/wish I hadn't broken/wish I hadn't/broken/wish I'd not broken/wish I'd not/broken
400004599000728,TELEVID5092_Scanner20,CN4104023444335780827400004599000728,01/04/2025,22/03/2025,4443357808,CN410,Chinese,CN,4023,27,KNOW ANYONE APART FROM,0.8378,KNOW ANYONE APART FROM,,Match,D432/01,recognise anyone (else) apart from/recognise anyone (else)/apart from/recognise anybody (else) apart from/recognise anybody (else)/apart from/know anyone (else) apart from/know anyone (else)/apart from/know anybody (else) apart from/know anybody (else)/apart from/recognize anybody (else) apart from/recognize anybody (else)/apart from/recognize anyone (else) apart from/recognize anyone (else)/apart from
400004599000804,TELEVID5092_Scanner20,CN733000444433578084400004599000804,01/04/2025,22/03/2025,4443357808,CN733,Chinese,CN,4,4,A,0.8199,A,,Match,D432/01,D
400004599000804,TELEVID5092_Scanner20,CN7330004444335780822400004599000804,01/04/2025,22/03/2025,4443357808,CN733,Chinese,CN,4,22,ACCURATING,0.8325,ACCURATING,,Match,D432/01,accuracy
400004599000806,TELEVID5092_Scanner20,CN7330006444335780830400004599000806,01/04/2025,22/03/2025,4443357808,CN733,Chinese,CN,6,30,NO POINT TO GO TO,0.8196,NO POINT TO GO TO,,Match,D432/01,not any point (in) going/not any point/(in) going/not much point (in) going/not much point/(in) going/no point (in) going/no point/(in) going/little point (in) going/little point/(in) going
400004601100515,TELEVID5054_Scanner20,DE106103644433578083400004601100515,01/04/2025,22/03/2025,4443357808,DE106,Germanic,DE,1036,3,B,0.838,B,,Match,D432/01,B
400004601100515,TELEVID5054_Scanner20,DE1061036444335780826400004601100515,01/04/2025,22/03/2025,4443357808,DE106,Germanic,DE,1036,26,WISH I DIDN'T BREAK,0.8489,WISH I DIDN'T BREAK,,Match,D432/01,wish I had not broken/wish I had not/broken/wish I hadn't broken/wish I hadn't/broken/wish I'd not broken/wish I'd not/broken
400004601100571,TELEVID5054_Scanner20,DE1061004444335780813400004601100571,01/04/2025,22/03/2025,4443357808,DE106,Germanic,DE,1004,13,IT,0.841,IT,,Match,D432/01,it
400004601900409,TELEVID5090_Scanner20,TW0020007444335780817400004601900409,01/04/2025,22/03/2025,4443357808,TW002,Chinese,TW,7,17,NECESSARYABLE,0.8142,NECESSARYABLE,,Match,D432/01,necessarily
400004601900410,TELEVID5090_Scanner20,TW0020008444335780825400004601900410,01/04/2025,22/03/2025,4443357808,TW002,Chinese,TW,8,25,A GOOD SINGER,0.8095,A GOOD SINGER,,Match,D432/01,does Sandra sing well/does Sandra/sing well/does Sandra sing really well/does Sandra/sing really well/does Sandra sing very well/does Sandra/sing very well/does she sing well/does she/sing well/does she sing really well/does she/sing really well/does she sing very well/does she/sing very well/can Sandra sing well/can Sandra/sing well/can Sandra sing really well/can Sandra/sing really well/can Sandra sing very well/can Sandra/sing very well/can she sing well/can she/sing well/can she sing really well/can she/sing really well/can she sing very well/can she/sing very well
400004601900415,TELEVID5090_Scanner20,TW0020013444335780822400004601900415,01/04/2025,22/03/2025,4443357808,TW002,Chinese,TW,13,22,ACCURATED,0.8211,ACCURATED,,Match,D432/01,accuracy
400004601900417,TELEVID5090_Scanner20,TW0020015444335780818400004601900417,01/04/2025,22/03/2025,4443357808,TW002,Chinese,TW,15,18,PERFECTIONS,0.8482,PERFECTIONS,,Match,D432/01,imperfections
400004601900421,TELEVID5090_Scanner20,TW0020019444335780834400004601900421,01/04/2025,22/03/2025,4443357808,TW002,Chinese,TW,19,34,D,0.8026,D,,Match,D432/01,D
400004601900433,TELEVID5090_Scanner20,TW0020031444335780820400004601900433,01/04/2025,22/03/2025,4443357808,TW002,Chinese,TW,31,20,ACCEPTABLE,0.8143,ACCEPTABLE,,Match,D432/01,acceptable
400004601900435,TELEVID5090_Scanner20,TW0020033444335780829400004601900435,01/04/2025,22/03/2025,4443357808,TW002,Chinese,TW,33,29,WHEN HE SAW COME OF,0.835,WHEN HE SAW COME OF,,Match,D432/01,to come across/to come/across
400004601900437,TELEVID5090_Scanner20,TW0020035444335780816400004601900437,01/04/2025,22/03/2025,4443357808,TW002,Chinese,TW,35,16,HAVE,0.8153,HAVE,,Match,D432/01,be
400004601900444,TELEVID5090_Scanner20,TW0020042444335780812400004601900444,01/04/2025,22/03/2025,4443357808,TW002,Chinese,TW,42,12,OUR,0.8044,OUR,,Match,D432/01,in
400004601900457,TELEVID5090_Scanner20,TW0020055444335780826400004601900457,01/04/2025,22/03/2025,4443357808,TW002,Chinese,TW,55,26,WISH I WON'T BREAK,0.8129,WISH I WON'T BREAK,,Match,D432/01,wish I had not broken/wish I had not/broken/wish I hadn't broken/wish I hadn't/broken/wish I'd not broken/wish I'd not/broken
400004601900466,TELEVID5090_Scanner20,TW0020064444335780823400004601900466,01/04/2025,22/03/2025,4443357808,TW002,Chinese,TW,64,23,EXPRESSION,0.835,EXPRESSION,,Match,D432/01,expression
400004601900472,TELEVID5090_Scanner20,TW0020070444335780834400004601900472,01/04/2025,22/03/2025,4443357808,TW002,Chinese,TW,70,34,--impossible--,0.8265,C,,NoMatch,D432/01,D
400004601900476,TELEVID5090_Scanner20,TW0020074444335780848400004601900476,01/04/2025,22/03/2025,4443357808,TW002,Chinese,TW,74,48,--impossible--,0.8409,C,,NoMatch,D432/01,B
400004601900477,TELEVID5090_Scanner20,TW0020075444335780834400004601900477,01/04/2025,22/03/2025,4443357808,TW002,Chinese,TW,75,34,B,0.8138,B,,Match,D432/01,D
400004601900480,TELEVID5090_Scanner20,TW0020078444335780826400004601900480,01/04/2025,22/03/2025,4443357808,TW002,Chinese,TW,78,26,WISH I WILL NOT REGRET BREAK,0.8475,WISH I WILL NOT REGRET BREAK,,Match,D432/01,wish I had not broken/wish I had not/broken/wish I hadn't broken/wish I hadn't/broken/wish I'd not broken/wish I'd not/broken
400004601900486,TELEVID5090_Scanner20,TW0020084444335780828400004601900486,01/04/2025,22/03/2025,4443357808,TW002,Chinese,TW,84,28,MUST BE WARE,0.8327,MUST BE WAKE,,NoMatch,D432/01,must be worn/must be/worn
400004601900488,TELEVID5090_Scanner20,TW0020086444335780830400004601900488,01/04/2025,22/03/2025,4443357808,TW002,Chinese,TW,86,30,NO POINT TO GO,0.8179,NO POINT TO GO,,Match,D432/01,not any point (in) going/not any point/(in) going/not much point (in) going/not much point/(in) going/no point (in) going/no point/(in) going/little point (in) going/little point/(in) going
400004601900491,TELEVID5090_Scanner20,TW0020089444335780813400004601900491,01/04/2025,22/03/2025,4443357808,TW002,Chinese,TW,89,13,IT,0.8236,IT,,Match,D432/01,it
400004601900492,TELEVID5090_Scanner20,TW0020090444335780822400004601900492,01/04/2025,22/03/2025,4443357808,TW002,Chinese,TW,90,22,ACCURATION,0.8042,ACCURATION,,Match,D432/01,accuracy
400004601900492,TELEVID5090_Scanner20,TW0020090444335780834400004601900492,01/04/2025,22/03/2025,4443357808,TW002,Chinese,TW,90,34,B,0.8005,B,,Match,D432/01,D
400004601900506,TELEVID5090_Scanner20,TW0020104444335780816400004601900506,01/04/2025,22/03/2025,4443357808,TW002,Chinese,TW,104,16,BE,0.8197,BE,,Match,D432/01,be
400004601900524,TELEVID5090_Scanner20,TW0020122444335780826400004601900524,01/04/2025,22/03/2025,4443357808,TW002,Chinese,TW,122,26,WISH I HADN'T BROKE,0.8363,WISHI HADN'T BROKE,,NoMatch,D432/01,wish I had not broken/wish I had not/broken/wish I hadn't broken/wish I hadn't/broken/wish I'd not broken/wish I'd not/broken
400004601900528,TELEVID5090_Scanner20,TW0020126444335780824400004601900528,01/04/2025,22/03/2025,4443357808,TW002,Chinese,TW,126,24,CONFIDENCE,0.8263,CONFIDENCE,,Match,D432/01,confidence
400004602400450,TELEVID5044_Scanner20,DE0043028444335780818400004602400450,01/04/2025,22/03/2025,4443357808,DE004,Germanic,DE,3028,18,UNPERFECTIONS,0.8181,UNPERFECTIONS,,Match,D432/01,imperfections
400004602400451,TELEVID5044_Scanner20,DE0043029444335780813400004602400451,01/04/2025,22/03/2025,4443357808,DE004,Germanic,DE,3029,13,IT,0.8046,IT,,Match,D432/01,it
400004602400451,TELEVID5044_Scanner20,DE0043029444335780827400004602400451,01/04/2025,22/03/2025,4443357808,DE004,Germanic,DE,3029,27,KNEW ANYBODY APART FROM,0.808,KNEW ANYBODY APART FROM,,Match,D432/01,recognise anyone (else) apart from/recognise anyone (else)/apart from/recognise anybody (else) apart from/recognise anybody (else)/apart from/know anyone (else) apart from/know anyone (else)/apart from/know anybody (else) apart from/know anybody (else)/apart from/recognize anybody (else) apart from/recognize anybody (else)/apart from/recognize anyone (else) apart from/recognize anyone (else)/apart from
400004602800245,TELEVID5052_Scanner20,CN4183205444335780816400004602800245,01/04/2025,22/03/2025,4443357808,CN418,Chinese,CN,3205,16,HAVE,0.8252,HAVE,,Match,D432/01,be
400004602800250,TELEVID5052_Scanner20,CN418321044433578084400004602800250,01/04/2025,22/03/2025,4443357808,CN418,Chinese,CN,3210,4,B,0.8359,B,,Match,D432/01,D
400004602800251,TELEVID5052_Scanner20,CN4183211444335780826400004602800251,01/04/2025,22/03/2025,4443357808,CN418,Chinese,CN,3211,26,WISH I DIDN'T BREAK,0.8141,WISH I DIDN'T BREAK,,Match,D432/01,wish I had not broken/wish I had not/broken/wish I hadn't broken/wish I hadn't/broken/wish I'd not broken/wish I'd not/broken
400004602800256,TELEVID5052_Scanner20,CN4183171444335780826400004602800256,01/04/2025,22/03/2025,4443357808,CN418,Chinese,CN,3171,26,WISH I HADN'T BROKEN,0.8114,WISH I HADN'T BROKEN,,Match,D432/01,wish I had not broken/wish I had not/broken/wish I hadn't broken/wish I hadn't/broken/wish I'd not broken/wish I'd not/broken
400004602800257,TELEVID5052_Scanner20,CN4183172444335780826400004602800257,01/04/2025,22/03/2025,4443357808,CN418,Chinese,CN,3172,26,WISH I DIDN'T BREAK,0.8427,WISH I DIDN'T BREAK,,Match,D432/01,wish I had not broken/wish I had not/broken/wish I hadn't broken/wish I hadn't/broken/wish I'd not broken/wish I'd not/broken
400004602800270,TELEVID5052_Scanner20,CN418318544433578083400004602800270,01/04/2025,22/03/2025,4443357808,CN418,Chinese,CN,3185,3,C,0.8335,C,,Match,D432/01,B
400004602800270,TELEVID5052_Scanner20,CN4183185444335780837400004602800270,01/04/2025,22/03/2025,4443357808,CN418,Chinese,CN,3185,37,F,0.815,"C, F",,NoMatch,D432/01,F
400004602800270,TELEVID5052_Scanner20,CN4183185444335780843400004602800270,01/04/2025,22/03/2025,4443357808,CN418,Chinese,CN,3185,43,B,0.8148,B,,Match,D432/01,B
400004602800275,TELEVID5052_Scanner20,CN418319044433578083400004602800275,01/04/2025,22/03/2025,4443357808,CN418,Chinese,CN,3190,3,B,0.808,B,,Match,D432/01,B
400004602800277,TELEVID5052_Scanner20,CN4183238444335780826400004602800277,01/04/2025,22/03/2025,4443357808,CN418,Chinese,CN,3238,26,WISH I HADN'T BREAKED,0.8481,WISH I HADN'T BREAKED,,Match,D432/01,wish I had not broken/wish I had not/broken/wish I hadn't broken/wish I hadn't/broken/wish I'd not broken/wish I'd not/broken
400004602800287,TELEVID5052_Scanner20,CN4183154444335780834400004602800287,01/04/2025,22/03/2025,4443357808,CN418,Chinese,CN,3154,34,B,0.8385,B,,Match,D432/01,D
400004602800295,TELEVID5052_Scanner20,CN418316244433578084400004602800295,01/04/2025,22/03/2025,4443357808,CN418,Chinese,CN,3162,4,A,0.8041,A,,Match,D432/01,D
400004602800298,TELEVID5052_Scanner20,CN4183165444335780824400004602800298,01/04/2025,22/03/2025,4443357808,CN418,Chinese,CN,3165,24,CONFDENTIAL,0.8012,CONFDENTIAL,,Match,D432/01,confidence
400004602800312,TELEVID5052_Scanner20,CN4183131444335780820400004602800312,01/04/2025,22/03/2025,4443357808,CN418,Chinese,CN,3131,20,ACCEPTED,0.8288,ACCEPTED,,Match,D432/01,acceptable
400004602800321,TELEVID5052_Scanner20,CN4183140444335780817400004602800321,01/04/2025,22/03/2025,4443357808,CN418,Chinese,CN,3140,17,NECESSRILY,0.8253,NECESSRILY,,Match,D432/01,necessarily
400004602800350,TELEVID5052_Scanner20,CN418307344433578083400004602800350,01/04/2025,22/03/2025,4443357808,CN418,Chinese,CN,3073,3,B,0.8233,B,,Match,D432/01,B
400004602800355,TELEVID5052_Scanner20,CN4183078444335780829400004602800355,01/04/2025,22/03/2025,4443357808,CN418,Chinese,CN,3078,29,THAT HE FIND,0.8238,THAT HE FIND,,Match,D432/01,to come across/to come/across
400004602800362,TELEVID5052_Scanner20,CN418308544433578087400004602800362,01/04/2025,22/03/2025,4443357808,CN418,Chinese,CN,3085,7,D,0.8425,D,,Match,D432/01,C
400004602800366,TELEVID5052_Scanner20,CN4183089444335780818400004602800366,01/04/2025,22/03/2025,4443357808,CN418,Chinese,CN,3089,18,PERFECTIONAL,0.8386,PERFECTIONAL,,Match,D432/01,imperfections
400004602800538,TELEVID5052_Scanner20,CN4183113444335780827400004602800538,01/04/2025,22/03/2025,4443357808,CN418,Chinese,CN,3113,27,KNEW ANY PERSON APART FROM,0.8084,KNEW ANY PERSON APART FROM,,Match,D432/01,recognise anyone (else) apart from/recognise anyone (else)/apart from/recognise anybody (else) apart from/recognise anybody (else)/apart from/know anyone (else) apart from/know anyone (else)/apart from/know anybody (else) apart from/know anybody (else)/apart from/recognize anybody (else) apart from/recognize anybody (else)/apart from/recognize anyone (else) apart from/recognize anyone (else)/apart from
400004602800544,TELEVID5052_Scanner20,CN4183119444335780829400004602800544,01/04/2025,22/03/2025,4443357808,CN418,Chinese,CN,3119,29,TO COME,0.8493,TO COME,,Match,D432/01,to come across/to come/across
400004602800545,TELEVID5052_Scanner20,CN4183120444335780825400004602800545,01/04/2025,22/03/2025,4443357808,CN418,Chinese,CN,3120,25,SARA IS GOOD AT STNG,0.8393,SARA IS GOOD AT STNG,,Match,D432/01,does Sandra sing well/does Sandra/sing well/does Sandra sing really well/does Sandra/sing really well/does Sandra sing very well/does Sandra/sing very well/does she sing well/does she/sing well/does she sing really well/does she/sing really well/does she sing very well/does she/sing very well/can Sandra sing well/can Sandra/sing well/can Sandra sing really well/can Sandra/sing really well/can Sandra sing very well/can Sandra/sing very well/can she sing well/can she/sing well/can she sing really well/can she/sing really well/can she sing very well/can she/sing very well
400004607900387,TELEVID5109_Scanner20,DE0080010444335780814400004607900387,03/04/2025,22/03/2025,4443357808,DE008,Germanic,DE,10,14,OR,0.82,OR,,Match,D432/01,or
400004625900237,TELEVID5161_Scanner20,MA0040006905646528219400004625900237,10/04/2025,05/04/2025,9056465282,MA004,Afro-Asiatic,MA,6,19,EXPLANATION,0.8241,EXPLANATION,,Match,D432/01,explanation
400004625900237,TELEVID5161_Scanner20,MA0040006905646528233400004625900237,10/04/2025,05/04/2025,9056465282,MA004,Afro-Asiatic,MA,6,33,B,0.8288,"B, D",,NoMatch,D432/01,C
400004979000053,TELEVID5515_SCANNER14,GR806107662813127684400004979000053,23/05/2025,18/05/2025,6281312768,GR806,Greek,GR,1076,4,B,0.8419,B,,Match,D432/01,B
400005032100832,TELEVID5559_SCANNER14,GR1187368628131276820400005032100832,27/05/2025,18/05/2025,6281312768,GR118,Greek,GR,7368,20,INTRODUCAL,0.8171,INTRODUCAL,,Match,D432/01,introducing/introduction
400005032100857,TELEVID5559_SCANNER14,GR118739362813127687400005032100857,27/05/2025,18/05/2025,6281312768,GR118,Greek,GR,7393,7,B,0.8466,B,,Match,D432/01,B
400005032100857,TELEVID5559_SCANNER14,GR1187393628131276821400005032100857,27/05/2025,18/05/2025,6281312768,GR118,Greek,GR,7393,21,VALUEBLE,0.8472,VALUEBLE,,Match,D432/01,valuable/invaluable
400005032100864,TELEVID5559_SCANNER14,GR1187400628131276830400005032100864,27/05/2025,18/05/2025,6281312768,GR118,Greek,GR,7400,30,SHALL I,0.8356,SHALL,,NoMatch,D432/01,do you want/me to/do you want me to/did you want me to/did you want/me to
400005032101030,TELEVID5559_SCANNER14,GR1187067628131276821400005032101030,27/05/2025,18/05/2025,6281312768,GR118,Greek,GR,7067,21,VALUEABLE,0.8257,VALUEABLE,,Match,D432/01,valuable/invaluable
400005032200154,TELEVID5558_SCANNER14,GR1187769628131276825400005032200154,27/05/2025,18/05/2025,6281312768,GR118,Greek,GR,7769,25,THE TIME I WENT TO,0.8256,THE TIME I WENT TO,,Match,D432/01,the time I got to/the time I/got to/the time I arrived at/the time I/arrived at/had reached/the time I had reached/the time I/the time I 'd reached/the time I/'d reached/the time (that) I reached/the time (that) I/reached
400005032200201,TELEVID5558_SCANNER14,GR118812862813127684400005032200201,27/05/2025,18/05/2025,6281312768,GR118,Greek,GR,8128,4,B,0.8098,B,,Match,D432/01,B
400005032200231,TELEVID5558_SCANNER14,GR118815862813127687400005032200231,27/05/2025,18/05/2025,6281312768,GR118,Greek,GR,8158,7,B,0.8341,B,,Match,D432/01,B
400005032200604,TELEVID5558_SCANNER14,GR1188036628131276825400005032200604,27/05/2025,18/05/2025,6281312768,GR118,Greek,GR,8036,25,THE TIME I HAD GOT TO THE PARTY,0.8257,THE TIME I HAD GOT TO THE PARTY,,Match,D432/01,the time I got to/the time I/got to/the time I arrived at/the time I/arrived at/had reached/the time I had reached/the time I/the time I 'd reached/the time I/'d reached/the time (that) I reached/the time (that) I/reached
400005033800066,TELEVID5549_SCANNER14,GR1186632628131276826400005033800066,27/05/2025,18/05/2025,6281312768,GR118,Greek,GR,6632,26,WISH MY ELBOW WOULD NOT,0.8374,WISH MY ELBOW WOULD NOT,,Match,D432/01,wish my elbow/[didn't/did not]/wish my elbow [didn't/did not]
400005033800078,TELEVID5549_SCANNER14,GR118664462813127684400005033800078,27/05/2025,18/05/2025,6281312768,GR118,Greek,GR,6644,4,B,0.8137,B,,Match,D432/01,B
400005033800464,TELEVID5549_SCANNER14,GR1186893628131276826400005033800464,27/05/2025,18/05/2025,6281312768,GR118,Greek,GR,6893,26,WISH MY ELBOW DID'NT,0.8187,WISH MY ELBOW DID'NT,,Match,D432/01,wish my elbow/[didn't/did not]/wish my elbow [didn't/did not]
400005033800538,TELEVID5549_SCANNER14,GR118690762813127687400005033800538,27/05/2025,18/05/2025,6281312768,GR118,Greek,GR,6907,7,--impossible--,0.8232,C,,NoMatch,D432/01,B
400005033800780,TELEVID5549_SCANNER14,GR118699862813127684400005033800780,27/05/2025,18/05/2025,6281312768,GR118,Greek,GR,6998,4,B,0.8388,B,,Match,D432/01,B
400005052100676,TELEVID5606_SCANNER14,GR0350380628131276825400005052100676,28/05/2025,18/05/2025,6281312768,GR035,Greek,GR,380,25,THE TIME I GOT TO,0.8493,THE TIME I GOT TO,,Match,D432/01,the time I got to/the time I/got to/the time I arrived at/the time I/arrived at/had reached/the time I had reached/the time I/the time I 'd reached/the time I/'d reached/the time (that) I reached/the time (that) I/reached
400005052100677,TELEVID5606_SCANNER14,GR0350381628131276825400005052100677,28/05/2025,18/05/2025,6281312768,GR035,Greek,GR,381,25,TIME I ARRIVED AT,0.8001,TIME I ARRIVED AT,,Match,D432/01,the time I got to/the time I/got to/the time I arrived at/the time I/arrived at/had reached/the time I had reached/the time I/the time I 'd reached/the time I/'d reached/the time (that) I reached/the time (that) I/reached
400005052100873,TELEVID5606_SCANNER14,GR035012162813127684400005052100873,28/05/2025,18/05/2025,6281312768,GR035,Greek,GR,121,4,B,0.825,B,,Match,D432/01,B
400005052100876,TELEVID5606_SCANNER14,GR0350124628131276810400005052100876,28/05/2025,18/05/2025,6281312768,GR035,Greek,GR,124,10,OF,0.8359,OF,,Match,D432/01,of
400005052100876,TELEVID5606_SCANNER14,GR0350124628131276825400005052100876,28/05/2025,18/05/2025,6281312768,GR035,Greek,GR,124,25,THE TIME I GOT TO,0.8476,THE TIME I GOT TO,,Match,D432/01,the time I got to/the time I/got to/the time I arrived at/the time I/arrived at/had reached/the time I had reached/the time I/the time I 'd reached/the time I/'d reached/the time (that) I reached/the time (that) I/reached
400005052100910,TELEVID5606_SCANNER14,GR0350158628131276825400005052100910,28/05/2025,18/05/2025,6281312768,GR035,Greek,GR,158,25,THE TIME I ARRIVED AT,0.8325,THE TIME I ARRIVED AT,,Match,D432/01,the time I got to/the time I/got to/the time I arrived at/the time I/arrived at/had reached/the time I had reached/the time I/the time I 'd reached/the time I/'d reached/the time (that) I reached/the time (that) I/reached
400005064100698,TELEVID5621_SCANNER14,GR0050120628131276825400005064100698,29/05/2025,18/05/2025,6281312768,GR005,Greek,GR,120,25,THE TIME I GOT TO,0.8279,THE TIME I GOT TO,,Match,D432/01,the time I got to/the time I/got to/the time I arrived at/the time I/arrived at/had reached/the time I had reached/the time I/the time I 'd reached/the time I/'d reached/the time (that) I reached/the time (that) I/reached
400005180700441,TELEVID5846_SCANNER14,TR0030289638961792220400005180700441,05/06/2025,31/05/2025,6389617922,TR003,Turkic,TR,289,20,PROBLEM,0.8125,PRODLEM,,NoMatch,D432/01,solution
400005180700466,TELEVID5846_SCANNER14,TR0030274638961792233400005180700466,05/06/2025,31/05/2025,6389617922,TR003,Turkic,TR,274,33,B,0.8498,B,,Match,D432/01,A
400005230800972,TELEVID5875_SCANNER14,TR0221011638961792227400005230800972,09/06/2025,31/05/2025,6389617922,TR022,Turkic,TR,1011,27,ARE WHAT PEOPLE BELIEVED IS,0.8243,ARE WHAT PEOPLE BELIEVED IS,,Match,D432/01,are believed to be/are believed/to be
400005230800973,TELEVID5875_SCANNER14,TR0221012638961792229400005230800973,09/06/2025,31/05/2025,6389617922,TR022,Turkic,TR,1012,29,A NOISY PARTY,0.8129,A NOISY PARTY,,Match,D432/01,such a noisy party/such/a noisy party
400005230801057,TELEVID5875_SCANNER14,TR0221047638961792225400005230801057,09/06/2025,31/05/2025,6389617922,TR022,Turkic,TR,1047,25,IS TALL ENOUGH TO,0.8207,15 TALL ENOUGH TC,,NoMatch,D432/01,is tall enough to/is/tall enough to/is sufficiently tall to/is/sufficiently tall to
400005230801058,TELEVID5875_SCANNER14,TR0221048638961792228400005230801058,09/06/2025,31/05/2025,6389617922,TR022,Turkic,TR,1048,28,IS CONFIDENT ABOUT US TO,0.8248,15 CONFIDENT ABOUT US TO,,NoMatch,D432/01,was confident (that) we would/was confident/(that) we would/was confident (that) we'd/was confident/(that) we'd/was confident (that) we could/was confident/(that) we could/felt confident (that) we would/felt confident/(that) we would/felt confident (that) we'd/felt confident/(that) we'd/felt confident (that) we could/felt confident/(that) we could
400005274200100,TELEVID5909_SCANNER14,TR096000763896179223400005274200100,11/06/2025,31/05/2025,6389617922,TR096,Turkic,TR,7,3,B,0.811,B,,Match,D432/01,B
400005274200100,TELEVID5909_SCANNER14,TR0960007638961792234400005274200100,11/06/2025,31/05/2025,6389617922,TR096,Turkic,TR,7,34,B,0.8416,B,,Match,D432/01,D
400005346800535,TELEVID6029_SCANNER14,GE001001025893117294400005346800535,13/06/2025,07/06/2025,2589311729,GE001,Others,GE,10,4,B,0.816,B,,Match,D432/01,B
400005346800536,TELEVID6029_SCANNER14,GE0010011258931172917400005346800536,13/06/2025,07/06/2025,2589311729,GE001,Others,GE,11,17,MISTAKENED,0.8417,MISTAKENEN,,NoMatch,D432/01,mistaken
400005346800540,TELEVID6029_SCANNER14,GE0010015258931172910400005346800540,13/06/2025,07/06/2025,2589311729,GE001,Others,GE,15,10,MINIMAL,0.8151,MINSMAL,,NoMatch,D432/01,little
400005346800541,TELEVID6029_SCANNER14,GE001001625893117294400005346800541,13/06/2025,07/06/2025,2589311729,GE001,Others,GE,16,4,B,0.804,B,,Match,D432/01,B
400005346800541,TELEVID6029_SCANNER14,GE0010016258931172919400005346800541,13/06/2025,07/06/2025,2589311729,GE001,Others,GE,16,19,UNFORTUNATELY,0.8069,UNFORTUNATELY,,Match,D432/01,unfortunately
400005346800547,TELEVID6029_SCANNER14,GE001002225893117294400005346800547,13/06/2025,07/06/2025,2589311729,GE001,Others,GE,22,4,B,0.8322,B,,Match,D432/01,B
400005346800553,TELEVID6029_SCANNER14,GE0010028258931172920400005346800553,13/06/2025,07/06/2025,2589311729,GE001,Others,GE,28,20,INSURENCE,0.8443,INSURENCE,,Match,D432/01,injuries/injury
400005346800557,TELEVID6029_SCANNER14,GE001003225893117294400005346800557,13/06/2025,07/06/2025,2589311729,GE001,Others,GE,32,4,B,0.8421,B,,Match,D432/01,B
400005346800557,TELEVID6029_SCANNER14,GE0010032258931172930400005346800557,13/06/2025,07/06/2025,2589311729,GE001,Others,GE,32,30,WHETHER MY TEACHER HAS A,0.8064,WHETHER MY TEACHER HAS A,,Match,D432/01,whether my teacher is in/whether my teacher/is in/whether my teacher 's in/whether my teacher/'s in
400005346800560,TELEVID6029_SCANNER14,GE001003525893117291400005346800560,13/06/2025,07/06/2025,2589311729,GE001,Others,GE,35,1,B,0.8225,B,,Match,D432/01,B
400005346800564,TELEVID6029_SCANNER14,GE0010039258931172929400005346800564,13/06/2025,07/06/2025,2589311729,GE001,Others,GE,39,29,NO INTENTION OF WAKING,0.8006,NO INTENTION OF WAKING,,Match,D432/01,[n't/not] any intention/of getting/no intention of getting/no intention/of getting/[n't/not] any intention of getting/got no intention of getting/got no intention/of getting
400005346800567,TELEVID6029_SCANNER14,GE0010042258931172930400005346800567,13/06/2025,07/06/2025,2589311729,GE001,Others,GE,42,30,WHETHER MY TEACHER IS IN,0.8002,WHETHER NY TEACHER IS IN,,NoMatch,D432/01,whether my teacher is in/whether my teacher/is in/whether my teacher 's in/whether my teacher/'s in
400005346800568,TELEVID6029_SCANNER14,GE0010043258931172936400005346800568,13/06/2025,07/06/2025,2589311729,GE001,Others,GE,43,36,D,0.8402,D,,Match,D432/01,D
400005346800569,TELEVID6029_SCANNER14,GE0010044258931172912400005346800569,13/06/2025,07/06/2025,2589311729,GE001,Others,GE,44,12,SO,0.8129,SO,,Match,D432/01,so
400005346800587,TELEVID6029_SCANNER14,GE0010062258931172940400005346800587,13/06/2025,07/06/2025,2589311729,GE001,Others,GE,62,40,B,0.8159,B,,Match,D432/01,G
400005346800588,TELEVID6029_SCANNER14,GE0010063258931172912400005346800588,13/06/2025,07/06/2025,2589311729,GE001,Others,GE,63,12,ACTUALLY,0.8312,ACTUALLY,,Match,D432/01,so
400005346800595,TELEVID6029_SCANNER14,GE001007025893117291400005346800595,13/06/2025,07/06/2025,2589311729,GE001,Others,GE,70,1,B,0.8183,B,,Match,D432/01,B
400005346800595,TELEVID6029_SCANNER14,GE001007025893117294400005346800595,13/06/2025,07/06/2025,2589311729,GE001,Others,GE,70,4,B,0.8324,B,,Match,D432/01,B
400005346800603,TELEVID6029_SCANNER14,GE0010078258931172948400005346800603,13/06/2025,07/06/2025,2589311729,GE001,Others,GE,78,48,D,0.8465,D,,Match,D432/01,C
400005346800605,TELEVID6029_SCANNER14,GE0010080258931172937400005346800605,13/06/2025,07/06/2025,2589311729,GE001,Others,GE,80,37,D,0.8467,D,,Match,D432/01,D
400005346800607,TELEVID6029_SCANNER14,GE0010082258931172930400005346800607,13/06/2025,07/06/2025,2589311729,GE001,Others,GE,82,30,WHETHER MY TEACHER IS IN,0.8466,WHETHER MY TEACHER IS IN,,Match,D432/01,whether my teacher is in/whether my teacher/is in/whether my teacher 's in/whether my teacher/'s in
400005346800608,TELEVID6029_SCANNER14,GE0010083258931172912400005346800608,13/06/2025,07/06/2025,2589311729,GE001,Others,GE,83,12,SO,0.801,SD,,NoMatch,D432/01,so
400005346800610,TELEVID6029_SCANNER14,GE001008525893117296400005346800610,13/06/2025,07/06/2025,2589311729,GE001,Others,GE,85,6,A,0.8211,A,,Match,D432/01,A
400005346800610,TELEVID6029_SCANNER14,GE0010085258931172926400005346800610,13/06/2025,07/06/2025,2589311729,GE001,Others,GE,85,26,WERE UNFAMILIAR TO,0.8082,WEBE UNFAMILIAR TO,,NoMatch,D432/01,(there) were unfamiliar to/(there) were unfamiliar/to/(there) seemed unfamiliar to/(there) seemed unfamiliar/to/(there) looked unfamiliar to/(there) looked unfamiliar/to/(there) appeared unfamiliar to/(there) appeared unfamiliar/to
400005346800611,TELEVID6029_SCANNER14,GE0010086258931172930400005346800611,13/06/2025,07/06/2025,2589311729,GE001,Others,GE,86,30,WHETHER MY TEACHER IS IN,0.8375,WHETHER MY TEACHER IS IN,,Match,D432/01,whether my teacher is in/whether my teacher/is in/whether my teacher 's in/whether my teacher/'s in
400005346800616,TELEVID6029_SCANNER14,GE0010091258931172929400005346800616,13/06/2025,07/06/2025,2589311729,GE001,Others,GE,91,29,NO INTENTION TO GET,0.8342,NO INTENTION TO GET,,Match,D432/01,[n't/not] any intention/of getting/no intention of getting/no intention/of getting/[n't/not] any intention of getting/got no intention of getting/got no intention/of getting
400005346800624,TELEVID6029_SCANNER14,GE0010099258931172929400005346800624,13/06/2025,07/06/2025,2589311729,GE001,Others,GE,99,29,NO INTENTION OF GETTING,0.8366,NO INTENTION OF GETTING,,Match,D432/01,[n't/not] any intention/of getting/no intention of getting/no intention/of getting/[n't/not] any intention of getting/got no intention of getting/got no intention/of getting
400005346800627,TELEVID6029_SCANNER14,GE0010102258931172922400005346800627,13/06/2025,07/06/2025,2589311729,GE001,Others,GE,102,22,UNPREDICTABLE,0.8358,UNPREDICTABLE,,Match,D432/01,unpredictable
400005346800629,TELEVID6029_SCANNER14,GE0010104258931172928400005346800629,13/06/2025,07/06/2025,2589311729,GE001,Others,GE,104,28,COUNT HER BEST FRIEND'S TRUST,0.8304,COUNT HER BEST FRIEND'S TRUST,,Match,D432/01,count on her (best) friend/count on/her (best) friend
400005346800631,TELEVID6029_SCANNER14,GE0010106258931172926400005346800631,13/06/2025,07/06/2025,2589311729,GE001,Others,GE,106,26,WERE UNFAMILIAR TO ME,0.8473,WERE UNFAMILIAR TO MI,,NoMatch,D432/01,(there) were unfamiliar to/(there) were unfamiliar/to/(there) seemed unfamiliar to/(there) seemed unfamiliar/to/(there) looked unfamiliar to/(there) looked unfamiliar/to/(there) appeared unfamiliar to/(there) appeared unfamiliar/to
400005346800631,TELEVID6029_SCANNER14,GE0010106258931172931400005346800631,13/06/2025,07/06/2025,2589311729,GE001,Others,GE,106,31,D,0.8466,D,,Match,D432/01,C
400005346800633,TELEVID6029_SCANNER14,GE0010108258931172930400005346800633,13/06/2025,07/06/2025,2589311729,GE001,Others,GE,108,30,WHETHER MY TEACHER,0.8344,WHETHER MY TEACHER,,Match,D432/01,whether my teacher is in/whether my teacher/is in/whether my teacher 's in/whether my teacher/'s in
400005346800634,TELEVID6029_SCANNER14,GE001010925893117291400005346800634,13/06/2025,07/06/2025,2589311729,GE001,Others,GE,109,1,B,0.8425,B,,Match,D432/01,B
400005346800640,TELEVID6029_SCANNER14,GE001011525893117291400005346800640,13/06/2025,07/06/2025,2589311729,GE001,Others,GE,115,1,B,0.8301,B,,Match,D432/01,B
400005346800642,TELEVID6029_SCANNER14,GE0010117258931172930400005346800642,13/06/2025,07/06/2025,2589311729,GE001,Others,GE,117,30,WHETHER IF MY TEACHER HAS GOT,0.8198,WHETHER IF MY TEACHER HAS GDT,,NoMatch,D432/01,whether my teacher is in/whether my teacher/is in/whether my teacher 's in/whether my teacher/'s in
400005346800644,TELEVID6029_SCANNER14,GE001011925893117294400005346800644,13/06/2025,07/06/2025,2589311729,GE001,Others,GE,119,4,B,0.821,B,,Match,D432/01,B
400005346800647,TELEVID6029_SCANNER14,GE0010122258931172926400005346800647,13/06/2025,07/06/2025,2589311729,GE001,Others,GE,122,26,WAS UNFAMILIAR FOR,0.8332,WAS UNFAMILIAR FOR,,Match,D432/01,(there) were unfamiliar to/(there) were unfamiliar/to/(there) seemed unfamiliar to/(there) seemed unfamiliar/to/(there) looked unfamiliar to/(there) looked unfamiliar/to/(there) appeared unfamiliar to/(there) appeared unfamiliar/to
400005346800647,TELEVID6029_SCANNER14,GE0010122258931172930400005346800647,13/06/2025,07/06/2025,2589311729,GE001,Others,GE,122,30,WHETHER IF MY TEACHER THINKS,0.8056,WHETHER IF MY HEADER THINKS,,NoMatch,D432/01,whether my teacher is in/whether my teacher/is in/whether my teacher 's in/whether my teacher/'s in
400005346800652,TELEVID6029_SCANNER14,GE0010127258931172950400005346800652,13/06/2025,07/06/2025,2589311729,GE001,Others,GE,127,50,A,0.8194,"A, B",,NoMatch,D432/01,C
400005349900728,TELEVID6039_SCANNER14,NP0130047856727667529400005349900728,13/06/2025,04/06/2025,8567276675,NP013,Indo-Iranian,NP,47,29,TO RID AWAY,0.8062,TO RID AWAY,,Match,D432/01,to get rid of/to/get rid of/to rid yourself of/to/rid yourself of
400005349900728,TELEVID6039_SCANNER14,NP0130047856727667534400005349900728,13/06/2025,04/06/2025,8567276675,NP013,Indo-Iranian,NP,47,34,B,0.8062,B,,Match,D432/01,A
400005349900741,TELEVID6039_SCANNER14,NP013006085672766757400005349900741,13/06/2025,04/06/2025,8567276675,NP013,Indo-Iranian,NP,60,7,B,0.8264,C,,NoMatch,D432/01,B
400005349900741,TELEVID6039_SCANNER14,NP0130060856727667529400005349900741,13/06/2025,04/06/2025,8567276675,NP013,Indo-Iranian,NP,60,29,TO GET RID OF,0.8455,TO TO GET RID OF,,NoMatch,D432/01,to get rid of/to/get rid of/to rid yourself of/to/rid yourself of
400005349900749,TELEVID6039_SCANNER14,NP0130068856727667525400005349900749,13/06/2025,04/06/2025,8567276675,NP013,Indo-Iranian,NP,68,25,LONG AS I DON'T HAVE TO,0.831,LONG AS I DON'T HAVE TO,,Match,D432/01,long as/I [don't/do not]/long as I [don't/do not]
400005349900749,TELEVID6039_SCANNER14,NP0130068856727667528400005349900749,13/06/2025,04/06/2025,8567276675,NP013,Indo-Iranian,NP,68,28,WERE WILLING TO GIVE,0.8417,WERE WILLING TO GIVE,,Match,D432/01,were willing to lend Tony/were willing/to lend Tony/were willing to lend him/were willing/to lend him/were willing to give Tony/were willing/to give Tony/were willing to give him/were willing/to give him
400005349900775,TELEVID6039_SCANNER14,NP0130071856727667529400005349900775,13/06/2025,04/06/2025,8567276675,NP013,Indo-Iranian,NP,71,29,TO THROW,0.8308,TO T. HROW,,NoMatch,D432/01,to get rid of/to/get rid of/to rid yourself of/to/rid yourself of
400005349900777,TELEVID6039_SCANNER14,NP0130073856727667522400005349900777,13/06/2025,04/06/2025,8567276675,NP013,Indo-Iranian,NP,73,22,SIGNIFY,0.8111,SIGNIFY,,Match,D432/01,significant
400005349900782,TELEVID6039_SCANNER14,NP0130078856727667522400005349900782,13/06/2025,04/06/2025,8567276675,NP013,Indo-Iranian,NP,78,22,SIGNIFICENT,0.817,SIGNIFICENT,,Match,D432/01,significant
400005349900817,TELEVID6039_SCANNER14,NP013009385672766754400005349900817,13/06/2025,04/06/2025,8567276675,NP013,Indo-Iranian,NP,93,4,A,0.8334,A,,Match,D432/01,A
400005349900820,TELEVID6039_SCANNER14,NP0130096856727667530400005349900820,13/06/2025,04/06/2025,8567276675,NP013,Indo-Iranian,NP,96,30,IN CASE IT,0.8317,IN CASE IT,,Match,D432/01,(just) in case it/(just) in case/it
400005349900831,TELEVID6039_SCANNER14,NP0130107856727667531400005349900831,13/06/2025,04/06/2025,8567276675,NP013,Indo-Iranian,NP,107,31,D,0.8373,"A, D",,NoMatch,D432/01,C
400005636900664,TELEVID6357_SCANNER14,IT1600022857122788616400005636900664,11/07/2025,28/06/2025,8571227886,IT160,Romance,IT,22,16,WHICH,0.8093,WHICH,,Match,D432/01,which
400005636900664,TELEVID6357_SCANNER14,IT1600022857122788630400005636900664,11/07/2025,28/06/2025,8571227886,IT160,Romance,IT,22,30,GIVE AN EYE TO,0.849,GIVE AN EYE TO,,Match,D432/01,keep an eye on/keep/an eye on/keep your eye on/keep/your eye on
400005636900668,TELEVID6357_SCANNER14,IT1600026857122788626400005636900668,11/07/2025,28/06/2025,8571227886,IT160,Romance,IT,26,26,THAT JOHN ATE,0.844,THAT JOHN ATE,,Match,D432/01,having eaten/John of eating/John of/eating/John of having eaten/John of/having eaten/him of eating/him of/eating/him of having eaten/him of/having eaten/her of eating/her of/eating/her of having eaten/her of/having eaten/them of eating/them of/eating/them of having eaten/them of
400005636900668,TELEVID6357_SCANNER14,IT1600026857122788628400005636900668,11/07/2025,28/06/2025,8571227886,IT160,Romance,IT,26,28,"FROM TIM, NOBODY",0.8213,"FROM TIM, NOBODY",,Match,D432/01,from Tim nobody/from Tim/nobody/from Tim nobody else/from Tim/nobody else/from Tim nobody has/from Tim/nobody has/from Tim nobody's/from Tim/nobody's/from Tim nobody else has/from Tim/nobody else has/from him nobody/from him/nobody/from him nobody else/from him/nobody else/from him nobody has/from him/nobody has/from him nobody's/from him/nobody's/from him nobody else has/from him/nobody else has/from her nobody/from her/nobody/from her nobody else/from her/nobody else/from her nobody has/from her/nobody has/from her nobody's/from her/nobody's/from her nobody else has/from her/nobody else has/from them nobody/from them/nobody/from them nobody else/from them/nobody else/from them nobody has/from them/nobody has/from them nobody's/from them/nobody's/from them nobody else has/from them/nobody else has
400005637700620,TELEVID6359_1_Scanner20,IT6920011857122788618400005637700620,14/07/2025,28/06/2025,8571227886,IT692,Romance,IT,11,18,CONSUMING,0.8491,CONSUMING,,Match,D432/01,consumption
400005637700622,TELEVID6359_1_Scanner20,IT6920013857122788615400005637700622,14/07/2025,28/06/2025,8571227886,IT692,Romance,IT,13,15,IF,0.8469,1F,,NoMatch,D432/01,though
60000002708600068,TELEVID5561_SCANNER18,GR11879236281312768160000002708600068,27/05/2025,18/05/2025,6281312768,GR118,Greek,GR,7923,1,B,0.8132,B,,Match,D432/01,C
60000002708600068,TELEVID5561_SCANNER18,GR11879236281312768460000002708600068,27/05/2025,18/05/2025,6281312768,GR118,Greek,GR,7923,4,B,0.8405,B,,Match,D432/01,B
60000002708600350,TELEVID5561_SCANNER18,GR11875446281312768760000002708600350,27/05/2025,18/05/2025,6281312768,GR118,Greek,GR,7544,7,--impossible--,0.8191,C,,NoMatch,D432/01,B
60000002708600607,TELEVID5561_SCANNER18,GR118003962813127682160000002708600607,27/05/2025,18/05/2025,6281312768,GR118,Greek,GR,39,21,VALUEABLE,0.8164,VALUEABLE,,Match,D432/01,valuable/invaluable
60000002708600619,TELEVID5561_SCANNER18,GR118005162813127682360000002708600619,27/05/2025,18/05/2025,6281312768,GR118,Greek,GR,51,23,WEDTHEN,0.8349,WEDTHEN,,Match,D432/01,widen
60000002708600623,TELEVID5561_SCANNER18,GR118005562813127684060000002708600623,27/05/2025,18/05/2025,6281312768,GR118,Greek,GR,55,40,A,0.8241,A,,Match,D432/01,A
60000002708600663,TELEVID5561_SCANNER18,GR118009562813127682960000002708600663,27/05/2025,18/05/2025,6281312768,GR118,Greek,GR,95,29,MUST BE EXCITING,0.8197,MUST BE EXCITING,,Match,D432/01,must have been exciting/must have been/exciting/must've been exciting/must've been/exciting
60000002708600813,TELEVID5561_SCANNER18,GR118782562813127682560000002708600813,27/05/2025,18/05/2025,6281312768,GR118,Greek,GR,7825,25,THE TIME I GOT INTO,0.8306,THE TIME I GOT INTO,,Match,D432/01,the time I got to/the time I/got to/the time I arrived at/the time I/arrived at/had reached/the time I had reached/the time I/the time I 'd reached/the time I/'d reached/the time (that) I reached/the time (that) I/reached
60000002708600813,TELEVID5561_SCANNER18,GR118782562813127682660000002708600813,27/05/2025,18/05/2025,6281312768,GR118,Greek,GR,7825,26,WISH MY ELBOW DID NOT,0.8194,WISH MY ELBOW DID NOT,,Match,D432/01,wish my elbow/[didn't/did not]/wish my elbow [didn't/did not]
60000002708600921,TELEVID5561_SCANNER18,GR118605462813127682760000002708600921,27/05/2025,18/05/2025,6281312768,GR118,Greek,GR,6054,27,IT IMPOSSIBLE FOR,0.8301,IT IMPOSSIBLE FOR,,Match,D432/01,it impossible for/it impossible/for
60000002708601050,TELEVID5561_SCANNER18,GR118839162813127682160000002708601050,27/05/2025,18/05/2025,6281312768,GR118,Greek,GR,8391,21,VALUABLE,0.8313,VALUABLE,,Match,D432/01,valuable/invaluable
60000002708601082,TELEVID5561_SCANNER18,GR118842362813127682860000002708601082,27/05/2025,18/05/2025,6281312768,GR118,Greek,GR,8423,28,SO HARDLY TO HEAR,0.8384,SO HARDLY TO HEAR,,Match,D432/01,hardly able to hear/hardly able/to hear/hardly able to catch/hardly able/to catch/hardly able to make out/hardly able/to make out/hardly able to understand/hardly able/to understand
60000002710200744,TELEVID5552_SCANNER18,GR118687062813127681960000002710200744,27/05/2025,18/05/2025,6281312768,GR118,Greek,GR,6870,19,ASTONISHMENT,0.8472,ASTONISHMENT,,Match,D432/01,astonishment
60000002734200624,TELEVID5622_SCANNER18,GR03502566281312768760000002734200624,29/05/2025,18/05/2025,6281312768,GR035,Greek,GR,256,7,B,0.8245,B,,Match,D432/01,B
60000002734200646,TELEVID5622_SCANNER18,GR03502786281312768360000002734200646,29/05/2025,18/05/2025,6281312768,GR035,Greek,GR,278,3,B,0.8477,B,,Match,D432/01,A
60000002734300522,TELEVID5620_SCANNER18,GR03503416281312768460000002734300522,29/05/2025,18/05/2025,6281312768,GR035,Greek,GR,341,4,B,0.847,B,,Match,D432/01,B
60000002734500282,TELEVID5615_SCANNER18,GR035044962813127682560000002734500282,29/05/2025,18/05/2025,6281312768,GR035,Greek,GR,449,25,THE TIME I GOT TO,0.8425,THE TIME I GOT TO,,Match,D432/01,the time I got to/the time I/got to/the time I arrived at/the time I/arrived at/had reached/the time I had reached/the time I/the time I 'd reached/the time I/'d reached/the time (that) I reached/the time (that) I/reached
60000002734500282,TELEVID5615_SCANNER18,GR035044962813127682760000002734500282,29/05/2025,18/05/2025,6281312768,GR035,Greek,GR,449,27,IT IMPOSSIBLE FOR,0.8371,IT IMPOSSIBLE FOR,,Match,D432/01,it impossible for/it impossible/for
60000002734500530,TELEVID5615_SCANNER18,GR005041562813127682560000002734500530,29/05/2025,18/05/2025,6281312768,GR005,Greek,GR,415,25,THE TIME I GOT TO,0.805,THE TIME I GOT TO,,Match,D432/01,the time I got to/the time I/got to/the time I arrived at/the time I/arrived at/had reached/the time I had reached/the time I/the time I 'd reached/the time I/'d reached/the time (that) I reached/the time (that) I/reached
60000002734500884,TELEVID5615_SCANNER18,GR00504876281312768460000002734500884,29/05/2025,18/05/2025,6281312768,GR005,Greek,GR,487,4,B,0.8317,B,,Match,D432/01,B
60000002734500903,TELEVID5615_SCANNER18,GR005050662813127682160000002734500903,29/05/2025,18/05/2025,6281312768,GR005,Greek,GR,506,21,VALUEABLE,0.8235,VALUEABLE,,Match,D432/01,valuable/invaluable
60000002891000569,TELEVID5882_SCANNER18,TR02210046389617922360000002891000569,09/06/2025,31/05/2025,6389617922,TR022,Turkic,TR,1004,3,B,0.8416,B,,Match,D432/01,B
60000002891000569,TELEVID5882_SCANNER18,TR02210046389617922460000002891000569,09/06/2025,31/05/2025,6389617922,TR022,Turkic,TR,1004,4,A,0.8499,A,,Match,D432/01,A
60000002902800312,TELEVID5877_SCANNER19,TR022104963896179222760000002902800312,10/06/2025,31/05/2025,6389617922,TR022,Turkic,TR,1049,27,ARE BELIEVED TO BE,0.8108,GRP BELIEVED TO BE,,NoMatch,D432/01,are believed to be/are believed/to be
60000002902800316,TELEVID5877_SCANNER19,TR022105363896179221260000002902800316,10/06/2025,31/05/2025,6389617922,TR022,Turkic,TR,1053,12,THEN,0.8112,TMEN,,NoMatch,D432/01,which
60000002902800316,TELEVID5877_SCANNER19,TR022105363896179221360000002902800316,10/06/2025,31/05/2025,6389617922,TR022,Turkic,TR,1053,13,IT,0.8209,IT,,Match,D432/01,It
60000002902800317,TELEVID5877_SCANNER19,TR022105463896179222860000002902800317,10/06/2025,31/05/2025,6389617922,TR022,Turkic,TR,1054,28,IS CONFIDENT HE WILL,0.844,IS CONFIDENT HE WILL,,Match,D432/01,was confident (that) we would/was confident/(that) we would/was confident (that) we'd/was confident/(that) we'd/was confident (that) we could/was confident/(that) we could/felt confident (that) we would/felt confident/(that) we would/felt confident (that) we'd/felt confident/(that) we'd/felt confident (that) we could/felt confident/(that) we could
60000002902800523,TELEVID5877_SCANNER19,TR02210236389617922360000002902800523,10/06/2025,31/05/2025,6389617922,TR022,Turkic,TR,1023,3,B,0.8335,B,,Match,D432/01,B
60000002902800534,TELEVID5877_SCANNER19,TR022103463896179221360000002902800534,10/06/2025,31/05/2025,6389617922,TR022,Turkic,TR,1034,13,IT,0.8109,IT,,Match,D432/01,It
60000002902800535,TELEVID5877_SCANNER19,TR022103563896179221760000002902800535,10/06/2025,31/05/2025,6389617922,TR022,Turkic,TR,1035,17,TEND,0.844,PEND,,NoMatch,D432/01,tendency
60000002902800539,TELEVID5877_SCANNER19,TR02210396389617922360000002902800539,10/06/2025,31/05/2025,6389617922,TR022,Turkic,TR,1039,3,B,0.849,B,,Match,D432/01,B
60000002930500319,TELEVID5935_SCANNER18,TR096000163896179223460000002930500319,11/06/2025,31/05/2025,6389617922,TR096,Turkic,TR,1,34,B,0.831,B,,Match,D432/01,D
60000002930500325,TELEVID5935_SCANNER18,TR09600066389617922360000002930500325,11/06/2025,31/05/2025,6389617922,TR096,Turkic,TR,6,3,B,0.825,B,,Match,D432/01,B
60000002931200526,TELEVID5933_SCANNER18,TR15600056389617922160000002931200526,11/06/2025,31/05/2025,6389617922,TR156,Turkic,TR,5,1,B,0.8228,B,,Match,D432/01,D
60000002931200532,TELEVID5933_SCANNER18,TR156001163896179223060000002931200532,11/06/2025,31/05/2025,6389617922,TR156,Turkic,TR,11,30,THE TIME DAN CAME,0.8353,THE TIME DAN CAME,,Match,D432/01,by the time Dan arrived/by the time/Dan arrived/by the time Dan was/by the time/Dan was/by the time he arrived/by the time/he arrived/by the time he was/by the time/he was/by the time she arrived/by the time/she arrived/by the time she was/by the time/she was/by the time they arrived/by the time/they arrived/by the time they were/by the time/they were
60000002931200549,TELEVID5933_SCANNER18,TR156001263896179222360000002931200549,11/06/2025,31/05/2025,6389617922,TR156,Turkic,TR,12,23,CREATIVENES,0.8098,CREATIVENES,,Match,D432/01,creators
60000002931200550,TELEVID5933_SCANNER18,TR156001363896179222060000002931200550,11/06/2025,31/05/2025,6389617922,TR156,Turkic,TR,13,20,SOLUTION,0.8454,SOLIJTION,,NoMatch,D432/01,solution
60000002937700569,TELEVID5949_SCANNER18,TR031000463896179222760000002937700569,11/06/2025,31/05/2025,6389617922,TR031,Turkic,TR,4,27,AS BELIEVED AS,0.8482,AS BELIEVED AS,,Match,D432/01,are believed to be/are believed/to be
60000002950600541,TELEVID5952_SCANNER18,TR031001063896179223060000002950600541,12/06/2025,31/05/2025,6389617922,TR031,Turkic,TR,10,30,IN TIME BEFORE HE ARRIVED,0.8277,IN TIME BEFORE HE ARRIVED,,Match,D432/01,by the time Dan arrived/by the time/Dan arrived/by the time Dan was/by the time/Dan was/by the time he arrived/by the time/he arrived/by the time he was/by the time/he was/by the time she arrived/by the time/she arrived/by the time she was/by the time/she was/by the time they arrived/by the time/they arrived/by the time they were/by the time/they were
60000002972000284,TELEVID6040_SCANNER18,NP01300048567276675760000002972000284,13/06/2025,04/06/2025,8567276675,NP013,Indo-Iranian,NP,4,7,B,0.8192,B,,Match,D432/01,B
60000002972000285,TELEVID6040_SCANNER18,NP013000585672766751860000002972000285,13/06/2025,04/06/2025,8567276675,NP013,Indo-Iranian,NP,5,18,POSSBITIES,0.8158,POSSBITIES,,Match,D432/01,impossible
60000002972000285,TELEVID6040_SCANNER18,NP013000585672766755260000002972000285,13/06/2025,04/06/2025,8567276675,NP013,Indo-Iranian,NP,5,52,B,0.8211,B,,Match,D432/01,B
60000002972000292,TELEVID6040_SCANNER18,NP01300128567276675160000002972000292,13/06/2025,04/06/2025,8567276675,NP013,Indo-Iranian,NP,12,1,D,0.8162,"C, D",,NoMatch,D432/01,C
60000002972000293,TELEVID6040_SCANNER18,NP013001385672766752060000002972000293,13/06/2025,04/06/2025,8567276675,NP013,Indo-Iranian,NP,13,20,DRAMA,0.8027,ORAMA,,NoMatch,D432/01,dramatically
60000002972000295,TELEVID6040_SCANNER18,NP013001585672766751860000002972000295,13/06/2025,04/06/2025,8567276675,NP013,Indo-Iranian,NP,15,18,SEEING,0.8377,SEEINGATION,,NoMatch,D432/01,impossible
60000002972000295,TELEVID6040_SCANNER18,NP013001585672766752260000002972000295,13/06/2025,04/06/2025,8567276675,NP013,Indo-Iranian,NP,15,22,POSSIBLE,0.8212,POSSIBLE,,Match,D432/01,significant
60000002972000302,TELEVID6040_SCANNER18,NP013002285672766751460000002972000302,13/06/2025,04/06/2025,8567276675,NP013,Indo-Iranian,NP,22,14,SO,0.8205,SO,,Match,D432/01,[anything/much]
60000002972000339,TELEVID6040_SCANNER18,NP013003685672766752560000002972000339,13/06/2025,04/06/2025,8567276675,NP013,Indo-Iranian,NP,36,25,LONG AS I,0.8356,LONG AS I,,Match,D432/01,long as/I [don't/do not]/long as I [don't/do not]
60000002972000341,TELEVID6040_SCANNER18,NP013003885672766753060000002972000341,13/06/2025,04/06/2025,8567276675,NP013,Indo-Iranian,NP,38,30,IN CASE IT,0.8251,IN CASE IT,,Match,D432/01,(just) in case it/(just) in case/it
60000002972000342,TELEVID6040_SCANNER18,NP013003985672766753060000002972000342,13/06/2025,04/06/2025,8567276675,NP013,Indo-Iranian,NP,39,30,IN CASE IT,0.8285,IN CASE IT,,Match,D432/01,(just) in case it/(just) in case/it
60000002972000346,TELEVID6040_SCANNER18,NP013004385672766751260000002972000346,13/06/2025,04/06/2025,8567276675,NP013,Indo-Iranian,NP,43,12,WHICH,0.8066,WHICH WHICH,,NoMatch,D432/01,what
60000002972000346,TELEVID6040_SCANNER18,NP013004385672766752660000002972000346,13/06/2025,04/06/2025,8567276675,NP013,Indo-Iranian,NP,43,26,I UNLIKELY TO SHOW UP,0.8369,I UNLIKELY TO SHOW UP,,Match,D432/01,is unlikely to arrive/is unlikely/to arrive/'s unlikely to arrive/'s unlikely/to arrive/is unlikely to be/is unlikely/to be/'s unlikely to be/'s unlikely/to be
60000002972000348,TELEVID6040_SCANNER18,NP013004585672766753460000002972000348,13/06/2025,04/06/2025,8567276675,NP013,Indo-Iranian,NP,45,34,A,0.8349,A,,Match,D432/01,A
60000003013400431,TELEVID6069_SCANNER18,TR003007063896179222860000003013400431,16/06/2025,31/05/2025,6389617922,TR003,Turkic,TR,70,28,WAS CONFIDENT TO,0.8286,WAS CONFIDENT 70,,NoMatch,D432/01,was confident (that) we would/was confident/(that) we would/was confident (that) we'd/was confident/(that) we'd/was confident (that) we could/was confident/(that) we could/felt confident (that) we would/felt confident/(that) we would/felt confident (that) we'd/felt confident/(that) we'd/felt confident (that) we could/felt confident/(that) we could
60000003013400432,TELEVID6069_SCANNER18,TR003007163896179222760000003013400432,16/06/2025,31/05/2025,6389617922,TR003,Turkic,TR,71,27,ARE BELIVED TO BE,0.8279,ARE BELIVED TO BE,,Match,D432/01,are believed to be/are believed/to be
60000003013400432,TELEVID6069_SCANNER18,TR003007163896179222860000003013400432,16/06/2025,31/05/2025,6389617922,TR003,Turkic,TR,71,28,WAS CONFIDENT THAT WE WOULD,0.8248,WAS CONFIDENT THAT WE WOULD,,Match,D432/01,was confident (that) we would/was confident/(that) we would/was confident (that) we'd/was confident/(that) we'd/was confident (that) we could/was confident/(that) we could/felt confident (that) we would/felt confident/(that) we would/felt confident (that) we'd/felt confident/(that) we'd/felt confident (that) we could/felt confident/(that) we could
60000003045100242,TELEVID8009_SCANNER18,TR00301356389617922360000003045100242,18/06/2025,31/05/2025,6389617922,TR003,Turkic,TR,135,3,B,0.8319,B,,Match,D432/01,B
60000003045100242,TELEVID8009_SCANNER18,TR003013563896179222660000003045100242,18/06/2025,31/05/2025,6389617922,TR003,Turkic,TR,135,26,TO TAKE CARE FOR,0.8481,TO JAKE CARE FOR,,NoMatch,D432/01,for taking/for taking care of/care of
60000003045100244,TELEVID8009_SCANNER18,TR003013763896179221260000003045100244,18/06/2025,31/05/2025,6389617922,TR003,Turkic,TR,137,12,SO,0.821,SO,,Match,D432/01,which
60000003054800306,TELEVID8040_SCANNER19,TR003015963896179221060000003054800306,18/06/2025,31/05/2025,6389617922,TR003,Turkic,TR,159,10,AS,0.8479,AS,,Match,D432/01,as
60000003054800314,TELEVID8040_SCANNER19,TR003016863896179222560000003054800314,18/06/2025,31/05/2025,6389617922,TR003,Turkic,TR,168,25,ARE TALL ENOUGH TO,0.8061,ARE TALL ENOUGH TO,,Match,D432/01,is tall enough to/is/tall enough to/is sufficiently tall to/is/sufficiently tall to
60000003054800342,TELEVID8040_SCANNER19,TR003017663896179224660000003054800342,18/06/2025,31/05/2025,6389617922,TR003,Turkic,TR,176,46,D,0.8113,D,,Match,D432/01,C
60000003059600615,televid8050_SCANNER19,TR003002463896179222960000003059600615,18/06/2025,31/05/2025,6389617922,TR003,Turkic,TR,24,29,A NOISY PARTY,0.8371,A NOISY PARTY,,Match,D432/01,such a noisy party/such/a noisy party
60000003074700004,TELEVID8082_SCANNER19,CY200000425893117295060000003074700004,19/06/2025,07/06/2025,2589311729,CY200,Greek,CY,4,50,A,0.8285,A,,Match,D432/01,C
60000003074700008,TELEVID8082_SCANNER19,CY20000082589311729160000003074700008,19/06/2025,07/06/2025,2589311729,CY200,Greek,CY,8,1,B,0.8052,B,,Match,D432/01,B
60000003074700017,TELEVID8082_SCANNER19,CY200004325893117293060000003074700017,19/06/2025,07/06/2025,2589311729,CY200,Greek,CY,43,30,WHETHER MY TEACHER IS IN,0.8357,WHETHER MY TEACHER IS IN,,Match,D432/01,whether my teacher is in/whether my teacher/is in/whether my teacher 's in/whether my teacher/'s in
60000003080400452,TELEVID8085_SCANNER19,CY200001625893117291260000003080400452,19/06/2025,07/06/2025,2589311729,CY200,Greek,CY,16,12,SO,0.8229,SO,,Match,D432/01,so
60000003080400453,TELEVID8085_SCANNER19,CY200001725893117291260000003080400453,19/06/2025,07/06/2025,2589311729,CY200,Greek,CY,17,12,SO,0.8138,SO,,Match,D432/01,so
60000003080400453,TELEVID8085_SCANNER19,CY200001725893117293060000003080400453,19/06/2025,07/06/2025,2589311729,CY200,Greek,CY,17,30,WHETHER MY TEACHER HAS A,0.8092,WHETHER MY TEACHER HAS A,,Match,D432/01,whether my teacher is in/whether my teacher/is in/whether my teacher 's in/whether my teacher/'s in
60000003080400460,TELEVID8085_SCANNER19,CY200002425893117291860000003080400460,19/06/2025,07/06/2025,2589311729,CY200,Greek,CY,24,18,VALUABLE,0.8407,VALUHBLE,,NoMatch,D432/01,valuable/invaluable
60000003080400466,TELEVID8085_SCANNER19,CY200003025893117292560000003080400466,19/06/2025,07/06/2025,2589311729,CY200,Greek,CY,30,25,PREVENTED ME OF HAVING,0.8098,PREVENTED ME OF HAVING,,Match,D432/01,prevented me (from) taking/prevented me/(from) taking
60000003080400467,TELEVID8085_SCANNER19,CY200003125893117292660000003080400467,19/06/2025,07/06/2025,2589311729,CY200,Greek,CY,31,26,WERE UNFAMILIAR TO,0.8419,WERE UNFAMILIAR TO,,Match,D432/01,(there) were unfamiliar to/(there) were unfamiliar/to/(there) seemed unfamiliar to/(there) seemed unfamiliar/to/(there) looked unfamiliar to/(there) looked unfamiliar/to/(there) appeared unfamiliar to/(there) appeared unfamiliar/to
60000003080400467,TELEVID8085_SCANNER19,CY200003125893117293660000003080400467,19/06/2025,07/06/2025,2589311729,CY200,Greek,CY,31,36,D,0.8462,--blank--,,NoMatch,D432/01,D
60000003080400468,TELEVID8085_SCANNER19,CY200003225893117292860000003080400468,19/06/2025,07/06/2025,2589311729,CY200,Greek,CY,32,28,COUNT ON HER BEST FRIEND,0.8206,COUNT ON HER BEST FRIEND,,Match,D432/01,count on her (best) friend/count on/her (best) friend
60000003080400470,TELEVID8085_SCANNER19,CY200003425893117293460000003080400470,19/06/2025,07/06/2025,2589311729,CY200,Greek,CY,34,34,B,0.8028,B,,Match,D432/01,C
60000003080400471,TELEVID8085_SCANNER19,CY200003525893117293060000003080400471,19/06/2025,07/06/2025,2589311729,CY200,Greek,CY,35,30,WHETHER MY TEACHER IS IN,0.8447,WHETHER MY TEACHER IS IN,,Match,D432/01,whether my teacher is in/whether my teacher/is in/whether my teacher 's in/whether my teacher/'s in
60000003080400475,TELEVID8085_SCANNER19,CY20000392589311729160000003080400475,19/06/2025,07/06/2025,2589311729,CY200,Greek,CY,39,1,B,0.8478,B,,Match,D432/01,B
60000003080400475,TELEVID8085_SCANNER19,CY200003925893117292860000003080400475,19/06/2025,07/06/2025,2589311729,CY200,Greek,CY,39,28,COUNT ON HER FRIEND,0.8387,COUNT ON HER FRIEND,,Match,D432/01,count on her (best) friend/count on/her (best) friend
60000003080400476,TELEVID8085_SCANNER19,CY20000402589311729160000003080400476,19/06/2025,07/06/2025,2589311729,CY200,Greek,CY,40,1,B,0.8287,B,,Match,D432/01,B
60000003139500038,televid8236_SCANNER19,ES459192072771257682760000003139500038,25/06/2025,21/06/2025,7277125768,ES459,Romance,ES,1920,27,TO AVOID GETTING,0.8026,TO AVOID GETTING,,Match,D432/01,to AVOID (us) [getting/being]/to AVOID/(us) [getting/being]
60000003139800572,televid8231_SCANNER19,IT112000972771257682560000003139800572,25/06/2025,21/06/2025,7277125768,IT112,Romance,IT,9,25,NO INTENTION TO HIT,0.8453,NO INTENTION TO HIT,,Match,D432/01,(absolutely) no intention of hitting/(absolutely) no intention/of hitting
60000003139800573,televid8231_SCANNER19,IT112001072771257682460000003139800573,25/06/2025,21/06/2025,7277125768,IT112,Romance,IT,10,24,VIRALITY,0.8298,VIRALITY,,Match,D432/01,viral
60000003140100369,televid8238_SCANNER19,ES049004172771257683060000003140100369,25/06/2025,21/06/2025,7277125768,ES049,Romance,ES,41,30,WISH I DIDN'T TELL,0.8416,WISH I DIDN'T TELL,,Match,D432/01,wish I had not told/wish I had not/told/wish I hadn't told/wish I hadn't/told/wish I'd not told/wish I'd not/told/wish I had not informed/wish I had not/informed/wish I hadn't informed/wish I hadn't/informed/wish I'd not informed/wish I'd not/informed/wish I had never told/wish I had never/told/wish I'd never told/wish I'd never/told/wish I had never informed/wish I had never/informed/wish I'd never informed/wish I'd never/informed
60000003140100369,televid8238_SCANNER19,ES049004172771257684360000003140100369,25/06/2025,21/06/2025,7277125768,ES049,Romance,ES,41,43,D,0.8062,D,,Match,D432/01,D
60000003140100620,televid8238_SCANNER19,ES497014972771257683060000003140100620,25/06/2025,21/06/2025,7277125768,ES497,Romance,ES,149,30,WISH I DIDN'T TELL,0.8257,WISH I DIDN'T TELL,,Match,D432/01,wish I had not told/wish I had not/told/wish I hadn't told/wish I hadn't/told/wish I'd not told/wish I'd not/told/wish I had not informed/wish I had not/informed/wish I hadn't informed/wish I hadn't/informed/wish I'd not informed/wish I'd not/informed/wish I had never told/wish I had never/told/wish I'd never told/wish I'd never/told/wish I had never informed/wish I had never/informed/wish I'd never informed/wish I'd never/informed
60000003140100625,televid8238_SCANNER19,ES49701547277125768360000003140100625,25/06/2025,21/06/2025,7277125768,ES497,Romance,ES,154,3,A,0.8406,A,,Match,D432/01,C
60000003140600372,televid8233_SCANNER19,ES397308072771257681060000003140600372,25/06/2025,21/06/2025,7277125768,ES397,Romance,ES,3080,10,AND,0.837,AND,,Match,D432/01,having
60000003140600372,televid8233_SCANNER19,ES397308072771257682360000003140600372,25/06/2025,21/06/2025,7277125768,ES397,Romance,ES,3080,23,APPEARANCE,0.8483,APPEARANCE,,Match,D432/01,appearance
60000003140600389,televid8233_SCANNER19,ES383007872771257682560000003140600389,25/06/2025,21/06/2025,7277125768,ES383,Romance,ES,78,25,NO INTENTION TO HIT,0.8387,NC INTENTION TO HIT,,NoMatch,D432/01,(absolutely) no intention of hitting/(absolutely) no intention/of hitting
60000003140600389,televid8233_SCANNER19,ES383007872771257683060000003140600389,25/06/2025,21/06/2025,7277125768,ES383,Romance,ES,78,30,WISH I HAD TOLD,0.8125,WISH I HAD TOLD,,Match,D432/01,wish I had not told/wish I had not/told/wish I hadn't told/wish I hadn't/told/wish I'd not told/wish I'd not/told/wish I had not informed/wish I had not/informed/wish I hadn't informed/wish I hadn't/informed/wish I'd not informed/wish I'd not/informed/wish I had never told/wish I had never/told/wish I'd never told/wish I'd never/told/wish I had never informed/wish I had never/informed/wish I'd never informed/wish I'd never/informed
60000003140600394,televid8233_SCANNER19,ES383008372771257683060000003140600394,25/06/2025,21/06/2025,7277125768,ES383,Romance,ES,83,30,WISH I TOLD,0.8284,WISH: I TOLD,,NoMatch,D432/01,wish I had not told/wish I had not/told/wish I hadn't told/wish I hadn't/told/wish I'd not told/wish I'd not/told/wish I had not informed/wish I had not/informed/wish I hadn't informed/wish I hadn't/informed/wish I'd not informed/wish I'd not/informed/wish I had never told/wish I had never/told/wish I'd never told/wish I'd never/told/wish I had never informed/wish I had never/informed/wish I'd never informed/wish I'd never/informed
60000003141100055,televid8228_SCANNER19,ES945002872771257681160000003141100055,25/06/2025,21/06/2025,7277125768,ES945,Romance,ES,28,11,THAT,0.831,THAT,,Match,D432/01,something/anything
60000003141100055,televid8228_SCANNER19,ES945002872771257682560000003141100055,25/06/2025,21/06/2025,7277125768,ES945,Romance,ES,28,25,NO INTENTION OF HITTING,0.8414,NO INTENTION OF HITTING,,Match,D432/01,(absolutely) no intention of hitting/(absolutely) no intention/of hitting
60000003141400454,televid8229_SCANNER19,ES38300187277125768760000003141400454,25/06/2025,21/06/2025,7277125768,ES383,Romance,ES,18,7,B,0.8347,C,,NoMatch,D432/01,C
60000003141400674,televid8229_SCANNER19,ES383032472771257682560000003141400674,25/06/2025,21/06/2025,7277125768,ES383,Romance,ES,324,25,THE INTENTION OF HITTING,0.8452,THE INTENTION OF HITTING,,Match,D432/01,(absolutely) no intention of hitting/(absolutely) no intention/of hitting
60000003141400674,televid8229_SCANNER19,ES383032472771257682660000003141400674,25/06/2025,21/06/2025,7277125768,ES383,Romance,ES,324,26,AS GOOD AT CHESS,0.848,AS GOOD AT CHESS,,Match,D432/01,as good at (playing) chess/as good/at (playing) chess/so good at (playing) chess/so good/at (playing) chess/as good a chess player/as good/a chess player/so good a chess player/so good/a chess player
60000003141400674,televid8229_SCANNER19,ES383032472771257685060000003141400674,25/06/2025,21/06/2025,7277125768,ES383,Romance,ES,324,50,E,0.8498,E,,Match,D432/01,B
60000003141400680,televid8229_SCANNER19,ES38303307277125768460000003141400680,25/06/2025,21/06/2025,7277125768,ES383,Romance,ES,330,4,B,0.8339,B,,Match,D432/01,B
60000003146100490,televid8230_SCANNER19,ES39730967277125768460000003146100490,25/06/2025,21/06/2025,7277125768,ES397,Romance,ES,3096,4,B,0.8126,B,,Match,D432/01,B
60000003146100492,televid8230_SCANNER19,ES397309872771257682160000003146100492,25/06/2025,21/06/2025,7277125768,ES397,Romance,ES,3098,21,SIGNIFICALLY,0.8213,SIGNIFICALLY,,Match,D432/01,Significantly
60000003146100505,televid8230_SCANNER19,ES397311172771257682160000003146100505,25/06/2025,21/06/2025,7277125768,ES397,Romance,ES,3111,21,SIGNIFICALLY,0.8471,SIGNIFICALLY,,Match,D432/01,Significantly
60000003146100505,televid8230_SCANNER19,ES397311172771257682660000003146100505,25/06/2025,21/06/2025,7277125768,ES397,Romance,ES,3111,26,AS GOOD PLAYING CHESS,0.8404,AS GOOD PLAYING CHESS,,Match,D432/01,as good at (playing) chess/as good/at (playing) chess/so good at (playing) chess/so good/at (playing) chess/as good a chess player/as good/a chess player/so good a chess player/so good/a chess player
60000003146100505,televid8230_SCANNER19,ES397311172771257685160000003146100505,25/06/2025,21/06/2025,7277125768,ES397,Romance,ES,3111,51,D,0.8333,D,,Match,D432/01,D
60000003146100507,televid8230_SCANNER19,ES397311372771257682560000003146100507,25/06/2025,21/06/2025,7277125768,ES397,Romance,ES,3113,25,NO INTENTION TO HIT,0.8232,NO INTENTION TO HIT,,Match,D432/01,(absolutely) no intention of hitting/(absolutely) no intention/of hitting
60000003146100537,televid8230_SCANNER19,IT001000372771257685260000003146100537,25/06/2025,21/06/2025,7277125768,IT001,Romance,IT,3,52,C,0.8007,"B, C",,NoMatch,D432/01,C
60000003146100540,televid8230_SCANNER19,IT001000672771257684860000003146100540,25/06/2025,21/06/2025,7277125768,IT001,Romance,IT,6,48,--impossible--,0.8032,C,,NoMatch,D432/01,D
60000003146100545,televid8230_SCANNER19,IT00100117277125768460000003146100545,25/06/2025,21/06/2025,7277125768,IT001,Romance,IT,11,4,B,0.81,B,,Match,D432/01,B
60000003156700064,televid8291_SCANNER19,ES29903227277125768360000003156700064,26/06/2025,21/06/2025,7277125768,ES299,Romance,ES,322,3,D,0.8307,"B, D",,NoMatch,D432/01,C
60000003156700074,televid8291_SCANNER19,ES299033272771257682360000003156700074,26/06/2025,21/06/2025,7277125768,ES299,Romance,ES,332,23,APPEARANCE,0.8036,APPEARANCE,,Match,D432/01,appearance
60000003156700074,televid8291_SCANNER19,ES299033272771257682460000003156700074,26/06/2025,21/06/2025,7277125768,ES299,Romance,ES,332,24,VIRUSLY,0.8258,VIROSLY,,NoMatch,D432/01,viral
60000003156700277,televid8291_SCANNER19,PL277009272771257683060000003156700277,26/06/2025,21/06/2025,7277125768,PL277,Slavic,PL,92,30,WISH I HAVEN'T TOLD,0.8285,WISH I HAVEN'T TOLD,,Match,D432/01,wish I had not told/wish I had not/told/wish I hadn't told/wish I hadn't/told/wish I'd not told/wish I'd not/told/wish I had not informed/wish I had not/informed/wish I hadn't informed/wish I hadn't/informed/wish I'd not informed/wish I'd not/informed/wish I had never told/wish I had never/told/wish I'd never told/wish I'd never/told/wish I had never informed/wish I had never/informed/wish I'd never informed/wish I'd never/informed
60000003156900806,televid8283_SCANNER19,ES39175227277125768460000003156900806,26/06/2025,21/06/2025,7277125768,ES391,Romance,ES,7522,4,B,0.8004,B,,Match,D432/01,B
60000003156900826,televid8283_SCANNER19,ES39175427277125768660000003156900826,26/06/2025,21/06/2025,7277125768,ES391,Romance,ES,7542,6,B,0.8317,B,,Match,D432/01,A
60000003156900869,televid8283_SCANNER19,ES391758572771257682760000003156900869,26/06/2025,21/06/2025,7277125768,ES391,Romance,ES,7585,27,TO AVOID GETTING,0.8184,TO AVOID GETTING,,Match,D432/01,to AVOID (us) [getting/being]/to AVOID/(us) [getting/being]
60000003156900935,televid8283_SCANNER19,ES391765172771257682260000003156900935,26/06/2025,21/06/2025,7277125768,ES391,Romance,ES,7651,22,UNLIKED,0.8382,UNLIKED,,Match,D432/01,disliked
60000003156900935,televid8283_SCANNER19,ES391765172771257685160000003156900935,26/06/2025,21/06/2025,7277125768,ES391,Romance,ES,7651,51,D,0.8076,D,,Match,D432/01,D
60000003157200214,televid8286_SCANNER19,ES391703772771257683060000003157200214,26/06/2025,21/06/2025,7277125768,ES391,Romance,ES,7037,30,DON'T WISH TO TELL,0.8123,DON'T WISH TO TELL,,Match,D432/01,wish I had not told/wish I had not/told/wish I hadn't told/wish I hadn't/told/wish I'd not told/wish I'd not/told/wish I had not informed/wish I had not/informed/wish I hadn't informed/wish I hadn't/informed/wish I'd not informed/wish I'd not/informed/wish I had never told/wish I had never/told/wish I'd never told/wish I'd never/told/wish I had never informed/wish I had never/informed/wish I'd never informed/wish I'd never/informed
60000003157200250,televid8286_SCANNER19,ES391782072771257684060000003157200250,26/06/2025,21/06/2025,7277125768,ES391,Romance,ES,7820,40,B,0.8305,B,,Match,D432/01,A
60000003157200251,televid8286_SCANNER19,ES39178217277125768760000003157200251,26/06/2025,21/06/2025,7277125768,ES391,Romance,ES,7821,7,C,0.8463,C,,Match,D432/01,C
60000003157800694,televid8275_SCANNER19,PL006100472771257682860000003157800694,26/06/2025,21/06/2025,7277125768,PL006,Slavic,PL,1004,28,HAD MADE IT IMPOSSIBLE TO,0.8219,HAD MADE IT IMPOSSIBLE TO,,Match,D432/01,made it impossible for/made it/impossible for/meant it was/meant it was impossible for/impossible for
60000003157800694,televid8275_SCANNER19,PL006100472771257683060000003157800694,26/06/2025,21/06/2025,7277125768,PL006,Slavic,PL,1004,30,WISH I DID NOT TELL,0.8449,WISH I DID NOT TELL,,Match,D432/01,wish I had not told/wish I had not/told/wish I hadn't told/wish I hadn't/told/wish I'd not told/wish I'd not/told/wish I had not informed/wish I had not/informed/wish I hadn't informed/wish I hadn't/informed/wish I'd not informed/wish I'd not/informed/wish I had never told/wish I had never/told/wish I'd never told/wish I'd never/told/wish I had never informed/wish I had never/informed/wish I'd never informed/wish I'd never/informed
60000003157800698,televid8275_SCANNER19,PL00610087277125768460000003157800698,26/06/2025,21/06/2025,7277125768,PL006,Slavic,PL,1008,4,B,0.8262,B,,Match,D432/01,B
60000003158100472,televid8278_SCANNER19,ES103464972771257682760000003158100472,26/06/2025,21/06/2025,7277125768,ES103,Romance,ES,4649,27,TO AVOID GETTING,0.8039,TO AVOID GETTING,,Match,D432/01,to AVOID (us) [getting/being]/to AVOID/(us) [getting/being]
60000003158900313,televid8280_SCANNER19,ES103458372771257682460000003158900313,26/06/2025,21/06/2025,7277125768,ES103,Romance,ES,4583,24,VIRUSLLY,0.845,VIRUSLLY,,Match,D432/01,viral
60000003159200595,televid8277_SCANNER19,ES29108247277125768460000003159200595,26/06/2025,21/06/2025,7277125768,ES291,Romance,ES,824,4,B,0.8462,B,,Match,D432/01,B
60000003159200595,televid8277_SCANNER19,ES29108247277125768660000003159200595,26/06/2025,21/06/2025,7277125768,ES291,Romance,ES,824,6,A,0.846,--blank--,,NoMatch,D432/01,A
60000003159800640,televid8293_SCANNER19,ES705001472771257683060000003159800640,26/06/2025,21/06/2025,7277125768,ES705,Romance,ES,14,30,WISH I DIDN'T TOLD,0.8342,WISH I DIDN'T TOLD,,Match,D432/01,wish I had not told/wish I had not/told/wish I hadn't told/wish I hadn't/told/wish I'd not told/wish I'd not/told/wish I had not informed/wish I had not/informed/wish I hadn't informed/wish I hadn't/informed/wish I'd not informed/wish I'd not/informed/wish I had never told/wish I had never/told/wish I'd never told/wish I'd never/told/wish I had never informed/wish I had never/informed/wish I'd never informed/wish I'd never/informed
60000003160100092,televid8285_SCANNER19,ES442003372771257681860000003160100092,26/06/2025,21/06/2025,7277125768,ES442,Romance,ES,33,18,THIRTH,0.8304,JHIRTH,,NoMatch,D432/01,third
60000003160100092,televid8285_SCANNER19,ES442003372771257682560000003160100092,26/06/2025,21/06/2025,7277125768,ES442,Romance,ES,33,25,NO INTENTION IN HITTING,0.807,NO INTENTION IN HITTING,,Match,D432/01,(absolutely) no intention of hitting/(absolutely) no intention/of hitting
60000003160100233,televid8285_SCANNER19,ES442017472771257681460000003160100233,26/06/2025,21/06/2025,7277125768,ES442,Romance,ES,174,14,IF,0.8222,II,,NoMatch,D432/01,though/if
60000003160100354,televid8285_SCANNER19,CZ003100272771257682160000003160100354,26/06/2025,21/06/2025,7277125768,CZ003,Slavic,CZ,1002,21,SIGNIFYCANTLY,0.8333,SIGNIFYCANTLY,,Match,D432/01,Significantly
60000003160400192,televid8297_SCANNER19,ES497001072771257681060000003160400192,26/06/2025,21/06/2025,7277125768,ES497,Romance,ES,10,10,IT,0.8261,IT,,Match,D432/01,having
60000003160400192,televid8297_SCANNER19,ES497001072771257681760000003160400192,26/06/2025,21/06/2025,7277125768,ES497,Romance,ES,10,17,WIDEST,0.8064,WIDEST,,Match,D432/01,widen
60000003160400595,televid8297_SCANNER19,ES438042172771257682160000003160400595,26/06/2025,21/06/2025,7277125768,ES438,Romance,ES,421,21,SIGNIFYCANTLLY,0.8052,SIGNIFY CANTLEY,,NoMatch,D432/01,Significantly
60000003162000200,televid8281_SCANNER19,ES459250172771257682860000003162000200,26/06/2025,21/06/2025,7277125768,ES459,Romance,ES,2501,28,MADE IMPOSSIBLE,0.8331,MADE IMPOSSIBLE,,Match,D432/01,made it impossible for/made it/impossible for/meant it was/meant it was impossible for/impossible for
60000003162000236,televid8281_SCANNER19,IT421004372771257681060000003162000236,26/06/2025,21/06/2025,7277125768,IT421,Romance,IT,43,10,HE,0.8357,HE,,Match,D432/01,having
60000003162000239,televid8281_SCANNER19,IT421004672771257681460000003162000239,26/06/2025,21/06/2025,7277125768,IT421,Romance,IT,46,14,IF,0.809,1F,,NoMatch,D432/01,though/if
60000003162300196,televid8292_SCANNER19,PL27701107277125768160000003162300196,26/06/2025,21/06/2025,7277125768,PL277,Slavic,PL,110,1,A,0.8177,A,,Match,D432/01,D
60000003163700434,televid8287_SCANNER19,ES299031172771257683060000003163700434,26/06/2025,21/06/2025,7277125768,ES299,Romance,ES,311,30,WISH I TELL,0.8087,WISH I TELL,,Match,D432/01,wish I had not told/wish I had not/told/wish I hadn't told/wish I hadn't/told/wish I'd not told/wish I'd not/told/wish I had not informed/wish I had not/informed/wish I hadn't informed/wish I hadn't/informed/wish I'd not informed/wish I'd not/informed/wish I had never told/wish I had never/told/wish I'd never told/wish I'd never/told/wish I had never informed/wish I had never/informed/wish I'd never informed/wish I'd never/informed
60000003163700450,televid8287_SCANNER19,ES299025972771257683060000003163700450,26/06/2025,21/06/2025,7277125768,ES299,Romance,ES,259,30,WISH I DIDN'T TELL,0.8022,WISH 1 DIDN'T TELL,,NoMatch,D432/01,wish I had not told/wish I had not/told/wish I hadn't told/wish I hadn't/told/wish I'd not told/wish I'd not/told/wish I had not informed/wish I had not/informed/wish I hadn't informed/wish I hadn't/informed/wish I'd not informed/wish I'd not/informed/wish I had never told/wish I had never/told/wish I'd never told/wish I'd never/told/wish I had never informed/wish I had never/informed/wish I'd never informed/wish I'd never/informed
60000003164000492,televid8288_SCANNER19,ES299001972771257683460000003164000492,26/06/2025,21/06/2025,7277125768,ES299,Romance,ES,19,34,A,0.8429,A,,Match,D432/01,D
60000003164300121,televid8296_SCANNER19,IT28200147277125768460000003164300121,26/06/2025,21/06/2025,7277125768,IT282,Romance,IT,14,4,B,0.8226,B,,Match,D432/01,B
60000003164300131,televid8296_SCANNER19,IT28200247277125768460000003164300131,26/06/2025,21/06/2025,7277125768,IT282,Romance,IT,24,4,B,0.8033,B,,Match,D432/01,B
60000003164300140,televid8296_SCANNER19,IT282000772771257681960000003164300140,26/06/2025,21/06/2025,7277125768,IT282,Romance,IT,7,19,LONGNESS,0.8173,CONGRASS,,NoMatch,D432/01,length
60000003164300140,televid8296_SCANNER19,IT282000772771257682160000003164300140,26/06/2025,21/06/2025,7277125768,IT282,Romance,IT,7,21,SIGNIFICANTLY,0.8353,SIGNIFICANTLY,,Match,D432/01,Significantly
60000003164300140,televid8296_SCANNER19,IT282000772771257682260000003164300140,26/06/2025,21/06/2025,7277125768,IT282,Romance,IT,7,22,UNLIKED,0.8065,UNCIKED,,NoMatch,D432/01,disliked
60000003164300140,televid8296_SCANNER19,IT282000772771257683060000003164300140,26/06/2025,21/06/2025,7277125768,IT282,Romance,IT,7,30,WISH I DID NOT TELL,0.8335,WISH 1 DID NOT TELL,,NoMatch,D432/01,wish I had not told/wish I had not/told/wish I hadn't told/wish I hadn't/told/wish I'd not told/wish I'd not/told/wish I had not informed/wish I had not/informed/wish I hadn't informed/wish I hadn't/informed/wish I'd not informed/wish I'd not/informed/wish I had never told/wish I had never/told/wish I'd never told/wish I'd never/told/wish I had never informed/wish I had never/informed/wish I'd never informed/wish I'd never/informed
60000003164300144,televid8296_SCANNER19,IT282001172771257682860000003164300144,26/06/2025,21/06/2025,7277125768,IT282,Romance,IT,11,28,MADE IT IMPOSSIBLE FOR ME,0.8215,HADE IT IMPOSSIBLE FOR ME,,NoMatch,D432/01,made it impossible for/made it/impossible for/meant it was/meant it was impossible for/impossible for
60000003164300151,televid8296_SCANNER19,IT348000372771257682560000003164300151,26/06/2025,21/06/2025,7277125768,IT348,Romance,IT,3,25,NO INTENTION TO HIT,0.8,NO WTENTION TO HIT,,NoMatch,D432/01,(absolutely) no intention of hitting/(absolutely) no intention/of hitting
60000003164300154,televid8296_SCANNER19,IT348000672771257681160000003164300154,26/06/2025,21/06/2025,7277125768,IT348,Romance,IT,6,11,IT,0.8203,IT,,Match,D432/01,something/anything
60000003164300157,televid8296_SCANNER19,IT34800097277125768460000003164300157,26/06/2025,21/06/2025,7277125768,IT348,Romance,IT,9,4,B,0.8457,B,,Match,D432/01,B
60000003164300163,televid8296_SCANNER19,IT348001572771257682860000003164300163,26/06/2025,21/06/2025,7277125768,IT348,Romance,IT,15,28,IS IMPOSSIBLE FOR,0.8189,15 IMPOSSIBLE FOR,,NoMatch,D432/01,made it impossible for/made it/impossible for/meant it was/meant it was impossible for/impossible for
60000003164300164,televid8296_SCANNER19,IT348001672771257682760000003164300164,26/06/2025,21/06/2025,7277125768,IT348,Romance,IT,16,27,AVOID TO GET,0.8259,AVOID TOGET,,NoMatch,D432/01,to AVOID (us) [getting/being]/to AVOID/(us) [getting/being]
60000003164300164,televid8296_SCANNER19,IT348001672771257682860000003164300164,26/06/2025,21/06/2025,7277125768,IT348,Romance,IT,16,28,MADE IMPOSSIBLE FOR ME,0.8242,MADE IMPOSSIBLE FORME,,NoMatch,D432/01,made it impossible for/made it/impossible for/meant it was/meant it was impossible for/impossible for
60000003164300417,televid8296_SCANNER19,PL277010172771257683060000003164300417,26/06/2025,21/06/2025,7277125768,PL277,Slavic,PL,101,30,WISH I WOULD NEVER TOLD,0.8471,WISH I WOULD NEVER TOLD,,Match,D432/01,wish I had not told/wish I had not/told/wish I hadn't told/wish I hadn't/told/wish I'd not told/wish I'd not/told/wish I had not informed/wish I had not/informed/wish I hadn't informed/wish I hadn't/informed/wish I'd not informed/wish I'd not/informed/wish I had never told/wish I had never/told/wish I'd never told/wish I'd never/told/wish I had never informed/wish I had never/informed/wish I'd never informed/wish I'd never/informed
60000003165600302,televid8270_SCANNER19,ES291019572771257683060000003165600302,26/06/2025,21/06/2025,7277125768,ES291,Romance,ES,195,30,WISH I HAD NOT TOLD,0.8086,WISH I HAD NOT TOLD,,Match,D432/01,wish I had not told/wish I had not/told/wish I hadn't told/wish I hadn't/told/wish I'd not told/wish I'd not/told/wish I had not informed/wish I had not/informed/wish I hadn't informed/wish I hadn't/informed/wish I'd not informed/wish I'd not/informed/wish I had never told/wish I had never/told/wish I'd never told/wish I'd never/told/wish I had never informed/wish I had never/informed/wish I'd never informed/wish I'd never/informed
60000003165600535,televid8270_SCANNER19,ES299056172771257683060000003165600535,26/06/2025,21/06/2025,7277125768,ES299,Romance,ES,561,30,WISH I HADN'T TOLD,0.8436,WISH I HADN'T TOLD,,Match,D432/01,wish I had not told/wish I had not/told/wish I hadn't told/wish I hadn't/told/wish I'd not told/wish I'd not/told/wish I had not informed/wish I had not/informed/wish I hadn't informed/wish I hadn't/informed/wish I'd not informed/wish I'd not/informed/wish I had never told/wish I had never/told/wish I'd never told/wish I'd never/told/wish I had never informed/wish I had never/informed/wish I'd never informed/wish I'd never/informed
60000003165600662,televid8270_SCANNER19,ES291009872771257681360000003165600662,26/06/2025,21/06/2025,7277125768,ES291,Romance,ES,98,13,WHO,0.8274,WMO,,NoMatch,D432/01,who/that
60000003165600662,televid8270_SCANNER19,ES291009872771257682760000003165600662,26/06/2025,21/06/2025,7277125768,ES291,Romance,ES,98,27,TO AVOID GETTING STUCK IN TRAFFIC,0.8104,TO AVOID GETTING STUCK IN TRAFFIC,,Match,D432/01,to AVOID (us) [getting/being]/to AVOID/(us) [getting/being]
60000003165600676,televid8270_SCANNER19,ES29101127277125768160000003165600676,26/06/2025,21/06/2025,7277125768,ES291,Romance,ES,112,1,B,0.8294,B,,Match,D432/01,D
60000003165600682,televid8270_SCANNER19,ES291011872771257683060000003165600682,26/06/2025,21/06/2025,7277125768,ES291,Romance,ES,118,30,WISH I DIDN'T TELL,0.8006,WISH I DIDN'T TELL,,Match,D432/01,wish I had not told/wish I had not/told/wish I hadn't told/wish I hadn't/told/wish I'd not told/wish I'd not/told/wish I had not informed/wish I had not/informed/wish I hadn't informed/wish I hadn't/informed/wish I'd not informed/wish I'd not/informed/wish I had never told/wish I had never/told/wish I'd never told/wish I'd never/told/wish I had never informed/wish I had never/informed/wish I'd never informed/wish I'd never/informed
60000003167000095,televid8298_SCANNER19,IT268000172771257682860000003167000095,26/06/2025,21/06/2025,7277125768,IT268,Romance,IT,1,28,IS IMPOSSIBLE FOR,0.8183,IS IMPOSSIBLE FOR,,Match,D432/01,made it impossible for/made it/impossible for/meant it was/meant it was impossible for/impossible for
60000003167000847,televid8298_SCANNER19,ES438027572771257681460000003167000847,26/06/2025,21/06/2025,7277125768,ES438,Romance,ES,275,14,IF,0.8302,1F,,NoMatch,D432/01,though/if
60000003173100553,televid6144_SCANNER19,ES03010027277125768460000003173100553,27/06/2025,21/06/2025,7277125768,ES030,Romance,ES,1002,4,B,0.8147,B,,Match,D432/01,B
60000003174000371,televid8313_SCANNER19,ES08910387277125768760000003174000371,27/06/2025,21/06/2025,7277125768,ES089,Romance,ES,1038,7,B,0.8339,B,,Match,D432/01,C
60000003174600128,televid6147_SCANNER19,ES337012372771257682260000003174600128,27/06/2025,21/06/2025,7277125768,ES337,Romance,ES,123,22,UNLIKED,0.8371,UNLIKED,,Match,D432/01,disliked
60000003174600168,televid6147_SCANNER19,ES337016372771257681160000003174600168,27/06/2025,21/06/2025,7277125768,ES337,Romance,ES,163,11,THINGS,0.8243,THIWGS,,NoMatch,D432/01,something/anything
60000003174800583,televid8314_SCANNER19,ES37872067277125768660000003174800583,27/06/2025,21/06/2025,7277125768,ES378,Romance,ES,7206,6,--blank--,0.8188,--blank--,,Match,D432/01,A
60000003175400066,televid6140_SCANNER19,ES410000372771257682960000003175400066,27/06/2025,21/06/2025,7277125768,ES410,Romance,ES,3,29,BE BROUGHT,0.8151,BE BROUGHT,,Match,D432/01,never be brought/never/be brought/not (ever) be brought/not (ever)/be brought/n't (ever) be brought/n't (ever)/be brought
60000003175400066,televid6140_SCANNER19,ES410000372771257683060000003175400066,27/06/2025,21/06/2025,7277125768,ES410,Romance,ES,3,30,WISH NOT TO TELL,0.8283,WISH NOTTO TELL,,NoMatch,D432/01,wish I had not told/wish I had not/told/wish I hadn't told/wish I hadn't/told/wish I'd not told/wish I'd not/told/wish I had not informed/wish I had not/informed/wish I hadn't informed/wish I hadn't/informed/wish I'd not informed/wish I'd not/informed/wish I had never told/wish I had never/told/wish I'd never told/wish I'd never/told/wish I had never informed/wish I had never/informed/wish I'd never informed/wish I'd never/informed
60000003175400326,televid6140_SCANNER19,ES337003272771257682260000003175400326,27/06/2025,21/06/2025,7277125768,ES337,Romance,ES,32,22,DISLIKE,0.803,DISLIKE,,Match,D432/01,disliked
60000003175400326,televid6140_SCANNER19,ES337003272771257683060000003175400326,27/06/2025,21/06/2025,7277125768,ES337,Romance,ES,32,30,WISH I HAD TOLD,0.8361,WISH I HAD TOLD,,Match,D432/01,wish I had not told/wish I had not/told/wish I hadn't told/wish I hadn't/told/wish I'd not told/wish I'd not/told/wish I had not informed/wish I had not/informed/wish I hadn't informed/wish I hadn't/informed/wish I'd not informed/wish I'd not/informed/wish I had never told/wish I had never/told/wish I'd never told/wish I'd never/told/wish I had never informed/wish I had never/informed/wish I'd never informed/wish I'd never/informed
60000003175400339,televid6140_SCANNER19,ES33700457277125768160000003175400339,27/06/2025,21/06/2025,7277125768,ES337,Romance,ES,45,1,B,0.8481,B,,Match,D432/01,D
60000003178400583,TELEVID6151_SCANNER18,CZ014410172771257683460000003178400583,30/06/2025,21/06/2025,7277125768,CZ014,Slavic,CZ,4101,34,A,0.8332,A,,Match,D432/01,D
60000003178400592,TELEVID6151_SCANNER18,CZ01441107277125768460000003178400592,30/06/2025,21/06/2025,7277125768,CZ014,Slavic,CZ,4110,4,B,0.813,B,,Match,D432/01,B
60000003178400593,TELEVID6151_SCANNER18,CZ01441117277125768460000003178400593,30/06/2025,21/06/2025,7277125768,CZ014,Slavic,CZ,4111,4,B,0.8163,B,,Match,D432/01,B
60000003178700044,TELEVID8319_SCANNER18,ES410007572771257682660000003178700044,30/06/2025,21/06/2025,7277125768,ES410,Romance,ES,75,26,AS WELL AT PLAYING CHESS,0.8328,AS WELL AT PLAYING CHESS,,Match,D432/01,as good at (playing) chess/as good/at (playing) chess/so good at (playing) chess/so good/at (playing) chess/as good a chess player/as good/a chess player/so good a chess player/so good/a chess player
60000003178800211,televid6153_SCANNER19,CZ014400372771257681460000003178800211,30/06/2025,21/06/2025,7277125768,CZ014,Slavic,CZ,4003,14,IF,0.8115,IF,,Match,D432/01,though/if
60000003178800221,televid6153_SCANNER19,CZ014401372771257681460000003178800221,30/06/2025,21/06/2025,7277125768,CZ014,Slavic,CZ,4013,14,IF,0.8375,1F,,NoMatch,D432/01,though/if
60000003179100097,televid8321_SCANNER19,CZ014300972771257682560000003179100097,30/06/2025,21/06/2025,7277125768,CZ014,Slavic,CZ,3009,25,INTENTION TO,0.8221,INTENTION TO,,Match,D432/01,(absolutely) no intention of hitting/(absolutely) no intention/of hitting
60000003179100329,televid8321_SCANNER19,CZ014600372771257682160000003179100329,30/06/2025,21/06/2025,7277125768,CZ014,Slavic,CZ,6003,21,SIGNIFICANTLY,0.8447,SIGNIFICANTLY,,Match,D432/01,Significantly
60000003179100335,televid8321_SCANNER19,CZ01460097277125768160000003179100335,30/06/2025,21/06/2025,7277125768,CZ014,Slavic,CZ,6009,1,C,0.847,--blank--,,NoMatch,D432/01,D
60000003179100348,televid8321_SCANNER19,CZ014602272771257682860000003179100348,30/06/2025,21/06/2025,7277125768,CZ014,Slavic,CZ,6022,28,MADE IT IMPOSSIBLE FOR,0.8052,7221 IT IMPOSSIBLE FOR,,NoMatch,D432/01,made it impossible for/made it/impossible for/meant it was/meant it was impossible for/impossible for
60000003179100369,televid8321_SCANNER19,ES33000837277125768460000003179100369,30/06/2025,21/06/2025,7277125768,ES330,Romance,ES,83,4,B,0.8392,B,,Match,D432/01,B
60000003179100607,televid8321_SCANNER19,ES33000447277125768460000003179100607,30/06/2025,21/06/2025,7277125768,ES330,Romance,ES,44,4,B,0.8159,B,,Match,D432/01,B
60000003179100607,televid8321_SCANNER19,ES330004472771257682160000003179100607,30/06/2025,21/06/2025,7277125768,ES330,Romance,ES,44,21,SIGNIFILY,0.8378,SIGNIFICY,,NoMatch,D432/01,Significantly
60000003179300056,televid6149_SCANNER19,ES330013872771257683060000003179300056,30/06/2025,21/06/2025,7277125768,ES330,Romance,ES,138,30,WISH I HADN'T TOLD,0.8387,WISH I HADN'T TOLD,,Match,D432/01,wish I had not told/wish I had not/told/wish I hadn't told/wish I hadn't/told/wish I'd not told/wish I'd not/told/wish I had not informed/wish I had not/informed/wish I hadn't informed/wish I hadn't/informed/wish I'd not informed/wish I'd not/informed/wish I had never told/wish I had never/told/wish I'd never told/wish I'd never/told/wish I had never informed/wish I had never/informed/wish I'd never informed/wish I'd never/informed
60000003179300056,televid6149_SCANNER19,ES330013872771257683460000003179300056,30/06/2025,21/06/2025,7277125768,ES330,Romance,ES,138,34,B,0.847,B,,Match,D432/01,D
60000003179300061,televid6149_SCANNER19,ES33001477277125768760000003179300061,30/06/2025,21/06/2025,7277125768,ES330,Romance,ES,147,7,A,0.8365,A,,Match,D432/01,C
60000003179800260,televid6150_SCANNER19,ES45950167277125768160000003179800260,30/06/2025,21/06/2025,7277125768,ES459,Romance,ES,5016,1,B,0.8285,B,,Match,D432/01,D
60000003179800513,televid6150_SCANNER19,CZ01461027277125768360000003179800513,30/06/2025,21/06/2025,7277125768,CZ014,Slavic,CZ,6102,3,C,0.8432,C,,Match,D432/01,C
60000003179800513,televid6150_SCANNER19,CZ01461027277125768760000003179800513,30/06/2025,21/06/2025,7277125768,CZ014,Slavic,CZ,6102,7,C,0.8281,--blank--,,NoMatch,D432/01,C
60000003179800523,televid6150_SCANNER19,CZ01461127277125768460000003179800523,30/06/2025,21/06/2025,7277125768,CZ014,Slavic,CZ,6112,4,B,0.8222,B,,Match,D432/01,B
60000003179800523,televid6150_SCANNER19,CZ014611272771257682160000003179800523,30/06/2025,21/06/2025,7277125768,CZ014,Slavic,CZ,6112,21,SIGNIFICANTLY,0.8485,SIGNIFICANTLY,,Match,D432/01,Significantly
60000003179800536,televid6150_SCANNER19,CZ014612572771257681060000003179800536,30/06/2025,21/06/2025,7277125768,CZ014,Slavic,CZ,6125,10,IT,0.8151,IT,,Match,D432/01,having
60000003179800536,televid6150_SCANNER19,CZ014612572771257682160000003179800536,30/06/2025,21/06/2025,7277125768,CZ014,Slavic,CZ,6125,21,SIGNIFY CENTLY,0.8498,SIGNIFY CENTLY,,Match,D432/01,Significantly
60000003180100055,televid6156_SCANNER19,ES029000272771257681460000003180100055,30/06/2025,21/06/2025,7277125768,ES029,Romance,ES,2,14,IF,0.832,1F,,NoMatch,D432/01,though/if
60000003180100239,televid6156_SCANNER19,IT088000972771257681060000003180100239,30/06/2025,21/06/2025,7277125768,IT088,Romance,IT,9,10,IT,0.8057,IT,,Match,D432/01,having
60000003180100239,televid6156_SCANNER19,IT088000972771257681460000003180100239,30/06/2025,21/06/2025,7277125768,IT088,Romance,IT,9,14,IF,0.8067,IF,,Match,D432/01,though/if
60000003180100243,televid6156_SCANNER19,IT088001372771257681460000003180100243,30/06/2025,21/06/2025,7277125768,IT088,Romance,IT,13,14,IF,0.8164,1F,,NoMatch,D432/01,though/if
60000003180100244,televid6156_SCANNER19,IT088001472771257682160000003180100244,30/06/2025,21/06/2025,7277125768,IT088,Romance,IT,14,21,SIGNIFICALLY,0.8419,SIGNIFICALLY,,Match,D432/01,Significantly
60000003180100244,televid6156_SCANNER19,IT088001472771257683060000003180100244,30/06/2025,21/06/2025,7277125768,IT088,Romance,IT,14,30,WISH I HADN'T TOLD,0.8234,WISH I HADN'T TOLD,,Match,D432/01,wish I had not told/wish I had not/told/wish I hadn't told/wish I hadn't/told/wish I'd not told/wish I'd not/told/wish I had not informed/wish I had not/informed/wish I hadn't informed/wish I hadn't/informed/wish I'd not informed/wish I'd not/informed/wish I had never told/wish I had never/told/wish I'd never told/wish I'd never/told/wish I had never informed/wish I had never/informed/wish I'd never informed/wish I'd never/informed
60000003181400337,televid6166_SCANNER19,ES497009872771257682560000003181400337,30/06/2025,21/06/2025,7277125768,ES497,Romance,ES,98,25,THE INTENTION OF NOT HITTING,0.837,THE INTENTION OF NOT MITTING,,NoMatch,D432/01,(absolutely) no intention of hitting/(absolutely) no intention/of hitting
60000003181400374,televid6166_SCANNER19,ES497018272771257683060000003181400374,30/06/2025,21/06/2025,7277125768,ES497,Romance,ES,182,30,WISH I HADN'T TOLD,0.8287,WISH I HADN'T TOLD,,Match,D432/01,wish I had not told/wish I had not/told/wish I hadn't told/wish I hadn't/told/wish I'd not told/wish I'd not/told/wish I had not informed/wish I had not/informed/wish I hadn't informed/wish I hadn't/informed/wish I'd not informed/wish I'd not/informed/wish I had never told/wish I had never/told/wish I'd never told/wish I'd never/told/wish I had never informed/wish I had never/informed/wish I'd never informed/wish I'd never/informed
60000003181600733,televid6157_SCANNER19,PL27701297277125768460000003181600733,30/06/2025,21/06/2025,7277125768,PL277,Slavic,PL,129,4,B,0.8086,B,,Match,D432/01,B
60000003181600733,televid6157_SCANNER19,PL277012972771257681460000003181600733,30/06/2025,21/06/2025,7277125768,PL277,Slavic,PL,129,14,IF,0.8116,1F,,NoMatch,D432/01,though/if
60000003182200293,TELEVID6167_SCANNER18,ES37800047277125768760000003182200293,30/06/2025,21/06/2025,7277125768,ES378,Romance,ES,4,7,C,0.825,C,,Match,D432/01,C
60000003182200294,TELEVID6167_SCANNER18,ES378000572771257682460000003182200294,30/06/2025,21/06/2025,7277125768,ES378,Romance,ES,5,24,DISVIRUSIFICATE,0.8419,DISVIRUSIFICATE,,Match,D432/01,viral
60000003182400387,televid6170_SCANNER19,IT278000172771257683060000003182400387,30/06/2025,21/06/2025,7277125768,IT278,Romance,IT,1,30,WISH I DID NOT TELL,0.8227,WISH I DID NOT TELL,,Match,D432/01,wish I had not told/wish I had not/told/wish I hadn't told/wish I hadn't/told/wish I'd not told/wish I'd not/told/wish I had not informed/wish I had not/informed/wish I hadn't informed/wish I hadn't/informed/wish I'd not informed/wish I'd not/informed/wish I had never told/wish I had never/told/wish I'd never told/wish I'd never/told/wish I had never informed/wish I had never/informed/wish I'd never informed/wish I'd never/informed
60000003182400395,televid6170_SCANNER19,IT278000972771257681460000003182400395,30/06/2025,21/06/2025,7277125768,IT278,Romance,IT,9,14,IF,0.8071,1F,,NoMatch,D432/01,though/if
60000003184700441,televid6165_SCANNER19,ES58900677277125768460000003184700441,30/06/2025,21/06/2025,7277125768,ES589,Romance,ES,67,4,B,0.8422,B,,Match,D432/01,B
60000003185900611,televid6187_SCANNER19,ES407007172771257683060000003185900611,01/07/2025,21/06/2025,7277125768,ES407,Romance,ES,71,30,WISH I DIDN'T TELL,0.8247,WISH I DIDN'T TELL,,Match,D432/01,wish I had not told/wish I had not/told/wish I hadn't told/wish I hadn't/told/wish I'd not told/wish I'd not/told/wish I had not informed/wish I had not/informed/wish I hadn't informed/wish I hadn't/informed/wish I'd not informed/wish I'd not/informed/wish I had never told/wish I had never/told/wish I'd never told/wish I'd never/told/wish I had never informed/wish I had never/informed/wish I'd never informed/wish I'd never/informed
60000003185900645,televid6187_SCANNER19,ES407006372771257682560000003185900645,01/07/2025,21/06/2025,7277125768,ES407,Romance,ES,63,25,NO INTENTION TO HIT,0.8281,NO INTENTION TO HIT,,Match,D432/01,(absolutely) no intention of hitting/(absolutely) no intention/of hitting
60000003186100175,televid6179_SCANNER19,CZ46700057277125768460000003186100175,01/07/2025,21/06/2025,7277125768,CZ467,Slavic,CZ,5,4,B,0.8352,B,,Match,D432/01,B
60000003186400395,televid6184_SCANNER19,IT030000372771257681860000003186400395,01/07/2025,21/06/2025,7277125768,IT030,Romance,IT,3,18,THREE HUNDRED,0.8346,THREEHUNDRED,,NoMatch,D432/01,third
60000003186400402,televid6184_SCANNER19,IT030001072771257683060000003186400402,01/07/2025,21/06/2025,7277125768,IT030,Romance,IT,10,30,WISH I DIDN'T TELL,0.8176,WISH I DIDN'T TELL,,Match,D432/01,wish I had not told/wish I had not/told/wish I hadn't told/wish I hadn't/told/wish I'd not told/wish I'd not/told/wish I had not informed/wish I had not/informed/wish I hadn't informed/wish I hadn't/informed/wish I'd not informed/wish I'd not/informed/wish I had never told/wish I had never/told/wish I'd never told/wish I'd never/told/wish I had never informed/wish I had never/informed/wish I'd never informed/wish I'd never/informed
60000003186400449,televid6184_SCANNER19,ES039354772771257681260000003186400449,01/07/2025,21/06/2025,7277125768,ES039,Romance,ES,3547,12,IF,0.8272,1F,,NoMatch,D432/01,when
60000003186700386,televid6181_SCANNER19,ES85055297277125768460000003186700386,01/07/2025,21/06/2025,7277125768,ES850,Romance,ES,5529,4,B,0.8027,B,,Match,D432/01,B
60000003187000608,televid6178_SCANNER19,BG001003072771257682360000003187000608,01/07/2025,21/06/2025,7277125768,BG001,Slavic,BG,30,23,APPEARANCE,0.8045,APPEARANCE,,Match,D432/01,appearance
60000003187000608,televid6178_SCANNER19,BG001003072771257683460000003187000608,01/07/2025,21/06/2025,7277125768,BG001,Slavic,BG,30,34,B,0.8151,B,,Match,D432/01,D
60000003187300499,televid6180_SCANNER19,IT69100067277125768460000003187300499,01/07/2025,21/06/2025,7277125768,IT691,Romance,IT,6,4,B,0.8003,B,,Match,D432/01,B
60000003187700233,televid6185_SCANNER19,ES81511017277125768760000003187700233,01/07/2025,21/06/2025,7277125768,ES815,Romance,ES,1101,7,B,0.8453,B,,Match,D432/01,C
60000003187700233,televid6185_SCANNER19,ES815110172771257681760000003187700233,01/07/2025,21/06/2025,7277125768,ES815,Romance,ES,1101,17,WIDELY,0.8481,WIDELY,,Match,D432/01,widen
60000003187700233,televid6185_SCANNER19,ES815110172771257682460000003187700233,01/07/2025,21/06/2025,7277125768,ES815,Romance,ES,1101,24,VIRUSSED,0.8003,WARUSSEDS,,NoMatch,D432/01,viral
60000003187700338,televid6185_SCANNER19,ES815130772771257681360000003187700338,01/07/2025,21/06/2025,7277125768,ES815,Romance,ES,1307,13,WHO,0.8178,WHO,,Match,D432/01,who/that
60000003187700347,televid6185_SCANNER19,ES81513167277125768460000003187700347,01/07/2025,21/06/2025,7277125768,ES815,Romance,ES,1316,4,B,0.8264,B,,Match,D432/01,B
60000003188200728,televid6188_SCANNER19,ES760004672771257681960000003188200728,01/07/2025,21/06/2025,7277125768,ES760,Romance,ES,46,19,LONGLINESS,0.8195,LONGLINESS,,Match,D432/01,length
60000003188600351,televid6189_SCANNER19,ES815410972771257681260000003188600351,01/07/2025,21/06/2025,7277125768,ES815,Romance,ES,4109,12,IN,0.8493,TN,,NoMatch,D432/01,when
60000003189000264,televid6190_SCANNER19,ES44800307277125768960000003189000264,01/07/2025,21/06/2025,7277125768,ES448,Romance,ES,30,9,AT,0.8435,AT,,Match,D432/01,at
60000003189400290,televid6182_SCANNER19,ES850561172771257682260000003189400290,01/07/2025,21/06/2025,7277125768,ES850,Romance,ES,5611,22,UNLIKED,0.8306,UNLIKED,,Match,D432/01,disliked
60000003189400290,televid6182_SCANNER19,ES850561172771257683460000003189400290,01/07/2025,21/06/2025,7277125768,ES850,Romance,ES,5611,34,B,0.8127,B,,Match,D432/01,D
60000003190400152,televid6192_SCANNER19,ES668009172771257681460000003190400152,01/07/2025,21/06/2025,7277125768,ES668,Romance,ES,91,14,IF,0.8084,IF,,Match,D432/01,though/if
60000003190400334,televid6192_SCANNER19,ES668004172771257681460000003190400334,01/07/2025,21/06/2025,7277125768,ES668,Romance,ES,41,14,WELL,0.8461,WELL,,Match,D432/01,though/if
60000003190900098,televid6194_SCANNER19,GE001001172771257682860000003190900098,01/07/2025,21/06/2025,7277125768,GE001,Others,GE,11,28,MADE IT IMPOSSIBLE FOR,0.8151,MADE IT IMPOSSIBLE FOR,,Match,D432/01,made it impossible for/made it/impossible for/meant it was/meant it was impossible for/impossible for
60000003190900107,televid6194_SCANNER19,GE001002072771257682260000003190900107,01/07/2025,21/06/2025,7277125768,GE001,Others,GE,20,22,DISLIKED,0.8365,DISLIKED,,Match,D432/01,disliked
60000003190900107,televid6194_SCANNER19,GE001002072771257683060000003190900107,01/07/2025,21/06/2025,7277125768,GE001,Others,GE,20,30,WISH I HADN'T TOLD,0.8182,WISH I HADN'T TOLD,,Match,D432/01,wish I had not told/wish I had not/told/wish I hadn't told/wish I hadn't/told/wish I'd not told/wish I'd not/told/wish I had not informed/wish I had not/informed/wish I hadn't informed/wish I hadn't/informed/wish I'd not informed/wish I'd not/informed/wish I had never told/wish I had never/told/wish I'd never told/wish I'd never/told/wish I had never informed/wish I had never/informed/wish I'd never informed/wish I'd never/informed
60000003190900108,televid6194_SCANNER19,GE001002172771257682160000003190900108,01/07/2025,21/06/2025,7277125768,GE001,Others,GE,21,21,SIGNIFICANTLLY,0.8302,SIGNIFICANTLLY,,Match,D432/01,Significantly
60000003190900109,televid6194_SCANNER19,GE001002272771257682760000003190900109,01/07/2025,21/06/2025,7277125768,GE001,Others,GE,22,27,TO AVOID BEING,0.8413,TO AVOID BEING,,Match,D432/01,to AVOID (us) [getting/being]/to AVOID/(us) [getting/being]
60000003190900116,televid6194_SCANNER19,GE001002972771257681060000003190900116,01/07/2025,21/06/2025,7277125768,GE001,Others,GE,29,10,AFTER,0.8417,AFTER,,Match,D432/01,having
60000003190900117,televid6194_SCANNER19,GE001003072771257683060000003190900117,01/07/2025,21/06/2025,7277125768,GE001,Others,GE,30,30,I WISH I HAD TOLD,0.8253,F WISH I HAD TOLD,,NoMatch,D432/01,wish I had not told/wish I had not/told/wish I hadn't told/wish I hadn't/told/wish I'd not told/wish I'd not/told/wish I had not informed/wish I had not/informed/wish I hadn't informed/wish I hadn't/informed/wish I'd not informed/wish I'd not/informed/wish I had never told/wish I had never/told/wish I'd never told/wish I'd never/told/wish I had never informed/wish I had never/informed/wish I'd never informed/wish I'd never/informed
60000003190900119,televid6194_SCANNER19,GE001003272771257682160000003190900119,01/07/2025,21/06/2025,7277125768,GE001,Others,GE,32,21,SIGNIFICALLY,0.8134,SIGNIFICALLY,,Match,D432/01,Significantly
60000003190900528,televid6194_SCANNER19,ES071008372771257682560000003190900528,01/07/2025,21/06/2025,7277125768,ES071,Romance,ES,83,25,NOT THE INTENTION OF HITTING,0.8247,NOT THE INTENTION OF HITTING,,Match,D432/01,(absolutely) no intention of hitting/(absolutely) no intention/of hitting
60000003190900528,televid6194_SCANNER19,ES071008372771257684560000003190900528,01/07/2025,21/06/2025,7277125768,ES071,Romance,ES,83,45,C,0.847,"A, C",,NoMatch,D432/01,A
60000003190900623,televid6194_SCANNER19,ES071007472771257683960000003190900623,01/07/2025,21/06/2025,7277125768,ES071,Romance,ES,74,39,C,0.8109,C,,Match,D432/01,F
60000003190900624,televid6194_SCANNER19,ES071007572771257682160000003190900624,01/07/2025,21/06/2025,7277125768,ES071,Romance,ES,75,21,SIGNIFICANTLY,0.8383,SIGNEFICANTLY,,NoMatch,D432/01,Significantly
60000003191500483,televid6186_SCANNER19,ES407000972771257682560000003191500483,01/07/2025,21/06/2025,7277125768,ES407,Romance,ES,9,25,NO INTENTION TO HIT,0.8157,NO INTENTION TO HIT,,Match,D432/01,(absolutely) no intention of hitting/(absolutely) no intention/of hitting
60000003191500484,televid6186_SCANNER19,ES407001072771257682560000003191500484,01/07/2025,21/06/2025,7277125768,ES407,Romance,ES,10,25,NOT THE INTENTION TO HIT,0.8236,NOT THE INTENTION TO HIT,,Match,D432/01,(absolutely) no intention of hitting/(absolutely) no intention/of hitting
60000003191500488,televid6186_SCANNER19,ES40700147277125768460000003191500488,01/07/2025,21/06/2025,7277125768,ES407,Romance,ES,14,4,B,0.846,B,,Match,D432/01,B
60000003191500488,televid6186_SCANNER19,ES407001472771257682860000003191500488,01/07/2025,21/06/2025,7277125768,ES407,Romance,ES,14,28,MADE IT IMPOSSIBLE TO,0.8434,MADE IT IMPOSSIBLE TO,,Match,D432/01,made it impossible for/made it/impossible for/meant it was/meant it was impossible for/impossible for
60000003191500692,televid6186_SCANNER19,ES40700477277125768460000003191500692,01/07/2025,21/06/2025,7277125768,ES407,Romance,ES,47,4,B,0.8293,B,,Match,D432/01,B
60000003192100101,TELEVID6193_SCANNER19,ES668000272771257681460000003192100101,01/07/2025,21/06/2025,7277125768,ES668,Romance,ES,2,14,IF,0.8247,IF,,Match,D432/01,though/if
60000003192100120,TELEVID6193_SCANNER19,ES66800217277125768760000003192100120,01/07/2025,21/06/2025,7277125768,ES668,Romance,ES,21,7,B,0.8498,B,,Match,D432/01,C
60000003192100136,TELEVID6193_SCANNER19,ES668008772771257682260000003192100136,01/07/2025,21/06/2025,7277125768,ES668,Romance,ES,87,22,DISLIKED,0.8397,DISLOKED,,NoMatch,D432/01,disliked
60000003192100136,TELEVID6193_SCANNER19,ES668008772771257682360000003192100136,01/07/2025,21/06/2025,7277125768,ES668,Romance,ES,87,23,APPEAREANCE,0.8469,APPEAKLANCE,,NoMatch,D432/01,appearance
60000003192500162,TELEVID6198_SCANNER19,ES269003872771257682260000003192500162,01/07/2025,21/06/2025,7277125768,ES269,Romance,ES,38,22,DISLIKED,0.813,DISEIRED,,NoMatch,D432/01,disliked
60000003192500162,TELEVID6198_SCANNER19,ES269003872771257682660000003192500162,01/07/2025,21/06/2025,7277125768,ES269,Romance,ES,38,26,AS GOOD AT PLAYING CHEES,0.8444,AS GOOD AT PLAYING CHEES,,Match,D432/01,as good at (playing) chess/as good/at (playing) chess/so good at (playing) chess/so good/at (playing) chess/as good a chess player/as good/a chess player/so good a chess player/so good/a chess player
60000003192500164,TELEVID6198_SCANNER19,ES269004072771257682960000003192500164,01/07/2025,21/06/2025,7277125768,ES269,Romance,ES,40,29,NOT BE BROUGHT,0.84,NOT BE BROUGHT,,Match,D432/01,never be brought/never/be brought/not (ever) be brought/not (ever)/be brought/n't (ever) be brought/n't (ever)/be brought
60000003192500227,TELEVID6198_SCANNER19,ES269001972771257681260000003192500227,01/07/2025,21/06/2025,7277125768,ES269,Romance,ES,19,12,WHEN,0.8104,WHEN,,Match,D432/01,when
60000003192500227,TELEVID6198_SCANNER19,ES269001972771257681960000003192500227,01/07/2025,21/06/2025,7277125768,ES269,Romance,ES,19,19,LONGENESS,0.8182,20 NGENESS,,NoMatch,D432/01,length
60000003192700114,TELEVID6200_SCANNER19,ES439908072771257683060000003192700114,01/07/2025,21/06/2025,7277125768,ES439,Romance,ES,9080,30,WISH I HADN'T TELL,0.8028,WISH / HADN'T TELL,,NoMatch,D432/01,wish I had not told/wish I had not/told/wish I hadn't told/wish I hadn't/told/wish I'd not told/wish I'd not/told/wish I had not informed/wish I had not/informed/wish I hadn't informed/wish I hadn't/informed/wish I'd not informed/wish I'd not/informed/wish I had never told/wish I had never/told/wish I'd never told/wish I'd never/told/wish I had never informed/wish I had never/informed/wish I'd never informed/wish I'd never/informed
60000003192700217,TELEVID6200_SCANNER19,ES439910072771257682060000003192700217,01/07/2025,21/06/2025,7277125768,ES439,Romance,ES,9100,20,COVERING,0.8395,COVERING,,Match,D432/01,uncover
60000003192700437,TELEVID6200_SCANNER19,ES439903472771257682960000003192700437,01/07/2025,21/06/2025,7277125768,ES439,Romance,ES,9034,29,NOT HAD BEEN BROUGHT,0.8076,NOT HAD BEEN BROUGHT,,Match,D432/01,never be brought/never/be brought/not (ever) be brought/not (ever)/be brought/n't (ever) be brought/n't (ever)/be brought
60000003193600109,TELEVID6201_SCANNER19,ES269021772771257682760000003193600109,01/07/2025,21/06/2025,7277125768,ES269,Romance,ES,217,27,TO AVOID BEING,0.8309,TO AVOID BEING,,Match,D432/01,to AVOID (us) [getting/being]/to AVOID/(us) [getting/being]
60000003193600415,TELEVID6201_SCANNER19,ES330005172771257683060000003193600415,01/07/2025,21/06/2025,7277125768,ES330,Romance,ES,51,30,WISH I HADN'T TOLD,0.843,WISH I HADN'T TOLD,,Match,D432/01,wish I had not told/wish I had not/told/wish I hadn't told/wish I hadn't/told/wish I'd not told/wish I'd not/told/wish I had not informed/wish I had not/informed/wish I hadn't informed/wish I hadn't/informed/wish I'd not informed/wish I'd not/informed/wish I had never told/wish I had never/told/wish I'd never told/wish I'd never/told/wish I had never informed/wish I had never/informed/wish I'd never informed/wish I'd never/informed
60000003193900163,TELEVID6197_SCANNER19,IT560400572771257683060000003193900163,01/07/2025,21/06/2025,7277125768,IT560,Romance,IT,4005,30,WISH I COULD TELL,0.8391,WISH I COULD TELL,,Match,D432/01,wish I had not told/wish I had not/told/wish I hadn't told/wish I hadn't/told/wish I'd not told/wish I'd not/told/wish I had not informed/wish I had not/informed/wish I hadn't informed/wish I hadn't/informed/wish I'd not informed/wish I'd not/informed/wish I had never told/wish I had never/told/wish I'd never told/wish I'd never/told/wish I had never informed/wish I had never/informed/wish I'd never informed/wish I'd never/informed
60000003193900174,TELEVID6197_SCANNER19,IT56040167277125768460000003193900174,01/07/2025,21/06/2025,7277125768,IT560,Romance,IT,4016,4,B,0.837,B,,Match,D432/01,B
60000003193900175,TELEVID6197_SCANNER19,IT560401772771257683460000003193900175,01/07/2025,21/06/2025,7277125768,IT560,Romance,IT,4017,34,--blank--,0.8393,--blank--,,Match,D432/01,D
60000003193900182,TELEVID6197_SCANNER19,IT560402472771257681160000003193900182,01/07/2025,21/06/2025,7277125768,IT560,Romance,IT,4024,11,IT,0.8107,IT,,Match,D432/01,something/anything
60000003193900188,TELEVID6197_SCANNER19,IT560403072771257681460000003193900188,01/07/2025,21/06/2025,7277125768,IT560,Romance,IT,4030,14,IF,0.8347,1F,,NoMatch,D432/01,though/if
60000003193900199,TELEVID6197_SCANNER19,IT560404172771257681460000003193900199,01/07/2025,21/06/2025,7277125768,IT560,Romance,IT,4041,14,IF,0.8495,1F,,NoMatch,D432/01,though/if
60000003193900199,TELEVID6197_SCANNER19,IT560404172771257682660000003193900199,01/07/2025,21/06/2025,7277125768,IT560,Romance,IT,4041,26,SO GOOD A PLAY CHESS,0.8057,SO GOOD A PLAY CHESS,,Match,D432/01,as good at (playing) chess/as good/at (playing) chess/so good at (playing) chess/so good/at (playing) chess/as good a chess player/as good/a chess player/so good a chess player/so good/a chess player
60000003193900498,TELEVID6197_SCANNER19,ES269034072771257682560000003193900498,01/07/2025,21/06/2025,7277125768,ES269,Romance,ES,340,25,NO INTENTION OF HITTING,0.835,NO INTENTION OF HITTING,,Match,D432/01,(absolutely) no intention of hitting/(absolutely) no intention/of hitting
60000003194400487,TELEVID6212_SCANNER19,ES299001385712278861660000003194400487,01/07/2025,28/06/2025,8571227886,ES299,Romance,ES,13,16,WHAT,0.8314,WHAT,,Match,D432/01,which
60000003197200090,TELEVID6221_SCANNER19,ES301007885712278861560000003197200090,02/07/2025,28/06/2025,8571227886,ES301,Romance,ES,78,15,IF,0.8275,1F,,NoMatch,D432/01,though
60000003197200140,TELEVID6221_SCANNER19,ES301012885712278862860000003197200140,02/07/2025,28/06/2025,8571227886,ES301,Romance,ES,128,28,"FOR TIM, NOBODY",0.8419,"FOR TIM, NOBODY",,Match,D432/01,from Tim nobody/from Tim/nobody/from Tim nobody else/from Tim/nobody else/from Tim nobody has/from Tim/nobody has/from Tim nobody's/from Tim/nobody's/from Tim nobody else has/from Tim/nobody else has/from him nobody/from him/nobody/from him nobody else/from him/nobody else/from him nobody has/from him/nobody has/from him nobody's/from him/nobody's/from him nobody else has/from him/nobody else has/from her nobody/from her/nobody/from her nobody else/from her/nobody else/from her nobody has/from her/nobody has/from her nobody's/from her/nobody's/from her nobody else has/from her/nobody else has/from them nobody/from them/nobody/from them nobody else/from them/nobody else/from them nobody has/from them/nobody has/from them nobody's/from them/nobody's/from them nobody else has/from them/nobody else has
60000003197200168,TELEVID6221_SCANNER19,ES30101568571227886160000003197200168,02/07/2025,28/06/2025,8571227886,ES301,Romance,ES,156,1,B,0.8449,B,,Match,D432/01,B
60000003197200187,TELEVID6221_SCANNER19,ES30101758571227886460000003197200187,02/07/2025,28/06/2025,8571227886,ES301,Romance,ES,175,4,B,0.8004,B,,Match,D432/01,B
60000003197200187,TELEVID6221_SCANNER19,ES301017585712278864760000003197200187,02/07/2025,28/06/2025,8571227886,ES301,Romance,ES,175,47,A,0.8376,"A, D",,NoMatch,D432/01,A
60000003197200610,TELEVID6221_SCANNER19,ES39731288571227886360000003197200610,02/07/2025,28/06/2025,8571227886,ES397,Romance,ES,3128,3,B,0.8379,B,,Match,D432/01,A
60000003197200675,TELEVID6221_SCANNER19,ES397319385712278862960000003197200675,02/07/2025,28/06/2025,8571227886,ES397,Romance,ES,3193,29,PAY ATTENNTION CAREFULLY TO,0.8468,PAY ATTENNTION CAREFULLY TO,,Match,D432/01,pay (close) attention to/pay (close) attention/to/pay (careful) attention to/pay (careful) attention/to
60000003197500271,TELEVID6220_SCANNER19,ES02000328571227886160000003197500271,02/07/2025,28/06/2025,8571227886,ES020,Romance,ES,32,1,--impossible--,0.8053,C,,NoMatch,D432/01,B
60000003197500311,TELEVID6220_SCANNER19,ES020023985712278862960000003197500311,02/07/2025,28/06/2025,8571227886,ES020,Romance,ES,239,29,PAY ATTENTION TO,0.8118,PAY ATTENTION TO,,Match,D432/01,pay (close) attention to/pay (close) attention/to/pay (careful) attention to/pay (careful) attention/to
60000003197500311,TELEVID6220_SCANNER19,ES020023985712278863460000003197500311,02/07/2025,28/06/2025,8571227886,ES020,Romance,ES,239,34,B,0.8081,B,,Match,D432/01,B
60000003197500492,TELEVID6220_SCANNER19,IT056003672771257683460000003197500492,02/07/2025,21/06/2025,7277125768,IT056,Romance,IT,36,34,B,0.8051,B,,Match,D432/01,D
60000003197500494,TELEVID6220_SCANNER19,IT05600387277125768460000003197500494,02/07/2025,21/06/2025,7277125768,IT056,Romance,IT,38,4,B,0.8412,B,,Match,D432/01,B
60000003197500495,TELEVID6220_SCANNER19,IT05600397277125768460000003197500495,02/07/2025,21/06/2025,7277125768,IT056,Romance,IT,39,4,B,0.8478,B,,Match,D432/01,B
60000003197500495,TELEVID6220_SCANNER19,IT056003972771257682260000003197500495,02/07/2025,21/06/2025,7277125768,IT056,Romance,IT,39,22,DISLIKED,0.8377,DISLIKED,,Match,D432/01,disliked
60000003197500495,TELEVID6220_SCANNER19,IT056003972771257682660000003197500495,02/07/2025,21/06/2025,7277125768,IT056,Romance,IT,39,26,AS GOOD AT CHESS,0.8135,AS GOOD AT CHESS,,Match,D432/01,as good at (playing) chess/as good/at (playing) chess/so good at (playing) chess/so good/at (playing) chess/as good a chess player/as good/a chess player/so good a chess player/so good/a chess player
60000003197500496,TELEVID6220_SCANNER19,IT056004072771257683060000003197500496,02/07/2025,21/06/2025,7277125768,IT056,Romance,IT,40,30,WISH I DIDN'T TELL,0.8346,WISH I DIDN'T TELL,,Match,D432/01,wish I had not told/wish I had not/told/wish I hadn't told/wish I hadn't/told/wish I'd not told/wish I'd not/told/wish I had not informed/wish I had not/informed/wish I hadn't informed/wish I hadn't/informed/wish I'd not informed/wish I'd not/informed/wish I had never told/wish I had never/told/wish I'd never told/wish I'd never/told/wish I had never informed/wish I had never/informed/wish I'd never informed/wish I'd never/informed
60000003197500498,TELEVID6220_SCANNER19,IT056004272771257682760000003197500498,02/07/2025,21/06/2025,7277125768,IT056,Romance,IT,42,27,TO AVOID BEING,0.8054,TO AVOID REING,,NoMatch,D432/01,to AVOID (us) [getting/being]/to AVOID/(us) [getting/being]
60000003197500503,TELEVID6220_SCANNER19,IT056004772771257682660000003197500503,02/07/2025,21/06/2025,7277125768,IT056,Romance,IT,47,26,REALLY GOOD PLAY CHESS,0.8114,REALLY GOOD PLAY CHESS,,Match,D432/01,as good at (playing) chess/as good/at (playing) chess/so good at (playing) chess/so good/at (playing) chess/as good a chess player/as good/a chess player/so good a chess player/so good/a chess player
60000003197500505,TELEVID6220_SCANNER19,IT05600497277125768460000003197500505,02/07/2025,21/06/2025,7277125768,IT056,Romance,IT,49,4,B,0.8079,B,,Match,D432/01,B
60000003197500505,TELEVID6220_SCANNER19,IT056004972771257681460000003197500505,02/07/2025,21/06/2025,7277125768,IT056,Romance,IT,49,14,IF,0.8226,1F,,NoMatch,D432/01,though/if
60000003197500505,TELEVID6220_SCANNER19,IT056004972771257681760000003197500505,02/07/2025,21/06/2025,7277125768,IT056,Romance,IT,49,17,UNWIDE,0.8314,UNWIDE,,Match,D432/01,widen
60000003197500573,TELEVID6220_SCANNER19,ES020000685712278861760000003197500573,02/07/2025,28/06/2025,8571227886,ES020,Romance,ES,6,17,BENEFICIAL,0.8431,BENEFICIAL,,Match,D432/01,beneficial
60000003198700001,TELEVID6223_SCANNER19,IT278000185712278862660000003198700001,02/07/2025,28/06/2025,8571227886,IT278,Romance,IT,1,26,OF TOM WHO ATE,0.8172,OF TOM WHO ATE,,Match,D432/01,having eaten/John of eating/John of/eating/John of having eaten/John of/having eaten/him of eating/him of/eating/him of having eaten/him of/having eaten/her of eating/her of/eating/her of having eaten/her of/having eaten/them of eating/them of/eating/them of having eaten/them of
60000003198700001,TELEVID6223_SCANNER19,IT278000185712278863460000003198700001,02/07/2025,28/06/2025,8571227886,IT278,Romance,IT,1,34,B,0.8049,B,,Match,D432/01,B
60000003198700002,TELEVID6223_SCANNER19,IT278000285712278862060000003198700002,02/07/2025,28/06/2025,8571227886,IT278,Romance,IT,2,20,IRREALISTIC,0.8474,IRREALISTIC,,Match,D432/01,unrealistic
60000003198700002,TELEVID6223_SCANNER19,IT278000285712278862160000003198700002,02/07/2025,28/06/2025,8571227886,IT278,Romance,IT,2,21,AFFORDLOSS,0.8203,AFFORDLOSS,,Match,D432/01,affordable
60000003198700211,TELEVID6223_SCANNER19,ES438022485712278863060000003198700211,02/07/2025,28/06/2025,8571227886,ES438,Romance,ES,224,30,TAKE AN EYETO,0.8309,TAUG AN EYETO,,NoMatch,D432/01,keep an eye on/keep/an eye on/keep your eye on/keep/your eye on
60000003199100253,TELEVID6214_SCANNER19,ES020004485712278863060000003199100253,02/07/2025,28/06/2025,8571227886,ES020,Romance,ES,44,30,KEEP THE EYE ON,0.802,KEEP THE EYE ON,,Match,D432/01,keep an eye on/keep/an eye on/keep your eye on/keep/your eye on
60000003199400200,TELEVID6222_SCANNER19,IT05600077277125768460000003199400200,02/07/2025,21/06/2025,7277125768,IT056,Romance,IT,7,4,B,0.8295,B,,Match,D432/01,B
60000003199400212,TELEVID6222_SCANNER19,IT056001972771257681860000003199400212,02/07/2025,21/06/2025,7277125768,IT056,Romance,IT,19,18,THIRD,0.8402,THIRD,,Match,D432/01,third
60000003199400220,TELEVID6222_SCANNER19,IT05600277277125768460000003199400220,02/07/2025,21/06/2025,7277125768,IT056,Romance,IT,27,4,B,0.8025,B,,Match,D432/01,B
60000003199400220,TELEVID6222_SCANNER19,IT056002772771257683060000003199400220,02/07/2025,21/06/2025,7277125768,IT056,Romance,IT,27,30,WISH I HADN'T TOLD,0.842,WISH I HADN'T TOLD,,Match,D432/01,wish I had not told/wish I had not/told/wish I hadn't told/wish I hadn't/told/wish I'd not told/wish I'd not/told/wish I had not informed/wish I had not/informed/wish I hadn't informed/wish I hadn't/informed/wish I'd not informed/wish I'd not/informed/wish I had never told/wish I had never/told/wish I'd never told/wish I'd never/told/wish I had never informed/wish I had never/informed/wish I'd never informed/wish I'd never/informed
60000003199400221,TELEVID6222_SCANNER19,IT056002872771257683060000003199400221,02/07/2025,21/06/2025,7277125768,IT056,Romance,IT,28,30,WISH I DIDN'T TELL,0.8407,WISH I DIDN'T TELL,,Match,D432/01,wish I had not told/wish I had not/told/wish I hadn't told/wish I hadn't/told/wish I'd not told/wish I'd not/told/wish I had not informed/wish I had not/informed/wish I hadn't informed/wish I hadn't/informed/wish I'd not informed/wish I'd not/informed/wish I had never told/wish I had never/told/wish I'd never told/wish I'd never/told/wish I had never informed/wish I had never/informed/wish I'd never informed/wish I'd never/informed
60000003199400227,TELEVID6222_SCANNER19,IT056005172771257683060000003199400227,02/07/2025,21/06/2025,7277125768,IT056,Romance,IT,51,30,WISH I HAD NOT TOLD,0.8208,WIGH I HAD NOT TOLD,,NoMatch,D432/01,wish I had not told/wish I had not/told/wish I hadn't told/wish I hadn't/told/wish I'd not told/wish I'd not/told/wish I had not informed/wish I had not/informed/wish I hadn't informed/wish I hadn't/informed/wish I'd not informed/wish I'd not/informed/wish I had never told/wish I had never/told/wish I'd never told/wish I'd never/told/wish I had never informed/wish I had never/informed/wish I'd never informed/wish I'd never/informed
60000003199400266,TELEVID6222_SCANNER19,IT278100185712278862160000003199400266,02/07/2025,28/06/2025,8571227886,IT278,Romance,IT,1001,21,AFFORDABLE,0.8084,AFFORDABLE,,Match,D432/01,affordable
60000003199400271,TELEVID6222_SCANNER19,IT278100685712278861560000003199400271,02/07/2025,28/06/2025,8571227886,IT278,Romance,IT,1006,15,THOUGH,0.8335,TMOUGH,,NoMatch,D432/01,though
60000003199400278,TELEVID6222_SCANNER19,IT278101385712278862860000003199400278,02/07/2025,28/06/2025,8571227886,IT278,Romance,IT,1013,28,"FOR TIM, NOBODY",0.8112,"FOR TIM, NOBODY",,Match,D432/01,from Tim nobody/from Tim/nobody/from Tim nobody else/from Tim/nobody else/from Tim nobody has/from Tim/nobody has/from Tim nobody's/from Tim/nobody's/from Tim nobody else has/from Tim/nobody else has/from him nobody/from him/nobody/from him nobody else/from him/nobody else/from him nobody has/from him/nobody has/from him nobody's/from him/nobody's/from him nobody else has/from him/nobody else has/from her nobody/from her/nobody/from her nobody else/from her/nobody else/from her nobody has/from her/nobody has/from her nobody's/from her/nobody's/from her nobody else has/from her/nobody else has/from them nobody/from them/nobody/from them nobody else/from them/nobody else/from them nobody has/from them/nobody has/from them nobody's/from them/nobody's/from them nobody else has/from them/nobody else has
60000003199700149,TELEVID6227_SCANNER19,ES589004085712278862160000003199700149,02/07/2025,28/06/2025,8571227886,ES589,Romance,ES,40,21,AFFORED,0.8026,AFFORED,,Match,D432/01,affordable
60000003199700180,TELEVID6227_SCANNER19,ES589010085712278861260000003199700180,02/07/2025,28/06/2025,8571227886,ES589,Romance,ES,100,12,WOULD,0.8433,WOULD,,Match,D432/01,was
60000003200000120,TELEVID6229_SCANNER19,ES58900688571227886360000003200000120,02/07/2025,28/06/2025,8571227886,ES589,Romance,ES,68,3,B,0.8299,B,,Match,D432/01,A
60000003200000192,TELEVID6229_SCANNER19,ES41102268571227886460000003200000192,02/07/2025,28/06/2025,8571227886,ES411,Romance,ES,226,4,B,0.8201,B,,Match,D432/01,B
60000003200000236,TELEVID6229_SCANNER19,IT706000285712278862560000003200000236,02/07/2025,28/06/2025,8571227886,IT706,Romance,IT,2,25,WAS MADE BY,0.8096,WAS MADE BY,,Match,D432/01,got made up by/got made/up by/was made up by/was made/up by
60000003200000238,TELEVID6229_SCANNER19,IT706000485712278863460000003200000238,02/07/2025,28/06/2025,8571227886,IT706,Romance,IT,4,34,B,0.8458,B,,Match,D432/01,B
60000003200000239,TELEVID6229_SCANNER19,IT706000585712278863460000003200000239,02/07/2025,28/06/2025,8571227886,IT706,Romance,IT,5,34,B,0.8352,B,,Match,D432/01,B
60000003200000562,TELEVID6229_SCANNER19,ES430001685712278862360000003200000562,02/07/2025,28/06/2025,8571227886,ES430,Romance,ES,16,23,DAILY,0.8302,DAICY,,NoMatch,D432/01,daily/everyday
60000003200000568,TELEVID6229_SCANNER19,ES43000228571227886160000003200000568,02/07/2025,28/06/2025,8571227886,ES430,Romance,ES,22,1,--impossible--,0.816,C,,NoMatch,D432/01,B
60000003200000568,TELEVID6229_SCANNER19,ES430002285712278863460000003200000568,02/07/2025,28/06/2025,8571227886,ES430,Romance,ES,22,34,B,0.8385,B,,Match,D432/01,B
60000003200300256,TELEVID6230_SCANNER19,IT11200028571227886360000003200300256,02/07/2025,28/06/2025,8571227886,IT112,Romance,IT,2,3,A,0.8381,A,,Match,D432/01,A
60000003200300260,TELEVID6230_SCANNER19,IT112000685712278862060000003200300260,02/07/2025,28/06/2025,8571227886,IT112,Romance,IT,6,20,UNREALISTIC,0.8363,UNREALISTIC,,Match,D432/01,unrealistic
60000003200300276,TELEVID6230_SCANNER19,IT112002285712278861160000003200300276,02/07/2025,28/06/2025,8571227886,IT112,Romance,IT,22,11,IT,0.8205,IT,,Match,D432/01,them
60000003200300285,TELEVID6230_SCANNER19,IT112003185712278862860000003200300285,02/07/2025,28/06/2025,8571227886,IT112,Romance,IT,31,28,FROM TIM NOBODY HAVE,0.8386,FROM TIM NOBODY HAVE,,Match,D432/01,from Tim nobody/from Tim/nobody/from Tim nobody else/from Tim/nobody else/from Tim nobody has/from Tim/nobody has/from Tim nobody's/from Tim/nobody's/from Tim nobody else has/from Tim/nobody else has/from him nobody/from him/nobody/from him nobody else/from him/nobody else/from him nobody has/from him/nobody has/from him nobody's/from him/nobody's/from him nobody else has/from him/nobody else has/from her nobody/from her/nobody/from her nobody else/from her/nobody else/from her nobody has/from her/nobody has/from her nobody's/from her/nobody's/from her nobody else has/from her/nobody else has/from them nobody/from them/nobody/from them nobody else/from them/nobody else/from them nobody has/from them/nobody has/from them nobody's/from them/nobody's/from them nobody else has/from them/nobody else has
60000003200300291,TELEVID6230_SCANNER19,IT11200378571227886760000003200300291,02/07/2025,28/06/2025,8571227886,IT112,Romance,IT,37,7,A,0.8202,A,,Match,D432/01,D
60000003200300291,TELEVID6230_SCANNER19,IT112003785712278862460000003200300291,02/07/2025,28/06/2025,8571227886,IT112,Romance,IT,37,24,ADVENTUROUS,0.8239,ADVENTUROUS,,Match,D432/01,adventurous/adventuresome
60000003200300548,TELEVID6230_SCANNER19,IT304000372771257682160000003200300548,02/07/2025,21/06/2025,7277125768,IT304,Romance,IT,3,21,SIGNIFICALY,0.8271,SIGNIFICALY,,Match,D432/01,Significantly
60000003200300548,TELEVID6230_SCANNER19,IT304000372771257683060000003200300548,02/07/2025,21/06/2025,7277125768,IT304,Romance,IT,3,30,WISH NOT TELL,0.8006,WISH NOT TELL,,Match,D432/01,wish I had not told/wish I had not/told/wish I hadn't told/wish I hadn't/told/wish I'd not told/wish I'd not/told/wish I had not informed/wish I had not/informed/wish I hadn't informed/wish I hadn't/informed/wish I'd not informed/wish I'd not/informed/wish I had never told/wish I had never/told/wish I'd never told/wish I'd never/told/wish I had never informed/wish I had never/informed/wish I'd never informed/wish I'd never/informed
60000003200500470,TELEVID6216_SCANNER19,ES072010685712278862960000003200500470,02/07/2025,28/06/2025,8571227886,ES072,Romance,ES,106,29,PAY ATTENTION TO,0.8187,PAT ATTENTION TO,,NoMatch,D432/01,pay (close) attention to/pay (close) attention/to/pay (careful) attention to/pay (careful) attention/to
60000003200500510,TELEVID6216_SCANNER19,ES07201468571227886360000003200500510,02/07/2025,28/06/2025,8571227886,ES072,Romance,ES,146,3,B,0.8114,B,,Match,D432/01,A
60000003200700100,TELEVID6231_SCANNER19,ES41100108571227886160000003200700100,02/07/2025,28/06/2025,8571227886,ES411,Romance,ES,10,1,B,0.8001,B,,Match,D432/01,B
60000003200700100,TELEVID6231_SCANNER19,ES411001085712278862860000003200700100,02/07/2025,28/06/2025,8571227886,ES411,Romance,ES,10,28,OF TIM NOBODY,0.8461,OF TIM NOBODY,,Match,D432/01,from Tim nobody/from Tim/nobody/from Tim nobody else/from Tim/nobody else/from Tim nobody has/from Tim/nobody has/from Tim nobody's/from Tim/nobody's/from Tim nobody else has/from Tim/nobody else has/from him nobody/from him/nobody/from him nobody else/from him/nobody else/from him nobody has/from him/nobody has/from him nobody's/from him/nobody's/from him nobody else has/from him/nobody else has/from her nobody/from her/nobody/from her nobody else/from her/nobody else/from her nobody has/from her/nobody has/from her nobody's/from her/nobody's/from her nobody else has/from her/nobody else has/from them nobody/from them/nobody/from them nobody else/from them/nobody else/from them nobody has/from them/nobody has/from them nobody's/from them/nobody's/from them nobody else has/from them/nobody else has
60000003200700100,TELEVID6231_SCANNER19,ES411001085712278863060000003200700100,02/07/2025,28/06/2025,8571227886,ES411,Romance,ES,10,30,PUT AN EYE IN,0.8383,PUT AN EYE TN,,NoMatch,D432/01,keep an eye on/keep/an eye on/keep your eye on/keep/your eye on
60000003200700114,TELEVID6231_SCANNER19,ES411002485712278862960000003200700114,02/07/2025,28/06/2025,8571227886,ES411,Romance,ES,24,29,PAY ATTENTION,0.842,PAY ATTENTION,,Match,D432/01,pay (close) attention to/pay (close) attention/to/pay (careful) attention to/pay (careful) attention/to
60000003200700549,TELEVID6231_SCANNER19,ES39730038571227886160000003200700549,02/07/2025,28/06/2025,8571227886,ES397,Romance,ES,3003,1,B,0.8179,B,,Match,D432/01,B
60000003200700549,TELEVID6231_SCANNER19,ES39730038571227886460000003200700549,02/07/2025,28/06/2025,8571227886,ES397,Romance,ES,3003,4,A,0.8465,A,,Match,D432/01,B
60000003200700574,TELEVID6231_SCANNER19,ES397302885712278862660000003200700574,02/07/2025,28/06/2025,8571227886,ES397,Romance,ES,3028,26,OF JOHN HAS EATEN,0.8349,08 JOHN HAS EATEN,,NoMatch,D432/01,having eaten/John of eating/John of/eating/John of having eaten/John of/having eaten/him of eating/him of/eating/him of having eaten/him of/having eaten/her of eating/her of/eating/her of having eaten/her of/having eaten/them of eating/them of/eating/them of having eaten/them of
60000003200700592,TELEVID6231_SCANNER19,ES397304685712278862860000003200700592,02/07/2025,28/06/2025,8571227886,ES397,Romance,ES,3046,28,FROM TIM NOBODY HAS,0.8488,FROM TIM NOBODY HAS,,Match,D432/01,from Tim nobody/from Tim/nobody/from Tim nobody else/from Tim/nobody else/from Tim nobody has/from Tim/nobody has/from Tim nobody's/from Tim/nobody's/from Tim nobody else has/from Tim/nobody else has/from him nobody/from him/nobody/from him nobody else/from him/nobody else/from him nobody has/from him/nobody has/from him nobody's/from him/nobody's/from him nobody else has/from him/nobody else has/from her nobody/from her/nobody/from her nobody else/from her/nobody else/from her nobody has/from her/nobody has/from her nobody's/from her/nobody's/from her nobody else has/from her/nobody else has/from them nobody/from them/nobody/from them nobody else/from them/nobody else/from them nobody has/from them/nobody has/from them nobody's/from them/nobody's/from them nobody else has/from them/nobody else has
60000003200700592,TELEVID6231_SCANNER19,ES397304685712278862960000003200700592,02/07/2025,28/06/2025,8571227886,ES397,Romance,ES,3046,29,MAKE ATTENTION TO,0.8105,MAKE ATTENTION TO,,Match,D432/01,pay (close) attention to/pay (close) attention/to/pay (careful) attention to/pay (careful) attention/to
60000003201500027,TELEVID6218_SCANNER19,IT00100058571227886160000003201500027,02/07/2025,28/06/2025,8571227886,IT001,Romance,IT,5,1,B,0.8182,B,,Match,D432/01,B
60000003201500027,TELEVID6218_SCANNER19,IT001000585712278862660000003201500027,02/07/2025,28/06/2025,8571227886,IT001,Romance,IT,5,26,OF JOHN EATING,0.8247,OF JOHN EATING,,Match,D432/01,having eaten/John of eating/John of/eating/John of having eaten/John of/having eaten/him of eating/him of/eating/him of having eaten/him of/having eaten/her of eating/her of/eating/her of having eaten/her of/having eaten/them of eating/them of/eating/them of having eaten/them of
60000003201500028,TELEVID6218_SCANNER19,IT00100068571227886460000003201500028,02/07/2025,28/06/2025,8571227886,IT001,Romance,IT,6,4,B,0.8064,B,,Match,D432/01,B
60000003201500032,TELEVID6218_SCANNER19,IT001001085712278862360000003201500032,02/07/2025,28/06/2025,8571227886,IT001,Romance,IT,10,23,DAILY,0.8475,LAILY,,NoMatch,D432/01,daily/everyday
60000003202600336,TELEVID6217_SCANNER19,ES705000685712278861260000003202600336,02/07/2025,28/06/2025,8571227886,ES705,Romance,ES,6,12,WILL,0.8225,WILL,,Match,D432/01,was
60000003202600336,TELEVID6217_SCANNER19,ES705000685712278862760000003202600336,02/07/2025,28/06/2025,8571227886,ES705,Romance,ES,6,27,NO WORTH TO THINK ABOUT,0.8493,NO WORTH TO THINK ABOUT,,Match,D432/01,not WORTH worrying [about/over]/not WORTH/worrying [about/over]
60000003202600500,TELEVID6217_SCANNER19,IT432001672771257682760000003202600500,02/07/2025,21/06/2025,7277125768,IT432,Romance,IT,16,27,TO AVOID TO BE,0.807,TO AVOID TO BE,,Match,D432/01,to AVOID (us) [getting/being]/to AVOID/(us) [getting/being]
60000003202600500,TELEVID6217_SCANNER19,IT432001672771257684860000003202600500,02/07/2025,21/06/2025,7277125768,IT432,Romance,IT,16,48,D,0.8149,"B, D",,NoMatch,D432/01,D
60000003204300323,TELEVID6235_SCANNER19,IT955001772771257682460000003204300323,02/07/2025,21/06/2025,7277125768,IT955,Romance,IT,17,24,VIRUED,0.8199,VIRUED,,Match,D432/01,viral
60000003204300326,TELEVID6235_SCANNER19,IT955002072771257683060000003204300326,02/07/2025,21/06/2025,7277125768,IT955,Romance,IT,20,30,WISH I TOLD,0.8253,WISH / TOLD,,NoMatch,D432/01,wish I had not told/wish I had not/told/wish I hadn't told/wish I hadn't/told/wish I'd not told/wish I'd not/told/wish I had not informed/wish I had not/informed/wish I hadn't informed/wish I hadn't/informed/wish I'd not informed/wish I'd not/informed/wish I had never told/wish I had never/told/wish I'd never told/wish I'd never/told/wish I had never informed/wish I had never/informed/wish I'd never informed/wish I'd never/informed
60000003204300361,TELEVID6235_SCANNER19,IT955000172771257681360000003204300361,02/07/2025,21/06/2025,7277125768,IT955,Romance,IT,1,13,WHO,0.8051,WHO,,Match,D432/01,who/that
60000003204600030,TELEVID6225_SCANNER19,IT70600128571227886160000003204600030,02/07/2025,28/06/2025,8571227886,IT706,Romance,IT,12,1,B,0.8369,B,,Match,D432/01,B
60000003204600030,TELEVID6225_SCANNER19,IT70600128571227886760000003204600030,02/07/2025,28/06/2025,8571227886,IT706,Romance,IT,12,7,D,0.8213,D,,Match,D432/01,D
60000003204600101,TELEVID6225_SCANNER19,IT706001785712278861160000003204600101,02/07/2025,28/06/2025,8571227886,IT706,Romance,IT,17,11,IT,0.8461,IT,,Match,D432/01,them
60000003205200429,TELEVID6268_SCANNER19,IT955006272771257682960000003205200429,03/07/2025,21/06/2025,7277125768,IT955,Romance,IT,62,29,NOT BE BROUGHT,0.8152,NOT BE BROUGHT,,Match,D432/01,never be brought/never/be brought/not (ever) be brought/not (ever)/be brought/n't (ever) be brought/n't (ever)/be brought
60000003205200431,TELEVID6268_SCANNER19,IT955006572771257682560000003205200431,03/07/2025,21/06/2025,7277125768,IT955,Romance,IT,65,25,INTENTIONED TO HIT,0.843,INTENTIONED TO HIT,,Match,D432/01,(absolutely) no intention of hitting/(absolutely) no intention/of hitting
60000003205200431,TELEVID6268_SCANNER19,IT955006572771257683060000003205200431,03/07/2025,21/06/2025,7277125768,IT955,Romance,IT,65,30,WISH SEND MESSAGE TO,0.8209,WISH SEND MESSAGE TO,,Match,D432/01,wish I had not told/wish I had not/told/wish I hadn't told/wish I hadn't/told/wish I'd not told/wish I'd not/told/wish I had not informed/wish I had not/informed/wish I hadn't informed/wish I hadn't/informed/wish I'd not informed/wish I'd not/informed/wish I had never told/wish I had never/told/wish I'd never told/wish I'd never/told/wish I had never informed/wish I had never/informed/wish I'd never informed/wish I'd never/informed
60000003205600223,TELEVID6266_SCANNER19,IT95500047277125768760000003205600223,03/07/2025,21/06/2025,7277125768,IT955,Romance,IT,4,7,--impossible--,0.8387,C,,NoMatch,D432/01,C
60000003205600419,TELEVID6266_SCANNER19,ES434010285712278863460000003205600419,03/07/2025,28/06/2025,8571227886,ES434,Romance,ES,102,34,B,0.8127,B,,Match,D432/01,B
60000003205800539,televid6269_SCANNER19,IT348000185712278861660000003205800539,03/07/2025,28/06/2025,8571227886,IT348,Romance,IT,1,16,IT,0.8164,IT,,Match,D432/01,which
60000003205800539,televid6269_SCANNER19,IT348000185712278863460000003205800539,03/07/2025,28/06/2025,8571227886,IT348,Romance,IT,1,34,B,0.804,B,,Match,D432/01,B
60000003205800539,televid6269_SCANNER19,IT348000185712278864160000003205800539,03/07/2025,28/06/2025,8571227886,IT348,Romance,IT,1,41,F,0.8485,F,,Match,D432/01,F
60000003205800549,televid6269_SCANNER19,IT348001185712278861660000003205800549,03/07/2025,28/06/2025,8571227886,IT348,Romance,IT,11,16,WHIEH,0.8212,WHIEH,,Match,D432/01,which
60000003205800549,televid6269_SCANNER19,IT348001185712278861960000003205800549,03/07/2025,28/06/2025,8571227886,IT348,Romance,IT,11,19,FLIGHT,0.8291,FLIGHT,,Match,D432/01,flights
60000003205800552,televid6269_SCANNER19,IT348001485712278865260000003205800552,03/07/2025,28/06/2025,8571227886,IT348,Romance,IT,14,52,B,0.8044,B,,Match,D432/01,C
60000003205800562,televid6269_SCANNER19,IT348002485712278862160000003205800562,03/07/2025,28/06/2025,8571227886,IT348,Romance,IT,24,21,AFFORDED,0.8348,AFFORDSD,,NoMatch,D432/01,affordable
60000003205800570,televid6269_SCANNER19,IT348003285712278862260000003205800570,03/07/2025,28/06/2025,8571227886,IT348,Romance,IT,32,22,PLEASENTMENT,0.8419,PLEASENTHENT,,NoMatch,D432/01,pleasure
60000003205800570,televid6269_SCANNER19,IT348003285712278862860000003205800570,03/07/2025,28/06/2025,8571227886,IT348,Romance,IT,32,28,TIM NOBODY,0.8239,TIM NOBADY,,NoMatch,D432/01,from Tim nobody/from Tim/nobody/from Tim nobody else/from Tim/nobody else/from Tim nobody has/from Tim/nobody has/from Tim nobody's/from Tim/nobody's/from Tim nobody else has/from Tim/nobody else has/from him nobody/from him/nobody/from him nobody else/from him/nobody else/from him nobody has/from him/nobody has/from him nobody's/from him/nobody's/from him nobody else has/from him/nobody else has/from her nobody/from her/nobody/from her nobody else/from her/nobody else/from her nobody has/from her/nobody has/from her nobody's/from her/nobody's/from her nobody else has/from her/nobody else has/from them nobody/from them/nobody/from them nobody else/from them/nobody else/from them nobody has/from them/nobody has/from them nobody's/from them/nobody's/from them nobody else has/from them/nobody else has
60000003210600029,televid6272_SCANNER19,ES38500708571227886160000003210600029,04/07/2025,28/06/2025,8571227886,ES385,Romance,ES,70,1,B,0.8078,B,,Match,D432/01,B
60000003210600029,televid6272_SCANNER19,ES385007085712278863460000003210600029,04/07/2025,28/06/2025,8571227886,ES385,Romance,ES,70,34,B,0.8403,B,,Match,D432/01,B
60000003210900290,televid6277_SCANNER19,ES911840972771257682760000003210900290,04/07/2025,21/06/2025,7277125768,ES911,Romance,ES,8409,27,TO AVOID GETTING,0.8408,TO AVOID GETTING,,Match,D432/01,to AVOID (us) [getting/being]/to AVOID/(us) [getting/being]
60000003210900296,televid6277_SCANNER19,ES911841572771257682660000003210900296,04/07/2025,21/06/2025,7277125768,ES911,Romance,ES,8415,26,SUCH A GOOD CHESS PLAYER,0.8254,SUCH A GOOD CHESS PLAYER,,Match,D432/01,as good at (playing) chess/as good/at (playing) chess/so good at (playing) chess/so good/at (playing) chess/as good a chess player/as good/a chess player/so good a chess player/so good/a chess player
60000003211200242,televid6249_SCANNER19,IT313000785712278861560000003211200242,04/07/2025,28/06/2025,8571227886,IT313,Romance,IT,7,15,IF,0.8302,1F,,NoMatch,D432/01,though
60000003211200242,televid6249_SCANNER19,IT313000785712278862260000003211200242,04/07/2025,28/06/2025,8571227886,IT313,Romance,IT,7,22,PLEASEABLE,0.8185,PLEASE ABLE,,NoMatch,D432/01,pleasure
60000003211200252,televid6249_SCANNER19,IT313001785712278863060000003211200252,04/07/2025,28/06/2025,8571227886,IT313,Romance,IT,17,30,KEEP AN EYE ON,0.8206,KEEP AN EYE ON,,Match,D432/01,keep an eye on/keep/an eye on/keep your eye on/keep/your eye on
60000003211200317,televid6249_SCANNER19,IT990000785712278861560000003211200317,04/07/2025,28/06/2025,8571227886,IT990,Romance,IT,7,15,IF,0.8317,1F,,NoMatch,D432/01,though
60000003211200318,televid6249_SCANNER19,IT990000885712278861560000003211200318,04/07/2025,28/06/2025,8571227886,IT990,Romance,IT,8,15,IF,0.8015,1F,,NoMatch,D432/01,though
60000003212000342,televid6273_SCANNER19,ES781000985712278864660000003212000342,04/07/2025,28/06/2025,8571227886,ES781,Romance,ES,9,46,C,0.8326,C,,Match,D432/01,C
60000003212600246,televid8324_SCANNER19,ES424007985712278861760000003212600246,04/07/2025,28/06/2025,8571227886,ES424,Romance,ES,79,17,BENEFITIONLY,0.8161,BENEFITIONLY,,Match,D432/01,beneficial
60000003212600716,televid8324_SCANNER19,ES71194077277125768460000003212600716,04/07/2025,21/06/2025,7277125768,ES711,Romance,ES,9407,4,B,0.8383,B,,Match,D432/01,B
60000003212600716,televid8324_SCANNER19,ES711940772771257681460000003212600716,04/07/2025,21/06/2025,7277125768,ES711,Romance,ES,9407,14,IF,0.8175,1F,,NoMatch,D432/01,though/if
60000003213100170,televid6287_SCANNER19,ES439915585712278863460000003213100170,04/07/2025,28/06/2025,8571227886,ES439,Romance,ES,9155,34,B,0.8441,B,,Match,D432/01,B
60000003213100198,televid6287_SCANNER19,ES439918485712278862860000003213100198,04/07/2025,28/06/2025,8571227886,ES439,Romance,ES,9184,28,"FROM TIM, NOBODY HAS",0.8022,"FROM TIM, NOBODY HAS",,Match,D432/01,from Tim nobody/from Tim/nobody/from Tim nobody else/from Tim/nobody else/from Tim nobody has/from Tim/nobody has/from Tim nobody's/from Tim/nobody's/from Tim nobody else has/from Tim/nobody else has/from him nobody/from him/nobody/from him nobody else/from him/nobody else/from him nobody has/from him/nobody has/from him nobody's/from him/nobody's/from him nobody else has/from him/nobody else has/from her nobody/from her/nobody/from her nobody else/from her/nobody else/from her nobody has/from her/nobody has/from her nobody's/from her/nobody's/from her nobody else has/from her/nobody else has/from them nobody/from them/nobody/from them nobody else/from them/nobody else/from them nobody has/from them/nobody has/from them nobody's/from them/nobody's/from them nobody else has/from them/nobody else has
60000003213100219,televid6287_SCANNER19,ES439905272771257683960000003213100219,04/07/2025,21/06/2025,7277125768,ES439,Romance,ES,9052,39,F,0.8331,F,,Match,D432/01,F
60000003213300489,televid6285_SCANNER19,ES211441572771257683060000003213300489,04/07/2025,21/06/2025,7277125768,ES211,Romance,ES,4415,30,WISH I HADN'T TELL,0.8436,WISH I HADN'T TELL,,Match,D432/01,wish I had not told/wish I had not/told/wish I hadn't told/wish I hadn't/told/wish I'd not told/wish I'd not/told/wish I had not informed/wish I had not/informed/wish I hadn't informed/wish I hadn't/informed/wish I'd not informed/wish I'd not/informed/wish I had never told/wish I had never/told/wish I'd never told/wish I'd never/told/wish I had never informed/wish I had never/informed/wish I'd never informed/wish I'd never/informed
60000003214200265,TELEVID6281_SCANNER18,IT088000385712278863060000003214200265,04/07/2025,28/06/2025,8571227886,IT088,Romance,IT,3,30,GIVE AN EYE TO,0.8362,GLUE AN EYE TO,,NoMatch,D432/01,keep an eye on/keep/an eye on/keep your eye on/keep/your eye on
60000003214200458,TELEVID6281_SCANNER18,GR026004825893117293060000003214200458,04/07/2025,07/06/2025,2589311729,GR026,Greek,GR,48,30,WHETHER MY TEACHER IS IN,0.815,WHETHER MY TEACHER IS IN,,Match,D432/01,whether my teacher is in/whether my teacher/is in/whether my teacher 's in/whether my teacher/'s in
60000003216000683,TELEVID6276_SCANNER18,ES396003172771257682260000003216000683,04/07/2025,21/06/2025,7277125768,ES396,Romance,ES,31,22,DISLIKED,0.8192,DISCIKED,,NoMatch,D432/01,disliked
60000003216800101,TELEVID6271_SCANNER18,ES385000885712278862660000003216800101,04/07/2025,28/06/2025,8571227886,ES385,Romance,ES,8,26,JOHN OF HAVE EATEN,0.8149,JOHN OF HAVE EATEN,,Match,D432/01,having eaten/John of eating/John of/eating/John of having eaten/John of/having eaten/him of eating/him of/eating/him of having eaten/him of/having eaten/her of eating/her of/eating/her of having eaten/her of/having eaten/them of eating/them of/eating/them of having eaten/them of
60000003216800503,TELEVID6271_SCANNER18,IT42100298571227886160000003216800503,04/07/2025,28/06/2025,8571227886,IT421,Romance,IT,29,1,B,0.8396,B,,Match,D432/01,B
60000003216800503,TELEVID6271_SCANNER18,IT42100298571227886960000003216800503,04/07/2025,28/06/2025,8571227886,IT421,Romance,IT,29,9,IF,0.8083,1F,,NoMatch,D432/01,more
60000003216800514,TELEVID6271_SCANNER18,IT421004085712278862560000003216800514,04/07/2025,28/06/2025,8571227886,IT421,Romance,IT,40,25,WAS MADING BY TOM,0.8198,WAS MADING BY TOM,,Match,D432/01,got made up by/got made/up by/was made up by/was made/up by
60000003216800514,TELEVID6271_SCANNER18,IT421004085712278862760000003216800514,04/07/2025,28/06/2025,8571227886,IT421,Romance,IT,40,27,NOT WORTH FOR,0.8342,NOT WORTH FOR,,Match,D432/01,not WORTH worrying [about/over]/not WORTH/worrying [about/over]
60000003216800519,TELEVID6271_SCANNER18,IT421004585712278862260000003216800519,04/07/2025,28/06/2025,8571227886,IT421,Romance,IT,45,22,PLEASE ABLE,0.8264,PLEASE ABLE,,Match,D432/01,pleasure
60000003216800525,TELEVID6271_SCANNER18,IT421005185712278863460000003216800525,04/07/2025,28/06/2025,8571227886,IT421,Romance,IT,51,34,B,0.8376,B,,Match,D432/01,B
60000003216800533,TELEVID6271_SCANNER18,IT421005985712278862660000003216800533,04/07/2025,28/06/2025,8571227886,IT421,Romance,IT,59,26,OF JOHN EATING,0.8017,OF JOHN EATING,,Match,D432/01,having eaten/John of eating/John of/eating/John of having eaten/John of/having eaten/him of eating/him of/eating/him of having eaten/him of/having eaten/her of eating/her of/eating/her of having eaten/her of/having eaten/them of eating/them of/eating/them of having eaten/them of
60000003216800533,TELEVID6271_SCANNER18,IT421005985712278862860000003216800533,04/07/2025,28/06/2025,8571227886,IT421,Romance,IT,59,28,"TIM, NO BODY",0.8373,"TIM, NO BODY",,Match,D432/01,from Tim nobody/from Tim/nobody/from Tim nobody else/from Tim/nobody else/from Tim nobody has/from Tim/nobody has/from Tim nobody's/from Tim/nobody's/from Tim nobody else has/from Tim/nobody else has/from him nobody/from him/nobody/from him nobody else/from him/nobody else/from him nobody has/from him/nobody has/from him nobody's/from him/nobody's/from him nobody else has/from him/nobody else has/from her nobody/from her/nobody/from her nobody else/from her/nobody else/from her nobody has/from her/nobody has/from her nobody's/from her/nobody's/from her nobody else has/from her/nobody else has/from them nobody/from them/nobody/from them nobody else/from them/nobody else/from them nobody has/from them/nobody has/from them nobody's/from them/nobody's/from them nobody else has/from them/nobody else has
60000003216800535,TELEVID6271_SCANNER18,IT421006185712278862760000003216800535,04/07/2025,28/06/2025,8571227886,IT421,Romance,IT,61,27,NOT WORTH WORRING ABOUT,0.8254,NOT WORTH WORRING ABOUT,,Match,D432/01,not WORTH worrying [about/over]/not WORTH/worrying [about/over]
60000003216800539,TELEVID6271_SCANNER18,IT421006585712278861660000003216800539,04/07/2025,28/06/2025,8571227886,IT421,Romance,IT,65,16,IT,0.8369,IT,,Match,D432/01,which
60000003216800541,TELEVID6271_SCANNER18,IT421006785712278861160000003216800541,04/07/2025,28/06/2025,8571227886,IT421,Romance,IT,67,11,IT,0.8031,IT,,Match,D432/01,them
60000003216800543,TELEVID6271_SCANNER18,IT421006985712278861160000003216800543,04/07/2025,28/06/2025,8571227886,IT421,Romance,IT,69,11,THEM,0.8482,THEM,,Match,D432/01,them
60000003216800543,TELEVID6271_SCANNER18,IT421006985712278862860000003216800543,04/07/2025,28/06/2025,8571227886,IT421,Romance,IT,69,28,TIM NOBODY HAS,0.8324,TIM NOBODY HAS,,Match,D432/01,from Tim nobody/from Tim/nobody/from Tim nobody else/from Tim/nobody else/from Tim nobody has/from Tim/nobody has/from Tim nobody's/from Tim/nobody's/from Tim nobody else has/from Tim/nobody else has/from him nobody/from him/nobody/from him nobody else/from him/nobody else/from him nobody has/from him/nobody has/from him nobody's/from him/nobody's/from him nobody else has/from him/nobody else has/from her nobody/from her/nobody/from her nobody else/from her/nobody else/from her nobody has/from her/nobody has/from her nobody's/from her/nobody's/from her nobody else has/from her/nobody else has/from them nobody/from them/nobody/from them nobody else/from them/nobody else/from them nobody has/from them/nobody has/from them nobody's/from them/nobody's/from them nobody else has/from them/nobody else has
60000003216800546,TELEVID6271_SCANNER18,IT42100728571227886160000003216800546,04/07/2025,28/06/2025,8571227886,IT421,Romance,IT,72,1,B,0.8023,B,,Match,D432/01,B
60000003216800554,TELEVID6271_SCANNER18,IT421008085712278863460000003216800554,04/07/2025,28/06/2025,8571227886,IT421,Romance,IT,80,34,--impossible--,0.8137,C,,NoMatch,D432/01,B
60000003216800566,TELEVID6271_SCANNER18,IT42100928571227886960000003216800566,04/07/2025,28/06/2025,8571227886,IT421,Romance,IT,92,9,IF,0.8449,1F,,NoMatch,D432/01,more
60000003216800566,TELEVID6271_SCANNER18,IT421009285712278861160000003216800566,04/07/2025,28/06/2025,8571227886,IT421,Romance,IT,92,11,IT,0.8138,IT,,Match,D432/01,them
60000003216800568,TELEVID6271_SCANNER18,IT421009485712278862760000003216800568,04/07/2025,28/06/2025,8571227886,IT421,Romance,IT,94,27,NOT WORTH WORRYING ABOUT,0.8294,NOT WORTH WORRYING ABOUT,,Match,D432/01,not WORTH worrying [about/over]/not WORTH/worrying [about/over]
60000003216800570,TELEVID6271_SCANNER18,IT421009685712278863460000003216800570,04/07/2025,28/06/2025,8571227886,IT421,Romance,IT,96,34,--impossible--,0.8306,C,,NoMatch,D432/01,B
60000003216800573,TELEVID6271_SCANNER18,IT421009985712278861660000003216800573,04/07/2025,28/06/2025,8571227886,IT421,Romance,IT,99,16,IT,0.8443,IT,,Match,D432/01,which
60000003216800573,TELEVID6271_SCANNER18,IT421009985712278862960000003216800573,04/07/2025,28/06/2025,8571227886,IT421,Romance,IT,99,29,PAY ATTENTION TO,0.8499,PAY ATTENTION TO,,Match,D432/01,pay (close) attention to/pay (close) attention/to/pay (careful) attention to/pay (careful) attention/to
60000003216800574,TELEVID6271_SCANNER18,IT421010085712278861760000003216800574,04/07/2025,28/06/2025,8571227886,IT421,Romance,IT,100,17,BENEFITABLE,0.8078,BENEIITABLE,,NoMatch,D432/01,beneficial
60000003216800577,TELEVID6271_SCANNER18,IT421010385712278862660000003216800577,04/07/2025,28/06/2025,8571227886,IT421,Romance,IT,103,26,OF JOHN FOR EATING,0.8039,OF JOHN FOR EATING,,Match,D432/01,having eaten/John of eating/John of/eating/John of having eaten/John of/having eaten/him of eating/him of/eating/him of having eaten/him of/having eaten/her of eating/her of/eating/her of having eaten/her of/having eaten/them of eating/them of/eating/them of having eaten/them of
60000003216800586,TELEVID6271_SCANNER18,IT42101128571227886360000003216800586,04/07/2025,28/06/2025,8571227886,IT421,Romance,IT,112,3,B,0.8214,B,,Match,D432/01,A
60000003216800594,TELEVID6271_SCANNER18,IT421012085712278861860000003216800594,04/07/2025,28/06/2025,8571227886,IT421,Romance,IT,120,18,CONSUME,0.8159,CONSUME,,Match,D432/01,consumption
60000003216800594,TELEVID6271_SCANNER18,IT421012085712278862060000003216800594,04/07/2025,28/06/2025,8571227886,IT421,Romance,IT,120,20,UNREALISTIC,0.8444,UNREALISTIE,,NoMatch,D432/01,unrealistic
60000003216800595,TELEVID6271_SCANNER18,IT421012185712278862960000003216800595,04/07/2025,28/06/2025,8571227886,IT421,Romance,IT,121,29,PAY ATTENTION CAREFULLY AT,0.8422,PAY ATTENTION CAREFULLY AT,,Match,D432/01,pay (close) attention to/pay (close) attention/to/pay (careful) attention to/pay (careful) attention/to
60000003217700110,TELEVID6284_SCANNER18,ES439906272771257683260000003217700110,04/07/2025,21/06/2025,7277125768,ES439,Romance,ES,9062,32,B,0.8026,B,,Match,D432/01,B
60000003217700111,TELEVID6284_SCANNER18,ES439906372771257681660000003217700111,04/07/2025,21/06/2025,7277125768,ES439,Romance,ES,9063,16,THE,0.828,THE,,Match,D432/01,no/little
60000003219200547,TELEVID6283_SCANNER18,ES43992238571227886160000003219200547,04/07/2025,28/06/2025,8571227886,ES439,Romance,ES,9223,1,B,0.8491,B,,Match,D432/01,B
60000003219200570,TELEVID6283_SCANNER18,ES439920185712278861460000003219200570,04/07/2025,28/06/2025,8571227886,ES439,Romance,ES,9201,14,UP,0.8278,UP,,Match,D432/01,up
60000003221200028,TELEVID6289_SCANNER19,ES393034385712278862160000003221200028,07/07/2025,28/06/2025,8571227886,ES393,Romance,ES,343,21,AFFORDABLE,0.8115,AFFORDABLE,,Match,D432/01,affordable
60000003221200028,TELEVID6289_SCANNER19,ES393034385712278862260000003221200028,07/07/2025,28/06/2025,8571227886,ES393,Romance,ES,343,22,PLEASED,0.8317,PLEASED,,Match,D432/01,pleasure
60000003221200346,TELEVID6289_SCANNER19,ES39304108571227886660000003221200346,07/07/2025,28/06/2025,8571227886,ES393,Romance,ES,410,6,B,0.8396,B,,Match,D432/01,B
60000003221200346,TELEVID6289_SCANNER19,ES393041085712278861560000003221200346,07/07/2025,28/06/2025,8571227886,ES393,Romance,ES,410,15,THOUGH,0.8155,T40UG4,,NoMatch,D432/01,though
60000003221200453,TELEVID6289_SCANNER19,ES393027485712278862060000003221200453,07/07/2025,28/06/2025,8571227886,ES393,Romance,ES,274,20,UNREALISTIC,0.8438,UNREALISTIC,,Match,D432/01,unrealistic
60000003221400123,TELEVID6291_SCANNER19,ES393030985712278862560000003221400123,07/07/2025,28/06/2025,8571227886,ES393,Romance,ES,309,25,WAS MADE UP BY,0.8354,WAS MAIE UP BY,,NoMatch,D432/01,got made up by/got made/up by/was made up by/was made/up by
60000003221400202,TELEVID6291_SCANNER19,ES393002685712278862260000003221400202,07/07/2025,28/06/2025,8571227886,ES393,Romance,ES,26,22,PLEASANTMENT,0.8463,PLEASANTMENT,,Match,D432/01,pleasure
60000003221400202,TELEVID6291_SCANNER19,ES393002685712278862960000003221400202,07/07/2025,28/06/2025,8571227886,ES393,Romance,ES,26,29,PAY ATTENTION TO,0.8401,PAY ATTENTION TO,,Match,D432/01,pay (close) attention to/pay (close) attention/to/pay (careful) attention to/pay (careful) attention/to
60000003221400202,TELEVID6291_SCANNER19,ES393002685712278863460000003221400202,07/07/2025,28/06/2025,8571227886,ES393,Romance,ES,26,34,B,0.805,--blank--,,NoMatch,D432/01,B
60000003221400218,TELEVID6291_SCANNER19,ES393004285712278862760000003221400218,07/07/2025,28/06/2025,8571227886,ES393,Romance,ES,42,27,NOT WORTH WORRYING ABOUT,0.8454,NOT WORTH WORRYING ABOUT,,Match,D432/01,not WORTH worrying [about/over]/not WORTH/worrying [about/over]
60000003221400497,TELEVID6291_SCANNER19,ES71700198571227886360000003221400497,07/07/2025,28/06/2025,8571227886,ES717,Romance,ES,19,3,B,0.8119,B,,Match,D432/01,A
60000003221400514,TELEVID6291_SCANNER19,ES71700378571227886760000003221400514,07/07/2025,28/06/2025,8571227886,ES717,Romance,ES,37,7,D,0.8242,D,,Match,D432/01,D
60000003221400514,TELEVID6291_SCANNER19,ES717003785712278861460000003221400514,07/07/2025,28/06/2025,8571227886,ES717,Romance,ES,37,14,THE,0.8053,THF,,NoMatch,D432/01,up
60000003221400573,TELEVID6291_SCANNER19,ES71700978571227886460000003221400573,07/07/2025,28/06/2025,8571227886,ES717,Romance,ES,97,4,--impossible--,0.8376,C,,NoMatch,D432/01,B
60000003221600065,TELEVID6293_SCANNER19,IT032000685712278863060000003221600065,07/07/2025,28/06/2025,8571227886,IT032,Romance,IT,6,30,TAKE AN EYE TO,0.8036,TAKE ANEYE TO,,NoMatch,D432/01,keep an eye on/keep/an eye on/keep your eye on/keep/your eye on
60000003221600159,TELEVID6293_SCANNER19,IT69200237277125768460000003221600159,07/07/2025,21/06/2025,7277125768,IT692,Romance,IT,23,4,B,0.834,B,,Match,D432/01,B
60000003221600159,TELEVID6293_SCANNER19,IT692002372771257683460000003221600159,07/07/2025,21/06/2025,7277125768,IT692,Romance,IT,23,34,B,0.8321,B,,Match,D432/01,D
60000003221600162,TELEVID6293_SCANNER19,IT692002672771257681860000003221600162,07/07/2025,21/06/2025,7277125768,IT692,Romance,IT,26,18,--blank--,0.8101,T,,NoMatch,D432/01,third
60000003221600230,TELEVID6293_SCANNER19,IT03200128571227886460000003221600230,07/07/2025,28/06/2025,8571227886,IT032,Romance,IT,12,4,B,0.8299,B,,Match,D432/01,B
60000003221600230,TELEVID6293_SCANNER19,IT032001285712278862060000003221600230,07/07/2025,28/06/2025,8571227886,IT032,Romance,IT,12,20,UNREALISTIC,0.8243,UNREALISTIC,,Match,D432/01,unrealistic
60000003221600303,TELEVID6293_SCANNER19,ES211870185712278862560000003221600303,07/07/2025,28/06/2025,8571227886,ES211,Romance,ES,8701,25,WAS MADE BY,0.8422,WAS MADE BY,,Match,D432/01,got made up by/got made/up by/was made up by/was made/up by
60000003221600431,TELEVID6293_SCANNER19,ES815042885712278861360000003221600431,07/07/2025,28/06/2025,8571227886,ES815,Romance,ES,428,13,MANY,0.8152,MANY,,Match,D432/01,many
60000003221900037,TELEVID6294_SCANNER19,ES09501167277125768160000003221900037,07/07/2025,21/06/2025,7277125768,ES095,Romance,ES,116,1,A,0.8147,A,,Match,D432/01,D
60000003221900037,TELEVID6294_SCANNER19,ES09501167277125768360000003221900037,07/07/2025,21/06/2025,7277125768,ES095,Romance,ES,116,3,B,0.8475,"B, C",,NoMatch,D432/01,C
60000003221900037,TELEVID6294_SCANNER19,ES09501167277125768460000003221900037,07/07/2025,21/06/2025,7277125768,ES095,Romance,ES,116,4,B,0.81,B,,Match,D432/01,B
60000003221900037,TELEVID6294_SCANNER19,ES095011672771257683060000003221900037,07/07/2025,21/06/2025,7277125768,ES095,Romance,ES,116,30,WISH I DIDN'T TOLD,0.8027,WISH I DIDN'T TOLD,,Match,D432/01,wish I had not told/wish I had not/told/wish I hadn't told/wish I hadn't/told/wish I'd not told/wish I'd not/told/wish I had not informed/wish I had not/informed/wish I hadn't informed/wish I hadn't/informed/wish I'd not informed/wish I'd not/informed/wish I had never told/wish I had never/told/wish I'd never told/wish I'd never/told/wish I had never informed/wish I had never/informed/wish I'd never informed/wish I'd never/informed
60000003221900212,TELEVID6294_SCANNER19,ES09500497277125768360000003221900212,07/07/2025,21/06/2025,7277125768,ES095,Romance,ES,49,3,B,0.8292,B,,Match,D432/01,C
60000003222100137,TELEVID8327_SCANNER19,DE00800297277125768760000003222100137,07/07/2025,21/06/2025,7277125768,DE008,Germanic,DE,29,7,B,0.8418,B,,Match,D432/01,C
60000003222100137,TELEVID8327_SCANNER19,DE008002972771257681460000003222100137,07/07/2025,21/06/2025,7277125768,DE008,Germanic,DE,29,14,IF,0.8194,1F,,NoMatch,D432/01,though/if
60000003222100206,TELEVID8327_SCANNER19,IT317000185712278861960000003222100206,07/07/2025,28/06/2025,8571227886,IT317,Romance,IT,1,19,FLIGHT,0.8116,--blank--,,NoMatch,D432/01,flights
60000003222100209,TELEVID8327_SCANNER19,IT317000485712278861260000003222100209,07/07/2025,28/06/2025,8571227886,IT317,Romance,IT,4,12,IS,0.8439,IS,,Match,D432/01,was
60000003222100213,TELEVID8327_SCANNER19,IT317000885712278863060000003222100213,07/07/2025,28/06/2025,8571227886,IT317,Romance,IT,8,30,TAKE AN EYE TO,0.8314,TAKE AN EYE TO,,Match,D432/01,keep an eye on/keep/an eye on/keep your eye on/keep/your eye on
60000003223100567,TELEVID6309_SCANNER19,IT844000885712278863460000003223100567,07/07/2025,28/06/2025,8571227886,IT844,Romance,IT,8,34,B,0.8169,B,,Match,D432/01,B
60000003223100570,TELEVID6309_SCANNER19,IT844001185712278862560000003223100570,07/07/2025,28/06/2025,8571227886,IT844,Romance,IT,11,25,WAS MADE BY,0.8393,WTS MADE BY,,NoMatch,D432/01,got made up by/got made/up by/was made up by/was made/up by
60000003223500563,TELEVID6299_SCANNER19,IT421012785712278863460000003223500563,07/07/2025,28/06/2025,8571227886,IT421,Romance,IT,127,34,B,0.836,B,,Match,D432/01,B
60000003223500568,TELEVID6299_SCANNER19,IT421013285712278862960000003223500568,07/07/2025,28/06/2025,8571227886,IT421,Romance,IT,132,29,PAY ATTENTION TO,0.8266,PAY ATTENTION TO,,Match,D432/01,pay (close) attention to/pay (close) attention/to/pay (careful) attention to/pay (careful) attention/to
60000003223500569,TELEVID6299_SCANNER19,IT42101338571227886160000003223500569,07/07/2025,28/06/2025,8571227886,IT421,Romance,IT,133,1,B,0.8446,B,,Match,D432/01,B
60000003223500573,TELEVID6299_SCANNER19,IT42101378571227886460000003223500573,07/07/2025,28/06/2025,8571227886,IT421,Romance,IT,137,4,B,0.8414,B,,Match,D432/01,B
60000003223500574,TELEVID6299_SCANNER19,IT421013885712278862660000003223500574,07/07/2025,28/06/2025,8571227886,IT421,Romance,IT,138,26,OF JOHN EATING,0.8238,OF JOHN EATING,,Match,D432/01,having eaten/John of eating/John of/eating/John of having eaten/John of/having eaten/him of eating/him of/eating/him of having eaten/him of/having eaten/her of eating/her of/eating/her of having eaten/her of/having eaten/them of eating/them of/eating/them of having eaten/them of
60000003223500579,TELEVID6299_SCANNER19,IT421014385712278862760000003223500579,07/07/2025,28/06/2025,8571227886,IT421,Romance,IT,143,27,NOT WORTH WORRYING ABOUT,0.8434,NOT WORTH WORRYING ABOUT,,Match,D432/01,not WORTH worrying [about/over]/not WORTH/worrying [about/over]
60000003223500790,TELEVID6299_SCANNER19,IT421000485712278863460000003223500790,07/07/2025,28/06/2025,8571227886,IT421,Romance,IT,4,34,B,0.8321,B,,Match,D432/01,B
60000003223800110,TELEVID6298_SCANNER19,IT421002785712278862760000003223800110,07/07/2025,28/06/2025,8571227886,IT421,Romance,IT,27,27,NOT WORTH WORRYING ABOUT,0.8031,NOT WORRYING ABOUT,,NoMatch,D432/01,not WORTH worrying [about/over]/not WORTH/worrying [about/over]
60000003223800118,TELEVID6298_SCANNER19,IT421015185712278861660000003223800118,07/07/2025,28/06/2025,8571227886,IT421,Romance,IT,151,16,SO,0.8113,SO,,Match,D432/01,which
60000003223800120,TELEVID6298_SCANNER19,IT42101538571227886760000003223800120,07/07/2025,28/06/2025,8571227886,IT421,Romance,IT,153,7,D,0.8224,--impossible--,,NoMatch,D432/01,D
60000003223800120,TELEVID6298_SCANNER19,IT421015385712278861560000003223800120,07/07/2025,28/06/2025,8571227886,IT421,Romance,IT,153,15,IF,0.8161,1F,,NoMatch,D432/01,though
60000003223800334,TELEVID6298_SCANNER19,IT421001185712278862860000003223800334,07/07/2025,28/06/2025,8571227886,IT421,Romance,IT,11,28,"FROM TIM, NOBODY HAS",0.8249,"FROM TIM, NOBODY HAS",,Match,D432/01,from Tim nobody/from Tim/nobody/from Tim nobody else/from Tim/nobody else/from Tim nobody has/from Tim/nobody has/from Tim nobody's/from Tim/nobody's/from Tim nobody else has/from Tim/nobody else has/from him nobody/from him/nobody/from him nobody else/from him/nobody else/from him nobody has/from him/nobody has/from him nobody's/from him/nobody's/from him nobody else has/from him/nobody else has/from her nobody/from her/nobody/from her nobody else/from her/nobody else/from her nobody has/from her/nobody has/from her nobody's/from her/nobody's/from her nobody else has/from her/nobody else has/from them nobody/from them/nobody/from them nobody else/from them/nobody else/from them nobody has/from them/nobody has/from them nobody's/from them/nobody's/from them nobody else has/from them/nobody else has
60000003223800335,TELEVID6298_SCANNER19,IT421001285712278862760000003223800335,07/07/2025,28/06/2025,8571227886,IT421,Romance,IT,12,27,NOT THAT WORTH,0.8108,NOTTHAT WORTH,,NoMatch,D432/01,not WORTH worrying [about/over]/not WORTH/worrying [about/over]
60000003223800335,TELEVID6298_SCANNER19,IT421001285712278862960000003223800335,07/07/2025,28/06/2025,8571227886,IT421,Romance,IT,12,29,PAY ATTENTION TO,0.8233,PAY ATTENTION TO,,Match,D432/01,pay (close) attention to/pay (close) attention/to/pay (careful) attention to/pay (careful) attention/to
60000003223800336,TELEVID6298_SCANNER19,IT421001385712278861560000003223800336,07/07/2025,28/06/2025,8571227886,IT421,Romance,IT,13,15,THOUGH,0.8019,THOUGH,,Match,D432/01,though
60000003223800337,TELEVID6298_SCANNER19,IT42100148571227886960000003223800337,07/07/2025,28/06/2025,8571227886,IT421,Romance,IT,14,9,MORE,0.8242,MORE,,Match,D432/01,more
60000003223800337,TELEVID6298_SCANNER19,IT421001485712278862560000003223800337,07/07/2025,28/06/2025,8571227886,IT421,Romance,IT,14,25,HAS BEEN MADE BY,0.8297,HAS BEEN MADE BY,,Match,D432/01,got made up by/got made/up by/was made up by/was made/up by
60000003223800337,TELEVID6298_SCANNER19,IT421001485712278862860000003223800337,07/07/2025,28/06/2025,8571227886,IT421,Romance,IT,14,28,FROM TIM NOBODY,0.8323,FROM TIM NOBODY,,Match,D432/01,from Tim nobody/from Tim/nobody/from Tim nobody else/from Tim/nobody else/from Tim nobody has/from Tim/nobody has/from Tim nobody's/from Tim/nobody's/from Tim nobody else has/from Tim/nobody else has/from him nobody/from him/nobody/from him nobody else/from him/nobody else/from him nobody has/from him/nobody has/from him nobody's/from him/nobody's/from him nobody else has/from him/nobody else has/from her nobody/from her/nobody/from her nobody else/from her/nobody else/from her nobody has/from her/nobody has/from her nobody's/from her/nobody's/from her nobody else has/from her/nobody else has/from them nobody/from them/nobody/from them nobody else/from them/nobody else/from them nobody has/from them/nobody has/from them nobody's/from them/nobody's/from them nobody else has/from them/nobody else has
60000003223800339,TELEVID6298_SCANNER19,IT421001685712278861860000003223800339,07/07/2025,28/06/2025,8571227886,IT421,Romance,IT,16,18,CONSUMATION,0.8136,CONSUMATION,,Match,D432/01,consumption
60000003223800341,TELEVID6298_SCANNER19,IT421001885712278862860000003223800341,07/07/2025,28/06/2025,8571227886,IT421,Romance,IT,18,28,"FROM TIM, NO BODY HAS",0.8363,"FROM TIM, NO BODY HAS",,Match,D432/01,from Tim nobody/from Tim/nobody/from Tim nobody else/from Tim/nobody else/from Tim nobody has/from Tim/nobody has/from Tim nobody's/from Tim/nobody's/from Tim nobody else has/from Tim/nobody else has/from him nobody/from him/nobody/from him nobody else/from him/nobody else/from him nobody has/from him/nobody has/from him nobody's/from him/nobody's/from him nobody else has/from him/nobody else has/from her nobody/from her/nobody/from her nobody else/from her/nobody else/from her nobody has/from her/nobody has/from her nobody's/from her/nobody's/from her nobody else has/from her/nobody else has/from them nobody/from them/nobody/from them nobody else/from them/nobody else/from them nobody has/from them/nobody has/from them nobody's/from them/nobody's/from them nobody else has/from them/nobody else has
60000003223800344,TELEVID6298_SCANNER19,IT42100218571227886460000003223800344,07/07/2025,28/06/2025,8571227886,IT421,Romance,IT,21,4,B,0.8254,B,,Match,D432/01,B
60000003223800344,TELEVID6298_SCANNER19,IT421002185712278862860000003223800344,07/07/2025,28/06/2025,8571227886,IT421,Romance,IT,21,28,FROM TIM NOBODY HAS,0.8463,FROM TIM NOBODY HAS,,Match,D432/01,from Tim nobody/from Tim/nobody/from Tim nobody else/from Tim/nobody else/from Tim nobody has/from Tim/nobody has/from Tim nobody's/from Tim/nobody's/from Tim nobody else has/from Tim/nobody else has/from him nobody/from him/nobody/from him nobody else/from him/nobody else/from him nobody has/from him/nobody has/from him nobody's/from him/nobody's/from him nobody else has/from him/nobody else has/from her nobody/from her/nobody/from her nobody else/from her/nobody else/from her nobody has/from her/nobody has/from her nobody's/from her/nobody's/from her nobody else has/from her/nobody else has/from them nobody/from them/nobody/from them nobody else/from them/nobody else/from them nobody has/from them/nobody has/from them nobody's/from them/nobody's/from them nobody else has/from them/nobody else has
60000003223800344,TELEVID6298_SCANNER19,IT421002185712278864060000003223800344,07/07/2025,28/06/2025,8571227886,IT421,Romance,IT,21,40,A,0.8367,A,,Match,D432/01,A
60000003223800432,TELEVID6298_SCANNER19,ES040000785712278862660000003223800432,07/07/2025,28/06/2025,8571227886,ES040,Romance,ES,7,26,JOHN OF EATING,0.8177,JOHN OF FATING,,NoMatch,D432/01,having eaten/John of eating/John of/eating/John of having eaten/John of/having eaten/him of eating/him of/eating/him of having eaten/him of/having eaten/her of eating/her of/eating/her of having eaten/her of/having eaten/them of eating/them of/eating/them of having eaten/them of
60000003223800559,TELEVID6298_SCANNER19,ES040013485712278861360000003223800559,07/07/2025,28/06/2025,8571227886,ES040,Romance,ES,134,13,AVOID,0.8201,AVOID,,Match,D432/01,many
60000003224100438,televid6302_SCANNER19,IT844000185712278861460000003224100438,07/07/2025,28/06/2025,8571227886,IT844,Romance,IT,1,14,MANY,0.8345,MANY,,Match,D432/01,up
60000003224100512,televid6302_SCANNER19,ES431000585712278861460000003224100512,07/07/2025,28/06/2025,8571227886,ES431,Romance,ES,5,14,UP,0.8271,VP,,NoMatch,D432/01,up
60000003224100514,televid6302_SCANNER19,ES431000785712278862760000003224100514,07/07/2025,28/06/2025,8571227886,ES431,Romance,ES,7,27,WORTH DON'T BE WORRIED ABOUT,0.8494,WORTH DON'T BE WORRIED ABOUT,,Match,D432/01,not WORTH worrying [about/over]/not WORTH/worrying [about/over]
60000003224100640,televid6302_SCANNER19,ES031002185712278864660000003224100640,07/07/2025,28/06/2025,8571227886,ES031,Romance,ES,21,46,--impossible--,0.8084,B,,NoMatch,D432/01,C
60000003224100644,televid6302_SCANNER19,ES03100258571227886160000003224100644,07/07/2025,28/06/2025,8571227886,ES031,Romance,ES,25,1,B,0.8028,B,,Match,D432/01,B
60000003224400089,televid6297_SCANNER19,IT69200027277125768460000003224400089,07/07/2025,21/06/2025,7277125768,IT692,Romance,IT,2,4,B,0.8202,B,,Match,D432/01,B
60000003224400091,televid6297_SCANNER19,IT692000472771257682760000003224400091,07/07/2025,21/06/2025,7277125768,IT692,Romance,IT,4,27,TO AVOID TO GET,0.8388,TO AVOID TO GET,,Match,D432/01,to AVOID (us) [getting/being]/to AVOID/(us) [getting/being]
60000003224400098,televid6297_SCANNER19,IT692001172771257681760000003224400098,07/07/2025,21/06/2025,7277125768,IT692,Romance,IT,11,17,WIDGHT,0.8339,WIDGHT,,Match,D432/01,widen
60000003224400102,televid6297_SCANNER19,IT692001572771257681160000003224400102,07/07/2025,21/06/2025,7277125768,IT692,Romance,IT,15,11,SOMETHING,0.8375,SOMETHING,,Match,D432/01,something/anything
60000003224800252,TELEVID6303_SCANNER19,ES031014485712278861860000003224800252,07/07/2025,28/06/2025,8571227886,ES031,Romance,ES,144,18,CONSUMITION,0.8056,CONSULTION,,NoMatch,D432/01,consumption
60000003224800320,TELEVID6303_SCANNER19,ES03100628571227886160000003224800320,07/07/2025,28/06/2025,8571227886,ES031,Romance,ES,62,1,B,0.8381,B,,Match,D432/01,B
60000003224800397,TELEVID6303_SCANNER19,ES031019285712278862860000003224800397,07/07/2025,28/06/2025,8571227886,ES031,Romance,ES,192,28,"TIM, NOBODY",0.8493,"TIM, NOBODY",,Match,D432/01,from Tim nobody/from Tim/nobody/from Tim nobody else/from Tim/nobody else/from Tim nobody has/from Tim/nobody has/from Tim nobody's/from Tim/nobody's/from Tim nobody else has/from Tim/nobody else has/from him nobody/from him/nobody/from him nobody else/from him/nobody else/from him nobody has/from him/nobody has/from him nobody's/from him/nobody's/from him nobody else has/from him/nobody else has/from her nobody/from her/nobody/from her nobody else/from her/nobody else/from her nobody has/from her/nobody has/from her nobody's/from her/nobody's/from her nobody else has/from her/nobody else has/from them nobody/from them/nobody/from them nobody else/from them/nobody else/from them nobody has/from them/nobody has/from them nobody's/from them/nobody's/from them nobody else has/from them/nobody else has
60000003224800401,TELEVID6303_SCANNER19,ES031019685712278862260000003224800401,07/07/2025,28/06/2025,8571227886,ES031,Romance,ES,196,22,PLEASEMENT,0.8372,PLEASEMENT,,Match,D432/01,pleasure
60000003224800413,TELEVID6303_SCANNER19,ES031020885712278863460000003224800413,07/07/2025,28/06/2025,8571227886,ES031,Romance,ES,208,34,B,0.8487,B,,Match,D432/01,B
60000003224800420,TELEVID6303_SCANNER19,ES031017685712278861160000003224800420,07/07/2025,28/06/2025,8571227886,ES031,Romance,ES,176,11,IT,0.8304,IT,,Match,D432/01,them
60000003225800515,TELEVID6295_SCANNER18,IT326000185712278861560000003225800515,08/07/2025,28/06/2025,8571227886,IT326,Romance,IT,1,15,IF,0.8281,1F,,NoMatch,D432/01,though
60000003225800515,TELEVID6295_SCANNER18,IT326000185712278862760000003225800515,08/07/2025,28/06/2025,8571227886,IT326,Romance,IT,1,27,WORTH WORRYING ABOUT,0.8337,WORTH WORRYING ABOUT,,Match,D432/01,not WORTH worrying [about/over]/not WORTH/worrying [about/over]
60000003225800727,TELEVID6295_SCANNER18,IT282001485712278861660000003225800727,08/07/2025,28/06/2025,8571227886,IT282,Romance,IT,14,16,IT,0.8133,IT,,Match,D432/01,which
300003694300415,TELEVID4889_SCANNER12,CH0011401553571344329300003694300415,06/03/2025,01/03/2025,5535713443,CH001,Germanic,CH,1401,29,WEEKS AGO WHEN HIS ANKLES BEGAN TO TROUBLE,0.8182,WEEKS AGO WHEN HIS ANKLES BEGAN TO TROUBLE,,Match,D441/01,several weeks ago (that) Tom's ankle started troubling/several weeks ago (that)/Tom's ankle started troubling/several weeks ago (that) Tom's ankle began troubling/several weeks ago (that)/Tom's ankle began troubling/several weeks ago (that) Tom's ankle started bothering/several weeks ago (that)/Tom's ankle started bothering/several weeks ago (that) Tom's ankle began bothering/several weeks ago (that)/Tom's ankle began bothering/several weeks ago when Tom's ankle started troubling/several weeks ago when/Tom's ankle started troubling/several weeks ago when Tom's ankle began troubling/several weeks ago when/Tom's ankle began troubling/several weeks ago when Tom's ankle started bothering/several weeks ago when/Tom's ankle started bothering/several weeks ago when Tom's ankle began bothering/several weeks ago when/Tom's ankle began bothering/several weeks ago Tom's ankle began to bother/several weeks ago/Tom's ankle began to bother/several weeks ago Tom's ankle began to trouble/several weeks ago/Tom's ankle began to trouble/several weeks ago Tom's ankle started to bother/several weeks ago/Tom's ankle started to bother/several weeks ago Tom's ankle started to trouble/several weeks ago/Tom's ankle started to trouble
300003694300416,TELEVID4889_SCANNER12,CH0011402553571344327300003694300416,06/03/2025,01/03/2025,5535713443,CH001,Germanic,CH,1402,27,IS DUE TO OPEN,0.8386,IS DUE TO OPEN,,Match,D441/01,[is/'s] due to open/[is/'s] due/to open/[is/'s] due to be open(ed)/[is/'s] due/to be open(ed)
300003694300416,TELEVID4889_SCANNER12,CH0011402553571344344300003694300416,06/03/2025,01/03/2025,5535713443,CH001,Germanic,CH,1402,44,C,0.8043,"A, C",,NoMatch,D441/01,A
300003694300420,TELEVID4889_SCANNER12,CH0011406553571344315300003694300420,06/03/2025,01/03/2025,5535713443,CH001,Germanic,CH,1406,15,KEPT,0.8448,KERE,,NoMatch,D441/01,had/saw
300003694300425,TELEVID4889_SCANNER12,CH0011411553571344325300003694300425,06/03/2025,01/03/2025,5535713443,CH001,Germanic,CH,1411,25,HER MIND WHICH RESULTED IN,0.8485,HERMIND WHICH RESULTED IN,,NoMatch,D441/01,and this resulted in (her having)/her mind which resulted in (her having)/her mind/which resulted in (her having)/her mind which resulted in her getting into/her mind/which resulted in her getting into/her mind and this resulted in (her having)/her mind
300003694700402,TELEVID4892_SCANNER12,CZ0018004553571344325300003694700402,06/03/2025,01/03/2025,5535713443,CZ001,Slavic,CZ,8004,25,HER MIND WHICH RESULTED IN,0.8084,HER MIND WHICH RESULTED IN,,Match,D441/01,and this resulted in (her having)/her mind which resulted in (her having)/her mind/which resulted in (her having)/her mind which resulted in her getting into/her mind/which resulted in her getting into/her mind and this resulted in (her having)/her mind
300003694700402,TELEVID4892_SCANNER12,CZ0018004553571344334300003694700402,06/03/2025,01/03/2025,5535713443,CZ001,Slavic,CZ,8004,34,B,0.8245,"B, C",,NoMatch,D441/01,B
300003694700403,TELEVID4892_SCANNER12,CZ0018005553571344329300003694700403,06/03/2025,01/03/2025,5535713443,CZ001,Slavic,CZ,8005,29,SEVERAL WEEKS AGO THAT TOM'S ANKLE STARTED TROUBLING,0.841,SEVERAL WEEKS AGO THAT TOM'S ANKLE STARTED TROUBLING,,Match,D441/01,several weeks ago (that) Tom's ankle started troubling/several weeks ago (that)/Tom's ankle started troubling/several weeks ago (that) Tom's ankle began troubling/several weeks ago (that)/Tom's ankle began troubling/several weeks ago (that) Tom's ankle started bothering/several weeks ago (that)/Tom's ankle started bothering/several weeks ago (that) Tom's ankle began bothering/several weeks ago (that)/Tom's ankle began bothering/several weeks ago when Tom's ankle started troubling/several weeks ago when/Tom's ankle started troubling/several weeks ago when Tom's ankle began troubling/several weeks ago when/Tom's ankle began troubling/several weeks ago when Tom's ankle started bothering/several weeks ago when/Tom's ankle started bothering/several weeks ago when Tom's ankle began bothering/several weeks ago when/Tom's ankle began bothering/several weeks ago Tom's ankle began to bother/several weeks ago/Tom's ankle began to bother/several weeks ago Tom's ankle began to trouble/several weeks ago/Tom's ankle began to trouble/several weeks ago Tom's ankle started to bother/several weeks ago/Tom's ankle started to bother/several weeks ago Tom's ankle started to trouble/several weeks ago/Tom's ankle started to trouble
300003694700405,TELEVID4892_SCANNER12,CZ0018007553571344333300003694700405,06/03/2025,01/03/2025,5535713443,CZ001,Slavic,CZ,8007,33,C,0.831,C,,Match,D441/01,C
300003694700407,TELEVID4892_SCANNER12,CZ0018009553571344334300003694700407,06/03/2025,01/03/2025,5535713443,CZ001,Slavic,CZ,8009,34,B,0.8095,B,,Match,D441/01,B
300003694700408,TELEVID4892_SCANNER12,CZ0018010553571344332300003694700408,06/03/2025,01/03/2025,5535713443,CZ001,Slavic,CZ,8010,32,C,0.8375,C,,Match,D441/01,D
300003694700409,TELEVID4892_SCANNER12,CZ001801155357134433300003694700409,06/03/2025,01/03/2025,5535713443,CZ001,Slavic,CZ,8011,3,B,0.8473,B,,Match,D441/01,B
300003949000623,TELEVID5363_SCANNER13,CH0550004731192399718300003949000623,15/05/2025,10/05/2025,7311923997,CH055,Germanic,CH,4,18,INEFFECTIVE,0.8029,INEFFECTIVE,,Match,D441/01,ineffective
300003949000623,TELEVID5363_SCANNER13,CH0550004731192399730300003949000623,15/05/2025,10/05/2025,7311923997,CH055,Germanic,CH,4,30,TAKEN FOR GRANTED THAT SARAH WOULD BE,0.8108,TAKEN FOR GRANTED THAT SARAH WOULD BE,,Match,D441/01,taken for granted (that) Sarah [would/'d] be/taken for granted/(that) Sarah [would/'d] be/taken for granted (that) Sarah [would/'d] get/taken for granted/(that) Sarah [would/'d] get
300003972700004,TELEVID5400_SCANNER13,DE3210001731192399729300003972700004,16/05/2025,10/05/2025,7311923997,DE321,Germanic,DE,1,29,NO TELLING HOW LONG IT,0.8022,NOTELLING HOW LONG IT,,NoMatch,D441/01,no (way of) telling how long the project/no (way of) telling/how long the project/no (way of) telling how long this project/no (way of) telling/how long this project
300004029500094,TELEVID5466_SCANNER12,CH0085002731192399736300004029500094,21/05/2025,10/05/2025,7311923997,CH008,Germanic,CH,5002,36,C,0.8064,D,,NoMatch,D441/01,C
300004029500098,TELEVID5466_SCANNER12,CH0085006731192399729300004029500098,21/05/2025,10/05/2025,7311923997,CH008,Germanic,CH,5006,29,NO TELLING HOW LONG THIS PROJEKT,0.803,NO TELLING HOW LONG THIS PROJEKT,,Match,D441/01,no (way of) telling how long the project/no (way of) telling/how long the project/no (way of) telling how long this project/no (way of) telling/how long this project
300004029500104,TELEVID5466_SCANNER12,CH0085012731192399718300004029500104,21/05/2025,10/05/2025,7311923997,CH008,Germanic,CH,5012,18,INEFFCTIVE,0.8062,INEFFCTIVE,,Match,D441/01,ineffective
300004029500106,TELEVID5466_SCANNER12,CH008501473119239972300004029500106,21/05/2025,10/05/2025,7311923997,CH008,Germanic,CH,5014,2,A,0.8044,"A, B",,NoMatch,D441/01,A
300004029500108,TELEVID5466_SCANNER12,CH0085016731192399715300004029500108,21/05/2025,10/05/2025,7311923997,CH008,Germanic,CH,5016,15,HOMAGE,0.8358,HUMAGE,,NoMatch,D441/01,down
300004029500108,TELEVID5466_SCANNER12,CH0085016731192399718300004029500108,21/05/2025,10/05/2025,7311923997,CH008,Germanic,CH,5016,18,INEFFECTIVE,0.8055,INEFFECTIVE,,Match,D441/01,ineffective
300004029500108,TELEVID5466_SCANNER12,CH0085016731192399735300004029500108,21/05/2025,10/05/2025,7311923997,CH008,Germanic,CH,5016,35,B,0.8034,B,,Match,D441/01,D
300004029500110,TELEVID5466_SCANNER12,CH0085018731192399731300004029500110,21/05/2025,10/05/2025,7311923997,CH008,Germanic,CH,5018,31,B,0.834,B,,Match,D441/01,B
300004029500113,TELEVID5466_SCANNER12,CH0085021731192399731300004029500113,21/05/2025,10/05/2025,7311923997,CH008,Germanic,CH,5021,31,A,0.8495,A,,Match,D441/01,B
300004029500116,TELEVID5466_SCANNER12,CH0085024731192399721300004029500116,21/05/2025,10/05/2025,7311923997,CH008,Germanic,CH,5024,21,VISION,0.8251,VISION,,Match,D441/01,visibility
300004029500116,TELEVID5466_SCANNER12,CH0085024731192399734300004029500116,21/05/2025,10/05/2025,7311923997,CH008,Germanic,CH,5024,34,--impossible--,0.8141,C,,NoMatch,D441/01,A
300004029500378,TELEVID5466_SCANNER12,CH0595305731192399725300004029500378,21/05/2025,10/05/2025,7311923997,CH059,Germanic,CH,5305,25,"BROKE HER PROMISE, WHICH RESULTED IN",0.8493,"BROKE HER PROMISE, WHICH RESULTED IN",,Match,D441/01,broke her promise (much) to/broke her promise/(much) to/broke her word (much) to/broke her word/(much) to/broke a promise (much) to/broke a promise/(much) to
300004029500378,TELEVID5466_SCANNER12,CH0595305731192399739300004029500378,21/05/2025,10/05/2025,7311923997,CH059,Germanic,CH,5305,39,--impossible--,0.8341,C,,NoMatch,D441/01,B
300004029500379,TELEVID5466_SCANNER12,CH0595306731192399726300004029500379,21/05/2025,10/05/2025,7311923997,CH059,Germanic,CH,5306,26,WARNING HAS BEEN ISSUED TO THE,0.828,WARNING HAS BEEN ISSUED TO THE,,Match,D441/01,warning [has/'s] been issued to/warning [has/'s]/been issued to
300004029500383,TELEVID5466_SCANNER12,CH0595310731192399729300004029500383,21/05/2025,10/05/2025,7311923997,CH059,Germanic,CH,5310,29,NO WAY OF TELLING HOW LONG IT,0.825,NO WAY OF TELLING HOW LONG IT,,Match,D441/01,no (way of) telling how long the project/no (way of) telling/how long the project/no (way of) telling how long this project/no (way of) telling/how long this project
300004048600013,TELEVID5480_SCANNER12,CH1880003236079224331300004048600013,22/05/2025,17/05/2025,2360792243,CH188,Germanic,CH,3,31,C,0.8112,C,,Match,D441/01,C
300004048600179,TELEVID5480_SCANNER12,GR1180019236079224327300004048600179,22/05/2025,17/05/2025,2360792243,GR118,Greek,GR,19,27,BEHAVIOR IS COMPLETELY OUT,0.8055,BEHAVIOR IS COMPLETELY OUT,,Match,D441/01,[behaviour/behavior] yesterday was completely out/[behaviour/behavior] yesterday was/completely out
300004048600179,TELEVID5480_SCANNER12,GR1180019236079224330300004048600179,22/05/2025,17/05/2025,2360792243,GR118,Greek,GR,19,30,SOONER HAD JANINE WALKED IN THAN,0.8388,SOONER HAD JANINE WALKED IN THAN,,Match,D441/01,sooner had Janine come in than/sooner had/Janine come in than/sooner had Janine entered than/sooner had/Janine entered than/sooner had Janine walked in than/sooner had/Janine walked in than
300004048600179,TELEVID5480_SCANNER12,GR1180019236079224351300004048600179,22/05/2025,17/05/2025,2360792243,GR118,Greek,GR,19,51,B,0.815,B,,Match,D441/01,B
300004048600190,TELEVID5480_SCANNER12,GR1180030236079224323300004048600190,22/05/2025,17/05/2025,2360792243,GR118,Greek,GR,30,23,RELATIVLY,0.8399,RELATIVLY,,Match,D441/01,relatively
300004048600190,TELEVID5480_SCANNER12,GR1180030236079224327300004048600190,22/05/2025,17/05/2025,2360792243,GR118,Greek,GR,30,27,BEHAVIOUR YESTERDAY WAS COMPLETELY OUT,0.8179,BEHAVIOUR YESTERDAY WAS COMPLETELY OUT,,Match,D441/01,[behaviour/behavior] yesterday was completely out/[behaviour/behavior] yesterday was/completely out
300004048600282,TELEVID5480_SCANNER12,GR1188736236079224330300004048600282,22/05/2025,17/05/2025,2360792243,GR118,Greek,GR,8736,30,SOONER BEFORE JANINE WALKED IN,0.807,SOONER BEFORE JANINE WALKED IN,,Match,D441/01,sooner had Janine come in than/sooner had/Janine come in than/sooner had Janine entered than/sooner had/Janine entered than/sooner had Janine walked in than/sooner had/Janine walked in than
300004048600308,TELEVID5480_SCANNER12,GR1188762236079224330300004048600308,22/05/2025,17/05/2025,2360792243,GR118,Greek,GR,8762,30,SOONER THAN JANINE WALKING IN,0.8217,SOONER THAN JANINE WALKING IN,,Match,D441/01,sooner had Janine come in than/sooner had/Janine come in than/sooner had Janine entered than/sooner had/Janine entered than/sooner had Janine walked in than/sooner had/Janine walked in than
300004048600327,TELEVID5480_SCANNER12,GR118810523607922439300004048600327,22/05/2025,17/05/2025,2360792243,GR118,Greek,GR,8105,9,WITH,0.807,WJTH,,NoMatch,D441/01,with
300004048600327,TELEVID5480_SCANNER12,GR1188105236079224320300004048600327,22/05/2025,17/05/2025,2360792243,GR118,Greek,GR,8105,20,ILLITERATE,0.8314,ILLITERATE,,Match,D441/01,illiterate
300004048600329,TELEVID5480_SCANNER12,GR1188107236079224328300004048600329,22/05/2025,17/05/2025,2360792243,GR118,Greek,GR,8107,28,WAS TALKED INTO BYING BOTH DRESSES BY,0.8478,WAS TALKED INTO BYING BOTH DRESSES BY,,Match,D441/01,was talked into buying both dresses by/was talked into/buying both dresses by/got talked into buying both dresses by/got talked into/buying both dresses by
300004048600332,TELEVID5480_SCANNER12,GR1188110236079224334300004048600332,22/05/2025,17/05/2025,2360792243,GR118,Greek,GR,8110,34,B,0.8159,B,,Match,D441/01,B
300004048600348,TELEVID5480_SCANNER12,GR1188126236079224324300004048600348,22/05/2025,17/05/2025,2360792243,GR118,Greek,GR,8126,24,VEILED,0.8282,VEILED,,Match,D441/01,unveiled
300004048600350,TELEVID5480_SCANNER12,GR1188128236079224328300004048600350,22/05/2025,17/05/2025,2360792243,GR118,Greek,GR,8128,28,WAS TALKED INTO BUYING BOTH DRESSES FROM,0.8445,WAS TALKED INTO BUYING BOTH DRESSES FROM,,Match,D441/01,was talked into buying both dresses by/was talked into/buying both dresses by/got talked into buying both dresses by/got talked into/buying both dresses by
300004048600351,TELEVID5480_SCANNER12,GR1188129236079224310300004048600351,22/05/2025,17/05/2025,2360792243,GR118,Greek,GR,8129,10,IT,0.8452,IT,,Match,D441/01,which
300004048600352,TELEVID5480_SCANNER12,GR1188130236079224330300004048600352,22/05/2025,17/05/2025,2360792243,GR118,Greek,GR,8130,30,SOONER THAN JANINES ARRIVAL,0.8373,SOONER THAN JANINES ARRIVAL,,Match,D441/01,sooner had Janine come in than/sooner had/Janine come in than/sooner had Janine entered than/sooner had/Janine entered than/sooner had Janine walked in than/sooner had/Janine walked in than
300004048600353,TELEVID5480_SCANNER12,GR1188131236079224330300004048600353,22/05/2025,17/05/2025,2360792243,GR118,Greek,GR,8131,30,"SOONER HAD JANINE WALKED IN, THAN",0.8085,"SOONER HAD JANINE WALKED IN, THAN",,Match,D441/01,sooner had Janine come in than/sooner had/Janine come in than/sooner had Janine entered than/sooner had/Janine entered than/sooner had Janine walked in than/sooner had/Janine walked in than
300004048600429,TELEVID5480_SCANNER12,GR1188095236079224324300004048600429,22/05/2025,17/05/2025,2360792243,GR118,Greek,GR,8095,24,VEILLED,0.836,VEILLED,,Match,D441/01,unveiled
300004048600827,TELEVID5480_SCANNER12,GR1188713236079224328300004048600827,22/05/2025,17/05/2025,2360792243,GR118,Greek,GR,8713,28,WAS TALKED INTO BUYING BOTH DRESSES BY,0.8279,WAS TALKED INTO BUYING BOTH DRESSES BY,,Match,D441/01,was talked into buying both dresses by/was talked into/buying both dresses by/got talked into buying both dresses by/got talked into/buying both dresses by
300004048600827,TELEVID5480_SCANNER12,GR1188713236079224329300004048600827,22/05/2025,17/05/2025,2360792243,GR118,Greek,GR,8713,29,MUCH TO GET THE HANG OF,0.8233,MUCH TO GET THE HANG DF,,NoMatch,D441/01,long to get the hang of/long to get/the hang of/much time to get the hang of/much time to get/the hang of
300004048600829,TELEVID5480_SCANNER12,GR1188715236079224328300004048600829,22/05/2025,17/05/2025,2360792243,GR118,Greek,GR,8715,28,WAS TALKED THROUGH TO BUY BOTH DRESSES BY,0.8149,WAS TALKED THROUGH TO BUY BOTH DRESSES BY,,Match,D441/01,was talked into buying both dresses by/was talked into/buying both dresses by/got talked into buying both dresses by/got talked into/buying both dresses by
300004048600834,TELEVID5480_SCANNER12,GR1188720236079224343300004048600834,22/05/2025,17/05/2025,2360792243,GR118,Greek,GR,8720,43,--impossible--,0.8329,C,,NoMatch,D441/01,B
300004048600844,TELEVID5480_SCANNER12,GR1188730236079224329300004048600844,22/05/2025,17/05/2025,2360792243,GR118,Greek,GR,8730,29,LONG TO HANG ON WITH,0.8315,LONG TO HANG ON WITH,,Match,D441/01,long to get the hang of/long to get/the hang of/much time to get the hang of/much time to get/the hang of
300004048600844,TELEVID5480_SCANNER12,GR1188730236079224332300004048600844,22/05/2025,17/05/2025,2360792243,GR118,Greek,GR,8730,32,B,0.8081,B,,Match,D441/01,D
300004064000205,TELEVID5514_SCANNER12,GR1188533236079224321300004064000205,23/05/2025,17/05/2025,2360792243,GR118,Greek,GR,8533,21,DOCUMENTAL,0.8161,DOCUMENTAL,,Match,D441/01,documentary/documented
300004064000205,TELEVID5514_SCANNER12,GR1188533236079224325300004064000205,23/05/2025,17/05/2025,2360792243,GR118,Greek,GR,8533,25,NOT UP TO ME TO HAND,0.8027,NOT UP TO ME TO HAND,,Match,D441/01,not up to me to hand/not up to me/to hand/up to someone else to hand/up to someone else/to hand/up to somebody else to hand/up to somebody else/to hand
300004064000208,TELEVID5514_SCANNER12,GR1188536236079224325300004064000208,23/05/2025,17/05/2025,2360792243,GR118,Greek,GR,8536,25,TT IS NOT UP TO ME TO PASS,0.8048,TT IS NOT UP TO ME @ PASS,,NoMatch,D441/01,not up to me to hand/not up to me/to hand/up to someone else to hand/up to someone else/to hand/up to somebody else to hand/up to somebody else/to hand
300004064000208,TELEVID5514_SCANNER12,GR1188536236079224335300004064000208,23/05/2025,17/05/2025,2360792243,GR118,Greek,GR,8536,35,C,0.8215,C,,Match,D441/01,A
300004064000211,TELEVID5514_SCANNER12,GR1188539236079224329300004064000211,23/05/2025,17/05/2025,2360792243,GR118,Greek,GR,8539,29,MUCH TIME GETTING THE HANG OF,0.8345,MUCH TIME GETTING THE HANG OF,,Match,D441/01,long to get the hang of/long to get/the hang of/much time to get the hang of/much time to get/the hang of
300004064000213,TELEVID5514_SCANNER12,GR1188541236079224327300004064000213,23/05/2025,17/05/2025,2360792243,GR118,Greek,GR,8541,27,BEHAIVIOUR WAS COMPLETELY OUT,0.8086,BEHAIVIOUR WAS COMPLETELY OUT,,Match,D441/01,[behaviour/behavior] yesterday was completely out/[behaviour/behavior] yesterday was/completely out
300004064000214,TELEVID5514_SCANNER12,GR1188542236079224330300004064000214,23/05/2025,17/05/2025,2360792243,GR118,Greek,GR,8542,30,SOONER DID JANICE WALKED IN,0.8291,SOONER DID JANICE WALKED IN,,Match,D441/01,sooner had Janine come in than/sooner had/Janine come in than/sooner had Janine entered than/sooner had/Janine entered than/sooner had Janine walked in than/sooner had/Janine walked in than
300004064000600,TELEVID5514_SCANNER12,GR1188479236079224314300004064000600,23/05/2025,17/05/2025,2360792243,GR118,Greek,GR,8479,14,CIRCUMSTANCES,0.8476,CIRCUMSTANCES,,Match,D441/01,odds
300004064000619,TELEVID5514_SCANNER12,GR1188630236079224328300004064000619,23/05/2025,17/05/2025,2360792243,GR118,Greek,GR,8630,28,WAS TALKED INTO BUYING BOTH DRESSES BY,0.8285,WAS TALKED INTO BUYING BOTH DRESSES BY,,Match,D441/01,was talked into buying both dresses by/was talked into/buying both dresses by/got talked into buying both dresses by/got talked into/buying both dresses by
300004064000622,TELEVID5514_SCANNER12,GR1188633236079224329300004064000622,23/05/2025,17/05/2025,2360792243,GR118,Greek,GR,8633,29,LONG TO HANG ON,0.801,LONG TO HANG ON,,Match,D441/01,long to get the hang of/long to get/the hang of/much time to get the hang of/much time to get/the hang of
300004064000622,TELEVID5514_SCANNER12,GR1188633236079224330300004064000622,23/05/2025,17/05/2025,2360792243,GR118,Greek,GR,8633,30,SOONER THAN THE MINUTE JANINE WALKED IN,0.823,SOONER THAN THE MINUTE JANINE WALKED IN,,Match,D441/01,sooner had Janine come in than/sooner had/Janine come in than/sooner had Janine entered than/sooner had/Janine entered than/sooner had Janine walked in than/sooner had/Janine walked in than
300004064000622,TELEVID5514_SCANNER12,GR1188633236079224338300004064000622,23/05/2025,17/05/2025,2360792243,GR118,Greek,GR,8633,38,C,0.8358,C,,Match,D441/01,G
300004064400541,TELEVID5508_SCANNER12,GR1188614236079224319300004064400541,23/05/2025,17/05/2025,2360792243,GR118,Greek,GR,8614,19,ENABLED,0.8478,ENABLED,,Match,D441/01,enabled
300004064400541,TELEVID5508_SCANNER12,GR1188614236079224330300004064400541,23/05/2025,17/05/2025,2360792243,GR118,Greek,GR,8614,30,SOONER DID JANINE WALK IN,0.8475,SOONER DID JANINE WALK IN,,Match,D441/01,sooner had Janine come in than/sooner had/Janine come in than/sooner had Janine entered than/sooner had/Janine entered than/sooner had Janine walked in than/sooner had/Janine walked in than
300004064700066,TELEVID5502_SCANNER12,GR1188312236079224318300004064700066,23/05/2025,17/05/2025,2360792243,GR118,Greek,GR,8312,18,PHILOSOPHICALLY,0.8442,PHILOSOPHICALLY,,Match,D441/01,philosophical
300004064700066,TELEVID5502_SCANNER12,GR1188312236079224321300004064700066,23/05/2025,17/05/2025,2360792243,GR118,Greek,GR,8312,21,DOCUMENTED,0.8445,DOLUMENTED,,NoMatch,D441/01,documentary/documented
300004064700070,TELEVID5502_SCANNER12,GR1188316236079224348300004064700070,23/05/2025,17/05/2025,2360792243,GR118,Greek,GR,8316,48,D,0.8127,D,,Match,D441/01,D
300004067700440,TELEVID5511_SCANNER13,GR1188501236079224330300004067700440,23/05/2025,17/05/2025,2360792243,GR118,Greek,GR,8501,30,SOONER THAN WHEN JANINE WALKED IN,0.8359,SOONER THAN WHEN JANINE WALKED IN,,Match,D441/01,sooner had Janine come in than/sooner had/Janine come in than/sooner had Janine entered than/sooner had/Janine entered than/sooner had Janine walked in than/sooner had/Janine walked in than
300004067700500,TELEVID5511_SCANNER13,GR1188435236079224330300004067700500,23/05/2025,17/05/2025,2360792243,GR118,Greek,GR,8435,30,SOONER HAD JANINE WALKED IN WHEN,0.8083,SOONER HAD JANINE WALKED IN WHEN,,Match,D441/01,sooner had Janine come in than/sooner had/Janine come in than/sooner had Janine entered than/sooner had/Janine entered than/sooner had Janine walked in than/sooner had/Janine walked in than
300004067700506,TELEVID5511_SCANNER13,GR1188802236079224328300004067700506,23/05/2025,17/05/2025,2360792243,GR118,Greek,GR,8802,28,BOUGHT BOTH DRESSES BECAUSE I TALKED TO,0.8215,BOUGHT BOTH DRESSES BECAUSE I TALKED TO,,Match,D441/01,was talked into buying both dresses by/was talked into/buying both dresses by/got talked into buying both dresses by/got talked into/buying both dresses by
300004067700509,TELEVID5511_SCANNER13,GR1188805236079224310300004067700509,23/05/2025,17/05/2025,2360792243,GR118,Greek,GR,8805,10,PICTURE,0.8286,DICTUAI,,NoMatch,D441/01,which
300004067700509,TELEVID5511_SCANNER13,GR1188805236079224322300004067700509,23/05/2025,17/05/2025,2360792243,GR118,Greek,GR,8805,22,IMPASS,0.8399,INDASS,,NoMatch,D441/01,passable
300004067700509,TELEVID5511_SCANNER13,GR1188805236079224336300004067700509,23/05/2025,17/05/2025,2360792243,GR118,Greek,GR,8805,36,D,0.8242,D,,Match,D441/01,D
300004067700522,TELEVID5511_SCANNER13,GR1188818236079224324300004067700522,23/05/2025,17/05/2025,2360792243,GR118,Greek,GR,8818,24,VEILING,0.8469,VEILING,,Match,D441/01,unveiled
300004067700525,TELEVID5511_SCANNER13,GR1188821236079224328300004067700525,23/05/2025,17/05/2025,2360792243,GR118,Greek,GR,8821,28,WAS TALKED IN TO BUY BOTH DRESSES BY,0.8433,WAS TALKED IN TO BUY BOTH DRESSES BY,,Match,D441/01,was talked into buying both dresses by/was talked into/buying both dresses by/got talked into buying both dresses by/got talked into/buying both dresses by
300004067700527,TELEVID5511_SCANNER13,GR1188823236079224322300004067700527,23/05/2025,17/05/2025,2360792243,GR118,Greek,GR,8823,22,UNSURPASSED,0.8112,UNSURPASSED,,Match,D441/01,passable
300004067700527,TELEVID5511_SCANNER13,GR1188823236079224330300004067700527,23/05/2025,17/05/2025,2360792243,GR118,Greek,GR,8823,30,SOONER THAN JANINE WALKED IN DID,0.831,SOUNER THAN JANINE WALKED IN DID,,NoMatch,D441/01,sooner had Janine come in than/sooner had/Janine come in than/sooner had Janine entered than/sooner had/Janine entered than/sooner had Janine walked in than/sooner had/Janine walked in than
300004067700531,TELEVID5511_SCANNER13,GR1188827236079224331300004067700531,23/05/2025,17/05/2025,2360792243,GR118,Greek,GR,8827,31,B,0.8209,B,,Match,D441/01,C
300004067700736,TELEVID5511_SCANNER13,GR1188684236079224334300004067700736,23/05/2025,17/05/2025,2360792243,GR118,Greek,GR,8684,34,B,0.8497,B,,Match,D441/01,B
300004067700740,TELEVID5511_SCANNER13,GR1188688236079224322300004067700740,23/05/2025,17/05/2025,2360792243,GR118,Greek,GR,8688,22,UNPASSABLE,0.8208,UNPASSABLE,,Match,D441/01,passable
300004067700751,TELEVID5511_SCANNER13,GR1188699236079224326300004067700751,23/05/2025,17/05/2025,2360792243,GR118,Greek,GR,8699,26,IMPORTANCE OF THE FINDING OF THE SOLUTION,0.8205,IMPORTANCE OF THE FINDING OF THE SOLUTION,,Match,D441/01,importance of finding a solution/importance of/finding a solution/importance of finding an answer/importance of/finding an answer/importance of finding the solution/importance of/finding the solution/importance of finding the answer/importance of/finding the answer
300004067700829,TELEVID5511_SCANNER13,GR1188475236079224332300004067700829,23/05/2025,17/05/2025,2360792243,GR118,Greek,GR,8475,32,C,0.8155,C,,Match,D441/01,D
300004067700844,TELEVID5511_SCANNER13,GR1188481236079224324300004067700844,23/05/2025,17/05/2025,2360792243,GR118,Greek,GR,8481,24,VEILDED,0.841,VEILDED,,Match,D441/01,unveiled
300004067700852,TELEVID5511_SCANNER13,GR1188489236079224331300004067700852,23/05/2025,17/05/2025,2360792243,GR118,Greek,GR,8489,31,C,0.8141,C,,Match,D441/01,C
300004067700934,TELEVID5511_SCANNER13,GR1188584236079224330300004067700934,23/05/2025,17/05/2025,2360792243,GR118,Greek,GR,8584,30,SOONER HAD JANINE WALKED IN THAN,0.8056,SCONER HAD JANINE WALKED IN THAN,,NoMatch,D441/01,sooner had Janine come in than/sooner had/Janine come in than/sooner had Janine entered than/sooner had/Janine entered than/sooner had Janine walked in than/sooner had/Janine walked in than
300004071700915,TELEVID5520_SCANNER13,GR8068002236079224330300004071700915,23/05/2025,17/05/2025,2360792243,GR806,Greek,GR,8002,30,SOONER HAD JANICE WALKED IN THAT,0.8046,SOONER HAD JANICE WALKED IN THAT,,Match,D441/01,sooner had Janine come in than/sooner had/Janine come in than/sooner had Janine entered than/sooner had/Janine entered than/sooner had Janine walked in than/sooner had/Janine walked in than
300004071700923,TELEVID5520_SCANNER13,GR8068010236079224310300004071700923,23/05/2025,17/05/2025,2360792243,GR806,Greek,GR,8010,10,IT,0.8083,IT,,Match,D441/01,which
300004075000019,TELEVID5516_SCANNER13,GR1188773236079224321300004075000019,23/05/2025,17/05/2025,2360792243,GR118,Greek,GR,8773,21,DOCUMENTAL,0.8293,DOCUMENTAL,,Match,D441/01,documentary/documented
300004075000019,TELEVID5516_SCANNER13,GR1188773236079224331300004075000019,23/05/2025,17/05/2025,2360792243,GR118,Greek,GR,8773,31,C,0.8237,C,,Match,D441/01,C
300004075000072,TELEVID5516_SCANNER13,GR1188626236079224336300004075000072,23/05/2025,17/05/2025,2360792243,GR118,Greek,GR,8626,36,C,0.8207,C,,Match,D441/01,D
300004075000074,TELEVID5516_SCANNER13,GR1188628236079224344300004075000074,23/05/2025,17/05/2025,2360792243,GR118,Greek,GR,8628,44,E,0.83,--blank--,,NoMatch,D441/01,D
300004075000173,TELEVID5516_SCANNER13,GR1188521236079224324300004075000173,23/05/2025,17/05/2025,2360792243,GR118,Greek,GR,8521,24,VEIL,0.8455,VEIL,,Match,D441/01,unveiled
300004075000174,TELEVID5516_SCANNER13,GR1188522236079224334300004075000174,23/05/2025,17/05/2025,2360792243,GR118,Greek,GR,8522,34,B,0.8214,B,,Match,D441/01,B
300004075000178,TELEVID5516_SCANNER13,GR1188526236079224336300004075000178,23/05/2025,17/05/2025,2360792243,GR118,Greek,GR,8526,36,D,0.8333,D,,Match,D441/01,D
300004075000525,TELEVID5516_SCANNER13,GR1188006236079224327300004075000525,23/05/2025,17/05/2025,2360792243,GR118,Greek,GR,8006,27,BEHAVIOUR WAS COMEPLETELY OUT,0.8105,BIHAVIOUR WAS COMPLETELY OUT,,NoMatch,D441/01,[behaviour/behavior] yesterday was completely out/[behaviour/behavior] yesterday was/completely out
300004075000531,TELEVID5516_SCANNER13,GR1188012236079224327300004075000531,23/05/2025,17/05/2025,2360792243,GR118,Greek,GR,8012,27,BEHAVIOUR YESTERDAY WAS COMPLETELY OUT,0.8375,BEHAVIOUR YESTERDAY WAS COMPLETELY OUT,,Match,D441/01,[behaviour/behavior] yesterday was completely out/[behaviour/behavior] yesterday was/completely out
300004075000532,TELEVID5516_SCANNER13,GR1188013236079224324300004075000532,23/05/2025,17/05/2025,2360792243,GR118,Greek,GR,8013,24,VEILOUS,0.8443,VEILOUS,,Match,D441/01,unveiled
300004075000795,TELEVID5516_SCANNER13,GR1188783236079224327300004075000795,23/05/2025,17/05/2025,2360792243,GR118,Greek,GR,8783,27,BEHAVIOR YESTERDAY WAS COMPLETELY OUT,0.8104,BEHAVIOR YESTERDAY WAS COMPLETELY OUT,,Match,D441/01,[behaviour/behavior] yesterday was completely out/[behaviour/behavior] yesterday was/completely out
300004075000797,TELEVID5516_SCANNER13,GR1188785236079224329300004075000797,23/05/2025,17/05/2025,2360792243,GR118,Greek,GR,8785,29,LONG TO GET THE HANG OF,0.8401,LONG TO GET THE HAWG OF,,NoMatch,D441/01,long to get the hang of/long to get/the hang of/much time to get the hang of/much time to get/the hang of
300004075000798,TELEVID5516_SCANNER13,GR1188786236079224321300004075000798,23/05/2025,17/05/2025,2360792243,GR118,Greek,GR,8786,21,DOCUMENTED,0.8436,DOCUMENTED,,Match,D441/01,documentary/documented
300004075000800,TELEVID5516_SCANNER13,GR1188788236079224328300004075000800,23/05/2025,17/05/2025,2360792243,GR118,Greek,GR,8788,28,WAS TALKED THROUGH BUYING BOTH DRESSES BY,0.8208,WAS TALKED THROUGH BUVING BOTH DRESSES BY,,NoMatch,D441/01,was talked into buying both dresses by/was talked into/buying both dresses by/got talked into buying both dresses by/got talked into/buying both dresses by
300004075000804,TELEVID5516_SCANNER13,GR1188792236079224330300004075000804,23/05/2025,17/05/2025,2360792243,GR118,Greek,GR,8792,30,SOONER THAN JANINE WALKED IN,0.8092,SOONER THAN JANINE WALKED IN,,Match,D441/01,sooner had Janine come in than/sooner had/Janine come in than/sooner had Janine entered than/sooner had/Janine entered than/sooner had Janine walked in than/sooner had/Janine walked in than
300004128300324,TELEVID5554_SCANNER12,GR0268081236079224329300004128300324,27/05/2025,17/05/2025,2360792243,GR026,Greek,GR,8081,29,LONG TO GET THE HANG OF,0.8046,LONG TO GET THE HANG OF,,Match,D441/01,long to get the hang of/long to get/the hang of/much time to get the hang of/much time to get/the hang of
300004128300334,TELEVID5554_SCANNER12,GR0268091236079224325300004128300334,27/05/2025,17/05/2025,2360792243,GR026,Greek,GR,8091,25,NOT UP TO ME TO PASS,0.8144,NOT UP 70 ME 70 PASS,,NoMatch,D441/01,not up to me to hand/not up to me/to hand/up to someone else to hand/up to someone else/to hand/up to somebody else to hand/up to somebody else/to hand
300004128300339,TELEVID5554_SCANNER12,GR0268096236079224341300004128300339,27/05/2025,17/05/2025,2360792243,GR026,Greek,GR,8096,41,E,0.8054,E,,Match,D441/01,F
300004128300349,TELEVID5554_SCANNER12,GR0268106236079224327300004128300349,27/05/2025,17/05/2025,2360792243,GR026,Greek,GR,8106,27,BEHAVIOUR WAS COMPLETELY OUT,0.8177,BEHAVIOUR WAS COMPLETELY OUT,,Match,D441/01,[behaviour/behavior] yesterday was completely out/[behaviour/behavior] yesterday was/completely out
300004128300352,TELEVID5554_SCANNER12,GR0268109236079224325300004128300352,27/05/2025,17/05/2025,2360792243,GR026,Greek,GR,8109,25,NOT UP TO ME TO GIVE,0.8397,NOT UP TO ME TO GIVE,,Match,D441/01,not up to me to hand/not up to me/to hand/up to someone else to hand/up to someone else/to hand/up to somebody else to hand/up to somebody else/to hand
300004128300355,TELEVID5554_SCANNER12,GR0268112236079224316300004128300355,27/05/2025,17/05/2025,2360792243,GR026,Greek,GR,8112,16,INTO,0.8156,IDTO,,NoMatch,D441/01,into/to
300004128900131,TELEVID5551_SCANNER13,GR0058004236079224334300004128900131,27/05/2025,17/05/2025,2360792243,GR005,Greek,GR,8004,34,B,0.8463,B,,Match,D441/01,B
300004128900134,TELEVID5551_SCANNER13,GR0058007236079224328300004128900134,27/05/2025,17/05/2025,2360792243,GR005,Greek,GR,8007,28,WAS TALKED INTO BUYING BOTH DRESSES BY,0.8365,WAS TALKED INTO BUYING BOTH DRESSES BY,,Match,D441/01,was talked into buying both dresses by/was talked into/buying both dresses by/got talked into buying both dresses by/got talked into/buying both dresses by
300004128900135,TELEVID5551_SCANNER13,GR0058008236079224324300004128900135,27/05/2025,17/05/2025,2360792243,GR005,Greek,GR,8008,24,VEILED,0.8064,VEILED,,Match,D441/01,unveiled
300004128900141,TELEVID5551_SCANNER13,GR0058014236079224327300004128900141,27/05/2025,17/05/2025,2360792243,GR005,Greek,GR,8014,27,BEHAVIOUR YESTERDAY WAS COMPLETELY OUT,0.8212,BEHAVIOUR YESTERDAY WAS COMPLETELY OUT,,Match,D441/01,[behaviour/behavior] yesterday was completely out/[behaviour/behavior] yesterday was/completely out
300004128900141,TELEVID5551_SCANNER13,GR0058014236079224334300004128900141,27/05/2025,17/05/2025,2360792243,GR005,Greek,GR,8014,34,B,0.8255,B,,Match,D441/01,B
300004128900157,TELEVID5551_SCANNER13,GR0058030236079224329300004128900157,27/05/2025,17/05/2025,2360792243,GR005,Greek,GR,8030,29,LONG TO GET THE HANG OF,0.8158,LONG TO GET THE HANG OF,,Match,D441/01,long to get the hang of/long to get/the hang of/much time to get the hang of/much time to get/the hang of
300004128900163,TELEVID5551_SCANNER13,GR0058036236079224327300004128900163,27/05/2025,17/05/2025,2360792243,GR005,Greek,GR,8036,27,BEHAVIOUR YESTERDAY WAS COMPLETELY OUT,0.8272,BEHAVIOUR YESTERDAY WAS COMPLETELY OUT,,Match,D441/01,[behaviour/behavior] yesterday was completely out/[behaviour/behavior] yesterday was/completely out
300004128900163,TELEVID5551_SCANNER13,GR0058036236079224330300004128900163,27/05/2025,17/05/2025,2360792243,GR005,Greek,GR,8036,30,SOONER DID JANINE WALK IN THAN,0.8043,SOONER DID JANINE WALK IN THAN,,Match,D441/01,sooner had Janine come in than/sooner had/Janine come in than/sooner had Janine entered than/sooner had/Janine entered than/sooner had Janine walked in than/sooner had/Janine walked in than
300004128900173,TELEVID5551_SCANNER13,GR0058046236079224326300004128900173,27/05/2025,17/05/2025,2360792243,GR005,Greek,GR,8046,26,IMPORTANCE OF FINDING SOLUTIONS,0.8192,IMPORTANCE OF FINDING SOLUTIONS,,Match,D441/01,importance of finding a solution/importance of/finding a solution/importance of finding an answer/importance of/finding an answer/importance of finding the solution/importance of/finding the solution/importance of finding the answer/importance of/finding the answer
300004128900173,TELEVID5551_SCANNER13,GR0058046236079224330300004128900173,27/05/2025,17/05/2025,2360792243,GR005,Greek,GR,8046,30,SOONER HAD JANE WALKED IN,0.8204,SOONER HAD JANE WALKED IN,,Match,D441/01,sooner had Janine come in than/sooner had/Janine come in than/sooner had Janine entered than/sooner had/Janine entered than/sooner had Janine walked in than/sooner had/Janine walked in than
300004128900197,TELEVID5551_SCANNER13,GR0058070236079224320300004128900197,27/05/2025,17/05/2025,2360792243,GR005,Greek,GR,8070,20,LITERATED,0.8428,LITERATED,,Match,D441/01,illiterate
300004128900197,TELEVID5551_SCANNER13,GR0058070236079224328300004128900197,27/05/2025,17/05/2025,2360792243,GR005,Greek,GR,8070,28,WAS TALKED INTO BUYING BOTH DRESSES BY,0.8316,WAS TALKED INTO BUYING BOTH DRESSER BY,,NoMatch,D441/01,was talked into buying both dresses by/was talked into/buying both dresses by/got talked into buying both dresses by/got talked into/buying both dresses by
300004128900809,TELEVID5551_SCANNER13,GR0058081236079224330300004128900809,27/05/2025,17/05/2025,2360792243,GR005,Greek,GR,8081,30,"SOONER HAD JANINE WALKED IN, HAD",0.8384,"SOONER HAD JANINE WALKED IN, HAD",,Match,D441/01,sooner had Janine come in than/sooner had/Janine come in than/sooner had Janine entered than/sooner had/Janine entered than/sooner had Janine walked in than/sooner had/Janine walked in than
300004128900821,TELEVID5551_SCANNER13,GR0058093236079224320300004128900821,27/05/2025,17/05/2025,2360792243,GR005,Greek,GR,8093,20,UNLITERARY,0.8181,UNLITERARY,,Match,D441/01,illiterate
300004128900821,TELEVID5551_SCANNER13,GR0058093236079224326300004128900821,27/05/2025,17/05/2025,2360792243,GR005,Greek,GR,8093,26,IMPORTANCE OF FINDING A SOLUTION,0.8151,ZMPORTANCE OF FINDING A SOLUTION,,NoMatch,D441/01,importance of finding a solution/importance of/finding a solution/importance of finding an answer/importance of/finding an answer/importance of finding the solution/importance of/finding the solution/importance of finding the answer/importance of/finding the answer
300004128900831,TELEVID5551_SCANNER13,GR0058103236079224317300004128900831,27/05/2025,17/05/2025,2360792243,GR005,Greek,GR,8103,17,I,0.8243,1,,NoMatch,D441/01,consequences
300004128900836,TELEVID5551_SCANNER13,GR0058108236079224326300004128900836,27/05/2025,17/05/2025,2360792243,GR005,Greek,GR,8108,26,IMPOPTANCE OF FINDING A SOLUTION,0.8242,IMPOPTANCE OF FINDING A SOLUTION,,Match,D441/01,importance of finding a solution/importance of/finding a solution/importance of finding an answer/importance of/finding an answer/importance of finding the solution/importance of/finding the solution/importance of finding the answer/importance of/finding the answer
300004128900838,TELEVID5551_SCANNER13,GR0058110236079224351300004128900838,27/05/2025,17/05/2025,2360792243,GR005,Greek,GR,8110,51,--impossible--,0.8214,C,,NoMatch,D441/01,B
300004128900841,TELEVID5551_SCANNER13,GR0058113236079224329300004128900841,27/05/2025,17/05/2025,2360792243,GR005,Greek,GR,8113,29,LONG TO GET A HANG OF,0.8295,LONG TO GET A HANG OF,,Match,D441/01,long to get the hang of/long to get/the hang of/much time to get the hang of/much time to get/the hang of
300004128900853,TELEVID5551_SCANNER13,GR0058125236079224334300004128900853,27/05/2025,17/05/2025,2360792243,GR005,Greek,GR,8125,34,C,0.8394,C,,Match,D441/01,B
300004128900863,TELEVID5551_SCANNER13,GR0058135236079224328300004128900863,27/05/2025,17/05/2025,2360792243,GR005,Greek,GR,8135,28,GOT TALKED INTO BUYING BOTH DRESSES BY,0.8296,GOT TALKED INTO BUYING BOTH LESSES BY,,NoMatch,D441/01,was talked into buying both dresses by/was talked into/buying both dresses by/got talked into buying both dresses by/got talked into/buying both dresses by
300004128900875,TELEVID5551_SCANNER13,GR0058147236079224325300004128900875,27/05/2025,17/05/2025,2360792243,GR005,Greek,GR,8147,25,NOT UP TO ME TO HAND,0.8397,NOT UP TO ME TO HAND,,Match,D441/01,not up to me to hand/not up to me/to hand/up to someone else to hand/up to someone else/to hand/up to somebody else to hand/up to somebody else/to hand
300004128900879,TELEVID5551_SCANNER13,GR0058151236079224343300004128900879,27/05/2025,17/05/2025,2360792243,GR005,Greek,GR,8151,43,--impossible--,0.8106,C,,NoMatch,D441/01,B
300004128900898,TELEVID5551_SCANNER13,GR0058170236079224310300004128900898,27/05/2025,17/05/2025,2360792243,GR005,Greek,GR,8170,10,EVIDENCE,0.8217,EVIDENCE,,Match,D441/01,which
300004128900898,TELEVID5551_SCANNER13,GR0058170236079224320300004128900898,27/05/2025,17/05/2025,2360792243,GR005,Greek,GR,8170,20,ILLITERATE,0.8243,ILLITERATE,,Match,D441/01,illiterate
300004128900906,TELEVID5551_SCANNER13,GR0058178236079224327300004128900906,27/05/2025,17/05/2025,2360792243,GR005,Greek,GR,8178,27,BEHAVIOR YESTERDAY WAS COMPLETELY OUT,0.8442,BEHAVIOR YESTERDAY WAS COMPLETELY OUT,,Match,D441/01,[behaviour/behavior] yesterday was completely out/[behaviour/behavior] yesterday was/completely out
300004128900907,TELEVID5551_SCANNER13,GR0058179236079224334300004128900907,27/05/2025,17/05/2025,2360792243,GR005,Greek,GR,8179,34,C,0.8059,C,,Match,D441/01,B
300004128900908,TELEVID5551_SCANNER13,GR0058180236079224331300004128900908,27/05/2025,17/05/2025,2360792243,GR005,Greek,GR,8180,31,B,0.8168,B,,Match,D441/01,C
300004128900909,TELEVID5551_SCANNER13,GR0058181236079224338300004128900909,27/05/2025,17/05/2025,2360792243,GR005,Greek,GR,8181,38,C,0.8063,C,,Match,D441/01,G
300004129400326,TELEVID5557_SCANNER13,GR0058465236079224332300004129400326,27/05/2025,17/05/2025,2360792243,GR005,Greek,GR,8465,32,C,0.8432,C,,Match,D441/01,D
300004129400328,TELEVID5557_SCANNER13,GR0058467236079224327300004129400328,27/05/2025,17/05/2025,2360792243,GR005,Greek,GR,8467,27,BEHAVIOUR YESTERDAY WAS COMPLETELY OUT,0.8497,BEHAVIOUR YESTERDAY WAS COMPLETELY OUT,,Match,D441/01,[behaviour/behavior] yesterday was completely out/[behaviour/behavior] yesterday was/completely out
300004129400370,TELEVID5557_SCANNER13,GR0058572236079224334300004129400370,27/05/2025,17/05/2025,2360792243,GR005,Greek,GR,8572,34,C,0.8073,C,,Match,D441/01,B
300004129400374,TELEVID5557_SCANNER13,GR0058576236079224325300004129400374,27/05/2025,17/05/2025,2360792243,GR005,Greek,GR,8576,25,NOT UP TO ME TO LEND,0.8299,NOT UP TO ME TO LEND,,Match,D441/01,not up to me to hand/not up to me/to hand/up to someone else to hand/up to someone else/to hand/up to somebody else to hand/up to somebody else/to hand
300004129400379,TELEVID5557_SCANNER13,GR0058581236079224323300004129400379,27/05/2025,17/05/2025,2360792243,GR005,Greek,GR,8581,23,RELATABLY,0.8372,REDATABLY,,NoMatch,D441/01,relatively
300004129400380,TELEVID5557_SCANNER13,GR0058582236079224331300004129400380,27/05/2025,17/05/2025,2360792243,GR005,Greek,GR,8582,31,B,0.8083,B,,Match,D441/01,C
300004129400380,TELEVID5557_SCANNER13,GR0058582236079224350300004129400380,27/05/2025,17/05/2025,2360792243,GR005,Greek,GR,8582,50,D,0.8391,"B, D",,NoMatch,D441/01,A
300004129400383,TELEVID5557_SCANNER13,GR0058585236079224327300004129400383,27/05/2025,17/05/2025,2360792243,GR005,Greek,GR,8585,27,YESTERDAY BEHAVIOUR WAS COMPLETELY OUT,0.8002,YESTERDAY BEHAVIOUR WAS COMPLETELY OUT,,Match,D441/01,[behaviour/behavior] yesterday was completely out/[behaviour/behavior] yesterday was/completely out
300004129400388,TELEVID5557_SCANNER13,GR0058590236079224327300004129400388,27/05/2025,17/05/2025,2360792243,GR005,Greek,GR,8590,27,BEHAVIOUR YESTERDAY WAS COMPLETELY OUT,0.8075,BEHAVIOUR YESTERDAY WAS COMPLETELY OUT,,Match,D441/01,[behaviour/behavior] yesterday was completely out/[behaviour/behavior] yesterday was/completely out
300004129400715,TELEVID5557_SCANNER13,GR0358158236079224314300004129400715,27/05/2025,17/05/2025,2360792243,GR035,Greek,GR,8158,14,ODDS,0.8181,ODDS,,Match,D441/01,odds
300004129400715,TELEVID5557_SCANNER13,GR0358158236079224318300004129400715,27/05/2025,17/05/2025,2360792243,GR035,Greek,GR,8158,18,PHYLOSOPHICAL,0.8407,PHYCOSOPHICAL,,NoMatch,D441/01,philosophical
300004129400716,TELEVID5557_SCANNER13,GR0358159236079224320300004129400716,27/05/2025,17/05/2025,2360792243,GR035,Greek,GR,8159,20,ILITERATURE,0.8218,ILITERATURE,,Match,D441/01,illiterate
300004129400723,TELEVID5557_SCANNER13,GR0358166236079224335300004129400723,27/05/2025,17/05/2025,2360792243,GR035,Greek,GR,8166,35,A,0.8143,A,,Match,D441/01,A
300004129400742,TELEVID5557_SCANNER13,GR0058596236079224315300004129400742,27/05/2025,17/05/2025,2360792243,GR005,Greek,GR,8596,15,LIKE,0.8095,LIUE,,NoMatch,D441/01,of
300004129400748,TELEVID5557_SCANNER13,GR005860223607922436300004129400748,27/05/2025,17/05/2025,2360792243,GR005,Greek,GR,8602,6,A,0.822,"A, B",,NoMatch,D441/01,A
300004136200413,TELEVID5555_SCANNER13,GR0058297236079224320300004136200413,27/05/2025,17/05/2025,2360792243,GR005,Greek,GR,8297,20,LITERATING,0.8423,LITERATING,,Match,D441/01,illiterate
300004136200413,TELEVID5555_SCANNER13,GR0058297236079224324300004136200413,27/05/2025,17/05/2025,2360792243,GR005,Greek,GR,8297,24,VEILUTED,0.8446,VEILUTED,,Match,D441/01,unveiled
300004136200413,TELEVID5555_SCANNER13,GR0058297236079224331300004136200413,27/05/2025,17/05/2025,2360792243,GR005,Greek,GR,8297,31,B,0.8096,B,,Match,D441/01,C
300004136200414,TELEVID5555_SCANNER13,GR0058298236079224328300004136200414,27/05/2025,17/05/2025,2360792243,GR005,Greek,GR,8298,28,WAS TALKED IN TO BUY BOTH DRESSES BY,0.822,WAS TALKED IN TO BUY BOTH DRESSES BY,,Match,D441/01,was talked into buying both dresses by/was talked into/buying both dresses by/got talked into buying both dresses by/got talked into/buying both dresses by
300004136200414,TELEVID5555_SCANNER13,GR0058298236079224335300004136200414,27/05/2025,17/05/2025,2360792243,GR005,Greek,GR,8298,35,B,0.8235,B,,Match,D441/01,A
300004136200421,TELEVID5555_SCANNER13,GR0058305236079224328300004136200421,27/05/2025,17/05/2025,2360792243,GR005,Greek,GR,8305,28,WAS TALKED INTO BUYING BOTH DRESSES BY,0.8421,WAS TALKED INTO BUYING BOTH DRESSES BY,,Match,D441/01,was talked into buying both dresses by/was talked into/buying both dresses by/got talked into buying both dresses by/got talked into/buying both dresses by
300004136200424,TELEVID5555_SCANNER13,GR0058308236079224327300004136200424,27/05/2025,17/05/2025,2360792243,GR005,Greek,GR,8308,27,BEHAVIOR YESTERDAY WAS COMPLETELY OUT,0.836,REHAVIOR YESTERDAY WAS COMPLETELY OUT,,NoMatch,D441/01,[behaviour/behavior] yesterday was completely out/[behaviour/behavior] yesterday was/completely out
300004136200424,TELEVID5555_SCANNER13,GR0058308236079224328300004136200424,27/05/2025,17/05/2025,2360792243,GR005,Greek,GR,8308,28,WAS TALKED PERSUATIVELY TO BUY BOTH DRESSES BY,0.8101,WAS TALKED PERSUATIVELY TO BUY BOTH DRESSES BY,,Match,D441/01,was talked into buying both dresses by/was talked into/buying both dresses by/got talked into buying both dresses by/got talked into/buying both dresses by
300004136200432,TELEVID5555_SCANNER13,GR0058316236079224334300004136200432,27/05/2025,17/05/2025,2360792243,GR005,Greek,GR,8316,34,C,0.8108,C,,Match,D441/01,B
300004136200444,TELEVID5555_SCANNER13,GR0058328236079224327300004136200444,27/05/2025,17/05/2025,2360792243,GR005,Greek,GR,8328,27,BEHAVIOR YESTERDAY WAS COMPLETELY OUT,0.834,BEHAVIOR YESTERDAY WAS COMPLETELY OUT,,Match,D441/01,[behaviour/behavior] yesterday was completely out/[behaviour/behavior] yesterday was/completely out
300004136200444,TELEVID5555_SCANNER13,GR0058328236079224334300004136200444,27/05/2025,17/05/2025,2360792243,GR005,Greek,GR,8328,34,C,0.8285,C,,Match,D441/01,B
300004136200480,TELEVID5555_SCANNER13,GR0058336236079224313300004136200480,27/05/2025,17/05/2025,2360792243,GR005,Greek,GR,8336,13,OTHER,0.8277,OTHER,,Match,D441/01,other
300004136200480,TELEVID5555_SCANNER13,GR0058336236079224318300004136200480,27/05/2025,17/05/2025,2360792243,GR005,Greek,GR,8336,18,PHILOSOPHICAL,0.815,PAILOSOPHICAL,,NoMatch,D441/01,philosophical
300004136200495,TELEVID5555_SCANNER13,GR0058351236079224311300004136200495,27/05/2025,17/05/2025,2360792243,GR005,Greek,GR,8351,11,MANY,0.843,MANIT,,NoMatch,D441/01,no
300004136200504,TELEVID5555_SCANNER13,GR0058360236079224319300004136200504,27/05/2025,17/05/2025,2360792243,GR005,Greek,GR,8360,19,ENABLED,0.8331,ENABLED,,Match,D441/01,enabled
300004136200505,TELEVID5555_SCANNER13,GR0058361236079224329300004136200505,27/05/2025,17/05/2025,2360792243,GR005,Greek,GR,8361,29,LONG TO GET THE HANG OF,0.8235,LONG TO GET THE HANG OF,,Match,D441/01,long to get the hang of/long to get/the hang of/much time to get the hang of/much time to get/the hang of
300004136200505,TELEVID5555_SCANNER13,GR0058361236079224334300004136200505,27/05/2025,17/05/2025,2360792243,GR005,Greek,GR,8361,34,C,0.8023,C,,Match,D441/01,B
300004136200525,TELEVID5555_SCANNER13,GR0358177236079224319300004136200525,27/05/2025,17/05/2025,2360792243,GR035,Greek,GR,8177,19,ENABLED,0.803,ANABLED,,NoMatch,D441/01,enabled
300004136200525,TELEVID5555_SCANNER13,GR0358177236079224335300004136200525,27/05/2025,17/05/2025,2360792243,GR035,Greek,GR,8177,35,B,0.8215,B,,Match,D441/01,A
300004136200530,TELEVID5555_SCANNER13,GR0358182236079224328300004136200530,27/05/2025,17/05/2025,2360792243,GR035,Greek,GR,8182,28,WAS TALKED INTO BUYING BOTH DRESSES FROM,0.8493,NAS TALKED INTO RUYING BOTH DRESSES FROM,,NoMatch,D441/01,was talked into buying both dresses by/was talked into/buying both dresses by/got talked into buying both dresses by/got talked into/buying both dresses by
300004136200530,TELEVID5555_SCANNER13,GR0358182236079224331300004136200530,27/05/2025,17/05/2025,2360792243,GR035,Greek,GR,8182,31,B,0.8202,B,,Match,D441/01,C
300004136200530,TELEVID5555_SCANNER13,GR0358182236079224351300004136200530,27/05/2025,17/05/2025,2360792243,GR035,Greek,GR,8182,51,E,0.8419,E,,Match,D441/01,B
300004136200536,TELEVID5555_SCANNER13,GR0358188236079224330300004136200536,27/05/2025,17/05/2025,2360792243,GR035,Greek,GR,8188,30,SOONER JANINE WALKED IN,0.8316,SOONER JANINE WALKED IN,,Match,D441/01,sooner had Janine come in than/sooner had/Janine come in than/sooner had Janine entered than/sooner had/Janine entered than/sooner had Janine walked in than/sooner had/Janine walked in than
300004136200542,TELEVID5555_SCANNER13,GR0358284236079224329300004136200542,27/05/2025,17/05/2025,2360792243,GR035,Greek,GR,8284,29,LONG TO GET THE HANG ON,0.8015,LONG TO GET THE HANG ON,,Match,D441/01,long to get the hang of/long to get/the hang of/much time to get the hang of/much time to get/the hang of
300004136200545,TELEVID5555_SCANNER13,GR0358287236079224327300004136200545,27/05/2025,17/05/2025,2360792243,GR035,Greek,GR,8287,27,BEHAVOUR WAS COMPLETLY OUT,0.8061,BEHAVOUR WAS COMPLETLY OUT,,Match,D441/01,[behaviour/behavior] yesterday was completely out/[behaviour/behavior] yesterday was/completely out
300004136200582,TELEVID5555_SCANNER13,GR0268047236079224336300004136200582,27/05/2025,17/05/2025,2360792243,GR026,Greek,GR,8047,36,A,0.8228,A,,Match,D441/01,D
300004136200595,TELEVID5555_SCANNER13,GR0268060236079224327300004136200595,27/05/2025,17/05/2025,2360792243,GR026,Greek,GR,8060,27,BEHAVIOUR YESTERDAY WAS COMPLETELY OUT,0.8288,BEHAVIOUR YESTERDAY WAS COMPLETELY OUT,,Match,D441/01,[behaviour/behavior] yesterday was completely out/[behaviour/behavior] yesterday was/completely out
300004136200597,TELEVID5555_SCANNER13,GR0268062236079224329300004136200597,27/05/2025,17/05/2025,2360792243,GR026,Greek,GR,8062,29,LONG TO GET THE HANG OF,0.8207,LONG TO GET THE HANG OF,,Match,D441/01,long to get the hang of/long to get/the hang of/much time to get the hang of/much time to get/the hang of
300004136200598,TELEVID5555_SCANNER13,GR0268063236079224315300004136200598,27/05/2025,17/05/2025,2360792243,GR026,Greek,GR,8063,15,LIKE,0.8477,ALKE,,NoMatch,D441/01,of
300004136200605,TELEVID5555_SCANNER13,GR0268070236079224320300004136200605,27/05/2025,17/05/2025,2360792243,GR026,Greek,GR,8070,20,ILITERATE,0.827,ILITERATE,,Match,D441/01,illiterate
300004136200612,TELEVID5555_SCANNER13,GR0268077236079224320300004136200612,27/05/2025,17/05/2025,2360792243,GR026,Greek,GR,8077,20,ILITERATE,0.8329,ILITERATE,,Match,D441/01,illiterate
300004136200612,TELEVID5555_SCANNER13,GR0268077236079224330300004136200612,27/05/2025,17/05/2025,2360792243,GR026,Greek,GR,8077,30,SOONER HAD JANINE WALKED IN THAN,0.822,SOONER HAD JANINE WAIKED IN THAN,,NoMatch,D441/01,sooner had Janine come in than/sooner had/Janine come in than/sooner had Janine entered than/sooner had/Janine entered than/sooner had Janine walked in than/sooner had/Janine walked in than
300004136200717,TELEVID5555_SCANNER13,GR0358252236079224328300004136200717,27/05/2025,17/05/2025,2360792243,GR035,Greek,GR,8252,28,WAS TALKED TO BUY BOTH DRESSES BY,0.824,WAS TALKED TO BUY BOTH DRESSES BY,,Match,D441/01,was talked into buying both dresses by/was talked into/buying both dresses by/got talked into buying both dresses by/got talked into/buying both dresses by
300004136200720,TELEVID5555_SCANNER13,GR0358255236079224320300004136200720,27/05/2025,17/05/2025,2360792243,GR035,Greek,GR,8255,20,ILLITERATE,0.8358,ILLITERATE,,Match,D441/01,illiterate
300004136200729,TELEVID5555_SCANNER13,GR0358264236079224314300004136200729,27/05/2025,17/05/2025,2360792243,GR035,Greek,GR,8264,14,ODDS,0.847,ODDS,,Match,D441/01,odds
300004136200732,TELEVID5555_SCANNER13,GR0358267236079224320300004136200732,27/05/2025,17/05/2025,2360792243,GR035,Greek,GR,8267,20,UNLITERATE,0.8293,UNLITERATE,,Match,D441/01,illiterate
300004136200733,TELEVID5555_SCANNER13,GR0358268236079224315300004136200733,27/05/2025,17/05/2025,2360792243,GR035,Greek,GR,8268,15,LIKE,0.8051,LIKE,,Match,D441/01,of
300004136200736,TELEVID5555_SCANNER13,GR0358271236079224314300004136200736,27/05/2025,17/05/2025,2360792243,GR035,Greek,GR,8271,14,INVESTIGATIONS,0.8319,INVESTIGATIONS,,Match,D441/01,odds
300004136200736,TELEVID5555_SCANNER13,GR0358271236079224332300004136200736,27/05/2025,17/05/2025,2360792243,GR035,Greek,GR,8271,32,B,0.8446,B,,Match,D441/01,D
300004136200743,TELEVID5555_SCANNER13,GR0358278236079224330300004136200743,27/05/2025,17/05/2025,2360792243,GR035,Greek,GR,8278,30,SOONER FROM JANINE WALKING IN,0.8248,SOONER FROM JANINE WALKING IN,,Match,D441/01,sooner had Janine come in than/sooner had/Janine come in than/sooner had Janine entered than/sooner had/Janine entered than/sooner had Janine walked in than/sooner had/Janine walked in than
300004136200749,TELEVID5555_SCANNER13,GR0358114236079224325300004136200749,27/05/2025,17/05/2025,2360792243,GR035,Greek,GR,8114,25,NOT UP TO ME TO HAND,0.8143,NOT UP TO ME TO HAND,,Match,D441/01,not up to me to hand/not up to me/to hand/up to someone else to hand/up to someone else/to hand/up to somebody else to hand/up to somebody else/to hand
300004136200749,TELEVID5555_SCANNER13,GR0358114236079224329300004136200749,27/05/2025,17/05/2025,2360792243,GR035,Greek,GR,8114,29,LONG TO LEARN HOW TO HANG OUT WITH,0.8353,LONG TO LEARN HOW TO HANG OUT WITH,,Match,D441/01,long to get the hang of/long to get/the hang of/much time to get the hang of/much time to get/the hang of
300004136200758,TELEVID5555_SCANNER13,GR0358123236079224334300004136200758,27/05/2025,17/05/2025,2360792243,GR035,Greek,GR,8123,34,C,0.8432,C,,Match,D441/01,B
300004136200827,TELEVID5555_SCANNER13,GR0358062236079224328300004136200827,27/05/2025,17/05/2025,2360792243,GR035,Greek,GR,8062,28,WAS TALKED INTO BYING BOTH DRESSES BY,0.8465,WAS TALKED INTO BYING BOTH DRESSES BY,,Match,D441/01,was talked into buying both dresses by/was talked into/buying both dresses by/got talked into buying both dresses by/got talked into/buying both dresses by
300004136200828,TELEVID5555_SCANNER13,GR0358063236079224327300004136200828,27/05/2025,17/05/2025,2360792243,GR035,Greek,GR,8063,27,YESTERDAY BEHAVIOR WAS COMPLETELY OUT,0.8417,YESTERDAY BEHAVIOR WAS COMPLETELY OUT,,Match,D441/01,[behaviour/behavior] yesterday was completely out/[behaviour/behavior] yesterday was/completely out
300004136200833,TELEVID5555_SCANNER13,GR0358068236079224335300004136200833,27/05/2025,17/05/2025,2360792243,GR035,Greek,GR,8068,35,C,0.8168,C,,Match,D441/01,A
300004136200838,TELEVID5555_SCANNER13,GR0358073236079224327300004136200838,27/05/2025,17/05/2025,2360792243,GR035,Greek,GR,8073,27,BEHAVIOUR WAS COMPLETELY OUT,0.8467,BEHAVIOUR WAS COMPLETELY OUT,,Match,D441/01,[behaviour/behavior] yesterday was completely out/[behaviour/behavior] yesterday was/completely out
300004214301004,TELEVID5562_1_SCANNER12,GR0358128236079224322300004214301004,02/06/2025,17/05/2025,2360792243,GR035,Greek,GR,8128,22,PASSTIME,0.8351,PASSTIME,,Match,D441/01,passable
300004214301008,TELEVID5562_1_SCANNER12,GR0358132236079224325300004214301008,02/06/2025,17/05/2025,2360792243,GR035,Greek,GR,8132,25,NOT UP TO HE TO HAND,0.8312,NOT UP TO HE TO HAND,,Match,D441/01,not up to me to hand/not up to me/to hand/up to someone else to hand/up to someone else/to hand/up to somebody else to hand/up to somebody else/to hand
300004214301008,TELEVID5562_1_SCANNER12,GR0358132236079224328300004214301008,02/06/2025,17/05/2025,2360792243,GR035,Greek,GR,8132,28,WAS TALKED TO BUY BOTH DRESSES BY,0.8129,WAS TALKED TO BUY BOTH DRESSES BY,,Match,D441/01,was talked into buying both dresses by/was talked into/buying both dresses by/got talked into buying both dresses by/got talked into/buying both dresses by
300004214301012,TELEVID5562_1_SCANNER12,GR035813623607922436300004214301012,02/06/2025,17/05/2025,2360792243,GR035,Greek,GR,8136,6,B,0.8462,B,,Match,D441/01,A
300004214301013,TELEVID5562_1_SCANNER12,GR0358137236079224324300004214301013,02/06/2025,17/05/2025,2360792243,GR035,Greek,GR,8137,24,UNDERVEILED,0.8077,UNDERVETIED,,NoMatch,D441/01,unveiled
300004214301013,TELEVID5562_1_SCANNER12,GR0358137236079224327300004214301013,02/06/2025,17/05/2025,2360792243,GR035,Greek,GR,8137,27,BEHAVIOUR YESTERDAY WAS COMPLETELY OUT,0.8479,BEHAVIOUR VESTERDAY WAS COMPLETELY OUT,,NoMatch,D441/01,[behaviour/behavior] yesterday was completely out/[behaviour/behavior] yesterday was/completely out
300004214301015,TELEVID5562_1_SCANNER12,GR0358139236079224311300004214301015,02/06/2025,17/05/2025,2360792243,GR035,Greek,GR,8139,11,HIS,0.8211,HIS,,Match,D441/01,no
300004214301022,TELEVID5562_1_SCANNER12,GR0358146236079224327300004214301022,02/06/2025,17/05/2025,2360792243,GR035,Greek,GR,8146,27,BEHAVIOUR YESTERDAY WAS COMPLETELY OUT,0.8489,REHAVIOUR YESTERDAY WAS COMPLETELY OUT,,NoMatch,D441/01,[behaviour/behavior] yesterday was completely out/[behaviour/behavior] yesterday was/completely out
300004214301027,TELEVID5562_1_SCANNER12,GR0358151236079224327300004214301027,02/06/2025,17/05/2025,2360792243,GR035,Greek,GR,8151,27,BEHAVIOR YESTERDAY WAS COMPLETELY OUT,0.8459,BEHAVIOR YESTERDAY WAS COMPLETELY OUT,,Match,D441/01,[behaviour/behavior] yesterday was completely out/[behaviour/behavior] yesterday was/completely out
300004214301029,TELEVID5562_1_SCANNER12,GR0058362236079224330300004214301029,02/06/2025,17/05/2025,2360792243,GR005,Greek,GR,8362,30,SOONER THAN JANINE WALKED IN THAT,0.8255,SOONER THAN JANINE WALKED IN THAT,,Match,D441/01,sooner had Janine come in than/sooner had/Janine come in than/sooner had Janine entered than/sooner had/Janine entered than/sooner had Janine walked in than/sooner had/Janine walked in than
300004214301031,TELEVID5562_1_SCANNER12,GR0058364236079224322300004214301031,02/06/2025,17/05/2025,2360792243,GR005,Greek,GR,8364,22,BYPASSED,0.8271,RYPASSED,,NoMatch,D441/01,passable
300004214301031,TELEVID5562_1_SCANNER12,GR0058364236079224331300004214301031,02/06/2025,17/05/2025,2360792243,GR005,Greek,GR,8364,31,B,0.8341,B,,Match,D441/01,C
300004214301035,TELEVID5562_1_SCANNER12,GR0058368236079224327300004214301035,02/06/2025,17/05/2025,2360792243,GR005,Greek,GR,8368,27,BEHAVIOR WAS COMPLETELY OUT,0.8072,BEHAVIOR WAS COMPLETELY OUT,,Match,D441/01,[behaviour/behavior] yesterday was completely out/[behaviour/behavior] yesterday was/completely out
300004214301044,TELEVID5562_1_SCANNER12,GR0058377236079224324300004214301044,02/06/2025,17/05/2025,2360792243,GR005,Greek,GR,8377,24,REVEILED,0.8419,REVEILED,,Match,D441/01,unveiled
300004214301046,TELEVID5562_1_SCANNER12,GR0058379236079224328300004214301046,02/06/2025,17/05/2025,2360792243,GR005,Greek,GR,8379,28,WAS TALKED INTO BUYING BOTH DRESSES BY,0.8109,WAS TALKED INTO BUYING BOTH DRESSES BY,,Match,D441/01,was talked into buying both dresses by/was talked into/buying both dresses by/got talked into buying both dresses by/got talked into/buying both dresses by
300004214301054,TELEVID5562_1_SCANNER12,GR0058387236079224314300004214301054,02/06/2025,17/05/2025,2360792243,GR005,Greek,GR,8387,14,IMPACT,0.8143,IMPACT,,Match,D441/01,odds
300004214301054,TELEVID5562_1_SCANNER12,GR0058387236079224316300004214301054,02/06/2025,17/05/2025,2360792243,GR005,Greek,GR,8387,16,IN,0.8245,IN,,Match,D441/01,into/to
300004214301059,TELEVID5562_1_SCANNER12,GR0058392236079224330300004214301059,02/06/2025,17/05/2025,2360792243,GR005,Greek,GR,8392,30,SOONER AFTER JANINE WALKED IN,0.849,SOONER AFTER JANINE WALKED IN,,Match,D441/01,sooner had Janine come in than/sooner had/Janine come in than/sooner had Janine entered than/sooner had/Janine entered than/sooner had Janine walked in than/sooner had/Janine walked in than
300004383300475,TELEVID5983_SCANNER12,IT2170001917008863630300004383300475,12/06/2025,07/06/2025,9170088636,IT217,Romance,IT,1,30,DREW OUR ATTENTION TO THE FACT THAT,0.8249,DREW OUR ATTENTION TO THE FACT THAT,,Match,D441/01,drew it to our attention that/drew it to/our attention that/drew my attention to the fact that/drew my attention/to the fact that/drew our attention to the fact that/drew our attention/to the fact that/drew to my attention the fact that/drew to my attention/the fact that/drew to our attention the fact that/drew to our attention/the fact that/drew it to my attention that/drew it to/my attention that
300004383300478,TELEVID5983_SCANNER12,IT2170004917008863625300004383300478,12/06/2025,07/06/2025,9170088636,IT217,Romance,IT,4,25,EXCEPTION MADE FOR AUNT SOPHIE,0.8287,EXCEPTION HADE FOR AUNT SOPHIE,,NoMatch,D441/01,with the exception of Aunt Sophie/with the exception/of Aunt Sophie
300004384300745,TELEVID5950_SCANNER12,BG0010034917008863625300004384300745,12/06/2025,07/06/2025,9170088636,BG001,Slavic,BG,34,25,WILL NOT PRESENT WITH EXCEPTION THAT AUNT SOPHIE,0.8005,WILL NOT PRESENT WITH EXCEPTION THAT AUNT SOPHIE,,Match,D441/01,with the exception of Aunt Sophie/with the exception/of Aunt Sophie
300004384300747,TELEVID5950_SCANNER12,BG0010036917008863630300004384300747,12/06/2025,07/06/2025,9170088636,BG001,Slavic,BG,36,30,DREW OUR ATTENTION TO THE POINT THAT,0.8446,DREW OUR ATTENTION TO THE POINT THAT,,Match,D441/01,drew it to our attention that/drew it to/our attention that/drew my attention to the fact that/drew my attention/to the fact that/drew our attention to the fact that/drew our attention/to the fact that/drew to my attention the fact that/drew to my attention/the fact that/drew to our attention the fact that/drew to our attention/the fact that/drew it to my attention that/drew it to/my attention that
300004384300747,TELEVID5950_SCANNER12,BG0010036917008863632300004384300747,12/06/2025,07/06/2025,9170088636,BG001,Slavic,BG,36,32,B,0.807,B,,Match,D441/01,B
300004384300752,TELEVID5950_SCANNER12,BG0010041917008863618300004384300752,12/06/2025,07/06/2025,9170088636,BG001,Slavic,BG,41,18,INTUITIOUS,0.8337,INTUITIOUS,,Match,D441/01,intuitive
300004386200740,TELEVID5985_SCANNER12,ES4830002917008863617300004386200740,12/06/2025,07/06/2025,9170088636,ES483,Romance,ES,2,17,UNVALUABLE,0.8381,UNVALUADLE,,NoMatch,D441/01,invaluable
300004387100251,TELEVID5981_SCANNER12,IT8880006917008863635300004387100251,12/06/2025,07/06/2025,9170088636,IT888,Romance,IT,6,35,A,0.808,"A, B",,NoMatch,D441/01,A
300004387100524,TELEVID5981_SCANNER12,PL017000191700886366300004387100524,12/06/2025,07/06/2025,9170088636,PL017,Slavic,PL,1,6,D,0.8219,D,,Match,D441/01,D
300004387100525,TELEVID5981_SCANNER12,PL0170002917008863627300004387100525,12/06/2025,07/06/2025,9170088636,PL017,Slavic,PL,2,27,ONE DAY GOES BY IN MY LIFE WITHOUT,0.8123,ONE DAY GOES BY IN MY LIFE WITHOUT,,Match,D441/01,a (single) day goes by without me/a (single) day goes by/without me/a (single) day goes by without my/a (single) day goes by/without my/a (single) day goes past without me/a (single) day goes past/without me/a (single) day goes past without my/a (single) day goes past/without my/one (single) day goes by without me/one (single) day goes by/without me/one (single) day goes by without my/one (single) day goes by/without my/one (single) day goes past without me/one (single) day goes past/without me/one (single) day goes past without my/one (single) day goes past/without my
300004387100528,TELEVID5981_SCANNER12,PL0170005917008863618300004387100528,12/06/2025,07/06/2025,9170088636,PL017,Slavic,PL,5,18,UNINTUITIVE,0.8363,UNINTUITIVE,,Match,D441/01,intuitive
300004387100651,TELEVID5981_SCANNER12,ES0280001917008863629300004387100651,12/06/2025,07/06/2025,9170088636,ES028,Romance,ES,1,29,EXPLANATION WAS GIVEN AS,0.8215,EXPLANATION WAS GIVEN AS,,Match,D441/01,explanation was (ever) given as/explanation was (ever) given/as/reason was (ever) given as/reason was (ever) given/as
300004388500150,TELEVID5979_SCANNER12,IT0070001917008863625300004388500150,12/06/2025,07/06/2025,9170088636,IT007,Romance,IT,1,25,WITH THE EXCEPTION OF AUNT SOPHIE,0.8115,WITH THE EXCEPTION OF AUNT JOPHIE,,NoMatch,D441/01,with the exception of Aunt Sophie/with the exception/of Aunt Sophie
300004388500150,TELEVID5979_SCANNER12,IT0070001917008863632300004388500150,12/06/2025,07/06/2025,9170088636,IT007,Romance,IT,1,32,C,0.843,C,,Match,D441/01,B
300004388500157,TELEVID5979_SCANNER12,IT0070008917008863626300004388500157,12/06/2025,07/06/2025,9170088636,IT007,Romance,IT,8,26,NO INTENTION OF BEING RUDE,0.8054,NO INTENTION OF BEING RUDE,,Match,D441/01,no intention of being rude/no intention/of being rude
300004388500163,TELEVID5979_SCANNER12,IT0070014917008863618300004388500163,12/06/2025,07/06/2025,9170088636,IT007,Romance,IT,14,18,UNINTUITIVE,0.836,UNINTUITIVE,,Match,D441/01,intuitive
300004388500165,TELEVID5979_SCANNER12,IT0070016917008863629300004388500165,12/06/2025,07/06/2025,9170088636,IT007,Romance,IT,16,29,EXPLANATION WAS GIVEN AS,0.815,EXPLANATION WAS GIVEN AS,,Match,D441/01,explanation was (ever) given as/explanation was (ever) given/as/reason was (ever) given as/reason was (ever) given/as
300004388500169,TELEVID5979_SCANNER12,IT0070020917008863625300004388500169,12/06/2025,07/06/2025,9170088636,IT007,Romance,IT,20,25,WITH THE EXCEPTION OF AUNT SOPHIE,0.8135,WITH THE EXCEPTION OF AUNT SOPHIE,,Match,D441/01,with the exception of Aunt Sophie/with the exception/of Aunt Sophie
300004388700131,TELEVID5974_SCANNER12,ES3760007917008863622300004388700131,12/06/2025,07/06/2025,9170088636,ES376,Romance,ES,7,22,UNPACKS,0.8153,INPACKS,,NoMatch,D441/01,unpacks
300004388700137,TELEVID5974_SCANNER12,ES3760013917008863630300004388700137,12/06/2025,07/06/2025,9170088636,ES376,Romance,ES,13,30,DREW OUT THAT,0.8297,DREW OUT THAT,,Match,D441/01,drew it to our attention that/drew it to/our attention that/drew my attention to the fact that/drew my attention/to the fact that/drew our attention to the fact that/drew our attention/to the fact that/drew to my attention the fact that/drew to my attention/the fact that/drew to our attention the fact that/drew to our attention/the fact that/drew it to my attention that/drew it to/my attention that
300004388700194,TELEVID5974_SCANNER12,PL0078002917008863627300004388700194,12/06/2025,07/06/2025,9170088636,PL007,Slavic,PL,8002,27,A DAY GOES BY WITHOUT ME,0.8299,ADAY GOES BY WITHOUT ME,,NoMatch,D441/01,a (single) day goes by without me/a (single) day goes by/without me/a (single) day goes by without my/a (single) day goes by/without my/a (single) day goes past without me/a (single) day goes past/without me/a (single) day goes past without my/a (single) day goes past/without my/one (single) day goes by without me/one (single) day goes by/without me/one (single) day goes by without my/one (single) day goes by/without my/one (single) day goes past without me/one (single) day goes past/without me/one (single) day goes past without my/one (single) day goes past/without my
300004388700197,TELEVID5974_SCANNER12,PL0078005917008863634300004388700197,12/06/2025,07/06/2025,9170088636,PL007,Slavic,PL,8005,34,B,0.8168,B,,Match,D441/01,D
300004388700200,TELEVID5974_SCANNER12,PL0078008917008863627300004388700200,12/06/2025,07/06/2025,9170088636,PL007,Slavic,PL,8008,27,A DAY GOES BY WHEN I AM NOT,0.8126,A DAY GOES BY WHEN I AM NOT,,Match,D441/01,a (single) day goes by without me/a (single) day goes by/without me/a (single) day goes by without my/a (single) day goes by/without my/a (single) day goes past without me/a (single) day goes past/without me/a (single) day goes past without my/a (single) day goes past/without my/one (single) day goes by without me/one (single) day goes by/without me/one (single) day goes by without my/one (single) day goes by/without my/one (single) day goes past without me/one (single) day goes past/without me/one (single) day goes past without my/one (single) day goes past/without my
300004388700201,TELEVID5974_SCANNER12,PL0078009917008863625300004388700201,12/06/2025,07/06/2025,9170088636,PL007,Slavic,PL,8009,25,WITH THE EXCEPTION OF AUNT SOPHIE,0.8477,WITH THE EXCEPTION OF AUNT SOPHIE,,Match,D441/01,with the exception of Aunt Sophie/with the exception/of Aunt Sophie
300004388700202,TELEVID5974_SCANNER12,PL0078010917008863621300004388700202,12/06/2025,07/06/2025,9170088636,PL007,Slavic,PL,8010,21,PERSUASION,0.8171,PERSUASION,,Match,D441/01,persuasively
300004388700203,TELEVID5974_SCANNER12,PL0078011917008863625300004388700203,12/06/2025,07/06/2025,9170088636,PL007,Slavic,PL,8011,25,WITH THE EXCEPTION OF AUNT SOPHIE,0.8263,WITH THE EXCEPTION OF AUNT SOPHIE,,Match,D441/01,with the exception of Aunt Sophie/with the exception/of Aunt Sophie
300004388700205,TELEVID5974_SCANNER12,PL0078013917008863626300004388700205,12/06/2025,07/06/2025,9170088636,PL007,Slavic,PL,8013,26,NO INTENTION OF BEING RUDE,0.8068,NO INTENTION OF BEING RUDE,,Match,D441/01,no intention of being rude/no intention/of being rude
300004388700205,TELEVID5974_SCANNER12,PL0078013917008863641300004388700205,12/06/2025,07/06/2025,9170088636,PL007,Slavic,PL,8013,41,B,0.8001,B,,Match,D441/01,B
300004388700211,TELEVID5974_SCANNER12,PL0078019917008863628300004388700211,12/06/2025,07/06/2025,9170088636,PL007,Slavic,PL,8019,28,BEEN LED TO BELIEVE,0.8492,BEEN LED TO BELIEVE,,Match,D441/01,been led to believe/been led/to believe/been led to think/been led/to think/been led to understand/been led/to understand
300004388700214,TELEVID5974_SCANNER12,PL0078022917008863617300004388700214,12/06/2025,07/06/2025,9170088636,PL007,Slavic,PL,8022,17,INVALUABLE,0.8365,INVALVABLE,,NoMatch,D441/01,invaluable
300004388700215,TELEVID5974_SCANNER12,PL0078023917008863621300004388700215,12/06/2025,07/06/2025,9170088636,PL007,Slavic,PL,8023,21,PERSUASIEVELY,0.8339,PERSUASIEVELY,,Match,D441/01,persuasively
300004389000197,TELEVID5978_SCANNER12,PL0078025917008863626300004389000197,12/06/2025,07/06/2025,9170088636,PL007,Slavic,PL,8025,26,HAD NO BAD INTENTION,0.8001,HAD NO BAD INTENTION,,Match,D441/01,no intention of being rude/no intention/of being rude
300004389000197,TELEVID5978_SCANNER12,PL0078025917008863631300004389000197,12/06/2025,07/06/2025,9170088636,PL007,Slavic,PL,8025,31,--blank--,0.8152,--blank--,,Match,D441/01,D
300004389200568,TELEVID5984_SCANNER12,ES9960002917008863632300004389200568,12/06/2025,07/06/2025,9170088636,ES996,Romance,ES,2,32,B,0.8036,B,,Match,D441/01,B
300004389200569,TELEVID5984_SCANNER12,ES9960003917008863636300004389200569,12/06/2025,07/06/2025,9170088636,ES996,Romance,ES,3,36,A,0.8267,A,,Match,D441/01,D
300004389200570,TELEVID5984_SCANNER12,ES9960004917008863634300004389200570,12/06/2025,07/06/2025,9170088636,ES996,Romance,ES,4,34,D,0.8394,D,,Match,D441/01,D
300004389200579,TELEVID5984_SCANNER12,ES9960013917008863614300004389200579,12/06/2025,07/06/2025,9170088636,ES996,Romance,ES,13,14,OUT,0.8007,OUT,,Match,D441/01,out
300004392200044,televid6010_SCANNER13,GR1188411917008863627300004392200044,12/06/2025,07/06/2025,9170088636,GR118,Greek,GR,8411,27,A DAY GOES OFF WITHOUT ME,0.824,A DAY GOES OFF WITHOUT ME,,Match,D441/01,a (single) day goes by without me/a (single) day goes by/without me/a (single) day goes by without my/a (single) day goes by/without my/a (single) day goes past without me/a (single) day goes past/without me/a (single) day goes past without my/a (single) day goes past/without my/one (single) day goes by without me/one (single) day goes by/without me/one (single) day goes by without my/one (single) day goes by/without my/one (single) day goes past without me/one (single) day goes past/without me/one (single) day goes past without my/one (single) day goes past/without my
300004392200044,televid6010_SCANNER13,GR1188411917008863634300004392200044,12/06/2025,07/06/2025,9170088636,GR118,Greek,GR,8411,34,C,0.8241,C,,Match,D441/01,D
300004392200045,televid6010_SCANNER13,GR1188412917008863621300004392200045,12/06/2025,07/06/2025,9170088636,GR118,Greek,GR,8412,21,PERSUATEVLY,0.8242,PERSUATEVLY,,Match,D441/01,persuasively
300004392200055,televid6010_SCANNER13,GR1188422917008863615300004392200055,12/06/2025,07/06/2025,9170088636,GR118,Greek,GR,8422,15,TAKE,0.8409,TAKE,,Match,D441/01,take
300004392200055,televid6010_SCANNER13,GR1188422917008863627300004392200055,12/06/2025,07/06/2025,9170088636,GR118,Greek,GR,8422,27,ONE DAY GOES BY WHERE I AM NOT,0.836,ONE DAY GUES BY WHERE I AM NOT,,NoMatch,D441/01,a (single) day goes by without me/a (single) day goes by/without me/a (single) day goes by without my/a (single) day goes by/without my/a (single) day goes past without me/a (single) day goes past/without me/a (single) day goes past without my/a (single) day goes past/without my/one (single) day goes by without me/one (single) day goes by/without me/one (single) day goes by without my/one (single) day goes by/without my/one (single) day goes past without me/one (single) day goes past/without me/one (single) day goes past without my/one (single) day goes past/without my
300004392200060,televid6010_SCANNER13,GR1188427917008863634300004392200060,12/06/2025,07/06/2025,9170088636,GR118,Greek,GR,8427,34,A,0.82,A,,Match,D441/01,D
300004392200065,televid6010_SCANNER13,GR1188432917008863641300004392200065,12/06/2025,07/06/2025,9170088636,GR118,Greek,GR,8432,41,B,0.8344,B,,Match,D441/01,B
300004392200072,televid6010_SCANNER13,GR1188439917008863629300004392200072,12/06/2025,07/06/2025,9170088636,GR118,Greek,GR,8439,29,EXPLANAITION WAS GIVEN AS,0.8385,EXPLANAITION WAS GIVEN AS,,Match,D441/01,explanation was (ever) given as/explanation was (ever) given/as/reason was (ever) given as/reason was (ever) given/as
300004392200073,televid6010_SCANNER13,GR1188440917008863628300004392200073,12/06/2025,07/06/2025,9170088636,GR118,Greek,GR,8440,28,LED OUT AN IMPRESSION,0.8249,LED OUT AN IMPRESSION,,Match,D441/01,been led to believe/been led/to believe/been led to think/been led/to think/been led to understand/been led/to understand
300004392200087,televid6010_SCANNER13,GR1188222917008863624300004392200087,12/06/2025,07/06/2025,9170088636,GR118,Greek,GR,8222,24,UNEXAUSTING,0.8154,UNEXAUSTING,,Match,D441/01,exhaustive
300004392200092,televid6010_SCANNER13,GR1188227917008863622300004392200092,12/06/2025,07/06/2025,9170088636,GR118,Greek,GR,8227,22,PACKAGES,0.8115,PACUAGES,,NoMatch,D441/01,unpacks
300004392200099,televid6010_SCANNER13,GR1188234917008863624300004392200099,12/06/2025,07/06/2025,9170088636,GR118,Greek,GR,8234,24,INEXHAUSTING,0.8382,INEXHAUSTING,,Match,D441/01,exhaustive
300004392200102,televid6010_SCANNER13,GR1188237917008863625300004392200102,12/06/2025,07/06/2025,9170088636,GR118,Greek,GR,8237,25,"WITH THE EXCEPTION OF AUNT SOPHIE,",0.832,WITH THE EXCEPTION OF AUNT SOPHIE,,NoMatch,D441/01,with the exception of Aunt Sophie/with the exception/of Aunt Sophie
300004392200105,televid6010_SCANNER13,GR1188240917008863630300004392200105,12/06/2025,07/06/2025,9170088636,GR118,Greek,GR,8240,30,DREW ATTENTION TO THE FACT THAT,0.8045,DREW ATTENTION TO THE FACT THAT,,Match,D441/01,drew it to our attention that/drew it to/our attention that/drew my attention to the fact that/drew my attention/to the fact that/drew our attention to the fact that/drew our attention/to the fact that/drew to my attention the fact that/drew to my attention/the fact that/drew to our attention the fact that/drew to our attention/the fact that/drew it to my attention that/drew it to/my attention that
300004392200105,televid6010_SCANNER13,GR1188240917008863631300004392200105,12/06/2025,07/06/2025,9170088636,GR118,Greek,GR,8240,31,D,0.8418,D,,Match,D441/01,D
300004392200115,televid6010_SCANNER13,GR1188250917008863626300004392200115,12/06/2025,07/06/2025,9170088636,GR118,Greek,GR,8250,26,NO INTENTION OF BEING RUDE,0.8157,NO INTENTION OF BEING RUDE,,Match,D441/01,no intention of being rude/no intention/of being rude
300004392200126,televid6010_SCANNER13,GR1180008917008863625300004392200126,12/06/2025,07/06/2025,9170088636,GR118,Greek,GR,8,25,WITH THE EXCEPTION OF AUNT SOPHIE,0.8012,WITH THE EXCEPTION OF AUNT SOPHIE,,Match,D441/01,with the exception of Aunt Sophie/with the exception/of Aunt Sophie
300004392200131,televid6010_SCANNER13,GR1180013917008863617300004392200131,12/06/2025,07/06/2025,9170088636,GR118,Greek,GR,13,17,INVALUABLE,0.8459,INVALUABLE,,Match,D441/01,invaluable
300004392200234,televid6010_SCANNER13,GR1188006917008863614300004392200234,12/06/2025,07/06/2025,9170088636,GR118,Greek,GR,8006,14,OUT,0.8058,OUT,,Match,D441/01,out
300004392200271,televid6010_SCANNER13,GR1188314917008863631300004392200271,12/06/2025,07/06/2025,9170088636,GR118,Greek,GR,8314,31,B,0.8221,B,,Match,D441/01,D
300004392200282,televid6010_SCANNER13,GR1188325917008863623300004392200282,12/06/2025,07/06/2025,9170088636,GR118,Greek,GR,8325,23,ACCESSABLE,0.8406,ACCESSABLE,,Match,D441/01,accessible
300004392200282,televid6010_SCANNER13,GR1188325917008863641300004392200282,12/06/2025,07/06/2025,9170088636,GR118,Greek,GR,8325,41,B,0.8461,B,,Match,D441/01,B
300004392200283,televid6010_SCANNER13,GR1188326917008863629300004392200283,12/06/2025,07/06/2025,9170088636,GR118,Greek,GR,8326,29,ONE HAD GIVEN AN EXPLAINATION,0.8268,ONE HAD GIVEN AN EXPLAINATION,,Match,D441/01,explanation was (ever) given as/explanation was (ever) given/as/reason was (ever) given as/reason was (ever) given/as
300004392200286,televid6010_SCANNER13,GR1188329917008863630300004392200286,12/06/2025,07/06/2025,9170088636,GR118,Greek,GR,8329,30,DREW THE CONCLUTION THAT,0.8068,DREW THE CONCLUTION THAT,,Match,D441/01,drew it to our attention that/drew it to/our attention that/drew my attention to the fact that/drew my attention/to the fact that/drew our attention to the fact that/drew our attention/to the fact that/drew to my attention the fact that/drew to my attention/the fact that/drew to our attention the fact that/drew to our attention/the fact that/drew it to my attention that/drew it to/my attention that
300004392200292,televid6010_SCANNER13,GR1188335917008863631300004392200292,12/06/2025,07/06/2025,9170088636,GR118,Greek,GR,8335,31,B,0.8378,B,,Match,D441/01,D
300004392200295,televid6010_SCANNER13,GR118833891700886364300004392200295,12/06/2025,07/06/2025,9170088636,GR118,Greek,GR,8338,4,D,0.8427,D,,Match,D441/01,A
300004392200610,televid6010_SCANNER13,GR1188282917008863624300004392200610,12/06/2025,07/06/2025,9170088636,GR118,Greek,GR,8282,24,EXHAUSTING,0.8387,EXHAUSTING,,Match,D441/01,exhaustive
300004392200698,televid6010_SCANNER13,GR1188169917008863630300004392200698,12/06/2025,07/06/2025,9170088636,GR118,Greek,GR,8169,30,DREW THE ATTENTION ON THAT,0.8131,DREW THE ATTENTION ON THAT,,Match,D441/01,drew it to our attention that/drew it to/our attention that/drew my attention to the fact that/drew my attention/to the fact that/drew our attention to the fact that/drew our attention/to the fact that/drew to my attention the fact that/drew to my attention/the fact that/drew to our attention the fact that/drew to our attention/the fact that/drew it to my attention that/drew it to/my attention that
300004392200712,televid6010_SCANNER13,GR1188183917008863638300004392200712,12/06/2025,07/06/2025,9170088636,GR118,Greek,GR,8183,38,--impossible--,0.8303,C,,NoMatch,D441/01,A
300004392200713,televid6010_SCANNER13,GR1188184917008863625300004392200713,12/06/2025,07/06/2025,9170088636,GR118,Greek,GR,8184,25,WITH THE EXCEPTION OF AUNT SOPHIE,0.8324,WITH THE EXCEPTION OF AUNT SOPHIE,,Match,D441/01,with the exception of Aunt Sophie/with the exception/of Aunt Sophie
300004392200717,televid6010_SCANNER13,GR1188188917008863624300004392200717,12/06/2025,07/06/2025,9170088636,GR118,Greek,GR,8188,24,EXHAUSTING,0.8053,EXHAUSTING,,Match,D441/01,exhaustive
300004392200717,televid6010_SCANNER13,GR1188188917008863627300004392200717,12/06/2025,07/06/2025,9170088636,GR118,Greek,GR,8188,27,A DAY GOES BY WITHOUT,0.8009,A DAY GOES BY WITHOUT,,Match,D441/01,a (single) day goes by without me/a (single) day goes by/without me/a (single) day goes by without my/a (single) day goes by/without my/a (single) day goes past without me/a (single) day goes past/without me/a (single) day goes past without my/a (single) day goes past/without my/one (single) day goes by without me/one (single) day goes by/without me/one (single) day goes by without my/one (single) day goes by/without my/one (single) day goes past without me/one (single) day goes past/without me/one (single) day goes past without my/one (single) day goes past/without my
300004392200729,televid6010_SCANNER13,GR1188200917008863625300004392200729,12/06/2025,07/06/2025,9170088636,GR118,Greek,GR,8200,25,WITH THE EXCEPTION OF AUNT SOPHIE,0.811,WITH THE EXCEPTION OF AUNT SOPHIE,,Match,D441/01,with the exception of Aunt Sophie/with the exception/of Aunt Sophie
300004392300317,TELEVID6002_SCANNER12,DE2998931917008863611300004392300317,12/06/2025,07/06/2025,9170088636,DE299,Germanic,DE,8931,11,ASSESS,0.8491,ASSESSE,,NoMatch,D441/01,be
300004392300319,TELEVID6002_SCANNER12,DE2998933917008863625300004392300319,12/06/2025,07/06/2025,9170088636,DE299,Germanic,DE,8933,25,WITH THE EXCEPTION OF AUNT SOPHIE,0.8416,WITH THE EXCEPTION OF AUNT SOPHIE,,Match,D441/01,with the exception of Aunt Sophie/with the exception/of Aunt Sophie
300004392300321,TELEVID6002_SCANNER12,DE2998935917008863626300004392300321,12/06/2025,07/06/2025,9170088636,DE299,Germanic,DE,8935,26,NO INTENTION TO BE RUDE,0.8283,NO INTENTION TO BE RUDE,,Match,D441/01,no intention of being rude/no intention/of being rude
300004392300321,TELEVID6002_SCANNER12,DE2998935917008863627300004392300321,12/06/2025,07/06/2025,9170088636,DE299,Germanic,DE,8935,27,A DAY GOES BY WITHOUT ME,0.8438,A DAY GOES BY WITHOUT ME,,Match,D441/01,a (single) day goes by without me/a (single) day goes by/without me/a (single) day goes by without my/a (single) day goes by/without my/a (single) day goes past without me/a (single) day goes past/without me/a (single) day goes past without my/a (single) day goes past/without my/one (single) day goes by without me/one (single) day goes by/without me/one (single) day goes by without my/one (single) day goes by/without my/one (single) day goes past without me/one (single) day goes past/without me/one (single) day goes past without my/one (single) day goes past/without my
300004392300321,TELEVID6002_SCANNER12,DE2998935917008863632300004392300321,12/06/2025,07/06/2025,9170088636,DE299,Germanic,DE,8935,32,B,0.8499,B,,Match,D441/01,B
300004392600299,televid5989_SCANNER13,GR1188216917008863621300004392600299,12/06/2025,07/06/2025,9170088636,GR118,Greek,GR,8216,21,PERSUASSIVLY,0.8218,PERSUASSIVLY,,Match,D441/01,persuasively
300004392600704,televid5989_SCANNER13,GR1188385917008863616300004392600704,12/06/2025,07/06/2025,9170088636,GR118,Greek,GR,8385,16,IN,0.842,IN,,Match,D441/01,in
300004392600705,televid5989_SCANNER13,GR1188386917008863614300004392600705,12/06/2025,07/06/2025,9170088636,GR118,Greek,GR,8386,14,OUT,0.8147,OUT,,Match,D441/01,out
300004392600705,televid5989_SCANNER13,GR1188386917008863625300004392600705,12/06/2025,07/06/2025,9170088636,GR118,Greek,GR,8386,25,WITH THE EXCEPTION OF AUNT SOPHIE,0.8012,WITH THE EXCEPTION OF AUNT SOPHIE,,Match,D441/01,with the exception of Aunt Sophie/with the exception/of Aunt Sophie
300004394300340,TELEVID5991_SCANNER13,GR1188369917008863618300004394300340,12/06/2025,07/06/2025,9170088636,GR118,Greek,GR,8369,18,INTUITIONING,0.8236,INTUITIONING,,Match,D441/01,intuitive
300004394300350,TELEVID5991_SCANNER13,GR1188379917008863618300004394300350,12/06/2025,07/06/2025,9170088636,GR118,Greek,GR,8379,18,INTUITIVE,0.8,INTUITIVE,,Match,D441/01,intuitive
300004394300363,TELEVID5991_SCANNER13,IT0010002917008863627300004394300363,12/06/2025,07/06/2025,9170088636,IT001,Romance,IT,2,27,EVEN ONE DAY OF MY LIFE GOES WITHOUT,0.8169,EVEN ONE DAY OF MY LIFE GOES WITHOUT,,Match,D441/01,a (single) day goes by without me/a (single) day goes by/without me/a (single) day goes by without my/a (single) day goes by/without my/a (single) day goes past without me/a (single) day goes past/without me/a (single) day goes past without my/a (single) day goes past/without my/one (single) day goes by without me/one (single) day goes by/without me/one (single) day goes by without my/one (single) day goes by/without my/one (single) day goes past without me/one (single) day goes past/without me/one (single) day goes past without my/one (single) day goes past/without my
300004394300365,TELEVID5991_SCANNER13,IT0010004917008863629300004394300365,12/06/2025,07/06/2025,9170088636,IT001,Romance,IT,4,29,EXPLENATIONS WAS GIVEN FROM ANY BODY,0.8058,EXPLENATIONS WAS GIVEN FROM ANY BODY,,Match,D441/01,explanation was (ever) given as/explanation was (ever) given/as/reason was (ever) given as/reason was (ever) given/as
300004394300559,TELEVID5991_SCANNER13,GR1188339917008863619300004394300559,12/06/2025,07/06/2025,9170088636,GR118,Greek,GR,8339,19,EXPERTISM,0.8304,FXPERTISM,,NoMatch,D441/01,expertise
300004394300559,TELEVID5991_SCANNER13,GR1188339917008863634300004394300559,12/06/2025,07/06/2025,9170088636,GR118,Greek,GR,8339,34,D,0.8133,D,,Match,D441/01,D
300004394300584,TELEVID5991_SCANNER13,GR1188255917008863624300004394300584,12/06/2025,07/06/2025,9170088636,GR118,Greek,GR,8255,24,EXHAUSTIVE,0.8066,EXHAUSTIVE,,Match,D441/01,exhaustive
300004394300586,TELEVID5991_SCANNER13,GR1188257917008863622300004394300586,12/06/2025,07/06/2025,9170088636,GR118,Greek,GR,8257,22,UNPACK,0.8394,UNPACK,,Match,D441/01,unpacks
300004394300586,TELEVID5991_SCANNER13,GR1188257917008863626300004394300586,12/06/2025,07/06/2025,9170088636,GR118,Greek,GR,8257,26,THE INTENSION OF BEING RUDE,0.8168,THE INTENSION OF ELING RUDE,,NoMatch,D441/01,no intention of being rude/no intention/of being rude
300004394300598,TELEVID5991_SCANNER13,GR1188356917008863627300004394300598,12/06/2025,07/06/2025,9170088636,GR118,Greek,GR,8356,27,A DAY GOES BY NOT,0.8374,A DAY GOES BY NOT,,Match,D441/01,a (single) day goes by without me/a (single) day goes by/without me/a (single) day goes by without my/a (single) day goes by/without my/a (single) day goes past without me/a (single) day goes past/without me/a (single) day goes past without my/a (single) day goes past/without my/one (single) day goes by without me/one (single) day goes by/without me/one (single) day goes by without my/one (single) day goes by/without my/one (single) day goes past without me/one (single) day goes past/without me/one (single) day goes past without my/one (single) day goes past/without my
300004394300644,TELEVID5991_SCANNER13,GR1188265917008863615300004394300644,12/06/2025,07/06/2025,9170088636,GR118,Greek,GR,8265,15,TAKE,0.8131,TAKE,,Match,D441/01,take
300004394300647,TELEVID5991_SCANNER13,GR1188268917008863629300004394300647,12/06/2025,07/06/2025,9170088636,GR118,Greek,GR,8268,29,EXPLENATION WAS GIVEN TO ANYONE,0.8456,EXPLENATION WAS GIVEN TO ANYONE,,Match,D441/01,explanation was (ever) given as/explanation was (ever) given/as/reason was (ever) given as/reason was (ever) given/as
300004394300650,TELEVID5991_SCANNER13,GR1188271917008863614300004394300650,12/06/2025,07/06/2025,9170088636,GR118,Greek,GR,8271,14,OUT,0.8397,OUT,,Match,D441/01,out
300004394900214,TELEVID5999_SCANNER13,PL0068016917008863629300004394900214,12/06/2025,07/06/2025,9170088636,PL006,Slavic,PL,8016,29,EXPLANATION WAS GIVEN,0.835,EXPLANATION WAS GIVEN,,Match,D441/01,explanation was (ever) given as/explanation was (ever) given/as/reason was (ever) given as/reason was (ever) given/as
300004394900214,TELEVID5999_SCANNER13,PL0068016917008863634300004394900214,12/06/2025,07/06/2025,9170088636,PL006,Slavic,PL,8016,34,A,0.8443,A,,Match,D441/01,D
300004394900215,TELEVID5999_SCANNER13,PL0068017917008863630300004394900215,12/06/2025,07/06/2025,9170088636,PL006,Slavic,PL,8017,30,DREW A CONCLUSION THAT,0.826,DREW A CONCLUSION THAT,,Match,D441/01,drew it to our attention that/drew it to/our attention that/drew my attention to the fact that/drew my attention/to the fact that/drew our attention to the fact that/drew our attention/to the fact that/drew to my attention the fact that/drew to my attention/the fact that/drew to our attention the fact that/drew to our attention/the fact that/drew it to my attention that/drew it to/my attention that
300004394900217,TELEVID5999_SCANNER13,PL0068019917008863621300004394900217,12/06/2025,07/06/2025,9170088636,PL006,Slavic,PL,8019,21,PERSUASIVELY,0.8474,PERSUASIVELY,,Match,D441/01,persuasively
300004394900219,TELEVID5999_SCANNER13,PL0068021917008863618300004394900219,12/06/2025,07/06/2025,9170088636,PL006,Slavic,PL,8021,18,INTUITIVE,0.8095,INTUITIVE,,Match,D441/01,intuitive
300004394900219,TELEVID5999_SCANNER13,PL0068021917008863630300004394900219,12/06/2025,07/06/2025,9170088636,PL006,Slavic,PL,8021,30,DREW ATTENTION TO THE FACT THAT,0.8442,DREW ATTENTION TO THE FACT THAT,,Match,D441/01,drew it to our attention that/drew it to/our attention that/drew my attention to the fact that/drew my attention/to the fact that/drew our attention to the fact that/drew our attention/to the fact that/drew to my attention the fact that/drew to my attention/the fact that/drew to our attention the fact that/drew to our attention/the fact that/drew it to my attention that/drew it to/my attention that
300004394900219,TELEVID5999_SCANNER13,PL0068021917008863634300004394900219,12/06/2025,07/06/2025,9170088636,PL006,Slavic,PL,8021,34,D,0.8172,D,,Match,D441/01,D
300004394900221,TELEVID5999_SCANNER13,PL0068023917008863632300004394900221,12/06/2025,07/06/2025,9170088636,PL006,Slavic,PL,8023,32,B,0.8415,B,,Match,D441/01,B
300004394900222,TELEVID5999_SCANNER13,PL0068024917008863626300004394900222,12/06/2025,07/06/2025,9170088636,PL006,Slavic,PL,8024,26,NO INTENTION TO CRITISE THE NEW PROJECT,0.8266,NO INTENTION TO CRITISE THE NEW PROJECT,,Match,D441/01,no intention of being rude/no intention/of being rude
300004394900226,TELEVID5999_SCANNER13,PL0068028917008863616300004394900226,12/06/2025,07/06/2025,9170088636,PL006,Slavic,PL,8028,16,IN,0.826,1,,NoMatch,D441/01,in
300004394900227,TELEVID5999_SCANNER13,PL0068029917008863622300004394900227,12/06/2025,07/06/2025,9170088636,PL006,Slavic,PL,8029,22,UNPACKS,0.8422,UNPACKS,,Match,D441/01,unpacks
300004394900227,TELEVID5999_SCANNER13,PL0068029917008863630300004394900227,12/06/2025,07/06/2025,9170088636,PL006,Slavic,PL,8029,30,DREW OUR ATTENTION TO THE FACT THAT,0.8223,DREW OVR ATTENTION TO THE FACT THAT,,NoMatch,D441/01,drew it to our attention that/drew it to/our attention that/drew my attention to the fact that/drew my attention/to the fact that/drew our attention to the fact that/drew our attention/to the fact that/drew to my attention the fact that/drew to my attention/the fact that/drew to our attention the fact that/drew to our attention/the fact that/drew it to my attention that/drew it to/my attention that
300004394900228,TELEVID5999_SCANNER13,PL0068030917008863626300004394900228,12/06/2025,07/06/2025,9170088636,PL006,Slavic,PL,8030,26,NO INTENTION TO BE RUDE,0.8476,NO INTENTION TO BE RUDE,,Match,D441/01,no intention of being rude/no intention/of being rude
300004394900228,TELEVID5999_SCANNER13,PL0068030917008863630300004394900228,12/06/2025,07/06/2025,9170088636,PL006,Slavic,PL,8030,30,DREW OUR ATTENTION TO THE FACT THAT,0.8326,DREW OVR ATTENTION TO THE FACT THAT,,NoMatch,D441/01,drew it to our attention that/drew it to/our attention that/drew my attention to the fact that/drew my attention/to the fact that/drew our attention to the fact that/drew our attention/to the fact that/drew to my attention the fact that/drew to my attention/the fact that/drew to our attention the fact that/drew to our attention/the fact that/drew it to my attention that/drew it to/my attention that
300004394900229,TELEVID5999_SCANNER13,PL0068031917008863632300004394900229,12/06/2025,07/06/2025,9170088636,PL006,Slavic,PL,8031,32,B,0.8296,B,,Match,D441/01,B
300004396100355,TELEVID6013_SCANNER12,ES0070002917008863612300004396100355,12/06/2025,07/06/2025,9170088636,ES007,Romance,ES,2,12,THE,0.8253,TME,,NoMatch,D441/01,what
300004396100356,TELEVID6013_SCANNER12,ES0070003917008863612300004396100356,12/06/2025,07/06/2025,9170088636,ES007,Romance,ES,3,12,WHAT,0.8193,WHAT,,Match,D441/01,what
300004396100356,TELEVID6013_SCANNER12,ES0070003917008863628300004396100356,12/06/2025,07/06/2025,9170088636,ES007,Romance,ES,3,28,AN IMPRESSION THAT LED ME  TO BELIEVE,0.8443,AN IMPRESSION THAT LED ME ME TO BELIEVE,,NoMatch,D441/01,been led to believe/been led/to believe/been led to think/been led/to think/been led to understand/been led/to understand
300004396100361,TELEVID6013_SCANNER12,ES0070008917008863631300004396100361,12/06/2025,07/06/2025,9170088636,ES007,Romance,ES,8,31,C,0.8439,C,,Match,D441/01,D
300004396100567,TELEVID6013_SCANNER12,ES4380005917008863623300004396100567,12/06/2025,07/06/2025,9170088636,ES438,Romance,ES,5,23,ACCESSIBLE,0.8015,ACEESSIBLE,,NoMatch,D441/01,accessible
300004396100568,TELEVID6013_SCANNER12,ES4380006917008863636300004396100568,12/06/2025,07/06/2025,9170088636,ES438,Romance,ES,6,36,B,0.8371,B,,Match,D441/01,D
300004396100571,TELEVID6013_SCANNER12,ES4380009917008863622300004396100571,12/06/2025,07/06/2025,9170088636,ES438,Romance,ES,9,22,UNPACKS,0.834,UNPACKS,,Match,D441/01,unpacks
300004396500696,TELEVID6011_SCANNER12,GR1188014917008863631300004396500696,12/06/2025,07/06/2025,9170088636,GR118,Greek,GR,8014,31,A,0.8431,A,,Match,D441/01,D
300004396500696,TELEVID6011_SCANNER12,GR1188014917008863636300004396500696,12/06/2025,07/06/2025,9170088636,GR118,Greek,GR,8014,36,D,0.8334,D,,Match,D441/01,D
300004396500705,TELEVID6011_SCANNER12,GR1188023917008863625300004396500705,12/06/2025,07/06/2025,9170088636,GR118,Greek,GR,8023,25,AUNT SOPHIE THE ONLY EXCEPTION,0.8353,AUNT SOPHIE THE ONLY EXCEPTION,,Match,D441/01,with the exception of Aunt Sophie/with the exception/of Aunt Sophie
300004396500711,TELEVID6011_SCANNER12,GR1188029917008863626300004396500711,12/06/2025,07/06/2025,9170088636,GR118,Greek,GR,8029,26,NO INTENTION OF BEING RUDE,0.8165,NO INTENTION OF BEING RUDE,,Match,D441/01,no intention of being rude/no intention/of being rude
300004396500739,TELEVID6011_SCANNER12,GR1188057917008863617300004396500739,12/06/2025,07/06/2025,9170088636,GR118,Greek,GR,8057,17,VALUABLE,0.8143,VALUABLE,,Match,D441/01,invaluable
300004396500747,TELEVID6011_SCANNER12,GR1188065917008863621300004396500747,12/06/2025,07/06/2025,9170088636,GR118,Greek,GR,8065,21,PERSUATION,0.819,PERSUATION,,Match,D441/01,persuasively
300004396800356,TELEVID6005_SCANNER12,IT0178002917008863610300004396800356,12/06/2025,07/06/2025,9170088636,IT017,Romance,IT,8002,10,MUCH,0.8069,NUCH,,NoMatch,D441/01,little
300004396800358,TELEVID6005_SCANNER12,IT0178004917008863617300004396800358,12/06/2025,07/06/2025,9170088636,IT017,Romance,IT,8004,17,UNVALUABLE,0.8144,UNVALUABLE,,Match,D441/01,invaluable
300004396800358,TELEVID6005_SCANNER12,IT0178004917008863626300004396800358,12/06/2025,07/06/2025,9170088636,IT017,Romance,IT,8004,26,NO INTENTION OF BEING RUDE,0.8275,NO INTENTION OF BEING RUDE,,Match,D441/01,no intention of being rude/no intention/of being rude
300004459800443,TELEVID6120_SCANNER12,PL0360002917008863632300004459800443,17/06/2025,07/06/2025,9170088636,PL036,Slavic,PL,2,32,B,0.8413,B,,Match,D441/01,B
300004459800444,TELEVID6120_SCANNER12,PL0360003917008863614300004459800444,17/06/2025,07/06/2025,9170088636,PL036,Slavic,PL,3,14,OUT,0.8424,OUT,,Match,D441/01,out
300004459800445,TELEVID6120_SCANNER12,PL0360004917008863624300004459800445,17/06/2025,07/06/2025,9170088636,PL036,Slavic,PL,4,24,EXHAUSTING,0.8205,EXHAUSTING,,Match,D441/01,exhaustive
300004459800445,TELEVID6120_SCANNER12,PL0360004917008863629300004459800445,17/06/2025,07/06/2025,9170088636,PL036,Slavic,PL,4,29,EXPLANATION WAS GIVEN AS,0.8378,EXPLANATION WAS GIVEN AS,,Match,D441/01,explanation was (ever) given as/explanation was (ever) given/as/reason was (ever) given as/reason was (ever) given/as
300004459800446,TELEVID6120_SCANNER12,PL0360005917008863636300004459800446,17/06/2025,07/06/2025,9170088636,PL036,Slavic,PL,5,36,D,0.838,D,,Match,D441/01,D
300004459800454,TELEVID6120_SCANNER12,PL0360013917008863618300004459800454,17/06/2025,07/06/2025,9170088636,PL036,Slavic,PL,13,18,INTUITIVE,0.8373,INJUITIVE,,NoMatch,D441/01,intuitive
300004465600495,TELEVID6110_SCANNER12,ES0718008917008863630300004465600495,17/06/2025,07/06/2025,9170088636,ES071,Romance,ES,8008,30,DREW THE IMPORTANCE ON THAT,0.8366,DREW THE IMPORTANCE ON THAT,,Match,D441/01,drew it to our attention that/drew it to/our attention that/drew my attention to the fact that/drew my attention/to the fact that/drew our attention to the fact that/drew our attention/to the fact that/drew to my attention the fact that/drew to my attention/the fact that/drew to our attention the fact that/drew to our attention/the fact that/drew it to my attention that/drew it to/my attention that
300004465600496,TELEVID6110_SCANNER12,ES0718009917008863633300004465600496,17/06/2025,07/06/2025,9170088636,ES071,Romance,ES,8009,33,B,0.8044,B,,Match,D441/01,B
300004465600500,TELEVID6110_SCANNER12,ES0718013917008863618300004465600500,17/06/2025,07/06/2025,9170088636,ES071,Romance,ES,8013,18,INTUITIVE,0.8334,INTUITIVE,,Match,D441/01,intuitive
300004465600501,TELEVID6110_SCANNER12,ES0718014917008863634300004465600501,17/06/2025,07/06/2025,9170088636,ES071,Romance,ES,8014,34,D,0.8329,D,,Match,D441/01,D
300004467700484,TELEVID6090_SCANNER12,ES4397001917008863629300004467700484,17/06/2025,07/06/2025,9170088636,ES439,Romance,ES,7001,29,EXPLENATION WAS GIVEN AS,0.8309,EXPLENATION WAS GIVEN AS,,Match,D441/01,explanation was (ever) given as/explanation was (ever) given/as/reason was (ever) given as/reason was (ever) given/as
300004467700484,TELEVID6090_SCANNER12,ES4397001917008863634300004467700484,17/06/2025,07/06/2025,9170088636,ES439,Romance,ES,7001,34,D,0.8447,D,,Match,D441/01,D
300004467700486,TELEVID6090_SCANNER12,ES4397003917008863628300004467700486,17/06/2025,07/06/2025,9170088636,ES439,Romance,ES,7003,28,BEEN LED TO THE IMPRESSION,0.8495,BEEN LED TO THE IMPRESSION,,Match,D441/01,been led to believe/been led/to believe/been led to think/been led/to think/been led to understand/been led/to understand
300004467700488,TELEVID6090_SCANNER12,ES4397005917008863628300004467700488,17/06/2025,07/06/2025,9170088636,ES439,Romance,ES,7005,28,BEEN LED TO BELIEVE,0.8152,BEEN LED TO BELIEVE,,Match,D441/01,been led to believe/been led/to believe/been led to think/been led/to think/been led to understand/been led/to understand
300004467700488,TELEVID6090_SCANNER12,ES4397005917008863632300004467700488,17/06/2025,07/06/2025,9170088636,ES439,Romance,ES,7005,32,B,0.8094,B,,Match,D441/01,B
300004467700491,TELEVID6090_SCANNER12,ES4397008917008863632300004467700491,17/06/2025,07/06/2025,9170088636,ES439,Romance,ES,7008,32,B,0.8344,"B, C",,NoMatch,D441/01,B
300004467700492,TELEVID6090_SCANNER12,ES4397009917008863625300004467700492,17/06/2025,07/06/2025,9170088636,ES439,Romance,ES,7009,25,FOR THE EXCEPIION OF AUNT SOPHIE,0.8283,FOR THE EXCEPTION OF AUNT SOPHIE,,NoMatch,D441/01,with the exception of Aunt Sophie/with the exception/of Aunt Sophie
300004468100267,TELEVID6116_SCANNER12,DE5055004917008863621300004468100267,17/06/2025,07/06/2025,9170088636,DE505,Germanic,DE,5004,21,PERSUATIVELY,0.8387,PERSUATIVELY,,Match,D441/01,persuasively
300004468600237,TELEVID6119_SCANNER12,PL0360015917008863628300004468600237,17/06/2025,07/06/2025,9170088636,PL036,Slavic,PL,15,28,BEEN LED INTO IMPRESSION,0.8349,BEEN LED INTO IMPRESSION,,Match,D441/01,been led to believe/been led/to believe/been led to think/been led/to think/been led to understand/been led/to understand
300004468600239,TELEVID6119_SCANNER12,PL0360017917008863624300004468600239,17/06/2025,07/06/2025,9170088636,PL036,Slavic,PL,17,24,EXHAUSTING,0.8313,EXHAUSTING,,Match,D441/01,exhaustive
300004468600241,TELEVID6119_SCANNER12,PL0360019917008863628300004468600241,17/06/2025,07/06/2025,9170088636,PL036,Slavic,PL,19,28,LED MYSELF TO A CONCLUSION,0.8229,LED MYSELF TO A CONCLUSION,,Match,D441/01,been led to believe/been led/to believe/been led to think/been led/to think/been led to understand/been led/to understand
300004468600241,TELEVID6119_SCANNER12,PL0360019917008863651300004468600241,17/06/2025,07/06/2025,9170088636,PL036,Slavic,PL,19,51,B,0.8116,B,,Match,D441/01,C
300004468900310,TELEVID6111_SCANNER12,ES3890002917008863632300004468900310,17/06/2025,07/06/2025,9170088636,ES389,Romance,ES,2,32,B,0.8195,B,,Match,D441/01,B
300004471400548,TELEVID6107_SCANNER12,GR8010017917008863626300004471400548,17/06/2025,07/06/2025,9170088636,GR801,Greek,GR,17,26,NOT THE INTENTION TO BE RUDE,0.8407,NOT THE INTENTION TO BE RUDE,,Match,D441/01,no intention of being rude/no intention/of being rude
300004471400548,TELEVID6107_SCANNER12,GR8010017917008863628300004471400548,17/06/2025,07/06/2025,9170088636,GR801,Greek,GR,17,28,A LED IMPRESSION,0.8443,1 LED IMPRESSION,,NoMatch,D441/01,been led to believe/been led/to believe/been led to think/been led/to think/been led to understand/been led/to understand
300004471600400,TELEVID6114_SCANNER12,ES4100001917008863620300004471600400,17/06/2025,07/06/2025,9170088636,ES410,Romance,ES,1,20,SCHOLARNESS,0.8282,SCHOLARNESS,,Match,D441/01,scholarship
300004471600401,TELEVID6114_SCANNER12,ES4100002917008863630300004471600401,17/06/2025,07/06/2025,9170088636,ES410,Romance,ES,2,30,DREW ATTENTION TO THE FACT,0.8492,DREW ATTENTION TO THE FACT,,Match,D441/01,drew it to our attention that/drew it to/our attention that/drew my attention to the fact that/drew my attention/to the fact that/drew our attention to the fact that/drew our attention/to the fact that/drew to my attention the fact that/drew to my attention/the fact that/drew to our attention the fact that/drew to our attention/the fact that/drew it to my attention that/drew it to/my attention that
300004471600402,TELEVID6114_SCANNER12,ES4100003917008863624300004471600402,17/06/2025,07/06/2025,9170088636,ES410,Romance,ES,3,24,EXHAUSTING,0.8387,EXHAUSTING,,Match,D441/01,exhaustive
300004471600402,TELEVID6114_SCANNER12,ES4100003917008863627300004471600402,17/06/2025,07/06/2025,9170088636,ES410,Romance,ES,3,27,DAY GOES WITHOUT ME,0.835,DAY GOES WITHOUT ME,,Match,D441/01,a (single) day goes by without me/a (single) day goes by/without me/a (single) day goes by without my/a (single) day goes by/without my/a (single) day goes past without me/a (single) day goes past/without me/a (single) day goes past without my/a (single) day goes past/without my/one (single) day goes by without me/one (single) day goes by/without me/one (single) day goes by without my/one (single) day goes by/without my/one (single) day goes past without me/one (single) day goes past/without me/one (single) day goes past without my/one (single) day goes past/without my
300004471600405,TELEVID6114_SCANNER12,ES4100006917008863618300004471600405,17/06/2025,07/06/2025,9170088636,ES410,Romance,ES,6,18,INTUITIVE,0.8358,INTUITIVE,,Match,D441/01,intuitive
300004475400131,TELEVID6093_SCANNER12,ES0310002582171119232300004475400131,17/06/2025,13/06/2025,5821711192,ES031,Romance,ES,2,32,C,0.8427,C,,Match,D441/01,A
300004475400141,TELEVID6093_SCANNER12,ES0310012582171119235300004475400141,17/06/2025,13/06/2025,5821711192,ES031,Romance,ES,12,35,C,0.8433,C,,Match,D441/01,C
300004475400144,TELEVID6093_SCANNER12,ES0310015582171119221300004475400144,17/06/2025,13/06/2025,5821711192,ES031,Romance,ES,15,21,RATIOCINIAL,0.8365,RATIOCINIAL,,Match,D441/01,reasoning
300004475400149,TELEVID6093_SCANNER12,ES0310020582171119236300004475400149,17/06/2025,13/06/2025,5821711192,ES031,Romance,ES,20,36,C,0.8432,C,,Match,D441/01,C
300004475400150,TELEVID6093_SCANNER12,ES0310021582171119218300004475400150,17/06/2025,13/06/2025,5821711192,ES031,Romance,ES,21,18,BENEFITABLE,0.8342,BENEFITABLE,,Match,D441/01,beneficial
300004475400151,TELEVID6093_SCANNER12,ES0310022582171119232300004475400151,17/06/2025,13/06/2025,5821711192,ES031,Romance,ES,22,32,C,0.8203,C,,Match,D441/01,A
300004475400151,TELEVID6093_SCANNER12,ES0310022582171119241300004475400151,17/06/2025,13/06/2025,5821711192,ES031,Romance,ES,22,41,G,0.8381,G,,Match,D441/01,G
300004475400221,TELEVID6093_SCANNER12,ES2918006582171119225300004475400221,17/06/2025,13/06/2025,5821711192,ES291,Romance,ES,8006,25,BEEN MORE DELIGHTED,0.8109,BEEN MORE DELIGHTED,,Match,D441/01,been (any) more delighted/been/(any) more delighted
300004475400221,TELEVID6093_SCANNER12,ES2918006582171119227300004475400221,17/06/2025,13/06/2025,5821711192,ES291,Romance,ES,8006,27,ABLE TO SHED LIGHT,0.8163,ABLE TO SHED LIGHT,,Match,D441/01,able to shed (any) light/able to/shed (any) light
300004475400225,TELEVID6093_SCANNER12,ES291801058217111929300004475400225,17/06/2025,13/06/2025,5821711192,ES291,Romance,ES,8010,9,FOR,0.8128,FOR,,Match,D441/01,for
300004475600337,TELEVID8001_SCANNER12,BG0158801582171119231300004475600337,17/06/2025,13/06/2025,5821711192,BG015,Slavic,BG,8801,31,B,0.8067,B,,Match,D441/01,B
300004492400240,TELEVID8019_SCANNER13,CZ0070005582171119235300004492400240,18/06/2025,13/06/2025,5821711192,CZ007,Slavic,CZ,5,35,C,0.8495,C,,Match,D441/01,C
300004492400242,TELEVID8019_SCANNER13,CZ0070007582171119235300004492400242,18/06/2025,13/06/2025,5821711192,CZ007,Slavic,CZ,7,35,C,0.8297,C,,Match,D441/01,C
300004492400452,TELEVID8019_SCANNER13,ES1033572582171119241300004492400452,18/06/2025,13/06/2025,5821711192,ES103,Romance,ES,3572,41,E,0.8161,E,,Match,D441/01,G
300004492400453,TELEVID8019_SCANNER13,ES1033573582171119211300004492400453,18/06/2025,13/06/2025,5821711192,ES103,Romance,ES,3573,11,ANYTHING,0.836,ANVTHING,,NoMatch,D441/01,much/anything
300004492400464,TELEVID8019_SCANNER13,ES1033584582171119212300004492400464,18/06/2025,13/06/2025,5821711192,ES103,Romance,ES,3584,12,GREAT,0.8159,GREAT,,Match,D441/01,other
300004492400465,TELEVID8019_SCANNER13,ES1033585582171119229300004492400465,18/06/2025,13/06/2025,5821711192,ES103,Romance,ES,3585,29,DID NOT PUT UP WITH,0.8092,DID NOT PUT UP WITH,,Match,D441/01,put Maria off buying/put Maria off/buying/put Maria off going to buy/put Maria off/going to buy/put Maria off wanting to buy/put Maria off/wanting to buy
300004492400474,TELEVID8019_SCANNER13,ES1033594582171119214300004492400474,18/06/2025,13/06/2025,5821711192,ES103,Romance,ES,3594,14,THEM,0.8385,THEM,,Match,D441/01,us
300004492400474,TELEVID8019_SCANNER13,ES1033594582171119225300004492400474,18/06/2025,13/06/2025,5821711192,ES103,Romance,ES,3594,25,BEEN MORE DELIGTHED,0.8395,BEEN MORE DELIGTHED,,Match,D441/01,been (any) more delighted/been/(any) more delighted
300004492600336,TELEVID8039_SCANNER13,ES3838165582171119230300004492600336,18/06/2025,13/06/2025,5821711192,ES383,Romance,ES,8165,30,HOPEFUL IN FINDING,0.8199,HOPEFUL IN FINDING,,Match,D441/01,in (the) hope of finding/in (the) hope of/finding/in (the) hope of being able to find/in (the) hope of/being able to find/in (the) hopes of being able to find/in (the) hopes of finding/in (the) hopes of/finding/in (the) hopes of/being able to find/in (the) hope (that) she [would/'d] find/in (the) hope (that)/she [would/'d] find/in (the) hopes (that) she [would/'d] find/in (the) hopes (that)/she [would/'d] find
300004492600344,TELEVID8039_SCANNER13,ES3838173582171119228300004492600344,18/06/2025,13/06/2025,5821711192,ES383,Romance,ES,8173,28,THE STORM NOT DIED,0.8485,THE STORM NOT DIED,,Match,D441/01,the storm not died out/the storm not/died out/the storm not died down/the storm not/died down
300004492600351,TELEVID8039_SCANNER13,ES7050005582171119232300004492600351,18/06/2025,13/06/2025,5821711192,ES705,Romance,ES,5,32,B,0.8341,B,,Match,D441/01,A
300004492600354,TELEVID8039_SCANNER13,ES7050008582171119227300004492600354,18/06/2025,13/06/2025,5821711192,ES705,Romance,ES,8,27,ABLE TO SHED ANY LIGHT,0.8177,ABLE TO SHED ANY IGHT,,NoMatch,D441/01,able to shed (any) light/able to/shed (any) light
300004492600355,TELEVID8039_SCANNER13,ES7050009582171119220300004492600355,18/06/2025,13/06/2025,5821711192,ES705,Romance,ES,9,20,PUBLICATION,0.8013,PUBLICATION,,Match,D441/01,publication
300004492600358,TELEVID8039_SCANNER13,ES7050012582171119223300004492600358,18/06/2025,13/06/2025,5821711192,ES705,Romance,ES,12,23,INELLECTUALY,0.8463,INELLECTUALY,,Match,D441/01,intellectually
300004492600358,TELEVID8039_SCANNER13,ES7050012582171119241300004492600358,18/06/2025,13/06/2025,5821711192,ES705,Romance,ES,12,41,B,0.8329,"B, C",,NoMatch,D441/01,G
300004492700088,TELEVID8049_SCANNER13,ES1650003582171119226300004492700088,18/06/2025,13/06/2025,5821711192,ES165,Romance,ES,3,26,CAN ESCAPE TO,0.8401,CAN ESCAPE TO,,Match,D441/01,can escape (from) having to/can escape (from)/having to/can escape (from) needing to/can escape (from)/needing to/can escape (from) the need to/can escape (from)/the need to/can escape (from) the fact of having to/can escape (from)/the fact of having to/can escape (from) the fact of needing to/can escape (from)/the fact of needing to/[is/'s] able to escape (from) having to/[is/'s] able to escape (from)/having to/[is/'s] able to escape (from) needing to/[is/'s] able to escape (from)/needing to/[is/'s] able to escape (from) the need to/[is/'s] able to escape (from)/the need to
300004492700090,TELEVID8049_SCANNER13,ES1650005582171119217300004492700090,18/06/2025,13/06/2025,5821711192,ES165,Romance,ES,5,17,CELEBRATING,0.8269,CECEBRATING,,NoMatch,D441/01,celebrated
300004492700096,TELEVID8049_SCANNER13,ES1650011582171119221300004492700096,18/06/2025,13/06/2025,5821711192,ES165,Romance,ES,11,21,REASONABILITIES,0.8437,REASOUABILITIES,,NoMatch,D441/01,reasoning
300004492700099,TELEVID8049_SCANNER13,ES1650014582171119228300004492700099,18/06/2025,13/06/2025,5821711192,ES165,Romance,ES,14,28,THE STORM NOT DIED,0.8149,THE STORM NOT DIED,,Match,D441/01,the storm not died out/the storm not/died out/the storm not died down/the storm not/died down
300004492700099,TELEVID8049_SCANNER13,ES1650014582171119231300004492700099,18/06/2025,13/06/2025,5821711192,ES165,Romance,ES,14,31,C,0.8265,C,,Match,D441/01,B
300004492700103,TELEVID8049_SCANNER13,ES1650018582171119231300004492700103,18/06/2025,13/06/2025,5821711192,ES165,Romance,ES,18,31,B,0.8048,B,,Match,D441/01,B
300004492700105,TELEVID8049_SCANNER13,ES1650020582171119222300004492700105,18/06/2025,13/06/2025,5821711192,ES165,Romance,ES,20,22,FINDINGS,0.8379,FINDINGS,,Match,D441/01,findings
300004492700107,TELEVID8049_SCANNER13,ES1650022582171119234300004492700107,18/06/2025,13/06/2025,5821711192,ES165,Romance,ES,22,34,C,0.833,C,,Match,D441/01,A
300004492700109,TELEVID8049_SCANNER13,ES1650024582171119228300004492700109,18/06/2025,13/06/2025,5821711192,ES165,Romance,ES,24,28,THE STORM NOT DIED ITSELF,0.8252,THE STORM NOT DIED ITSELF,,Match,D441/01,the storm not died out/the storm not/died out/the storm not died down/the storm not/died down
300004492700110,TELEVID8049_SCANNER13,ES1650025582171119234300004492700110,18/06/2025,13/06/2025,5821711192,ES165,Romance,ES,25,34,C,0.8424,C,,Match,D441/01,A
300004492700486,TELEVID8049_SCANNER13,PL0048001582171119226300004492700486,18/06/2025,13/06/2025,5821711192,PL004,Slavic,PL,8001,26,CAN ESCAPE BUT THEY MUST,0.8202,CAN ESCAPE BUT THEY MUST,,Match,D441/01,can escape (from) having to/can escape (from)/having to/can escape (from) needing to/can escape (from)/needing to/can escape (from) the need to/can escape (from)/the need to/can escape (from) the fact of having to/can escape (from)/the fact of having to/can escape (from) the fact of needing to/can escape (from)/the fact of needing to/[is/'s] able to escape (from) having to/[is/'s] able to escape (from)/having to/[is/'s] able to escape (from) needing to/[is/'s] able to escape (from)/needing to/[is/'s] able to escape (from) the need to/[is/'s] able to escape (from)/the need to
300004492700486,TELEVID8049_SCANNER13,PL0048001582171119229300004492700486,18/06/2025,13/06/2025,5821711192,PL004,Slavic,PL,8001,29,PUT OUT MARIA'S NEED FOR READING,0.8156,PUT OUT MARIA'S NEED FOR READING,,Match,D441/01,put Maria off buying/put Maria off/buying/put Maria off going to buy/put Maria off/going to buy/put Maria off wanting to buy/put Maria off/wanting to buy
300004492700489,TELEVID8049_SCANNER13,PL0048004582171119229300004492700489,18/06/2025,13/06/2025,5821711192,PL004,Slavic,PL,8004,29,PUT MARIA OFF BUYING,0.8325,PUT MARIA OFF BUYING,,Match,D441/01,put Maria off buying/put Maria off/buying/put Maria off going to buy/put Maria off/going to buy/put Maria off wanting to buy/put Maria off/wanting to buy
300004492700493,TELEVID8049_SCANNER13,PL0048008582171119231300004492700493,18/06/2025,13/06/2025,5821711192,PL004,Slavic,PL,8008,31,B,0.8477,B,,Match,D441/01,B
300004492700498,TELEVID8049_SCANNER13,PL0048013582171119230300004492700498,18/06/2025,13/06/2025,5821711192,PL004,Slavic,PL,8013,30,IN THE PURPOSE OF FINDING,0.834,IN THE PURPOSE OF FINDING,,Match,D441/01,in (the) hope of finding/in (the) hope of/finding/in (the) hope of being able to find/in (the) hope of/being able to find/in (the) hopes of being able to find/in (the) hopes of finding/in (the) hopes of/finding/in (the) hopes of/being able to find/in (the) hope (that) she [would/'d] find/in (the) hope (that)/she [would/'d] find/in (the) hopes (that) she [would/'d] find/in (the) hopes (that)/she [would/'d] find
300004492700499,TELEVID8049_SCANNER13,PL0048014582171119216300004492700499,18/06/2025,13/06/2025,5821711192,PL004,Slavic,PL,8014,16,BY,0.8055,BY,,Match,D441/01,by
300004501800347,TELEVID8031_SCANNER12,IT0250001582171119244300004501800347,19/06/2025,13/06/2025,5821711192,IT025,Romance,IT,1,44,A,0.8165,A,,Match,D441/01,C
300004502400447,TELEVID8047_SCANNER12,ES3838059582171119232300004502400447,19/06/2025,13/06/2025,5821711192,ES383,Romance,ES,8059,32,C,0.8449,C,,Match,D441/01,A
300004502400449,TELEVID8047_SCANNER12,ES3838061582171119234300004502400449,19/06/2025,13/06/2025,5821711192,ES383,Romance,ES,8061,34,A,0.8164,A,,Match,D441/01,A
300004502400630,TELEVID8047_SCANNER12,ES3838077582171119229300004502400630,19/06/2025,13/06/2025,5821711192,ES383,Romance,ES,8077,29,PUT MARIA ABACK ON BUYING,0.8468,PUT MARIA ABACK ON BUYING,,Match,D441/01,put Maria off buying/put Maria off/buying/put Maria off going to buy/put Maria off/going to buy/put Maria off wanting to buy/put Maria off/wanting to buy
300004503100710,TELEVID8008_SCANNER12,PL1610006582171119212300004503100710,19/06/2025,13/06/2025,5821711192,PL161,Slavic,PL,6,12,SO,0.8434,SO,,Match,D441/01,other
300004503100711,TELEVID8008_SCANNER12,PL1610007582171119212300004503100711,19/06/2025,13/06/2025,5821711192,PL161,Slavic,PL,7,12,IF,0.8054,IF,,Match,D441/01,other
300004503100711,TELEVID8008_SCANNER12,PL1610007582171119213300004503100711,19/06/2025,13/06/2025,5821711192,PL161,Slavic,PL,7,13,MUCH,0.8468,MACH,,NoMatch,D441/01,little
300004503100711,TELEVID8008_SCANNER12,PL1610007582171119234300004503100711,19/06/2025,13/06/2025,5821711192,PL161,Slavic,PL,7,34,B,0.805,B,,Match,D441/01,A
300004505200259,TELEVID8024_SCANNER12,ES3838094582171119229300004505200259,19/06/2025,13/06/2025,5821711192,ES383,Romance,ES,8094,29,PUT MARIA IN DOUBT ABOUT,0.8458,PUT MARIA IN DOUBT ABOUT,,Match,D441/01,put Maria off buying/put Maria off/buying/put Maria off going to buy/put Maria off/going to buy/put Maria off wanting to buy/put Maria off/wanting to buy
300004505200263,TELEVID8024_SCANNER12,ES383809858217111929300004505200263,19/06/2025,13/06/2025,5821711192,ES383,Romance,ES,8098,9,FOR,0.8217,FOR,,Match,D441/01,for
300004507300048,TELEVID8033_SCANNER13,ES4598025582171119235300004507300048,19/06/2025,13/06/2025,5821711192,ES459,Romance,ES,8025,35,C,0.8204,C,,Match,D441/01,C
300004507300049,TELEVID8033_SCANNER13,ES4598026582171119241300004507300049,19/06/2025,13/06/2025,5821711192,ES459,Romance,ES,8026,41,B,0.807,"B, D",,NoMatch,D441/01,G
300004507300054,TELEVID8033_SCANNER13,ES4598003582171119216300004507300054,19/06/2025,13/06/2025,5821711192,ES459,Romance,ES,8003,16,BY,0.8175,BY,,Match,D441/01,by
300004507300058,TELEVID8033_SCANNER13,ES459800758217111923300004507300058,19/06/2025,13/06/2025,5821711192,ES459,Romance,ES,8007,3,A,0.8025,"A, B",,NoMatch,D441/01,A
300004507300343,TELEVID8033_SCANNER13,ES4598055582171119229300004507300343,19/06/2025,13/06/2025,5821711192,ES459,Romance,ES,8055,29,PUT MARIA OFF FROM BUYING,0.8053,PUT MARIA OFF FROM BUYING,,Match,D441/01,put Maria off buying/put Maria off/buying/put Maria off going to buy/put Maria off/going to buy/put Maria off wanting to buy/put Maria off/wanting to buy
300004507400482,TELEVID8030_SCANNER13,ES3919002582171119217300004507400482,19/06/2025,13/06/2025,5821711192,ES391,Romance,ES,9002,17,CELEBRITY,0.8059,CELEBRITY,,Match,D441/01,celebrated
300004507400486,TELEVID8030_SCANNER13,ES3919006582171119228300004507400486,19/06/2025,13/06/2025,5821711192,ES391,Romance,ES,9006,28,NOT THE STORM DIED OUT,0.8302,NOT THE STORM DIED OUT,,Match,D441/01,the storm not died out/the storm not/died out/the storm not died down/the storm not/died down
300004507400487,TELEVID8030_SCANNER13,ES3919007582171119243300004507400487,19/06/2025,13/06/2025,5821711192,ES391,Romance,ES,9007,43,B,0.8041,B,,Match,D441/01,B
300004507400488,TELEVID8030_SCANNER13,ES3919008582171119211300004507400488,19/06/2025,13/06/2025,5821711192,ES391,Romance,ES,9008,11,ANYTHING,0.8256,ANXTHING,,NoMatch,D441/01,much/anything
300004507400494,TELEVID8030_SCANNER13,ES3919014582171119236300004507400494,19/06/2025,13/06/2025,5821711192,ES391,Romance,ES,9014,36,B,0.8196,B,,Match,D441/01,C
300004507400497,TELEVID8030_SCANNER13,ES3919017582171119236300004507400497,19/06/2025,13/06/2025,5821711192,ES391,Romance,ES,9017,36,B,0.8466,B,,Match,D441/01,C
300004507700703,TELEVID8014_SCANNER13,PL0900003917008863626300004507700703,19/06/2025,07/06/2025,9170088636,PL090,Slavic,PL,3,26,NO INTENTION TO BE RUDE,0.8081,NO INTENTION TO BE RUDE,,Match,D441/01,no intention of being rude/no intention/of being rude
300004507700704,TELEVID8014_SCANNER13,PL0900004917008863626300004507700704,19/06/2025,07/06/2025,9170088636,PL090,Slavic,PL,4,26,NO INTENTION TO BE RUDE,0.8084,NO INTENTION TO BE RUDE,,Match,D441/01,no intention of being rude/no intention/of being rude
300004507700704,TELEVID8014_SCANNER13,PL0900004917008863632300004507700704,19/06/2025,07/06/2025,9170088636,PL090,Slavic,PL,4,32,B,0.8012,B,,Match,D441/01,B
300004507700705,TELEVID8014_SCANNER13,PL0900005917008863627300004507700705,19/06/2025,07/06/2025,9170088636,PL090,Slavic,PL,5,27,A DAY GOES BY WITHOUT ME,0.8408,A DAY GOES BY WITHOUT ME,,Match,D441/01,a (single) day goes by without me/a (single) day goes by/without me/a (single) day goes by without my/a (single) day goes by/without my/a (single) day goes past without me/a (single) day goes past/without me/a (single) day goes past without my/a (single) day goes past/without my/one (single) day goes by without me/one (single) day goes by/without me/one (single) day goes by without my/one (single) day goes by/without my/one (single) day goes past without me/one (single) day goes past/without me/one (single) day goes past without my/one (single) day goes past/without my
300004507700705,TELEVID8014_SCANNER13,PL0900005917008863628300004507700705,19/06/2025,07/06/2025,9170088636,PL090,Slavic,PL,5,28,BEEN LED ON BY THE FACT,0.8496,BEEN LED ON BY THE FACT,,Match,D441/01,been led to believe/been led/to believe/been led to think/been led/to think/been led to understand/been led/to understand
300004507700705,TELEVID8014_SCANNER13,PL0900005917008863630300004507700705,19/06/2025,07/06/2025,9170088636,PL090,Slavic,PL,5,30,DREW OUR ATTENTION TO THE FACT THAT,0.844,DREW OUR ATTENTION TO THE FACT THAT,,Match,D441/01,drew it to our attention that/drew it to/our attention that/drew my attention to the fact that/drew my attention/to the fact that/drew our attention to the fact that/drew our attention/to the fact that/drew to my attention the fact that/drew to my attention/the fact that/drew to our attention the fact that/drew to our attention/the fact that/drew it to my attention that/drew it to/my attention that
300004507800745,TELEVID8002_SCANNER13,DE703500758217111921300004507800745,19/06/2025,13/06/2025,5821711192,DE703,Germanic,DE,5007,1,D,0.8048,D,,Match,D441/01,D
300004507800749,TELEVID8002_SCANNER13,DE7035011582171119227300004507800749,19/06/2025,13/06/2025,5821711192,DE703,Germanic,DE,5011,27,ABLE TO SHED AN EXPLANATION,0.8368,ABLE TO SHED AN EXPLANATION,,Match,D441/01,able to shed (any) light/able to/shed (any) light
300004507800750,TELEVID8002_SCANNER13,DE7035012582171119226300004507800750,19/06/2025,13/06/2025,5821711192,DE703,Germanic,DE,5012,26,IS  ABLE TO ESCAPE A,0.8412,15 ABLE TO ESCAPE A,,NoMatch,D441/01,can escape (from) having to/can escape (from)/having to/can escape (from) needing to/can escape (from)/needing to/can escape (from) the need to/can escape (from)/the need to/can escape (from) the fact of having to/can escape (from)/the fact of having to/can escape (from) the fact of needing to/can escape (from)/the fact of needing to/[is/'s] able to escape (from) having to/[is/'s] able to escape (from)/having to/[is/'s] able to escape (from) needing to/[is/'s] able to escape (from)/needing to/[is/'s] able to escape (from) the need to/[is/'s] able to escape (from)/the need to
300004507800756,TELEVID8002_SCANNER13,DE7035018582171119223300004507800756,19/06/2025,13/06/2025,5821711192,DE703,Germanic,DE,5018,23,INTELLECTUALY,0.8153,INTELLECTUALY,,Match,D441/01,intellectually
300004508200144,TELEVID8042_2_SCANNER13,IT071000258217111929300004508200144,19/06/2025,13/06/2025,5821711192,IT071,Romance,IT,2,9,IF,0.8419,1F,,NoMatch,D441/01,for
300004508200540,TELEVID8042_2_SCANNER13,PL2500001582171119236300004508200540,19/06/2025,13/06/2025,5821711192,PL250,Slavic,PL,1,36,C,0.8264,C,,Match,D441/01,C
300004508200541,TELEVID8042_2_SCANNER13,PL250000258217111921300004508200541,19/06/2025,13/06/2025,5821711192,PL250,Slavic,PL,2,1,D,0.8165,D,,Match,D441/01,D
300004508200541,TELEVID8042_2_SCANNER13,PL250000258217111923300004508200541,19/06/2025,13/06/2025,5821711192,PL250,Slavic,PL,2,3,A,0.8435,"A, B",,NoMatch,D441/01,A
300004513200299,TELEVID8093_SCANNER13,ES0038001582171119228300004513200299,19/06/2025,13/06/2025,5821711192,ES003,Romance,ES,8001,28,THE STORM NOT DIED ON ITS OWN,0.8385,THE STORM NOT DIED ON ITS OWN,,Match,D441/01,the storm not died out/the storm not/died out/the storm not died down/the storm not/died down
300004513200309,TELEVID8093_SCANNER13,ES0038011582171119234300004513200309,19/06/2025,13/06/2025,5821711192,ES003,Romance,ES,8011,34,C,0.8298,C,,Match,D441/01,A
300004513200310,TELEVID8093_SCANNER13,ES0038012582171119211300004513200310,19/06/2025,13/06/2025,5821711192,ES003,Romance,ES,8012,11,ANYTHING,0.8162,ANYTHING,,Match,D441/01,much/anything
300004513700411,TELEVID8096_SCANNER13,PL036000158217111921300004513700411,19/06/2025,13/06/2025,5821711192,PL036,Slavic,PL,1,1,D,0.8401,D,,Match,D441/01,D
300004513700413,TELEVID8096_SCANNER13,PL0360003582171119229300004513700413,19/06/2025,13/06/2025,5821711192,PL036,Slavic,PL,3,29,PUT MARIA OFF,0.8285,PUT MARIA OFF,,Match,D441/01,put Maria off buying/put Maria off/buying/put Maria off going to buy/put Maria off/going to buy/put Maria off wanting to buy/put Maria off/wanting to buy
300004513700507,TELEVID8096_SCANNER13,PL0360012582171119231300004513700507,19/06/2025,13/06/2025,5821711192,PL036,Slavic,PL,12,31,B,0.8153,B,,Match,D441/01,B
300004517300642,TELEVID8099_SCANNER13,DE0080007582171119219300004517300642,20/06/2025,13/06/2025,5821711192,DE008,Germanic,DE,7,19,STRENGTHEND,0.8345,STRENGTHEND,,Match,D441/01,strengthened
300004518500534,TELEVID8110_SCANNER13,DE1068001582171119219300004518500534,20/06/2025,13/06/2025,5821711192,DE106,Germanic,DE,8001,19,STRENGHTING,0.8466,STRENGHTING,,Match,D441/01,strengthened
300004518500539,TELEVID8110_SCANNER13,DE1068006582171119228300004518500539,20/06/2025,13/06/2025,5821711192,DE106,Germanic,DE,8006,28,THE STORM NOT DIED OFF,0.8345,THE STORM NOT DIED OFF,,Match,D441/01,the storm not died out/the storm not/died out/the storm not died down/the storm not/died down
300004518500541,TELEVID8110_SCANNER13,DE1068008582171119232300004518500541,20/06/2025,13/06/2025,5821711192,DE106,Germanic,DE,8008,32,B,0.819,B,,Match,D441/01,A
300004518500543,TELEVID8110_SCANNER13,DE1068010582171119238300004518500543,20/06/2025,13/06/2025,5821711192,DE106,Germanic,DE,8010,38,B,0.8078,B,,Match,D441/01,H
300004518800099,TELEVID8116_SCANNER13,PL0340101582171119231300004518800099,20/06/2025,13/06/2025,5821711192,PL034,Slavic,PL,101,31,--impossible--,0.8303,C,,NoMatch,D441/01,B
300004518800103,TELEVID8116_SCANNER13,PL0340105582171119226300004518800103,20/06/2025,13/06/2025,5821711192,PL034,Slavic,PL,105,26,CAN ESCAPE HAVING TO,0.8498,CAN ESCAPE HAVING TO,,Match,D441/01,can escape (from) having to/can escape (from)/having to/can escape (from) needing to/can escape (from)/needing to/can escape (from) the need to/can escape (from)/the need to/can escape (from) the fact of having to/can escape (from)/the fact of having to/can escape (from) the fact of needing to/can escape (from)/the fact of needing to/[is/'s] able to escape (from) having to/[is/'s] able to escape (from)/having to/[is/'s] able to escape (from) needing to/[is/'s] able to escape (from)/needing to/[is/'s] able to escape (from) the need to/[is/'s] able to escape (from)/the need to
300004518800105,TELEVID8116_SCANNER13,PL034010758217111923300004518800105,20/06/2025,13/06/2025,5821711192,PL034,Slavic,PL,107,3,A,0.8387,"A, B",,NoMatch,D441/01,A
300004518800105,TELEVID8116_SCANNER13,PL0340107582171119215300004518800105,20/06/2025,13/06/2025,5821711192,PL034,Slavic,PL,107,15,THAT,0.841,THAT,,Match,D441/01,that
300004518800106,TELEVID8116_SCANNER13,PL0340108582171119226300004518800106,20/06/2025,13/06/2025,5821711192,PL034,Slavic,PL,108,26,"CAN ESCAPE FROM THE FACT, THAT WE",0.8239,"CAN ESCAPE FROM THE FACT, THAT WE",,Match,D441/01,can escape (from) having to/can escape (from)/having to/can escape (from) needing to/can escape (from)/needing to/can escape (from) the need to/can escape (from)/the need to/can escape (from) the fact of having to/can escape (from)/the fact of having to/can escape (from) the fact of needing to/can escape (from)/the fact of needing to/[is/'s] able to escape (from) having to/[is/'s] able to escape (from)/having to/[is/'s] able to escape (from) needing to/[is/'s] able to escape (from)/needing to/[is/'s] able to escape (from) the need to/[is/'s] able to escape (from)/the need to
300004518800107,TELEVID8116_SCANNER13,PL0340109582171119231300004518800107,20/06/2025,13/06/2025,5821711192,PL034,Slavic,PL,109,31,--impossible--,0.8152,C,,NoMatch,D441/01,B
300004518800115,TELEVID8116_SCANNER13,PL0340008582171119223300004518800115,20/06/2025,13/06/2025,5821711192,PL034,Slavic,PL,8,23,INTELLECTUALLY,0.8007,INTELLECIVALLY,,NoMatch,D441/01,intellectually
300004518800121,TELEVID8116_SCANNER13,PL0340014582171119219300004518800121,20/06/2025,13/06/2025,5821711192,PL034,Slavic,PL,14,19,STRENGTHENED,0.8329,STRENGTHENED,,Match,D441/01,strengthened
300004518800122,TELEVID8116_SCANNER13,PL0340015582171119236300004518800122,20/06/2025,13/06/2025,5821711192,PL034,Slavic,PL,15,36,--impossible--,0.8495,D,,NoMatch,D441/01,C
300004518800124,TELEVID8116_SCANNER13,PL0340017582171119226300004518800124,20/06/2025,13/06/2025,5821711192,PL034,Slavic,PL,17,26,SHOULD ESCAPE FACING OF,0.815,SHOULD ESCAPE FACING OF,,Match,D441/01,can escape (from) having to/can escape (from)/having to/can escape (from) needing to/can escape (from)/needing to/can escape (from) the need to/can escape (from)/the need to/can escape (from) the fact of having to/can escape (from)/the fact of having to/can escape (from) the fact of needing to/can escape (from)/the fact of needing to/[is/'s] able to escape (from) having to/[is/'s] able to escape (from)/having to/[is/'s] able to escape (from) needing to/[is/'s] able to escape (from)/needing to/[is/'s] able to escape (from) the need to/[is/'s] able to escape (from)/the need to
300004522700309,televid8123_SCANNER13,ES7508005582171119214300004522700309,20/06/2025,13/06/2025,5821711192,ES750,Romance,ES,8005,14,IT,0.8498,IT,,Match,D441/01,us
300004522700312,televid8123_SCANNER13,ES7508008582171119229300004522700312,20/06/2025,13/06/2025,5821711192,ES750,Romance,ES,8008,29,"READ BY MARIA, PUT HER BACK IN BUYING",0.8376,"READ BY MARIA, PUT HER BACK IN BUYING",,Match,D441/01,put Maria off buying/put Maria off/buying/put Maria off going to buy/put Maria off/going to buy/put Maria off wanting to buy/put Maria off/wanting to buy
300004557500337,TELEVID8212_SCANNER12,ES0130026582171119230300004557500337,24/06/2025,13/06/2025,5821711192,ES013,Romance,ES,26,30,HOPING TO TAKE IN SOME,0.8118,HOFING TO TAKE IN SAME,,NoMatch,D441/01,in (the) hope of finding/in (the) hope of/finding/in (the) hope of being able to find/in (the) hope of/being able to find/in (the) hopes of being able to find/in (the) hopes of finding/in (the) hopes of/finding/in (the) hopes of/being able to find/in (the) hope (that) she [would/'d] find/in (the) hope (that)/she [would/'d] find/in (the) hopes (that) she [would/'d] find/in (the) hopes (that)/she [would/'d] find
300004557500338,TELEVID8212_SCANNER12,ES0130027582171119239300004557500338,24/06/2025,13/06/2025,5821711192,ES013,Romance,ES,27,39,A,0.8039,A,,Match,D441/01,A
300004557500339,TELEVID8212_SCANNER12,ES0130028582171119227300004557500339,24/06/2025,13/06/2025,5821711192,ES013,Romance,ES,28,27,ABLE TO SHED LIGHT,0.846,ABLE TO SHED LIGHT,,Match,D441/01,able to shed (any) light/able to/shed (any) light
300004557500350,TELEVID8212_SCANNER12,ES0130039582171119241300004557500350,24/06/2025,13/06/2025,5821711192,ES013,Romance,ES,39,41,G,0.8483,G,,Match,D441/01,G
300004557500356,TELEVID8212_SCANNER12,ES0130045582171119229300004557500356,24/06/2025,13/06/2025,5821711192,ES013,Romance,ES,45,29,PUT MARIA BACK FROM BUYING,0.821,PUT MARIA BACK FROM BUYING,,Match,D441/01,put Maria off buying/put Maria off/buying/put Maria off going to buy/put Maria off/going to buy/put Maria off wanting to buy/put Maria off/wanting to buy
300004557500364,TELEVID8212_SCANNER12,ES0130053582171119242300004557500364,24/06/2025,13/06/2025,5821711192,ES013,Romance,ES,53,42,B,0.8253,B,,Match,D441/01,D
300004557500366,TELEVID8212_SCANNER12,ES0130002582171119234300004557500366,24/06/2025,13/06/2025,5821711192,ES013,Romance,ES,2,34,C,0.8368,C,,Match,D441/01,A
300004557500369,TELEVID8212_SCANNER12,ES0130005582171119218300004557500369,24/06/2025,13/06/2025,5821711192,ES013,Romance,ES,5,18,BENEFITIAL,0.8364,BENEFIT,,NoMatch,D441/01,beneficial
300004557500372,TELEVID8212_SCANNER12,ES0130008582171119235300004557500372,24/06/2025,13/06/2025,5821711192,ES013,Romance,ES,8,35,C,0.8209,C,,Match,D441/01,C
300004557500374,TELEVID8212_SCANNER12,ES013001058217111923300004557500374,24/06/2025,13/06/2025,5821711192,ES013,Romance,ES,10,3,A,0.8023,"A, B",,NoMatch,D441/01,A
300004557500388,TELEVID8212_SCANNER12,ES0130024582171119235300004557500388,24/06/2025,13/06/2025,5821711192,ES013,Romance,ES,24,35,C,0.8491,C,,Match,D441/01,C
300004561500239,TELEVID8218_SCANNER13,BR0080015582171119229300004561500239,25/06/2025,13/06/2025,5821711192,BR008,Romance,BR,15,29,MADE MARIA PUT BACK,0.8397,MADE MARIA PUT BACK,,Match,D441/01,put Maria off buying/put Maria off/buying/put Maria off going to buy/put Maria off/going to buy/put Maria off wanting to buy/put Maria off/wanting to buy
300004561900476,TELEVID8241_SCANNER13,BR0020008582171119235300004561900476,25/06/2025,13/06/2025,5821711192,BR002,Romance,BR,8,35,C,0.8182,C,,Match,D441/01,C
300004561900477,TELEVID8241_SCANNER13,BR0020009582171119229300004561900477,25/06/2025,13/06/2025,5821711192,BR002,Romance,BR,9,29,PUT OFF MARIA'S DESIRE TO BUY,0.8121,PUT OFF MARIA'S DESIRE TO BUY,,Match,D441/01,put Maria off buying/put Maria off/buying/put Maria off going to buy/put Maria off/going to buy/put Maria off wanting to buy/put Maria off/wanting to buy
300004561900480,TELEVID8241_SCANNER13,BR0020012582171119228300004561900480,25/06/2025,13/06/2025,5821711192,BR002,Romance,BR,12,28,THE STORM NOT DIED DOWN,0.8332,THE STORM NOT DIED DOWN,,Match,D441/01,the storm not died out/the storm not/died out/the storm not died down/the storm not/died down
300004561900480,TELEVID8241_SCANNER13,BR0020012582171119229300004561900480,25/06/2025,13/06/2025,5821711192,BR002,Romance,BR,12,29,PUT OFF MARIA'S INTEREST IN,0.8347,PUT OFF MARIA'S INTEREST IN,,Match,D441/01,put Maria off buying/put Maria off/buying/put Maria off going to buy/put Maria off/going to buy/put Maria off wanting to buy/put Maria off/wanting to buy
300004576400504,TELEVID8245_SCANNER12,IT3060003582171119218300004576400504,25/06/2025,13/06/2025,5821711192,IT306,Romance,IT,3,18,BENEFITIAL,0.8376,BENEFITIAL,,Match,D441/01,beneficial
300004576400511,TELEVID8245_SCANNER12,IT3060010582171119239300004576400511,25/06/2025,13/06/2025,5821711192,IT306,Romance,IT,10,39,A,0.8356,"A, B",,NoMatch,D441/01,A
300004592500212,TELEVID8307_SCANNER12,ES4260002582171119228300004592500212,26/06/2025,13/06/2025,5821711192,ES426,Romance,ES,2,28,THE STORM NOT DIED ITSELF,0.8257,THE STORM NOT DIED ITSELF,,Match,D441/01,the storm not died out/the storm not/died out/the storm not died down/the storm not/died down
300004592500213,TELEVID8307_SCANNER12,ES4260003582171119220300004592500213,26/06/2025,13/06/2025,5821711192,ES426,Romance,ES,3,20,PUBLICATION,0.801,DUBLICATION,,NoMatch,D441/01,publication
300004592500213,TELEVID8307_SCANNER12,ES4260003582171119236300004592500213,26/06/2025,13/06/2025,5821711192,ES426,Romance,ES,3,36,B,0.847,B,,Match,D441/01,C
300004592500215,TELEVID8307_SCANNER12,ES4260005582171119223300004592500215,26/06/2025,13/06/2025,5821711192,ES426,Romance,ES,5,23,INTELLECTUALLY,0.8199,INTELLECTUALLY,,Match,D441/01,intellectually
300004592500217,TELEVID8307_SCANNER12,ES4260007582171119216300004592500217,26/06/2025,13/06/2025,5821711192,ES426,Romance,ES,7,16,NO,0.8252,N6,,NoMatch,D441/01,by
300004595500133,TELEVID8308_SCANNER12,ES4310001582171119229300004595500133,26/06/2025,13/06/2025,5821711192,ES431,Romance,ES,1,29,PUT OFF MARIA'S INTEREST TO BUY,0.8341,PUT OFF MARIA'S INTEREST TO BUY,,Match,D441/01,put Maria off buying/put Maria off/buying/put Maria off going to buy/put Maria off/going to buy/put Maria off wanting to buy/put Maria off/wanting to buy
300004621500656,TELEVID6256_SCANNER12,BR0120002582171119231300004621500656,03/07/2025,13/06/2025,5821711192,BR012,Romance,BR,2,31,B,0.8426,B,,Match,D441/01,B
300004621500658,TELEVID6256_SCANNER12,BR0120004582171119230300004621500658,03/07/2025,13/06/2025,5821711192,BR012,Romance,BR,4,30,HAVING IT IN MIND TO FIND,0.8252,HAVING IT IN MIND TO FIND,,Match,D441/01,in (the) hope of finding/in (the) hope of/finding/in (the) hope of being able to find/in (the) hope of/being able to find/in (the) hopes of being able to find/in (the) hopes of finding/in (the) hopes of/finding/in (the) hopes of/being able to find/in (the) hope (that) she [would/'d] find/in (the) hope (that)/she [would/'d] find/in (the) hopes (that) she [would/'d] find/in (the) hopes (that)/she [would/'d] find
300004621900130,TELEVID6254_SCANNER12,BR0120013582171119229300004621900130,03/07/2025,13/06/2025,5821711192,BR012,Romance,BR,13,29,PUT UP A NEGATIVE IMPRESSION OF,0.815,PUT UP A NEGATIVE IMPRESSION OF,,Match,D441/01,put Maria off buying/put Maria off/buying/put Maria off going to buy/put Maria off/going to buy/put Maria off wanting to buy/put Maria off/wanting to buy
300004621900130,TELEVID6254_SCANNER12,BR0120013582171119231300004621900130,03/07/2025,13/06/2025,5821711192,BR012,Romance,BR,13,31,D,0.8215,D,,Match,D441/01,B
300004622700161,TELEVID6262_SCANNER12,GR0058134917008863636300004622700161,03/07/2025,07/06/2025,9170088636,GR005,Greek,GR,8134,36,B,0.8247,B,,Match,D441/01,D
300004622700168,TELEVID6262_SCANNER12,GR0058141917008863627300004622700168,03/07/2025,07/06/2025,9170088636,GR005,Greek,GR,8141,27,A DAY OF MY LIFE GOES BY WITHOUT,0.8353,A DAY OF MY LIFE GOES BI WITHOUT,,NoMatch,D441/01,a (single) day goes by without me/a (single) day goes by/without me/a (single) day goes by without my/a (single) day goes by/without my/a (single) day goes past without me/a (single) day goes past/without me/a (single) day goes past without my/a (single) day goes past/without my/one (single) day goes by without me/one (single) day goes by/without me/one (single) day goes by without my/one (single) day goes by/without my/one (single) day goes past without me/one (single) day goes past/without me/one (single) day goes past without my/one (single) day goes past/without my
300004622700168,TELEVID6262_SCANNER12,GR0058141917008863636300004622700168,03/07/2025,07/06/2025,9170088636,GR005,Greek,GR,8141,36,D,0.804,C,,NoMatch,D441/01,D
300004622700177,TELEVID6262_SCANNER12,GR0058150917008863622300004622700177,03/07/2025,07/06/2025,9170088636,GR005,Greek,GR,8150,22,UNPACKED,0.8359,UNPACKED,,Match,D441/01,unpacks
300004622700179,TELEVID6262_SCANNER12,GR0058152917008863612300004622700179,03/07/2025,07/06/2025,9170088636,GR005,Greek,GR,8152,12,THE,0.8296,INEE,,NoMatch,D441/01,what
300004622700187,TELEVID6262_SCANNER12,GR0058160917008863617300004622700187,03/07/2025,07/06/2025,9170088636,GR005,Greek,GR,8160,17,INVALUEABLE,0.8121,INVALUEABLE,,Match,D441/01,invaluable
300004622700187,TELEVID6262_SCANNER12,GR0058160917008863623300004622700187,03/07/2025,07/06/2025,9170088636,GR005,Greek,GR,8160,23,ACCESSABLE,0.8048,ACCESSABLE,,Match,D441/01,accessible
300004622700190,TELEVID6262_SCANNER12,GR0058163917008863627300004622700190,03/07/2025,07/06/2025,9170088636,GR005,Greek,GR,8163,27,A DAY GOES BY THAT I AM NOT,0.8114,A DAY GOES BY THAT I AM NOT,,Match,D441/01,a (single) day goes by without me/a (single) day goes by/without me/a (single) day goes by without my/a (single) day goes by/without my/a (single) day goes past without me/a (single) day goes past/without me/a (single) day goes past without my/a (single) day goes past/without my/one (single) day goes by without me/one (single) day goes by/without me/one (single) day goes by without my/one (single) day goes by/without my/one (single) day goes past without me/one (single) day goes past/without me/one (single) day goes past without my/one (single) day goes past/without my
300004622700196,TELEVID6262_SCANNER12,GR0058169917008863636300004622700196,03/07/2025,07/06/2025,9170088636,GR005,Greek,GR,8169,36,C,0.8468,C,,Match,D441/01,D
300004622700203,TELEVID6262_SCANNER12,GR0058176917008863626300004622700203,03/07/2025,07/06/2025,9170088636,GR005,Greek,GR,8176,26,NO INTENTION ON BEING RUDE,0.8313,NO INTENTION ON BEING RUDE,,Match,D441/01,no intention of being rude/no intention/of being rude
300004622700211,TELEVID6262_SCANNER12,GR0058184917008863630300004622700211,03/07/2025,07/06/2025,9170088636,GR005,Greek,GR,8184,30,DREW ATTETION TO THE FACT THAT,0.8164,DREW ATTETION TO THE FACT THAT,,Match,D441/01,drew it to our attention that/drew it to/our attention that/drew my attention to the fact that/drew my attention/to the fact that/drew our attention to the fact that/drew our attention/to the fact that/drew to my attention the fact that/drew to my attention/the fact that/drew to our attention the fact that/drew to our attention/the fact that/drew it to my attention that/drew it to/my attention that
300004622700223,TELEVID6262_SCANNER12,GR0058196917008863626300004622700223,03/07/2025,07/06/2025,9170088636,GR005,Greek,GR,8196,26,HAD NO INTENTION OF BEING RUDE,0.833,HAD NO INTENTION OF BEING RUDE,,Match,D441/01,no intention of being rude/no intention/of being rude
300004622700223,TELEVID6262_SCANNER12,GR0058196917008863632300004622700223,03/07/2025,07/06/2025,9170088636,GR005,Greek,GR,8196,32,B,0.8425,B,,Match,D441/01,B
300004622700228,TELEVID6262_SCANNER12,GR0058201917008863621300004622700228,03/07/2025,07/06/2025,9170088636,GR005,Greek,GR,8201,21,PERSUASIVELY,0.8187,PERSUASIVELY,,Match,D441/01,persuasively
300004622700228,TELEVID6262_SCANNER12,GR0058201917008863630300004622700228,03/07/2025,07/06/2025,9170088636,GR005,Greek,GR,8201,30,DREW THE CONCLUSION THAT,0.8397,DREW THE CONCLUSION THAT,,Match,D441/01,drew it to our attention that/drew it to/our attention that/drew my attention to the fact that/drew my attention/to the fact that/drew our attention to the fact that/drew our attention/to the fact that/drew to my attention the fact that/drew to my attention/the fact that/drew to our attention the fact that/drew to our attention/the fact that/drew it to my attention that/drew it to/my attention that
300004622700241,TELEVID6262_SCANNER12,GR0058214917008863634300004622700241,03/07/2025,07/06/2025,9170088636,GR005,Greek,GR,8214,34,C,0.8141,C,,Match,D441/01,D
300004622700246,TELEVID6262_SCANNER12,GR0058219917008863611300004622700246,03/07/2025,07/06/2025,9170088636,GR005,Greek,GR,8219,11,BE,0.8124,BE,,Match,D441/01,be
300004622700246,TELEVID6262_SCANNER12,GR0058219917008863617300004622700246,03/07/2025,07/06/2025,9170088636,GR005,Greek,GR,8219,17,INVALUABLE,0.8073,INVALUABLE,,Match,D441/01,invaluable
300004622700246,TELEVID6262_SCANNER12,GR0058219917008863621300004622700246,03/07/2025,07/06/2025,9170088636,GR005,Greek,GR,8219,21,PERSUASIVELY,0.8168,PERSUASIVELY,,Match,D441/01,persuasively
300004623000021,TELEVID6270_SCANNER13,GR0268021917008863636300004623000021,04/07/2025,07/06/2025,9170088636,GR026,Greek,GR,8021,36,B,0.8426,B,,Match,D441/01,D
300004623000023,TELEVID6270_SCANNER13,GR0268023917008863623300004623000023,04/07/2025,07/06/2025,9170088636,GR026,Greek,GR,8023,23,ACCESSIBLE,0.8281,ACCESSIBLE,,Match,D441/01,accessible
300004623000033,TELEVID6270_SCANNER13,GR0268033917008863617300004623000033,04/07/2025,07/06/2025,9170088636,GR026,Greek,GR,8033,17,VALUABLE,0.8287,VALUABLE,,Match,D441/01,invaluable
300004623000078,TELEVID6270_SCANNER13,GR0358027917008863618300004623000078,04/07/2025,07/06/2025,9170088636,GR035,Greek,GR,8027,18,INTUITIONARY,0.8355,INTUITIONARY,,Match,D441/01,intuitive
300004623000082,TELEVID6270_SCANNER13,GR0358031917008863627300004623000082,04/07/2025,07/06/2025,9170088636,GR035,Greek,GR,8031,27,A DAY GOES BY WITHOUT,0.8425,A DAY GOES BY WITHOUT,,Match,D441/01,a (single) day goes by without me/a (single) day goes by/without me/a (single) day goes by without my/a (single) day goes by/without my/a (single) day goes past without me/a (single) day goes past/without me/a (single) day goes past without my/a (single) day goes past/without my/one (single) day goes by without me/one (single) day goes by/without me/one (single) day goes by without my/one (single) day goes by/without my/one (single) day goes past without me/one (single) day goes past/without me/one (single) day goes past without my/one (single) day goes past/without my
300004623000089,TELEVID6270_SCANNER13,GR0358038917008863612300004623000089,04/07/2025,07/06/2025,9170088636,GR035,Greek,GR,8038,12,MOST,0.8462,MOST,,Match,D441/01,what
300004623000325,TELEVID6270_SCANNER13,GR0058332917008863617300004623000325,04/07/2025,07/06/2025,9170088636,GR005,Greek,GR,8332,17,UNDERVALUED,0.8452,UNDERVALUED,,Match,D441/01,invaluable
300004623000325,TELEVID6270_SCANNER13,GR0058332917008863623300004623000325,04/07/2025,07/06/2025,9170088636,GR005,Greek,GR,8332,23,ACCESSIBLE,0.8474,ACCESSIBLE,,Match,D441/01,accessible
300004623000327,TELEVID6270_SCANNER13,GR005833491700886361300004623000327,04/07/2025,07/06/2025,9170088636,GR005,Greek,GR,8334,1,D,0.8055,D,,Match,D441/01,C
300004623400419,TELEVID6265_SCANNER13,GR0058338917008863626300004623400419,04/07/2025,07/06/2025,9170088636,GR005,Greek,GR,8338,26,NO INTENTION OF BEING RUDE,0.8291,NO INTENTION OF BEING RUDE,,Match,D441/01,no intention of being rude/no intention/of being rude
300004623400425,TELEVID6265_SCANNER13,GR0058344917008863646300004623400425,04/07/2025,07/06/2025,9170088636,GR005,Greek,GR,8344,46,C,0.8266,C,,Match,D441/01,A
400004456800597,TELEVID4625_Scanner20,CY0060001930244893028400004456800597,12/12/2024,05/12/2024,9302448930,CY006,Greek,CY,1,28,CAME TO HIM NATURARLY,0.8466,CAME TO HIM NATURARLY,,Match,D441/01,came as no surprise to Josh (to learn)/came as/no surprise to Josh (to learn)
400004456800602,TELEVID4625_Scanner20,CY0060006930244893014400004456800602,12/12/2024,05/12/2024,9302448930,CY006,Greek,CY,6,14,AS,0.8083,AS,,Match,D441/01,as
400004456800602,TELEVID4625_Scanner20,CY0060006930244893027400004456800602,12/12/2024,05/12/2024,9302448930,CY006,Greek,CY,6,27,WITHOUT THE GOVERNMENT'S SWIFT REACTION TO,0.8484,WITHOUT THE GOVERNMENT'S SWIFT REACTION TO,,Match,D441/01,for the government's swift reaction to/for the government's/swift reaction to/for the government's swift response to/for the government's/swift response to/for the swift reaction of the government to/for the swift reaction/of the government to/for the swift response of the government to/for the swift response/of the government to/for the swift government reaction to/for the swift government/reaction to/for the swift government response to/for the swift government/response to
400004556800611,TELEVID4896_Scanner20,DE2998872553571344329400004556800611,07/03/2025,01/03/2025,5535713443,DE299,Germanic,DE,8872,29,SEVERAL WEEKS AGO THAT HIS ANKLE STARTED TROUBLING,0.8128,SEVERAL WEEKS AGO THAT HIS ANKLE STARTED TROUBLING,,Match,D441/01,several weeks ago (that) Tom's ankle started troubling/several weeks ago (that)/Tom's ankle started troubling/several weeks ago (that) Tom's ankle began troubling/several weeks ago (that)/Tom's ankle began troubling/several weeks ago (that) Tom's ankle started bothering/several weeks ago (that)/Tom's ankle started bothering/several weeks ago (that) Tom's ankle began bothering/several weeks ago (that)/Tom's ankle began bothering/several weeks ago when Tom's ankle started troubling/several weeks ago when/Tom's ankle started troubling/several weeks ago when Tom's ankle began troubling/several weeks ago when/Tom's ankle began troubling/several weeks ago when Tom's ankle started bothering/several weeks ago when/Tom's ankle started bothering/several weeks ago when Tom's ankle began bothering/several weeks ago when/Tom's ankle began bothering/several weeks ago Tom's ankle began to bother/several weeks ago/Tom's ankle began to bother/several weeks ago Tom's ankle began to trouble/several weeks ago/Tom's ankle began to trouble/several weeks ago Tom's ankle started to bother/several weeks ago/Tom's ankle started to bother/several weeks ago Tom's ankle started to trouble/several weeks ago/Tom's ankle started to trouble
400004556800612,TELEVID4896_Scanner20,DE2998873553571344325400004556800612,07/03/2025,01/03/2025,5535713443,DE299,Germanic,DE,8873,25,"HER MIND, AFTER HAVING",0.8014,"HER MIND, AFTER HAVING",,Match,D441/01,and this resulted in (her having)/her mind which resulted in (her having)/her mind/which resulted in (her having)/her mind which resulted in her getting into/her mind/which resulted in her getting into/her mind and this resulted in (her having)/her mind
400004556800612,TELEVID4896_Scanner20,DE2998873553571344330400004556800612,07/03/2025,01/03/2025,5535713443,DE299,Germanic,DE,8873,30,"OF SPECIAL, ACCORDING TO WEEKS TO",0.8175,"OF SPECIAL, ACCORDING TO WEEKS TO",,Match,D441/01,of the ordinary in the/of the ordinary/in the
400004556800613,TELEVID4896_Scanner20,DE299887455357134431400004556800613,07/03/2025,01/03/2025,5535713443,DE299,Germanic,DE,8874,1,C,0.8344,C,,Match,D441/01,C
400004556800613,TELEVID4896_Scanner20,DE2998874553571344323400004556800613,07/03/2025,01/03/2025,5535713443,DE299,Germanic,DE,8874,23,APPLICANTS,0.845,APPLICANTS,,Match,D441/01,applicant
400004556800613,TELEVID4896_Scanner20,DE2998874553571344325400004556800613,07/03/2025,01/03/2025,5535713443,DE299,Germanic,DE,8874,25,"HER MIND, RESULTING IN",0.8369,"HER MIND, RESULTING IN",,Match,D441/01,and this resulted in (her having)/her mind which resulted in (her having)/her mind/which resulted in (her having)/her mind which resulted in her getting into/her mind/which resulted in her getting into/her mind and this resulted in (her having)/her mind
400004556800616,TELEVID4896_Scanner20,DE2998877553571344329400004556800616,07/03/2025,01/03/2025,5535713443,DE299,Germanic,DE,8877,29,SEVERAL WEEKS AGO SINCE TOM'S ANKLE STARTED TROUBLING,0.8358,SEVERAL WEEKS AGO SINCE TOM'S ANKLE STARTED TROUBLING,,Match,D441/01,several weeks ago (that) Tom's ankle started troubling/several weeks ago (that)/Tom's ankle started troubling/several weeks ago (that) Tom's ankle began troubling/several weeks ago (that)/Tom's ankle began troubling/several weeks ago (that) Tom's ankle started bothering/several weeks ago (that)/Tom's ankle started bothering/several weeks ago (that) Tom's ankle began bothering/several weeks ago (that)/Tom's ankle began bothering/several weeks ago when Tom's ankle started troubling/several weeks ago when/Tom's ankle started troubling/several weeks ago when Tom's ankle began troubling/several weeks ago when/Tom's ankle began troubling/several weeks ago when Tom's ankle started bothering/several weeks ago when/Tom's ankle started bothering/several weeks ago when Tom's ankle began bothering/several weeks ago when/Tom's ankle began bothering/several weeks ago Tom's ankle began to bother/several weeks ago/Tom's ankle began to bother/several weeks ago Tom's ankle began to trouble/several weeks ago/Tom's ankle began to trouble/several weeks ago Tom's ankle started to bother/several weeks ago/Tom's ankle started to bother/several weeks ago Tom's ankle started to trouble/several weeks ago/Tom's ankle started to trouble
400004556800617,TELEVID4896_Scanner20,DE2998878553571344330400004556800617,07/03/2025,01/03/2025,5535713443,DE299,Germanic,DE,8878,30,OF THE ORDINARY,0.8474,OF THE ORDINARY,,Match,D441/01,of the ordinary in the/of the ordinary/in the
400004556800618,TELEVID4896_Scanner20,DE299887955357134433400004556800618,07/03/2025,01/03/2025,5535713443,DE299,Germanic,DE,8879,3,B,0.8262,B,,Match,D441/01,B
400004556800620,TELEVID4896_Scanner20,DE2998881553571344336400004556800620,07/03/2025,01/03/2025,5535713443,DE299,Germanic,DE,8881,36,B,0.8348,"B, C",,NoMatch,D441/01,C
400004556800621,TELEVID4896_Scanner20,DE2998882553571344336400004556800621,07/03/2025,01/03/2025,5535713443,DE299,Germanic,DE,8882,36,B,0.8144,B,,Match,D441/01,C
400004556800624,TELEVID4896_Scanner20,DE2998885553571344331400004556800624,07/03/2025,01/03/2025,5535713443,DE299,Germanic,DE,8885,31,B,0.8389,B,,Match,D441/01,B
400004556800626,TELEVID4896_Scanner20,DE2998887553571344335400004556800626,07/03/2025,01/03/2025,5535713443,DE299,Germanic,DE,8887,35,C,0.8497,C,,Match,D441/01,A
400004887200080,TELEVID5409_SCANNER14,GR0058014731192399719400004887200080,16/05/2025,10/05/2025,7311923997,GR005,Greek,GR,8014,19,INSTINCTIVELY,0.8336,INSTINCTIVELY,,Match,D441/01,instinctively
400004887200080,TELEVID5409_SCANNER14,GR0058014731192399727400004887200080,16/05/2025,10/05/2025,7311923997,GR005,Greek,GR,8014,27,TO A PROMPT INTERVENTION BY,0.8289,TO A PROMPT INTERVENTION BY,,Match,D441/01,to the prompt intervention on the part of/to the prompt intervention/on the part of/to a prompt intervention on the part of/to a prompt intervention/on the part of/to prompt intervention on the part of/to prompt intervention/on the part of/to the prompt intervention of/to the prompt intervention/of/to the prompt intervention by/to the prompt intervention/by/to the prompt intervention from/to the prompt intervention/from/to a prompt intervention by/to a prompt intervention/by/to a prompt intervention from/to a prompt intervention/from/to prompt intervention by/to prompt intervention/by/to prompt intervention from/to prompt intervention/from
400004887200092,TELEVID5409_SCANNER14,GR0058027731192399724400004887200092,16/05/2025,10/05/2025,7311923997,GR005,Greek,GR,8027,24,UNREMARKABLY,0.8252,UNREMARKABLY,,Match,D441/01,remarkably
400004887200106,TELEVID5409_SCANNER14,GR0058041731192399731400004887200106,16/05/2025,10/05/2025,7311923997,GR005,Greek,GR,8041,31,--impossible--,0.8149,C,,NoMatch,D441/01,B
400004950300905,TELEVID5478_SCANNER14,CH2118011731192399729400004950300905,21/05/2025,10/05/2025,7311923997,CH211,Germanic,CH,8011,29,NO WAY OF TELLING HOW LONG THIS PROJECT,0.8246,NO WAY OF TELLING HOW LONG THIS PROJECT,,Match,D441/01,no (way of) telling how long the project/no (way of) telling/how long the project/no (way of) telling how long this project/no (way of) telling/how long this project
400004950300908,TELEVID5478_SCANNER14,CH2118014731192399731400004950300908,21/05/2025,10/05/2025,7311923997,CH211,Germanic,CH,8014,31,B,0.8131,B,,Match,D441/01,B
400004950300910,TELEVID5478_SCANNER14,CH2118016731192399725400004950300910,21/05/2025,10/05/2025,7311923997,CH211,Germanic,CH,8016,25,"BROKE HER PROMISE, TO",0.8397,"BROKE HER PROMISE, TO",,Match,D441/01,broke her promise (much) to/broke her promise/(much) to/broke her word (much) to/broke her word/(much) to/broke a promise (much) to/broke a promise/(much) to
400004950300910,TELEVID5478_SCANNER14,CH2118016731192399731400004950300910,21/05/2025,10/05/2025,7311923997,CH211,Germanic,CH,8016,31,B,0.8068,C,,NoMatch,D441/01,B
400004950300915,TELEVID5478_SCANNER14,CH2118021731192399725400004950300915,21/05/2025,10/05/2025,7311923997,CH211,Germanic,CH,8021,25,"BROKE HER PROMISE, TO",0.8141,"BROKE HER PROMISE, TO",,Match,D441/01,broke her promise (much) to/broke her promise/(much) to/broke her word (much) to/broke her word/(much) to/broke a promise (much) to/broke a promise/(much) to
400004950300917,TELEVID5478_SCANNER14,CH2118023731192399715400004950300917,21/05/2025,10/05/2025,7311923997,CH211,Germanic,CH,8023,15,DOWN,0.8459,DOWN,,Match,D441/01,down
400004953200280,TELEVID5481_SCANNER14,GR1188175236079224332400004953200280,21/05/2025,17/05/2025,2360792243,GR118,Greek,GR,8175,32,C,0.8288,C,,Match,D441/01,D
400004953200286,TELEVID5481_SCANNER14,GR1188181236079224330400004953200286,21/05/2025,17/05/2025,2360792243,GR118,Greek,GR,8181,30,SOONER THAN JANINE WALKED IN,0.8154,SOONER THAN JANINE WALKED IN,,Match,D441/01,sooner had Janine come in than/sooner had/Janine come in than/sooner had Janine entered than/sooner had/Janine entered than/sooner had Janine walked in than/sooner had/Janine walked in than
400004953200304,TELEVID5481_SCANNER14,GR1188199236079224325400004953200304,21/05/2025,17/05/2025,2360792243,GR118,Greek,GR,8199,25,NOT UP TO ME TO GIVE,0.8234,NOT UP TO ME TO GIVE,,Match,D441/01,not up to me to hand/not up to me/to hand/up to someone else to hand/up to someone else/to hand/up to somebody else to hand/up to somebody else/to hand
400004953200304,TELEVID5481_SCANNER14,GR1188199236079224330400004953200304,21/05/2025,17/05/2025,2360792243,GR118,Greek,GR,8199,30,SOONER HAD JANINE WALKED IN WHEN,0.8101,SOOLER HAD JANINE WALKED IN WHEN,,NoMatch,D441/01,sooner had Janine come in than/sooner had/Janine come in than/sooner had Janine entered than/sooner had/Janine entered than/sooner had Janine walked in than/sooner had/Janine walked in than
400004953200430,TELEVID5481_SCANNER14,GR1188366236079224340400004953200430,21/05/2025,17/05/2025,2360792243,GR118,Greek,GR,8366,40,A,0.8217,A,,Match,D441/01,D
400004953200450,TELEVID5481_SCANNER14,GR1188386236079224328400004953200450,21/05/2025,17/05/2025,2360792243,GR118,Greek,GR,8386,28,WAS TALKED INTO BUYING BOTH DRESSES BY,0.832,WAS TALKED INTO BUYING BOTH DRESSES BY,,Match,D441/01,was talked into buying both dresses by/was talked into/buying both dresses by/got talked into buying both dresses by/got talked into/buying both dresses by
400004953200455,TELEVID5481_SCANNER14,GR1188391236079224318400004953200455,21/05/2025,17/05/2025,2360792243,GR118,Greek,GR,8391,18,PHILOSOPHYCAL,0.8284,PHILOSOPHYCAL,,Match,D441/01,philosophical
400004953200456,TELEVID5481_SCANNER14,GR1188392236079224327400004953200456,21/05/2025,17/05/2025,2360792243,GR118,Greek,GR,8392,27,YESTERDAY'S BEHAVIOUR WAS COMPLETELY OUT,0.819,YESTERDAY'S BEHAVIOUR WAS COMPLETELY OUT,,Match,D441/01,[behaviour/behavior] yesterday was completely out/[behaviour/behavior] yesterday was/completely out
400004953200457,TELEVID5481_SCANNER14,GR1188393236079224327400004953200457,21/05/2025,17/05/2025,2360792243,GR118,Greek,GR,8393,27,BEHAVIOR YESTERDAY WAS COMPLETELY OUT,0.8498,BEHAVIOR YESTERDAY WAS COMPLETELY OUT,,Match,D441/01,[behaviour/behavior] yesterday was completely out/[behaviour/behavior] yesterday was/completely out
400004953200457,TELEVID5481_SCANNER14,GR1188393236079224328400004953200457,21/05/2025,17/05/2025,2360792243,GR118,Greek,GR,8393,28,WAS TALKED INTO BUYING BOTH DRESSES BY,0.8395,WAS TALKED INTO BUYING BOTH DRESSES BY,,Match,D441/01,was talked into buying both dresses by/was talked into/buying both dresses by/got talked into buying both dresses by/got talked into/buying both dresses by
400004953200457,TELEVID5481_SCANNER14,GR1188393236079224329400004953200457,21/05/2025,17/05/2025,2360792243,GR118,Greek,GR,8393,29,QUICKLY THE HANG OF,0.8246,QUICKLY THE HANG OF,,Match,D441/01,long to get the hang of/long to get/the hang of/much time to get the hang of/much time to get/the hang of
400004953200465,TELEVID5481_SCANNER14,GR1188401236079224323400004953200465,21/05/2025,17/05/2025,2360792243,GR118,Greek,GR,8401,23,REATIVELY,0.8054,REATIYELY,,NoMatch,D441/01,relatively
400004953200472,TELEVID5481_SCANNER14,GR1188408236079224314400004953200472,21/05/2025,17/05/2025,2360792243,GR118,Greek,GR,8408,14,ODDS,0.8238,ODDS,,Match,D441/01,odds
400004953200475,TELEVID5481_SCANNER14,GR1188411236079224330400004953200475,21/05/2025,17/05/2025,2360792243,GR118,Greek,GR,8411,30,SOONER DID JANINE WALK IN THAN,0.838,SOONER DID JANINE WALK IN THAN,,Match,D441/01,sooner had Janine come in than/sooner had/Janine come in than/sooner had Janine entered than/sooner had/Janine entered than/sooner had Janine walked in than/sooner had/Janine walked in than
400004953200483,TELEVID5481_SCANNER14,GR1188045236079224330400004953200483,21/05/2025,17/05/2025,2360792243,GR118,Greek,GR,8045,30,SOONER DID JANINE WALKED IN TILL,0.8406,SOONER DID JANINE WALKED IN TILL,,Match,D441/01,sooner had Janine come in than/sooner had/Janine come in than/sooner had Janine entered than/sooner had/Janine entered than/sooner had Janine walked in than/sooner had/Janine walked in than
400004953200485,TELEVID5481_SCANNER14,GR1188047236079224326400004953200485,21/05/2025,17/05/2025,2360792243,GR118,Greek,GR,8047,26,IMPORTANCE OF FINDING THE SOLUTION,0.8372,IMPORTANCE OF FINDING THE SOLUTION,,Match,D441/01,importance of finding a solution/importance of/finding a solution/importance of finding an answer/importance of/finding an answer/importance of finding the solution/importance of/finding the solution/importance of finding the answer/importance of/finding the answer
400004953200488,TELEVID5481_SCANNER14,GR1188050236079224310400004953200488,21/05/2025,17/05/2025,2360792243,GR118,Greek,GR,8050,10,IT,0.8005,IT,,Match,D441/01,which
400004953200491,TELEVID5481_SCANNER14,GR1188053236079224326400004953200491,21/05/2025,17/05/2025,2360792243,GR118,Greek,GR,8053,26,IMPORTANTCY OF FINDING THE SOLUTION,0.8302,IMPORTANTLY OF FINDING THE SOLUTION,,NoMatch,D441/01,importance of finding a solution/importance of/finding a solution/importance of finding an answer/importance of/finding an answer/importance of finding the solution/importance of/finding the solution/importance of finding the answer/importance of/finding the answer
400004953200525,TELEVID5481_SCANNER14,GR1188233236079224320400004953200525,21/05/2025,17/05/2025,2360792243,GR118,Greek,GR,8233,20,ILLITERATE,0.837,ILLITERATE,,Match,D441/01,illiterate
400004953200525,TELEVID5481_SCANNER14,GR1188233236079224324400004953200525,21/05/2025,17/05/2025,2360792243,GR118,Greek,GR,8233,24,ENVEILED,0.847,ENVEILED,,Match,D441/01,unveiled
400004953200537,TELEVID5481_SCANNER14,GR1188245236079224321400004953200537,21/05/2025,17/05/2025,2360792243,GR118,Greek,GR,8245,21,DOCUMENTAL,0.8018,DOCUMENTAL,,Match,D441/01,documentary/documented
400004953200547,TELEVID5481_SCANNER14,GR1188255236079224328400004953200547,21/05/2025,17/05/2025,2360792243,GR118,Greek,GR,8255,28,WAS TALKED INTO BUYING BOTH DRESSES BY,0.8014,WAS TALKED INTO BUYING BOTH DRESSES BY,,Match,D441/01,was talked into buying both dresses by/was talked into/buying both dresses by/got talked into buying both dresses by/got talked into/buying both dresses by
400004953200551,TELEVID5481_SCANNER14,GR1188259236079224313400004953200551,21/05/2025,17/05/2025,2360792243,GR118,Greek,GR,8259,13,FURTHER,0.8287,FURTHER,,Match,D441/01,other
400004953200551,TELEVID5481_SCANNER14,GR1188259236079224323400004953200551,21/05/2025,17/05/2025,2360792243,GR118,Greek,GR,8259,23,RELATEABLY,0.8291,RELATEABLY,,Match,D441/01,relatively
400004953200555,TELEVID5481_SCANNER14,GR1188263236079224314400004953200555,21/05/2025,17/05/2025,2360792243,GR118,Greek,GR,8263,14,ODDS,0.8122,ODDS,,Match,D441/01,odds
400004953200559,TELEVID5481_SCANNER14,GR1188267236079224326400004953200559,21/05/2025,17/05/2025,2360792243,GR118,Greek,GR,8267,26,IMPORTANCE OF THE FINDING,0.8121,IMPORTANCE OF THE FINDING,,Match,D441/01,importance of finding a solution/importance of/finding a solution/importance of finding an answer/importance of/finding an answer/importance of finding the solution/importance of/finding the solution/importance of finding the answer/importance of/finding the answer
400004953200561,TELEVID5481_SCANNER14,GR1188269236079224320400004953200561,21/05/2025,17/05/2025,2360792243,GR118,Greek,GR,8269,20,UNLITERED,0.8343,ANLITERED,,NoMatch,D441/01,illiterate
400004953200566,TELEVID5481_SCANNER14,GR1188274236079224327400004953200566,21/05/2025,17/05/2025,2360792243,GR118,Greek,GR,8274,27,YESTERDAY BEHAVIOUR WAS COMPLETELY OUT,0.8308,YESTERDAY BEHAVIOUR WAS COMPLETELY OUT,,Match,D441/01,[behaviour/behavior] yesterday was completely out/[behaviour/behavior] yesterday was/completely out
400004953200579,TELEVID5481_SCANNER14,GR1188287236079224328400004953200579,21/05/2025,17/05/2025,2360792243,GR118,Greek,GR,8287,28,WAS TALKED INTO BUYING BOTH DRESSES BY,0.8208,WAS TALKED INTO BUYING BOTH DRESSES BY,,Match,D441/01,was talked into buying both dresses by/was talked into/buying both dresses by/got talked into buying both dresses by/got talked into/buying both dresses by
400004953200579,TELEVID5481_SCANNER14,GR1188287236079224329400004953200579,21/05/2025,17/05/2025,2360792243,GR118,Greek,GR,8287,29,MUCH TIME TO GET THE HANG OF,0.8284,MUCH TIME TO GET THE HANG OF,,Match,D441/01,long to get the hang of/long to get/the hang of/much time to get the hang of/much time to get/the hang of
400004953200769,TELEVID5481_SCANNER14,GR118813723607922439400004953200769,21/05/2025,17/05/2025,2360792243,GR118,Greek,GR,8137,9,ON,0.8298,ON,,Match,D441/01,with
400004953200777,TELEVID5481_SCANNER14,GR1188145236079224320400004953200777,21/05/2025,17/05/2025,2360792243,GR118,Greek,GR,8145,20,UNLITERATES,0.8449,UNLITERATES,,Match,D441/01,illiterate
400004953200783,TELEVID5481_SCANNER14,GR1188151236079224325400004953200783,21/05/2025,17/05/2025,2360792243,GR118,Greek,GR,8151,25,NOT UP TO ME TO HANG,0.8436,NOT UP TO ME TO HANG,,Match,D441/01,not up to me to hand/not up to me/to hand/up to someone else to hand/up to someone else/to hand/up to somebody else to hand/up to somebody else/to hand
400004953200788,TELEVID5481_SCANNER14,GR1188156236079224320400004953200788,21/05/2025,17/05/2025,2360792243,GR118,Greek,GR,8156,20,LITERATOUS,0.834,LITERATOUS,,Match,D441/01,illiterate
400004953200788,TELEVID5481_SCANNER14,GR1188156236079224325400004953200788,21/05/2025,17/05/2025,2360792243,GR118,Greek,GR,8156,25,NOT UP TO ME  WHO WILL HAND,0.8286,NOT UP TO ME WILL HAND,,NoMatch,D441/01,not up to me to hand/not up to me/to hand/up to someone else to hand/up to someone else/to hand/up to somebody else to hand/up to somebody else/to hand
400004953200790,TELEVID5481_SCANNER14,GR1188158236079224330400004953200790,21/05/2025,17/05/2025,2360792243,GR118,Greek,GR,8158,30,SOONER HAD JAMINE WALKED IN THAT,0.826,SOONER HAD JAMINE WALKED IN THAT,,Match,D441/01,sooner had Janine come in than/sooner had/Janine come in than/sooner had Janine entered than/sooner had/Janine entered than/sooner had Janine walked in than/sooner had/Janine walked in than
400004953200841,TELEVID5481_SCANNER14,GR1188637236079224330400004953200841,21/05/2025,17/05/2025,2360792243,GR118,Greek,GR,8637,30,SOONER THAN JANINE WALKED IN DID,0.8288,SOONER THAN JANINE WALKED IN DTD,,NoMatch,D441/01,sooner had Janine come in than/sooner had/Janine come in than/sooner had Janine entered than/sooner had/Janine entered than/sooner had Janine walked in than/sooner had/Janine walked in than
400004953200843,TELEVID5481_SCANNER14,GR1188639236079224316400004953200843,21/05/2025,17/05/2025,2360792243,GR118,Greek,GR,8639,16,TO,0.8068,TD,,NoMatch,D441/01,into/to
400004953200843,TELEVID5481_SCANNER14,GR1188639236079224338400004953200843,21/05/2025,17/05/2025,2360792243,GR118,Greek,GR,8639,38,G,0.8082,G,,Match,D441/01,G
400004953200846,TELEVID5481_SCANNER14,GR1188642236079224332400004953200846,21/05/2025,17/05/2025,2360792243,GR118,Greek,GR,8642,32,C,0.8459,C,,Match,D441/01,D
400004953200848,TELEVID5481_SCANNER14,GR1188644236079224328400004953200848,21/05/2025,17/05/2025,2360792243,GR118,Greek,GR,8644,28,WAS TALKED IN TO BUY BOTH DRESSES BY,0.818,WAS TALKED IN TO BUY BOTH DRESSES BY,,Match,D441/01,was talked into buying both dresses by/was talked into/buying both dresses by/got talked into buying both dresses by/got talked into/buying both dresses by
400004953200848,TELEVID5481_SCANNER14,GR1188644236079224332400004953200848,21/05/2025,17/05/2025,2360792243,GR118,Greek,GR,8644,32,--impossible--,0.8031,C,,NoMatch,D441/01,D
400004953200853,TELEVID5481_SCANNER14,GR1188649236079224328400004953200853,21/05/2025,17/05/2025,2360792243,GR118,Greek,GR,8649,28,WAS TALKED INTO TO BUY BOTH DRESSES BY,0.847,WAS TALKED INTO TO BUY BOTH DRESSES BY,,Match,D441/01,was talked into buying both dresses by/was talked into/buying both dresses by/got talked into buying both dresses by/got talked into/buying both dresses by
400004953200855,TELEVID5481_SCANNER14,GR1188651236079224316400004953200855,21/05/2025,17/05/2025,2360792243,GR118,Greek,GR,8651,16,INTO,0.8148,INTO,,Match,D441/01,into/to
400004953200855,TELEVID5481_SCANNER14,GR1188651236079224320400004953200855,21/05/2025,17/05/2025,2360792243,GR118,Greek,GR,8651,20,ILLETERATE,0.8167,ILLEGIBLE,,NoMatch,D441/01,illiterate
400004953200855,TELEVID5481_SCANNER14,GR1188651236079224323400004953200855,21/05/2025,17/05/2025,2360792243,GR118,Greek,GR,8651,23,RELATIVELY,0.809,RECATIVELY,,NoMatch,D441/01,relatively
400004953200855,TELEVID5481_SCANNER14,GR1188651236079224327400004953200855,21/05/2025,17/05/2025,2360792243,GR118,Greek,GR,8651,27,BEVAUIOR WAS COMPLETELY OUT,0.8142,BEVAVIOR WAS COMPLETELY OUT,,NoMatch,D441/01,[behaviour/behavior] yesterday was completely out/[behaviour/behavior] yesterday was/completely out
400004953200856,TELEVID5481_SCANNER14,GR1188652236079224329400004953200856,21/05/2025,17/05/2025,2360792243,GR118,Greek,GR,8652,29,LONG TO GET THE HANG OF,0.8474,LONG TO GET THE HANG OF,,Match,D441/01,long to get the hang of/long to get/the hang of/much time to get the hang of/much time to get/the hang of
400004953200856,TELEVID5481_SCANNER14,GR1188652236079224330400004953200856,21/05/2025,17/05/2025,2360792243,GR118,Greek,GR,8652,30,SOONER THAN JANINE HAD WALKED IN,0.8183,SOONER THAN JANINE HAD WALKED IN,,Match,D441/01,sooner had Janine come in than/sooner had/Janine come in than/sooner had Janine entered than/sooner had/Janine entered than/sooner had Janine walked in than/sooner had/Janine walked in than
400004953200864,TELEVID5481_SCANNER14,GR1188660236079224334400004953200864,21/05/2025,17/05/2025,2360792243,GR118,Greek,GR,8660,34,B,0.8461,B,,Match,D441/01,B
400004964400589,TELEVID5501_SCANNER14,GR1188363236079224331400004964400589,22/05/2025,17/05/2025,2360792243,GR118,Greek,GR,8363,31,B,0.8456,B,,Match,D441/01,C
400004964400731,TELEVID5501_SCANNER14,GR1188331236079224320400004964400731,22/05/2025,17/05/2025,2360792243,GR118,Greek,GR,8331,20,UNLITERATED,0.8168,UNLITERATED,,Match,D441/01,illiterate
400004964400731,TELEVID5501_SCANNER14,GR1188331236079224327400004964400731,22/05/2025,17/05/2025,2360792243,GR118,Greek,GR,8331,27,BEHAVIOR YESTERDAY WAS COMPLETELY OUT OF,0.8344,BEHAVIOR YESTERDAY WAI COMPLETELY OUT OF,,NoMatch,D441/01,[behaviour/behavior] yesterday was completely out/[behaviour/behavior] yesterday was/completely out
400004964400731,TELEVID5501_SCANNER14,GR1188331236079224342400004964400731,22/05/2025,17/05/2025,2360792243,GR118,Greek,GR,8331,42,--impossible--,0.8477,C,,NoMatch,D441/01,A
400004964400736,TELEVID5501_SCANNER14,GR1188291236079224329400004964400736,22/05/2025,17/05/2025,2360792243,GR118,Greek,GR,8291,29,LONG TO HANG UP WITH,0.8296,LONG TO HANG UP WITH,,Match,D441/01,long to get the hang of/long to get/the hang of/much time to get the hang of/much time to get/the hang of
400004964400737,TELEVID5501_SCANNER14,GR1188292236079224318400004964400737,22/05/2025,17/05/2025,2360792243,GR118,Greek,GR,8292,18,PHILOSOPHICAL,0.8384,PHILOSOPHICAL,,Match,D441/01,philosophical
400004964400745,TELEVID5501_SCANNER14,GR1188300236079224331400004964400745,22/05/2025,17/05/2025,2360792243,GR118,Greek,GR,8300,31,C,0.831,C,,Match,D441/01,C
400004964400754,TELEVID5501_SCANNER14,GR1188309236079224328400004964400754,22/05/2025,17/05/2025,2360792243,GR118,Greek,GR,8309,28,WAS TALKED TO BUY BOTH DRESSES BY,0.82,WAS TALKED TO BUY BOTH DRESSES BY,,Match,D441/01,was talked into buying both dresses by/was talked into/buying both dresses by/got talked into buying both dresses by/got talked into/buying both dresses by
400004964400832,TELEVID5501_SCANNER14,GR1188347236079224319400004964400832,22/05/2025,17/05/2025,2360792243,GR118,Greek,GR,8347,19,ENABLES,0.8225,FNABLES,,NoMatch,D441/01,enabled
400004964400833,TELEVID5501_SCANNER14,GR1188348236079224324400004964400833,22/05/2025,17/05/2025,2360792243,GR118,Greek,GR,8348,24,UNVEILED,0.8423,UNVEILED,,Match,D441/01,unveiled
400004966500280,TELEVID5510_SCANNER14,GR1188593236079224325400004966500280,22/05/2025,17/05/2025,2360792243,GR118,Greek,GR,8593,25,NOT UP TO ME TO HANG,0.8113,NOT UP TO ME TO HANG,,Match,D441/01,not up to me to hand/not up to me/to hand/up to someone else to hand/up to someone else/to hand/up to somebody else to hand/up to somebody else/to hand
400004966500280,TELEVID5510_SCANNER14,GR1188593236079224348400004966500280,22/05/2025,17/05/2025,2360792243,GR118,Greek,GR,8593,48,C,0.8371,C,,Match,D441/01,D
400004966500283,TELEVID5510_SCANNER14,GR1188596236079224334400004966500283,22/05/2025,17/05/2025,2360792243,GR118,Greek,GR,8596,34,C,0.8127,C,,Match,D441/01,B
400004966500284,TELEVID5510_SCANNER14,GR1188597236079224324400004966500284,22/05/2025,17/05/2025,2360792243,GR118,Greek,GR,8597,24,UNVEILED,0.8458,UNVEILED,,Match,D441/01,unveiled
400004966500284,TELEVID5510_SCANNER14,GR1188597236079224328400004966500284,22/05/2025,17/05/2025,2360792243,GR118,Greek,GR,8597,28,WAS TALKED THROUGH BY,0.8271,WAS TALKED THROUGH BY,,Match,D441/01,was talked into buying both dresses by/was talked into/buying both dresses by/got talked into buying both dresses by/got talked into/buying both dresses by
400004966500284,TELEVID5510_SCANNER14,GR1188597236079224341400004966500284,22/05/2025,17/05/2025,2360792243,GR118,Greek,GR,8597,41,B,0.8453,B,,Match,D441/01,F
400004966500312,TELEVID5510_SCANNER14,GR1188555236079224318400004966500312,22/05/2025,17/05/2025,2360792243,GR118,Greek,GR,8555,18,PHILOSOPHICAL,0.8007,PHILOSOPHICAL,,Match,D441/01,philosophical
400004966500320,TELEVID5510_SCANNER14,GR1188563236079224334400004966500320,22/05/2025,17/05/2025,2360792243,GR118,Greek,GR,8563,34,C,0.813,C,,Match,D441/01,B
400004966500324,TELEVID5510_SCANNER14,GR1188567236079224324400004966500324,22/05/2025,17/05/2025,2360792243,GR118,Greek,GR,8567,24,VEILED,0.8318,VEILED,,Match,D441/01,unveiled
400004966500983,TELEVID5510_SCANNER14,GR1188015236079224340400004966500983,22/05/2025,17/05/2025,2360792243,GR118,Greek,GR,8015,40,D,0.8476,"D, H",,NoMatch,D441/01,D
400004966500985,TELEVID5510_SCANNER14,GR1188017236079224323400004966500985,22/05/2025,17/05/2025,2360792243,GR118,Greek,GR,8017,23,RELATIVELY,0.8,RELATIVELY,,Match,D441/01,relatively
400004968300350,TELEVID5513_SCANNER14,GR1188441236079224317400004968300350,22/05/2025,17/05/2025,2360792243,GR118,Greek,GR,8441,17,CONSEQUENCES,0.8474,CONSEQUENCES,,Match,D441/01,consequences
400004968300350,TELEVID5513_SCANNER14,GR1188441236079224328400004968300350,22/05/2025,17/05/2025,2360792243,GR118,Greek,GR,8441,28,BOUGHT BOTH DRESSES AFTER I TALKED WITH,0.8226,BOUGHT BOTH DRESSES OFTER I TALKED WITH,,NoMatch,D441/01,was talked into buying both dresses by/was talked into/buying both dresses by/got talked into buying both dresses by/got talked into/buying both dresses by
400004968300357,TELEVID5513_SCANNER14,GR1188448236079224326400004968300357,22/05/2025,17/05/2025,2360792243,GR118,Greek,GR,8448,26,IMPORTANCE OF FINDING A SOLUTION,0.8447,IMPORTANCE OF FINDING A SOLUTION,,Match,D441/01,importance of finding a solution/importance of/finding a solution/importance of finding an answer/importance of/finding an answer/importance of finding the solution/importance of/finding the solution/importance of finding the answer/importance of/finding the answer
400004968300363,TELEVID5513_SCANNER14,GR1188454236079224319400004968300363,22/05/2025,17/05/2025,2360792243,GR118,Greek,GR,8454,19,ENABLED,0.8497,ENABLED,,Match,D441/01,enabled
400004968300363,TELEVID5513_SCANNER14,GR1188454236079224326400004968300363,22/05/2025,17/05/2025,2360792243,GR118,Greek,GR,8454,26,IMPORTANCE OF FINDING A SOLUTION,0.8392,IMPORTANCE OF FINDING A SOLUTION,,Match,D441/01,importance of finding a solution/importance of/finding a solution/importance of finding an answer/importance of/finding an answer/importance of finding the solution/importance of/finding the solution/importance of finding the answer/importance of/finding the answer
400004969300554,TELEVID5504_SCANNER14,GR1188507236079224334400004969300554,22/05/2025,17/05/2025,2360792243,GR118,Greek,GR,8507,34,C,0.8293,C,,Match,D441/01,B
400004969300561,TELEVID5504_SCANNER14,GR1188514236079224326400004969300561,22/05/2025,17/05/2025,2360792243,GR118,Greek,GR,8514,26,IMPORTANCE OF FINDING A SOLUTION,0.8074,IMPORTANCE OF FINDING A SOLUTION,,Match,D441/01,importance of finding a solution/importance of/finding a solution/importance of finding an answer/importance of/finding an answer/importance of finding the solution/importance of/finding the solution/importance of finding the answer/importance of/finding the answer
400004969300563,TELEVID5504_SCANNER14,GR1188516236079224318400004969300563,22/05/2025,17/05/2025,2360792243,GR118,Greek,GR,8516,18,PHILOSOPHICAL,0.8204,PHILOSOPHICAL,,Match,D441/01,philosophical
400004969300563,TELEVID5504_SCANNER14,GR1188516236079224330400004969300563,22/05/2025,17/05/2025,2360792243,GR118,Greek,GR,8516,30,"SOONER HAD JANINE WALKED IN, WHEN",0.8297,"SOONER HAD JANINE WALKED IN, WHEN",,Match,D441/01,sooner had Janine come in than/sooner had/Janine come in than/sooner had Janine entered than/sooner had/Janine entered than/sooner had Janine walked in than/sooner had/Janine walked in than
400005032100355,TELEVID5559_SCANNER14,GR0358081236079224326400005032100355,27/05/2025,17/05/2025,2360792243,GR035,Greek,GR,8081,26,IMPORTANT FINDING IN SOLVING,0.8296,INPORTANT FINDING IN SOLVING,,NoMatch,D441/01,importance of finding a solution/importance of/finding a solution/importance of finding an answer/importance of/finding an answer/importance of finding the solution/importance of/finding the solution/importance of finding the answer/importance of/finding the answer
400005032100396,TELEVID5559_SCANNER14,GR0058481236079224328400005032100396,27/05/2025,17/05/2025,2360792243,GR005,Greek,GR,8481,28,WAS TAKED INTO BUYING BOTH DRESSES BY,0.8184,WAS TAKED INTO BUYING BOTH DRESSES BY,,Match,D441/01,was talked into buying both dresses by/was talked into/buying both dresses by/got talked into buying both dresses by/got talked into/buying both dresses by
400005032100402,TELEVID5559_SCANNER14,GR0058487236079224330400005032100402,27/05/2025,17/05/2025,2360792243,GR005,Greek,GR,8487,30,SOONER DID JANINE WALKED IN THAT,0.8054,SOONER DID JANINE WALKED IN THAT,,Match,D441/01,sooner had Janine come in than/sooner had/Janine come in than/sooner had Janine entered than/sooner had/Janine entered than/sooner had Janine walked in than/sooner had/Janine walked in than
400005032100412,TELEVID5559_SCANNER14,GR0058497236079224325400005032100412,27/05/2025,17/05/2025,2360792243,GR005,Greek,GR,8497,25,NOT UP TO ME TO HAND,0.8361,NOT UP TO ME TO HAND,,Match,D441/01,not up to me to hand/not up to me/to hand/up to someone else to hand/up to someone else/to hand/up to somebody else to hand/up to somebody else/to hand
400005032100414,TELEVID5559_SCANNER14,GR0058499236079224322400005032100414,27/05/2025,17/05/2025,2360792243,GR005,Greek,GR,8499,22,WORTHPASSING,0.8194,WORTHPASSING,,Match,D441/01,passable
400005032100420,TELEVID5559_SCANNER14,GR0058505236079224314400005032100420,27/05/2025,17/05/2025,2360792243,GR005,Greek,GR,8505,14,ODDS,0.8125,ODDS,,Match,D441/01,odds
400005032100420,TELEVID5559_SCANNER14,GR0058505236079224317400005032100420,27/05/2025,17/05/2025,2360792243,GR005,Greek,GR,8505,17,SUBSEQUENTIALLY,0.8072,SUBSEQUENTIALLY,,Match,D441/01,consequences
400005032400576,TELEVID5547_SCANNER14,GR0358010236079224323400005032400576,27/05/2025,17/05/2025,2360792243,GR035,Greek,GR,8010,23,RELATEABLY,0.8165,RELATEABLY,,Match,D441/01,relatively
400005032400581,TELEVID5547_SCANNER14,GR035801523607922431400005032400581,27/05/2025,17/05/2025,2360792243,GR035,Greek,GR,8015,1,C,0.8078,"C, D",,NoMatch,D441/01,C
400005034800016,TELEVID5548_SCANNER14,GR0058199236079224322400005034800016,27/05/2025,17/05/2025,2360792243,GR005,Greek,GR,8199,22,UNPASSIVE,0.8389,UNPASSIVE,,Match,D441/01,passable
400005034800016,TELEVID5548_SCANNER14,GR0058199236079224324400005034800016,27/05/2025,17/05/2025,2360792243,GR005,Greek,GR,8199,24,UNVEILING,0.8101,UNVEILING,,Match,D441/01,unveiled
400005034800016,TELEVID5548_SCANNER14,GR0058199236079224326400005034800016,27/05/2025,17/05/2025,2360792243,GR005,Greek,GR,8199,26,IMPORTANCE OF FINDING A SOLUTION,0.8015,IMPORTANCE OF FINDING A SOLUTION,,Match,D441/01,importance of finding a solution/importance of/finding a solution/importance of finding an answer/importance of/finding an answer/importance of finding the solution/importance of/finding the solution/importance of finding the answer/importance of/finding the answer
400005034800039,TELEVID5548_SCANNER14,GR0058222236079224328400005034800039,27/05/2025,17/05/2025,2360792243,GR005,Greek,GR,8222,28,WAS TALKED THROUGH TO BUY BOTH DRESSES BY,0.8159,WAS TALKED THROUGH TO BUY BOTH DRESSES BY,,Match,D441/01,was talked into buying both dresses by/was talked into/buying both dresses by/got talked into buying both dresses by/got talked into/buying both dresses by
400005034800046,TELEVID5548_SCANNER14,GR0058229236079224328400005034800046,27/05/2025,17/05/2025,2360792243,GR005,Greek,GR,8229,28,BOUGHT BOTH DRESSES AFTER I HAD TALKED TO,0.8088,BOUGHT BOTH DRESSES AFTER I HAD TALKED TO,,Match,D441/01,was talked into buying both dresses by/was talked into/buying both dresses by/got talked into buying both dresses by/got talked into/buying both dresses by
400005034800060,TELEVID5548_SCANNER14,GR0058243236079224317400005034800060,27/05/2025,17/05/2025,2360792243,GR005,Greek,GR,8243,17,SUBSEQENCY,0.8372,SUBSEQENCY,,Match,D441/01,consequences
400005034800070,TELEVID5548_SCANNER14,GR0058253236079224328400005034800070,27/05/2025,17/05/2025,2360792243,GR005,Greek,GR,8253,28,WAS TALKED IN BUYING BOTH DRESSES BY,0.8167,WAS TALKED IN BUYING BOTH DRESSES BY,,Match,D441/01,was talked into buying both dresses by/was talked into/buying both dresses by/got talked into buying both dresses by/got talked into/buying both dresses by
400005034800075,TELEVID5548_SCANNER14,GR0058258236079224314400005034800075,27/05/2025,17/05/2025,2360792243,GR005,Greek,GR,8258,14,ODDS,0.8256,ODDS,,Match,D441/01,odds
400005034800075,TELEVID5548_SCANNER14,GR0058258236079224318400005034800075,27/05/2025,17/05/2025,2360792243,GR005,Greek,GR,8258,18,PHILOSOPHICAL,0.8333,PHILOSOPHICAL,,Match,D441/01,philosophical
400005034800075,TELEVID5548_SCANNER14,GR0058258236079224324400005034800075,27/05/2025,17/05/2025,2360792243,GR005,Greek,GR,8258,24,UNVEILED,0.8225,UNVEILED,,Match,D441/01,unveiled
400005034800075,TELEVID5548_SCANNER14,GR0058258236079224326400005034800075,27/05/2025,17/05/2025,2360792243,GR005,Greek,GR,8258,26,IMPORTANCE OF FINDING A SOLUTION,0.8162,IMPORTANCE OF FINDING A SOLUTION,,Match,D441/01,importance of finding a solution/importance of/finding a solution/importance of finding an answer/importance of/finding an answer/importance of finding the solution/importance of/finding the solution/importance of finding the answer/importance of/finding the answer
400005034800098,TELEVID5548_SCANNER14,GR005828123607922433400005034800098,27/05/2025,17/05/2025,2360792243,GR005,Greek,GR,8281,3,A,0.8436,A,,Match,D441/01,A
400005034800098,TELEVID5548_SCANNER14,GR0058281236079224327400005034800098,27/05/2025,17/05/2025,2360792243,GR005,Greek,GR,8281,27,BEHAVIOUR YESTERDAY WAS COMPLETELY OUT,0.8074,BEHAVIOUR YESTERDAY WAS COMPLETELY OUT,,Match,D441/01,[behaviour/behavior] yesterday was completely out/[behaviour/behavior] yesterday was/completely out
400005034800112,TELEVID5548_SCANNER14,GR0058295236079224332400005034800112,27/05/2025,17/05/2025,2360792243,GR005,Greek,GR,8295,32,C,0.8362,C,,Match,D441/01,D
400005034800112,TELEVID5548_SCANNER14,GR0058295236079224350400005034800112,27/05/2025,17/05/2025,2360792243,GR005,Greek,GR,8295,50,A,0.8231,A,,Match,D441/01,A
400005034800721,TELEVID5548_SCANNER14,GR0058517236079224330400005034800721,27/05/2025,17/05/2025,2360792243,GR005,Greek,GR,8517,30,SOONER THEN WHEN JANINE WALKED IN,0.8309,SOONER THEN WHEN JANINE WALKED IN,,Match,D441/01,sooner had Janine come in than/sooner had/Janine come in than/sooner had Janine entered than/sooner had/Janine entered than/sooner had Janine walked in than/sooner had/Janine walked in than
400005034800736,TELEVID5548_SCANNER14,GR0058532236079224326400005034800736,27/05/2025,17/05/2025,2360792243,GR005,Greek,GR,8532,26,NEED OF FINDING A SOLUTION,0.8349,NEED OF FINDING A SOLUTION,,Match,D441/01,importance of finding a solution/importance of/finding a solution/importance of finding an answer/importance of/finding an answer/importance of finding the solution/importance of/finding the solution/importance of finding the answer/importance of/finding the answer
400005034800737,TELEVID5548_SCANNER14,GR0058533236079224310400005034800737,27/05/2025,17/05/2025,2360792243,GR005,Greek,GR,8533,10,IT,0.8331,IT,,Match,D441/01,which
400005034800741,TELEVID5548_SCANNER14,GR0058537236079224331400005034800741,27/05/2025,17/05/2025,2360792243,GR005,Greek,GR,8537,31,C,0.8199,D,,NoMatch,D441/01,C
400005034800747,TELEVID5548_SCANNER14,GR0058543236079224327400005034800747,27/05/2025,17/05/2025,2360792243,GR005,Greek,GR,8543,27,BEHAVIOUR YESTERDAY WAS COMPLETELY OUT,0.8037,BEHAVIOUR YESTERDAY WAS COMPLETELY OUT,,Match,D441/01,[behaviour/behavior] yesterday was completely out/[behaviour/behavior] yesterday was/completely out
400005034800748,TELEVID5548_SCANNER14,GR0058544236079224331400005034800748,27/05/2025,17/05/2025,2360792243,GR005,Greek,GR,8544,31,C,0.8406,C,,Match,D441/01,C
400005034800754,TELEVID5548_SCANNER14,GR0058550236079224345400005034800754,27/05/2025,17/05/2025,2360792243,GR005,Greek,GR,8550,45,A,0.8477,A,,Match,D441/01,A
400005034800760,TELEVID5548_SCANNER14,GR005841823607922439400005034800760,27/05/2025,17/05/2025,2360792243,GR005,Greek,GR,8418,9,WITH,0.8272,VITH,,NoMatch,D441/01,with
400005034800760,TELEVID5548_SCANNER14,GR0058418236079224322400005034800760,27/05/2025,17/05/2025,2360792243,GR005,Greek,GR,8418,22,INSURPASSING,0.8433,INSURPASSING,,Match,D441/01,passable
400005034800765,TELEVID5548_SCANNER14,GR0058423236079224335400005034800765,27/05/2025,17/05/2025,2360792243,GR005,Greek,GR,8423,35,B,0.8302,--blank--,,NoMatch,D441/01,A
400005034800768,TELEVID5548_SCANNER14,GR0058426236079224326400005034800768,27/05/2025,17/05/2025,2360792243,GR005,Greek,GR,8426,26,THE IMPORTANCE OF FINDING SOLUTION,0.8293,THE IMPORTANCE OF FINDING SOLUTION,,Match,D441/01,importance of finding a solution/importance of/finding a solution/importance of finding an answer/importance of/finding an answer/importance of finding the solution/importance of/finding the solution/importance of finding the answer/importance of/finding the answer
400005034800772,TELEVID5548_SCANNER14,GR0058430236079224332400005034800772,27/05/2025,17/05/2025,2360792243,GR005,Greek,GR,8430,32,B,0.8056,B,,Match,D441/01,D
400005034800774,TELEVID5548_SCANNER14,GR0058432236079224328400005034800774,27/05/2025,17/05/2025,2360792243,GR005,Greek,GR,8432,28,WAS TALKED ABOUT RUNING BOTH DRESSES FROM,0.8173,WAS TALKED ABOUT RUNING BOTH DRESSES FROM,,Match,D441/01,was talked into buying both dresses by/was talked into/buying both dresses by/got talked into buying both dresses by/got talked into/buying both dresses by
400005034800774,TELEVID5548_SCANNER14,GR0058432236079224334400005034800774,27/05/2025,17/05/2025,2360792243,GR005,Greek,GR,8432,34,C,0.8412,C,,Match,D441/01,B
400005034800789,TELEVID5548_SCANNER14,GR0058447236079224327400005034800789,27/05/2025,17/05/2025,2360792243,GR005,Greek,GR,8447,27,"BEHAVIOUR VESTERDAY, WAS COMPLETELY OUT",0.8103,"BEHAVIOUR VESTERDAY, WAS COMPLETELY OUT",,Match,D441/01,[behaviour/behavior] yesterday was completely out/[behaviour/behavior] yesterday was/completely out
400005034800789,TELEVID5548_SCANNER14,GR0058447236079224331400005034800789,27/05/2025,17/05/2025,2360792243,GR005,Greek,GR,8447,31,D,0.8485,D,,Match,D441/01,C
400005034800804,TELEVID5548_SCANNER14,GR0358202236079224328400005034800804,27/05/2025,17/05/2025,2360792243,GR035,Greek,GR,8202,28,WAS TALKED INTO BUYING BOTH DRESSES BY,0.8404,WAS TALKED INTO BUYING BOTH DRESSES BY,,Match,D441/01,was talked into buying both dresses by/was talked into/buying both dresses by/got talked into buying both dresses by/got talked into/buying both dresses by
400005034800813,TELEVID5548_SCANNER14,GR0358211236079224351400005034800813,27/05/2025,17/05/2025,2360792243,GR035,Greek,GR,8211,51,--impossible--,0.8315,C,,NoMatch,D441/01,B
400005034800823,TELEVID5548_SCANNER14,GR0358221236079224334400005034800823,27/05/2025,17/05/2025,2360792243,GR035,Greek,GR,8221,34,C,0.849,C,,Match,D441/01,B
400005034800825,TELEVID5548_SCANNER14,GR0358223236079224328400005034800825,27/05/2025,17/05/2025,2360792243,GR035,Greek,GR,8223,28,WAS TALKED TO BUY BOTH DRESSES BY,0.8098,WAS TALKED TO BUY BOTH DRESSES BY,,Match,D441/01,was talked into buying both dresses by/was talked into/buying both dresses by/got talked into buying both dresses by/got talked into/buying both dresses by
400005034800825,TELEVID5548_SCANNER14,GR0358223236079224329400005034800825,27/05/2025,17/05/2025,2360792243,GR035,Greek,GR,8223,29,TIME TO GET THE HANG OF,0.845,TIME TO GET THE HANG OF,,Match,D441/01,long to get the hang of/long to get/the hang of/much time to get the hang of/much time to get/the hang of
400005034800981,TELEVID5548_SCANNER14,GR0358232236079224316400005034800981,27/05/2025,17/05/2025,2360792243,GR035,Greek,GR,8232,16,TO,0.8366,TO,,Match,D441/01,into/to
400005034801033,TELEVID5548_SCANNER14,GR005861123607922433400005034801033,27/05/2025,17/05/2025,2360792243,GR005,Greek,GR,8611,3,A,0.8291,"A, B",,NoMatch,D441/01,A
400005034801033,TELEVID5548_SCANNER14,GR0058611236079224324400005034801033,27/05/2025,17/05/2025,2360792243,GR005,Greek,GR,8611,24,UPVEILED,0.8333,UPVEILED,,Match,D441/01,unveiled
400005034801033,TELEVID5548_SCANNER14,GR0058611236079224328400005034801033,27/05/2025,17/05/2025,2360792243,GR005,Greek,GR,8611,28,WAS TALKED INTO BUYING BOTH DRESSES BY,0.8398,WAS TALKED INTO BUYING BOTH DRESSES BY,,Match,D441/01,was talked into buying both dresses by/was talked into/buying both dresses by/got talked into buying both dresses by/got talked into/buying both dresses by
400005034801041,TELEVID5548_SCANNER14,GR0058619236079224318400005034801041,27/05/2025,17/05/2025,2360792243,GR005,Greek,GR,8619,18,PHILOSOPHYCALL,0.8443,PHILOSOPHYCALL,,Match,D441/01,philosophical
400005034801045,TELEVID5548_SCANNER14,GR0058623236079224322400005034801045,27/05/2025,17/05/2025,2360792243,GR005,Greek,GR,8623,22,PASSING,0.8468,PASSING,,Match,D441/01,passable
400005035000145,TELEVID5571_SCANNER14,GR8010014236079224319400005035000145,27/05/2025,17/05/2025,2360792243,GR801,Greek,GR,14,19,ENABLED,0.8324,FNABLED,,NoMatch,D441/01,enabled
400005035000145,TELEVID5571_SCANNER14,GR8010014236079224325400005035000145,27/05/2025,17/05/2025,2360792243,GR801,Greek,GR,14,25,UP TO YOU TO HAND,0.8494,UP TO YOU TO HAND,,Match,D441/01,not up to me to hand/not up to me/to hand/up to someone else to hand/up to someone else/to hand/up to somebody else to hand/up to somebody else/to hand
400005035000145,TELEVID5571_SCANNER14,GR8010014236079224327400005035000145,27/05/2025,17/05/2025,2360792243,GR801,Greek,GR,14,27,BEHAVIOR YESTERDAY WAS COMPLETELY OUT,0.8394,BEHAVIOR YESTERDAY WAS COMPLETELY OUT,,Match,D441/01,[behaviour/behavior] yesterday was completely out/[behaviour/behavior] yesterday was/completely out
400005035000145,TELEVID5571_SCANNER14,GR8010014236079224328400005035000145,27/05/2025,17/05/2025,2360792243,GR801,Greek,GR,14,28,I WAS TALKED TO BUY BOTH DRESSES BY,0.8377,I WAS TALKED TO BUY BOTH DRESSES BY,,Match,D441/01,was talked into buying both dresses by/was talked into/buying both dresses by/got talked into buying both dresses by/got talked into/buying both dresses by
400005035000197,TELEVID5571_SCANNER14,GR8010005236079224328400005035000197,27/05/2025,17/05/2025,2360792243,GR801,Greek,GR,5,28,WAS TALKED INTO BUYING BOTH DRESSES BY,0.8398,WAS TALKED INTO BUYING BOTH DRESSES BY,,Match,D441/01,was talked into buying both dresses by/was talked into/buying both dresses by/got talked into buying both dresses by/got talked into/buying both dresses by
400005035000198,TELEVID5571_SCANNER14,GR8010006236079224313400005035000198,27/05/2025,17/05/2025,2360792243,GR801,Greek,GR,6,13,OTHER,0.8383,OTHER,,Match,D441/01,other
400005035000281,TELEVID5571_SCANNER14,GR0268013236079224328400005035000281,27/05/2025,17/05/2025,2360792243,GR026,Greek,GR,8013,28,WAS TALKED TO BUY BOTH DRESSES BY,0.8379,WAS TALKED TO BUY BOTH DRESSES BY,,Match,D441/01,was talked into buying both dresses by/was talked into/buying both dresses by/got talked into buying both dresses by/got talked into/buying both dresses by
400005035000293,TELEVID5571_SCANNER14,GR0268025236079224330400005035000293,27/05/2025,17/05/2025,2360792243,GR026,Greek,GR,8025,30,SOONER THAN JANINE WALKED IN,0.8486,SOONER THAN JANINE WALKED IN,,Match,D441/01,sooner had Janine come in than/sooner had/Janine come in than/sooner had Janine entered than/sooner had/Janine entered than/sooner had Janine walked in than/sooner had/Janine walked in than
400005035000295,TELEVID5571_SCANNER14,GR0268027236079224328400005035000295,27/05/2025,17/05/2025,2360792243,GR026,Greek,GR,8027,28,WAS TALKED IN BUYING BOTH DRESSES BY,0.8373,WAS TALKED IN BUYING BOTH DRESSES BY,,Match,D441/01,was talked into buying both dresses by/was talked into/buying both dresses by/got talked into buying both dresses by/got talked into/buying both dresses by
400005035000295,TELEVID5571_SCANNER14,GR0268027236079224341400005035000295,27/05/2025,17/05/2025,2360792243,GR026,Greek,GR,8027,41,B,0.8061,--blank--,,NoMatch,D441/01,F
400005035000298,TELEVID5571_SCANNER14,GR026803023607922439400005035000298,27/05/2025,17/05/2025,2360792243,GR026,Greek,GR,8030,9,TO,0.838,TO,,Match,D441/01,with
400005337800378,TELEVID6030_SCANNER14,GR8010006917008863632400005337800378,13/06/2025,07/06/2025,9170088636,GR801,Greek,GR,6,32,B,0.8139,B,,Match,D441/01,B
400005337800379,TELEVID6030_SCANNER14,GR8010007917008863651400005337800379,13/06/2025,07/06/2025,9170088636,GR801,Greek,GR,7,51,--impossible--,0.8435,B,,NoMatch,D441/01,C
400005337800383,TELEVID6030_SCANNER14,GR8010011917008863632400005337800383,13/06/2025,07/06/2025,9170088636,GR801,Greek,GR,11,32,C,0.8194,C,,Match,D441/01,B
400005337900047,TELEVID6034_SCANNER14,BG0050005917008863624400005337900047,13/06/2025,07/06/2025,9170088636,BG005,Slavic,BG,5,24,INEXHAUSTIBLE,0.8317,INEXHAUSTIBLE,,Match,D441/01,exhaustive
400005337900471,TELEVID6034_SCANNER14,BG0050012917008863622400005337900471,13/06/2025,07/06/2025,9170088636,BG005,Slavic,BG,12,22,UNPACKS,0.8199,UNPACKS,,Match,D441/01,unpacks
400005337900476,TELEVID6034_SCANNER14,BG0050017917008863626400005337900476,13/06/2025,07/06/2025,9170088636,BG005,Slavic,BG,17,26,NO INTENTION IN BEING RUDE,0.8476,NO INTENTION IN BEING RUDE,,Match,D441/01,no intention of being rude/no intention/of being rude
400005346300015,TELEVID6047_SCANNER14,ES4458003917008863614400005346300015,13/06/2025,07/06/2025,9170088636,ES445,Romance,ES,8003,14,OUT,0.8038,CUT,,NoMatch,D441/01,out
400005347700384,TELEVID6048_SCANNER14,BG0010045917008863627400005347700384,13/06/2025,07/06/2025,9170088636,BG001,Slavic,BG,45,27,A DAY GOES BY THAT I AM NOT,0.8384,A DAY GOES BY THAT I AM NOT,,Match,D441/01,a (single) day goes by without me/a (single) day goes by/without me/a (single) day goes by without my/a (single) day goes by/without my/a (single) day goes past without me/a (single) day goes past/without me/a (single) day goes past without my/a (single) day goes past/without my/one (single) day goes by without me/one (single) day goes by/without me/one (single) day goes by without my/one (single) day goes by/without my/one (single) day goes past without me/one (single) day goes past/without me/one (single) day goes past without my/one (single) day goes past/without my
400005347700690,TELEVID6048_SCANNER14,BG0080065917008863624400005347700690,13/06/2025,07/06/2025,9170088636,BG008,Slavic,BG,65,24,UNDER EXHAUSTED,0.8289,UNDEREXHAUSTED,,NoMatch,D441/01,exhaustive
400005417000112,TELEVID6071_SCANNER14,PL1620001917008863627400005417000112,16/06/2025,07/06/2025,9170088636,PL162,Slavic,PL,1,27,ONE DAY GOES BY WITHOUT ME,0.8157,ONE DAY GOES BY WITHOUT ME,,Match,D441/01,a (single) day goes by without me/a (single) day goes by/without me/a (single) day goes by without my/a (single) day goes by/without my/a (single) day goes past without me/a (single) day goes past/without me/a (single) day goes past without my/a (single) day goes past/without my/one (single) day goes by without me/one (single) day goes by/without me/one (single) day goes by without my/one (single) day goes by/without my/one (single) day goes past without me/one (single) day goes past/without me/one (single) day goes past without my/one (single) day goes past/without my
400005417000115,TELEVID6071_SCANNER14,PL162000491700886363400005417000115,16/06/2025,07/06/2025,9170088636,PL162,Slavic,PL,4,3,D,0.8403,D,,Match,D441/01,D
400005417000675,TELEVID6071_SCANNER14,IT2670007917008863628400005417000675,16/06/2025,07/06/2025,9170088636,IT267,Romance,IT,7,28,BEEN LED TO BELIVE,0.8479,BREN LED TO BELIVE,,NoMatch,D441/01,been led to believe/been led/to believe/been led to think/been led/to think/been led to understand/been led/to understand
400005417000682,TELEVID6071_SCANNER14,IT2670014917008863631400005417000682,16/06/2025,07/06/2025,9170088636,IT267,Romance,IT,14,31,D,0.8258,D,,Match,D441/01,D
400005417000684,TELEVID6071_SCANNER14,IT2670016917008863627400005417000684,16/06/2025,07/06/2025,9170088636,IT267,Romance,IT,16,27,A SINGLE DAY OF MY LIFE GOES WITHOUT,0.8388,A SINGLE DAY OF MY LIFE GOES WITHOUT,,Match,D441/01,a (single) day goes by without me/a (single) day goes by/without me/a (single) day goes by without my/a (single) day goes by/without my/a (single) day goes past without me/a (single) day goes past/without me/a (single) day goes past without my/a (single) day goes past/without my/one (single) day goes by without me/one (single) day goes by/without me/one (single) day goes by without my/one (single) day goes by/without my/one (single) day goes past without me/one (single) day goes past/without me/one (single) day goes past without my/one (single) day goes past/without my
400005417000684,TELEVID6071_SCANNER14,IT2670016917008863628400005417000684,16/06/2025,07/06/2025,9170088636,IT267,Romance,IT,16,28,BEEN LED BY THE IMPRESSION,0.8491,BEEN LED BY THE IMPRESSION,,Match,D441/01,been led to believe/been led/to believe/been led to think/been led/to think/been led to understand/been led/to understand
400005417100196,TELEVID6062_SCANNER14,IT0320002917008863641400005417100196,16/06/2025,07/06/2025,9170088636,IT032,Romance,IT,2,41,B,0.8459,"B, C",,NoMatch,D441/01,B
400005417300102,TELEVID6066_SCANNER14,ES383806891700886361400005417300102,16/06/2025,07/06/2025,9170088636,ES383,Romance,ES,8068,1,D,0.8106,D,,Match,D441/01,C
400005417300104,TELEVID6066_SCANNER14,ES3838070917008863625400005417300104,16/06/2025,07/06/2025,9170088636,ES383,Romance,ES,8070,25,ON EXCEPTION OF AUNT SO PHIE,0.8288,ON EXCEPTION OF AUNT SO PHIE,,Match,D441/01,with the exception of Aunt Sophie/with the exception/of Aunt Sophie
400005417300104,TELEVID6066_SCANNER14,ES3838070917008863628400005417300104,16/06/2025,07/06/2025,9170088636,ES383,Romance,ES,8070,28,BEEN LED TO THINK,0.8217,BEEN LED TO THINK,,Match,D441/01,been led to believe/been led/to believe/been led to think/been led/to think/been led to understand/been led/to understand
400005417300107,TELEVID6066_SCANNER14,ES3838073917008863627400005417300107,16/06/2025,07/06/2025,9170088636,ES383,Romance,ES,8073,27,A DAY GOES BY WITHOUT ME,0.8219,A DAY GOES BY WITHOUT ME,,Match,D441/01,a (single) day goes by without me/a (single) day goes by/without me/a (single) day goes by without my/a (single) day goes by/without my/a (single) day goes past without me/a (single) day goes past/without me/a (single) day goes past without my/a (single) day goes past/without my/one (single) day goes by without me/one (single) day goes by/without me/one (single) day goes by without my/one (single) day goes by/without my/one (single) day goes past without me/one (single) day goes past/without me/one (single) day goes past without my/one (single) day goes past/without my
400005417300567,TELEVID6066_SCANNER14,ES3838093917008863634400005417300567,16/06/2025,07/06/2025,9170088636,ES383,Romance,ES,8093,34,B,0.8396,B,,Match,D441/01,D
400005417300570,TELEVID6066_SCANNER14,ES383809691700886363400005417300570,16/06/2025,07/06/2025,9170088636,ES383,Romance,ES,8096,3,A,0.8186,"A, B",,NoMatch,D441/01,D
400005417300573,TELEVID6066_SCANNER14,ES3838099917008863625400005417300573,16/06/2025,07/06/2025,9170088636,ES383,Romance,ES,8099,25,IN EXCEPTION OF AUNT SOPHIE,0.8163,IN EXCEPTION OF AUNT SOPHIE,,Match,D441/01,with the exception of Aunt Sophie/with the exception/of Aunt Sophie
400005417300576,TELEVID6066_SCANNER14,ES3838102917008863621400005417300576,16/06/2025,07/06/2025,9170088636,ES383,Romance,ES,8102,21,PERSUASIVELY,0.8268,PERSUASIVELY,,Match,D441/01,persuasively
400005417300579,TELEVID6066_SCANNER14,ES3838105917008863628400005417300579,16/06/2025,07/06/2025,9170088636,ES383,Romance,ES,8105,28,BEEN LED TO BELIEVE,0.8495,BEEN LED TO BELIEVE,,Match,D441/01,been led to believe/been led/to believe/been led to think/been led/to think/been led to understand/been led/to understand
400005417300581,TELEVID6066_SCANNER14,ES3838107917008863619400005417300581,16/06/2025,07/06/2025,9170088636,ES383,Romance,ES,8107,19,EXPERTIESE,0.8363,EXPERTIESE,,Match,D441/01,expertise
400005417300581,TELEVID6066_SCANNER14,ES3838107917008863628400005417300581,16/06/2025,07/06/2025,9170088636,ES383,Romance,ES,8107,28,LED TO THE CONCLUSION,0.8292,LED TO THE CONCLUSION,,Match,D441/01,been led to believe/been led/to believe/been led to think/been led/to think/been led to understand/been led/to understand
400005417300581,TELEVID6066_SCANNER14,ES3838107917008863630400005417300581,16/06/2025,07/06/2025,9170088636,ES383,Romance,ES,8107,30,DREW US TO THINK THAT,0.809,DREW US TO THINK THAT,,Match,D441/01,drew it to our attention that/drew it to/our attention that/drew my attention to the fact that/drew my attention/to the fact that/drew our attention to the fact that/drew our attention/to the fact that/drew to my attention the fact that/drew to my attention/the fact that/drew to our attention the fact that/drew to our attention/the fact that/drew it to my attention that/drew it to/my attention that
400005417300583,TELEVID6066_SCANNER14,ES3838109917008863628400005417300583,16/06/2025,07/06/2025,9170088636,ES383,Romance,ES,8109,28,BEEN LED TO BELIEVE,0.8234,BEEN LEO TO BELIEVE,,NoMatch,D441/01,been led to believe/been led/to believe/been led to think/been led/to think/been led to understand/been led/to understand
400005421800009,TELEVID6064_SCANNER14,IT3260003917008863617400005421800009,16/06/2025,07/06/2025,9170088636,IT326,Romance,IT,3,17,INVALUABLE,0.8367,INVALUABLE,,Match,D441/01,invaluable
400005421800009,TELEVID6064_SCANNER14,IT3260003917008863627400005421800009,16/06/2025,07/06/2025,9170088636,IT326,Romance,IT,3,27,ONE DAY GOES WITHOUT ME,0.8288,ONE DAY GOES WITHOUT ME,,Match,D441/01,a (single) day goes by without me/a (single) day goes by/without me/a (single) day goes by without my/a (single) day goes by/without my/a (single) day goes past without me/a (single) day goes past/without me/a (single) day goes past without my/a (single) day goes past/without my/one (single) day goes by without me/one (single) day goes by/without me/one (single) day goes by without my/one (single) day goes by/without my/one (single) day goes past without me/one (single) day goes past/without me/one (single) day goes past without my/one (single) day goes past/without my
400005421800009,TELEVID6064_SCANNER14,IT3260003917008863629400005421800009,16/06/2025,07/06/2025,9170088636,IT326,Romance,IT,3,29,EXPLANATION WAS OVER AS,0.8394,EXPLANATION WAS OVER 25,,NoMatch,D441/01,explanation was (ever) given as/explanation was (ever) given/as/reason was (ever) given as/reason was (ever) given/as
400005421800325,TELEVID6064_SCANNER14,IT0880007917008863625400005421800325,16/06/2025,07/06/2025,9170088636,IT088,Romance,IT,7,25,WITH AUNT SOPHIE AS THE SOLE EXCEPTION,0.841,WITH AUNT SOPHIE AS THE SOLE EXCEPTION,,Match,D441/01,with the exception of Aunt Sophie/with the exception/of Aunt Sophie
400005421800325,TELEVID6064_SCANNER14,IT0880007917008863627400005421800325,16/06/2025,07/06/2025,9170088636,IT088,Romance,IT,7,27,A DAY GOES BY WITHOUT ME,0.8076,A DAY GOES BY WITHOUT ME,,Match,D441/01,a (single) day goes by without me/a (single) day goes by/without me/a (single) day goes by without my/a (single) day goes by/without my/a (single) day goes past without me/a (single) day goes past/without me/a (single) day goes past without my/a (single) day goes past/without my/one (single) day goes by without me/one (single) day goes by/without me/one (single) day goes by without my/one (single) day goes by/without my/one (single) day goes past without me/one (single) day goes past/without me/one (single) day goes past without my/one (single) day goes past/without my
400005523600247,TELEVID8163_Scanner20,BG0080008582171119214400005523600247,21/06/2025,13/06/2025,5821711192,BG008,Slavic,BG,8,14,IT,0.8083,IT,,Match,D441/01,us
400005523600248,TELEVID8163_Scanner20,BG0080009582171119251400005523600248,21/06/2025,13/06/2025,5821711192,BG008,Slavic,BG,9,51,A,0.8428,"A, B",,NoMatch,D441/01,A
400005523600249,TELEVID8163_Scanner20,BG0080010582171119219400005523600249,21/06/2025,13/06/2025,5821711192,BG008,Slavic,BG,10,19,STHRENTHENING,0.8495,STHRENTHENING,,Match,D441/01,strengthened
400005523600250,TELEVID8163_Scanner20,BG0080011582171119228400005523600250,21/06/2025,13/06/2025,5821711192,BG008,Slavic,BG,11,28,THE STORM NOT DIED BY ITSELF,0.8034,THE STORM NOT DIED BY ITSELF,,Match,D441/01,the storm not died out/the storm not/died out/the storm not died down/the storm not/died down
400005524600283,TELEVID8147_Scanner20,ES8108007582171119221400005524600283,21/06/2025,13/06/2025,5821711192,ES810,Romance,ES,8007,21,REASONING,0.8204,REASONING,,Match,D441/01,reasoning
400005524600283,TELEVID8147_Scanner20,ES8108007582171119226400005524600283,21/06/2025,13/06/2025,5821711192,ES810,Romance,ES,8007,26,CAN ESCAPE FROM HAVING TO,0.806,AN ESCAPE FROM HAVING TO,,NoMatch,D441/01,can escape (from) having to/can escape (from)/having to/can escape (from) needing to/can escape (from)/needing to/can escape (from) the need to/can escape (from)/the need to/can escape (from) the fact of having to/can escape (from)/the fact of having to/can escape (from) the fact of needing to/can escape (from)/the fact of needing to/[is/'s] able to escape (from) having to/[is/'s] able to escape (from)/having to/[is/'s] able to escape (from) needing to/[is/'s] able to escape (from)/needing to/[is/'s] able to escape (from) the need to/[is/'s] able to escape (from)/the need to
500003227000679,televid3894_SCANNER13,CY0060001468151430128500003227000679,13/06/2024,07/06/2024,4681514301,CY006,Greek,CY,1,28,TO HOLD HER VIEWS ON,0.8044,TO HOLD HER VIEWS ON,,Match,D441/01,to hold her own/to hold/her own
500003227000682,televid3894_SCANNER13,CY0060004468151430134500003227000682,13/06/2024,07/06/2024,4681514301,CY006,Greek,CY,4,34,B,0.8027,B,,Match,D441/01,B
60000002199000669,TELEVID4606_SCANNER19,PE044000393024489303060000002199000669,10/12/2024,05/12/2024,9302448930,PE044,Romance,PE,3,30,CAN THE COMPANY ACCOUNT FOR PROFITS,0.8366,CAN THE COMPANY ACCOUNT FOR PROFITS,,Match,D441/01,can the company account for the profits/can the company account for/the profits/can the company account for their profits/can the company account for/their profits/can the company account for (its) profits/can the company account for/(its) profits
60000002199000674,TELEVID4606_SCANNER19,PE044000893024489301760000002199000674,10/12/2024,05/12/2024,9302448930,PE044,Romance,PE,8,17,ELUDING,0.8322,ELUDING,,Match,D441/01,elusive
60000002199000674,TELEVID4606_SCANNER19,PE044000893024489303060000002199000674,10/12/2024,05/12/2024,9302448930,PE044,Romance,PE,8,30,COULD THE VALUE OF THE COMPANY'S ACCOUNT,0.8024,COULD THE VALUE OF THE COMPANY'S ACCOUNT,,Match,D441/01,can the company account for the profits/can the company account for/the profits/can the company account for their profits/can the company account for/their profits/can the company account for (its) profits/can the company account for/(its) profits
60000002199000675,TELEVID4606_SCANNER19,PE04400099302448930660000002199000675,10/12/2024,05/12/2024,9302448930,PE044,Romance,PE,9,6,B,0.8379,B,,Match,D441/01,B
60000002199000675,TELEVID4606_SCANNER19,PE044000993024489302760000002199000675,10/12/2024,05/12/2024,9302448930,PE044,Romance,PE,9,27,HADN'T THEY HAD A SWIFT REACTION TO,0.8335,HADN'T THEY HAD A SWIFT REACTION TO,,Match,D441/01,for the government's swift reaction to/for the government's/swift reaction to/for the government's swift response to/for the government's/swift response to/for the swift reaction of the government to/for the swift reaction/of the government to/for the swift response of the government to/for the swift response/of the government to/for the swift government reaction to/for the swift government/reaction to/for the swift government response to/for the swift government/response to
60000002199000680,TELEVID4606_SCANNER19,PE044001493024489302760000002199000680,10/12/2024,05/12/2024,9302448930,PE044,Romance,PE,14,27,WEREN'T FOR THE SWIFT REACTION TO,0.8393,WEREN'T FOR THE SWIFT REACTION TO,,Match,D441/01,for the government's swift reaction to/for the government's/swift reaction to/for the government's swift response to/for the government's/swift response to/for the swift reaction of the government to/for the swift reaction/of the government to/for the swift response of the government to/for the swift response/of the government to/for the swift government reaction to/for the swift government/reaction to/for the swift government response to/for the swift government/response to
60000002199000682,TELEVID4606_SCANNER19,PE044001693024489302960000002199000682,10/12/2024,05/12/2024,9302448930,PE044,Romance,PE,16,29,OVERWHELMING REGRET THAT I MUST TURN,0.8197,OVERWHELMING REGRET THAT I MUST TURN,,Match,D441/01,(deep) regret that I must turn/(deep) regret that/I must turn/(great) regret that I must turn/(great) regret that/I must turn/(much) regret that I must turn/(much) regret that/I must turn
60000002199000684,TELEVID4606_SCANNER19,PE044001893024489302960000002199000684,10/12/2024,05/12/2024,9302448930,PE044,Romance,PE,18,29,REGRET THAT I MUST,0.8403,REGRET THAT I MUST,,Match,D441/01,(deep) regret that I must turn/(deep) regret that/I must turn/(great) regret that I must turn/(great) regret that/I must turn/(much) regret that I must turn/(much) regret that/I must turn
60000002199000685,TELEVID4606_SCANNER19,PE044001993024489302760000002199000685,10/12/2024,05/12/2024,9302448930,PE044,Romance,PE,19,27,HAD THE GOVERNMENT NOT BEEN SWIFT WITH HANDLING,0.8446,HAD THE GOVERNMENT NOT BEEN SWIFT WITH HANDLING,,Match,D441/01,for the government's swift reaction to/for the government's/swift reaction to/for the government's swift response to/for the government's/swift response to/for the swift reaction of the government to/for the swift reaction/of the government to/for the swift response of the government to/for the swift response/of the government to/for the swift government reaction to/for the swift government/reaction to/for the swift government response to/for the swift government/response to
60000002199000685,TELEVID4606_SCANNER19,PE044001993024489303660000002199000685,10/12/2024,05/12/2024,9302448930,PE044,Romance,PE,19,36,B,0.8402,B,,Match,D441/01,B
60000002199000887,TELEVID4606_SCANNER19,PE008800693024489302960000002199000887,10/12/2024,05/12/2024,9302448930,PE008,Romance,PE,8006,29,REGRETFULNESS THAT I MUST TURN,0.8244,REGRETFULNESS THAT I MUST TURN,,Match,D441/01,(deep) regret that I must turn/(deep) regret that/I must turn/(great) regret that I must turn/(great) regret that/I must turn/(much) regret that I must turn/(much) regret that/I must turn
60000002250300118,TELEVID4890_SCANNER19,DE299889255357134432960000002250300118,06/03/2025,01/03/2025,5535713443,DE299,Germanic,DE,8892,29,"SEVERAL WEEKS AGO, THAT HIS ANKLES STARTED TROUBLING",0.8123,"SEVERAL WEEKS AGO, THAT HIS ANKLES STARTED TROUBLING",,Match,D441/01,several weeks ago (that) Tom's ankle started troubling/several weeks ago (that)/Tom's ankle started troubling/several weeks ago (that) Tom's ankle began troubling/several weeks ago (that)/Tom's ankle began troubling/several weeks ago (that) Tom's ankle started bothering/several weeks ago (that)/Tom's ankle started bothering/several weeks ago (that) Tom's ankle began bothering/several weeks ago (that)/Tom's ankle began bothering/several weeks ago when Tom's ankle started troubling/several weeks ago when/Tom's ankle started troubling/several weeks ago when Tom's ankle began troubling/several weeks ago when/Tom's ankle began troubling/several weeks ago when Tom's ankle started bothering/several weeks ago when/Tom's ankle started bothering/several weeks ago when Tom's ankle began bothering/several weeks ago when/Tom's ankle began bothering/several weeks ago Tom's ankle began to bother/several weeks ago/Tom's ankle began to bother/several weeks ago Tom's ankle began to trouble/several weeks ago/Tom's ankle began to trouble/several weeks ago Tom's ankle started to bother/several weeks ago/Tom's ankle started to bother/several weeks ago Tom's ankle started to trouble/several weeks ago/Tom's ankle started to trouble
60000002250300120,TELEVID4890_SCANNER19,DE299889455357134433460000002250300120,06/03/2025,01/03/2025,5535713443,DE299,Germanic,DE,8894,34,C,0.8231,C,,Match,D441/01,B
60000002250300121,TELEVID4890_SCANNER19,DE299889555357134431160000002250300121,06/03/2025,01/03/2025,5535713443,DE299,Germanic,DE,8895,11,IF,0.8334,IF,,Match,D441/01,whereas/while/whilst/if/although
60000002250300122,TELEVID4890_SCANNER19,DE299889655357134432760000002250300122,06/03/2025,01/03/2025,5535713443,DE299,Germanic,DE,8896,27,IS DUE TO OPEN,0.8375,IS DUE TO OPEN,,Match,D441/01,[is/'s] due to open/[is/'s] due/to open/[is/'s] due to be open(ed)/[is/'s] due/to be open(ed)
60000002250300122,TELEVID4890_SCANNER19,DE299889655357134433660000002250300122,06/03/2025,01/03/2025,5535713443,DE299,Germanic,DE,8896,36,C,0.8119,C,,Match,D441/01,C
60000002250300125,TELEVID4890_SCANNER19,DE299889955357134431360000002250300125,06/03/2025,01/03/2025,5535713443,DE299,Germanic,DE,8899,13,HAD,0.8063,HAD,,Match,D441/01,made
60000002250300125,TELEVID4890_SCANNER19,DE299889955357134431860000002250300125,06/03/2025,01/03/2025,5535713443,DE299,Germanic,DE,8899,18,ADHEREANCE,0.8095,ASHERFANCE,,NoMatch,D441/01,adherence
60000002250300126,TELEVID4890_SCANNER19,DE299890055357134432560000002250300126,06/03/2025,01/03/2025,5535713443,DE299,Germanic,DE,8900,25,HER MIND RESULTING IN,0.8454,HER MIND RESULTING IN,,Match,D441/01,and this resulted in (her having)/her mind which resulted in (her having)/her mind/which resulted in (her having)/her mind which resulted in her getting into/her mind/which resulted in her getting into/her mind and this resulted in (her having)/her mind
60000002250300127,TELEVID4890_SCANNER19,DE299890155357134432960000002250300127,06/03/2025,01/03/2025,5535713443,DE299,Germanic,DE,8901,29,SEVERAL WEEKS AGO THAT TOM'S ANKLE STARTED TROUBLING,0.8012,SEVERAL WEEKS AGO THAT TOM'S ANKLE STARTED TROUBLING,,Match,D441/01,several weeks ago (that) Tom's ankle started troubling/several weeks ago (that)/Tom's ankle started troubling/several weeks ago (that) Tom's ankle began troubling/several weeks ago (that)/Tom's ankle began troubling/several weeks ago (that) Tom's ankle started bothering/several weeks ago (that)/Tom's ankle started bothering/several weeks ago (that) Tom's ankle began bothering/several weeks ago (that)/Tom's ankle began bothering/several weeks ago when Tom's ankle started troubling/several weeks ago when/Tom's ankle started troubling/several weeks ago when Tom's ankle began troubling/several weeks ago when/Tom's ankle began troubling/several weeks ago when Tom's ankle started bothering/several weeks ago when/Tom's ankle started bothering/several weeks ago when Tom's ankle began bothering/several weeks ago when/Tom's ankle began bothering/several weeks ago Tom's ankle began to bother/several weeks ago/Tom's ankle began to bother/several weeks ago Tom's ankle began to trouble/several weeks ago/Tom's ankle began to trouble/several weeks ago Tom's ankle started to bother/several weeks ago/Tom's ankle started to bother/several weeks ago Tom's ankle started to trouble/several weeks ago/Tom's ankle started to trouble
60000002250300130,TELEVID4890_SCANNER19,DE299891955357134432660000002250300130,06/03/2025,01/03/2025,5535713443,DE299,Germanic,DE,8919,26,HAVE TECHNOLOGICAL ADVANCES ADVANCED AS,0.8084,HAVE TECHNOLOGICAL ADVANCES ADVANCED AS,,Match,D441/01,has technology advanced as/has technology advanced/as/has technology advanced so/has technology advanced/so
60000002250300141,TELEVID4890_SCANNER19,DE299890655357134432660000002250300141,06/03/2025,01/03/2025,5535713443,DE299,Germanic,DE,8906,26,HAS TECHNOLOGY ADVANCED AS,0.843,HAS TECHNOLOGY ADVANCED AS,,Match,D441/01,has technology advanced as/has technology advanced/as/has technology advanced so/has technology advanced/so
60000002250300142,TELEVID4890_SCANNER19,DE29989075535713443360000002250300142,06/03/2025,01/03/2025,5535713443,DE299,Germanic,DE,8907,3,B,0.8013,B,,Match,D441/01,B
60000002250300145,TELEVID4890_SCANNER19,DE299891055357134431860000002250300145,06/03/2025,01/03/2025,5535713443,DE299,Germanic,DE,8910,18,ADHERENCE,0.813,ADMERENCE,,NoMatch,D441/01,adherence
60000002250300145,TELEVID4890_SCANNER19,DE299891055357134433060000002250300145,06/03/2025,01/03/2025,5535713443,DE299,Germanic,DE,8910,30,OF THE ORDINARY BY,0.8458,OF THE ORDINARY BY,,Match,D441/01,of the ordinary in the/of the ordinary/in the
60000002250300148,TELEVID4890_SCANNER19,DE299891355357134434160000002250300148,06/03/2025,01/03/2025,5535713443,DE299,Germanic,DE,8913,41,F,0.8001,F,,Match,D441/01,F
60000002250300150,TELEVID4890_SCANNER19,DE29989155535713443960000002250300150,06/03/2025,01/03/2025,5535713443,DE299,Germanic,DE,8915,9,LIKE,0.8312,LIKE,,Match,D441/01,like
60000002250300150,TELEVID4890_SCANNER19,DE299891555357134433060000002250300150,06/03/2025,01/03/2025,5535713443,DE299,Germanic,DE,8915,30,OF THE ORDINARY BY TTE,0.8388,OF THE ORDINARY BY TTE,,Match,D441/01,of the ordinary in the/of the ordinary/in the
60000002250300150,TELEVID4890_SCANNER19,DE299891555357134433460000002250300150,06/03/2025,01/03/2025,5535713443,DE299,Germanic,DE,8915,34,B,0.8172,B,,Match,D441/01,B
60000002250300153,TELEVID4890_SCANNER19,DE299891855357134432960000002250300153,06/03/2025,01/03/2025,5535713443,DE299,Germanic,DE,8918,29,WEEKS AGO SINCE TOM'S ANKLE HAS BEEN BOTHERING HIM,0.8372,WEEKS AGO SINCE TOM'S ANKLE HAS BEEN BOTHERING HIM,,Match,D441/01,several weeks ago (that) Tom's ankle started troubling/several weeks ago (that)/Tom's ankle started troubling/several weeks ago (that) Tom's ankle began troubling/several weeks ago (that)/Tom's ankle began troubling/several weeks ago (that) Tom's ankle started bothering/several weeks ago (that)/Tom's ankle started bothering/several weeks ago (that) Tom's ankle began bothering/several weeks ago (that)/Tom's ankle began bothering/several weeks ago when Tom's ankle started troubling/several weeks ago when/Tom's ankle started troubling/several weeks ago when Tom's ankle began troubling/several weeks ago when/Tom's ankle began troubling/several weeks ago when Tom's ankle started bothering/several weeks ago when/Tom's ankle started bothering/several weeks ago when Tom's ankle began bothering/several weeks ago when/Tom's ankle began bothering/several weeks ago Tom's ankle began to bother/several weeks ago/Tom's ankle began to bother/several weeks ago Tom's ankle began to trouble/several weeks ago/Tom's ankle began to trouble/several weeks ago Tom's ankle started to bother/several weeks ago/Tom's ankle started to bother/several weeks ago Tom's ankle started to trouble/several weeks ago/Tom's ankle started to trouble
60000002252200242,TELEVID4903_SCANNER19,CH188000855357134433060000002252200242,10/03/2025,01/03/2025,5535713443,CH188,Germanic,CH,8,30,"OF THE BLUE, IT WAS ORDINARY IN THE",0.8279,"OF THE BLUE, IT WAS ORDINARY IN THE",,Match,D441/01,of the ordinary in the/of the ordinary/in the
60000002252200245,TELEVID4903_SCANNER19,CH188001155357134432760000002252200245,10/03/2025,01/03/2025,5535713443,CH188,Germanic,CH,11,27,OPENING IS SCHEDULED DUE TO,0.8343,OPENING IS SCHEDULED DUE TO,,Match,D441/01,[is/'s] due to open/[is/'s] due/to open/[is/'s] due to be open(ed)/[is/'s] due/to be open(ed)
60000002252200245,TELEVID4903_SCANNER19,CH188001155357134433460000002252200245,10/03/2025,01/03/2025,5535713443,CH188,Germanic,CH,11,34,C,0.8147,D,,NoMatch,D441/01,B
60000002252200246,TELEVID4903_SCANNER19,CH188001255357134432860000002252200246,10/03/2025,01/03/2025,5535713443,CH188,Germanic,CH,12,28,RUN UNDER THE RISK OF BEING MOCKED,0.8057,RUN UNDER THE RISK OF BEING MOCKED,,Match,D441/01,run the risk of being mocked/run the risk of/being mocked/run the risk of getting mocked/run the risk of/getting mocked/run the risk of being ridiculed/run the risk of/being ridiculed/run the risk of getting ridiculed/run the risk of/getting ridiculed
60000002252200246,TELEVID4903_SCANNER19,CH188001255357134433460000002252200246,10/03/2025,01/03/2025,5535713443,CH188,Germanic,CH,12,34,B,0.8193,B,,Match,D441/01,B
60000002252200247,TELEVID4903_SCANNER19,CH188001355357134432560000002252200247,10/03/2025,01/03/2025,5535713443,CH188,Germanic,CH,13,25,HER MIND AND RESULTED IN,0.8236,HER MIND AND RESULTED IN,,Match,D441/01,and this resulted in (her having)/her mind which resulted in (her having)/her mind/which resulted in (her having)/her mind which resulted in her getting into/her mind/which resulted in her getting into/her mind and this resulted in (her having)/her mind
60000002252200247,TELEVID4903_SCANNER19,CH188001355357134432660000002252200247,10/03/2025,01/03/2025,5535713443,CH188,Germanic,CH,13,26,HAD TECHNOLOGY ADVANCED THIS,0.8031,HAD TECHNOLOGY ADVANCED THIS,,Match,D441/01,has technology advanced as/has technology advanced/as/has technology advanced so/has technology advanced/so
60000002252200250,TELEVID4903_SCANNER19,CH188001655357134432760000002252200250,10/03/2025,01/03/2025,5535713443,CH188,Germanic,CH,16,27,IS DUE TO OPEN,0.8371,IS DUE TO OPEN,,Match,D441/01,[is/'s] due to open/[is/'s] due/to open/[is/'s] due to be open(ed)/[is/'s] due/to be open(ed)
60000002252200254,TELEVID4903_SCANNER19,CH188002055357134432860000002252200254,10/03/2025,01/03/2025,5535713443,CH188,Germanic,CH,20,28,RUN RISK OF BEING MOCKED,0.8224,RUN RISK OF BEING MOCKED,,Match,D441/01,run the risk of being mocked/run the risk of/being mocked/run the risk of getting mocked/run the risk of/getting mocked/run the risk of being ridiculed/run the risk of/being ridiculed/run the risk of getting ridiculed/run the risk of/getting ridiculed
60000002252200254,TELEVID4903_SCANNER19,CH188002055357134432960000002252200254,10/03/2025,01/03/2025,5535713443,CH188,Germanic,CH,20,29,SEVERAL WEEKS AGO THAT TOM'S ANKLE STARTED TROUBLING,0.8371,SEVERAL WEEKS AGO THAT TOM'S ANKLE STARTED TROUBLING,,Match,D441/01,several weeks ago (that) Tom's ankle started troubling/several weeks ago (that)/Tom's ankle started troubling/several weeks ago (that) Tom's ankle began troubling/several weeks ago (that)/Tom's ankle began troubling/several weeks ago (that) Tom's ankle started bothering/several weeks ago (that)/Tom's ankle started bothering/several weeks ago (that) Tom's ankle began bothering/several weeks ago (that)/Tom's ankle began bothering/several weeks ago when Tom's ankle started troubling/several weeks ago when/Tom's ankle started troubling/several weeks ago when Tom's ankle began troubling/several weeks ago when/Tom's ankle began troubling/several weeks ago when Tom's ankle started bothering/several weeks ago when/Tom's ankle started bothering/several weeks ago when Tom's ankle began bothering/several weeks ago when/Tom's ankle began bothering/several weeks ago Tom's ankle began to bother/several weeks ago/Tom's ankle began to bother/several weeks ago Tom's ankle began to trouble/several weeks ago/Tom's ankle began to trouble/several weeks ago Tom's ankle started to bother/several weeks ago/Tom's ankle started to bother/several weeks ago Tom's ankle started to trouble/several weeks ago/Tom's ankle started to trouble
60000002252200256,TELEVID4903_SCANNER19,CH188002255357134433160000002252200256,10/03/2025,01/03/2025,5535713443,CH188,Germanic,CH,22,31,C,0.833,C,,Match,D441/01,B
60000002252200257,TELEVID4903_SCANNER19,CH188002355357134432860000002252200257,10/03/2025,01/03/2025,5535713443,CH188,Germanic,CH,23,28,RUN AT RISK OF GETTING MOCKED,0.8174,RUN AT RISK OF GETTING MOCKED,,Match,D441/01,run the risk of being mocked/run the risk of/being mocked/run the risk of getting mocked/run the risk of/getting mocked/run the risk of being ridiculed/run the risk of/being ridiculed/run the risk of getting ridiculed/run the risk of/getting ridiculed
60000002252200258,TELEVID4903_SCANNER19,CH188002455357134432760000002252200258,10/03/2025,01/03/2025,5535713443,CH188,Germanic,CH,24,27,IS DUE TO OPEN,0.8452,15 DUE TO OPEN,,NoMatch,D441/01,[is/'s] due to open/[is/'s] due/to open/[is/'s] due to be open(ed)/[is/'s] due/to be open(ed)
60000002252200291,TELEVID4903_SCANNER19,CH188000255357134432560000002252200291,10/03/2025,01/03/2025,5535713443,CH188,Germanic,CH,2,25,"HER MIND, WHICH RESULTED IN",0.83,"HER MIND, WHICH RESULTED IN",,Match,D441/01,and this resulted in (her having)/her mind which resulted in (her having)/her mind/which resulted in (her having)/her mind which resulted in her getting into/her mind/which resulted in her getting into/her mind and this resulted in (her having)/her mind
60000002252200291,TELEVID4903_SCANNER19,CH188000255357134432760000002252200291,10/03/2025,01/03/2025,5535713443,CH188,Germanic,CH,2,27,IS DUE TO BE FINISHED,0.8105,IS DUE TO BE FINISHED,,Match,D441/01,[is/'s] due to open/[is/'s] due/to open/[is/'s] due to be open(ed)/[is/'s] due/to be open(ed)
60000002252200292,TELEVID4903_SCANNER19,CH188000355357134433260000002252200292,10/03/2025,01/03/2025,5535713443,CH188,Germanic,CH,3,32,D,0.8465,D,,Match,D441/01,D
60000002252200292,TELEVID4903_SCANNER19,CH188000355357134433660000002252200292,10/03/2025,01/03/2025,5535713443,CH188,Germanic,CH,3,36,B,0.845,B,,Match,D441/01,C
60000002252200297,TELEVID4903_SCANNER19,CH188002655357134432760000002252200297,10/03/2025,01/03/2025,5535713443,CH188,Germanic,CH,26,27,OPENING IS DUE,0.8217,OPENING IS DUE,,Match,D441/01,[is/'s] due to open/[is/'s] due/to open/[is/'s] due to be open(ed)/[is/'s] due/to be open(ed)
60000002253100275,TELEVID4905_SCANNER19,BG008000255357134433460000002253100275,10/03/2025,01/03/2025,5535713443,BG008,Slavic,BG,2,34,B,0.8317,B,,Match,D441/01,B
60000002253100338,TELEVID4905_SCANNER19,GR118801955357134432860000002253100338,10/03/2025,01/03/2025,5535713443,GR118,Greek,GR,8019,28,RUN THE RISK OF BEING MOCKED,0.8084,RUN THE RISK OF BEING MOCKED,,Match,D441/01,run the risk of being mocked/run the risk of/being mocked/run the risk of getting mocked/run the risk of/getting mocked/run the risk of being ridiculed/run the risk of/being ridiculed/run the risk of getting ridiculed/run the risk of/getting ridiculed
60000002253900131,TELEVID4910_SCANNER19,GR801000155357134432960000002253900131,10/03/2025,01/03/2025,5535713443,GR801,Greek,GR,1,29,SEVERAL WEEKS AGO THAT TOM'S ANKLE STARTED TROUBLING,0.8457,SEVERAL WEEKS AGO THAT TOM'S ANKLE STARTED TROUBLE,,NoMatch,D441/01,several weeks ago (that) Tom's ankle started troubling/several weeks ago (that)/Tom's ankle started troubling/several weeks ago (that) Tom's ankle began troubling/several weeks ago (that)/Tom's ankle began troubling/several weeks ago (that) Tom's ankle started bothering/several weeks ago (that)/Tom's ankle started bothering/several weeks ago (that) Tom's ankle began bothering/several weeks ago (that)/Tom's ankle began bothering/several weeks ago when Tom's ankle started troubling/several weeks ago when/Tom's ankle started troubling/several weeks ago when Tom's ankle began troubling/several weeks ago when/Tom's ankle began troubling/several weeks ago when Tom's ankle started bothering/several weeks ago when/Tom's ankle started bothering/several weeks ago when Tom's ankle began bothering/several weeks ago when/Tom's ankle began bothering/several weeks ago Tom's ankle began to bother/several weeks ago/Tom's ankle began to bother/several weeks ago Tom's ankle began to trouble/several weeks ago/Tom's ankle began to trouble/several weeks ago Tom's ankle started to bother/several weeks ago/Tom's ankle started to bother/several weeks ago Tom's ankle started to trouble/several weeks ago/Tom's ankle started to trouble
60000002253900131,TELEVID4910_SCANNER19,GR801000155357134433460000002253900131,10/03/2025,01/03/2025,5535713443,GR801,Greek,GR,1,34,--impossible--,0.8067,C,,NoMatch,D441/01,B
60000002254500314,TELEVID4904_SCANNER19,DE005000155357134432960000002254500314,10/03/2025,01/03/2025,5535713443,DE005,Germanic,DE,1,29,"SEVERAL WEEKS AGO, THAT TOM'S ANKLE STARTED HURTING",0.8272,"SEVERAL WEEKS AGO, THAT TOM'S ANKLE STARTED HURTING",,Match,D441/01,several weeks ago (that) Tom's ankle started troubling/several weeks ago (that)/Tom's ankle started troubling/several weeks ago (that) Tom's ankle began troubling/several weeks ago (that)/Tom's ankle began troubling/several weeks ago (that) Tom's ankle started bothering/several weeks ago (that)/Tom's ankle started bothering/several weeks ago (that) Tom's ankle began bothering/several weeks ago (that)/Tom's ankle began bothering/several weeks ago when Tom's ankle started troubling/several weeks ago when/Tom's ankle started troubling/several weeks ago when Tom's ankle began troubling/several weeks ago when/Tom's ankle began troubling/several weeks ago when Tom's ankle started bothering/several weeks ago when/Tom's ankle started bothering/several weeks ago when Tom's ankle began bothering/several weeks ago when/Tom's ankle began bothering/several weeks ago Tom's ankle began to bother/several weeks ago/Tom's ankle began to bother/several weeks ago Tom's ankle began to trouble/several weeks ago/Tom's ankle began to trouble/several weeks ago Tom's ankle started to bother/several weeks ago/Tom's ankle started to bother/several weeks ago Tom's ankle started to trouble/several weeks ago/Tom's ankle started to trouble
60000002254800133,TELEVID4911_SCANNER19,CH010800455357134433460000002254800133,10/03/2025,01/03/2025,5535713443,CH010,Germanic,CH,8004,34,C,0.8283,C,,Match,D441/01,B
60000002254800135,TELEVID4911_SCANNER19,CH010800655357134432760000002254800135,10/03/2025,01/03/2025,5535713443,CH010,Germanic,CH,8006,27,IS DUE TO BE OPENING,0.8186,IS DUE TO BE OPENING,,Match,D441/01,[is/'s] due to open/[is/'s] due/to open/[is/'s] due to be open(ed)/[is/'s] due/to be open(ed)
60000002254800137,TELEVID4911_SCANNER19,CH010800855357134432560000002254800137,10/03/2025,01/03/2025,5535713443,CH010,Germanic,CH,8008,25,HER MIND WHICH RESULTED IN,0.8467,HER MIND WHICH RESULTED IN,,Match,D441/01,and this resulted in (her having)/her mind which resulted in (her having)/her mind/which resulted in (her having)/her mind which resulted in her getting into/her mind/which resulted in her getting into/her mind and this resulted in (her having)/her mind
60000002254800145,TELEVID4911_SCANNER19,CH010801655357134433060000002254800145,10/03/2025,01/03/2025,5535713443,CH010,Germanic,CH,8016,30,OF ORDINARY ACCORDING TO THE,0.8412,OF ORDINARY ACCORDING TO THE,,Match,D441/01,of the ordinary in the/of the ordinary/in the
60000002254800148,TELEVID4911_SCANNER19,CH01080195535713443360000002254800148,10/03/2025,01/03/2025,5535713443,CH010,Germanic,CH,8019,3,--impossible--,0.8448,"C, D",,NoMatch,D441/01,B
60000002254800151,TELEVID4911_SCANNER19,CH010802255357134433660000002254800151,10/03/2025,01/03/2025,5535713443,CH010,Germanic,CH,8022,36,A,0.8323,A,,Match,D441/01,C
60000002254800152,TELEVID4911_SCANNER19,CH010802355357134432860000002254800152,10/03/2025,01/03/2025,5535713443,CH010,Germanic,CH,8023,28,ARE RUNNING THE RISK OF BEEING MOCKED,0.8328,ARE RUNNING THE RISK OF BEFING MOCKED,,NoMatch,D441/01,run the risk of being mocked/run the risk of/being mocked/run the risk of getting mocked/run the risk of/getting mocked/run the risk of being ridiculed/run the risk of/being ridiculed/run the risk of getting ridiculed/run the risk of/getting ridiculed
60000002254800153,TELEVID4911_SCANNER19,CH010802455357134433460000002254800153,10/03/2025,01/03/2025,5535713443,CH010,Germanic,CH,8024,34,B,0.8008,"B, C",,NoMatch,D441/01,B
60000002254800200,TELEVID4911_SCANNER19,PL090000755357134432760000002254800200,10/03/2025,01/03/2025,5535713443,PL090,Slavic,PL,7,27,IS DUE TO BE OPENED,0.8049,IS DUE TO BE OPENED,,Match,D441/01,[is/'s] due to open/[is/'s] due/to open/[is/'s] due to be open(ed)/[is/'s] due/to be open(ed)
60000002255800252,TELEVID4912_SCANNER19,CZ014100555357134432960000002255800252,10/03/2025,01/03/2025,5535713443,CZ014,Slavic,CZ,1005,29,SEVERAL WEEKS AGO WHEN TOM'S ANKLE STARTED TROUBLING,0.813,SEVERAL WEEKS AGO WHEN TOM'S ANKLE STARTED TROUBLING,,Match,D441/01,several weeks ago (that) Tom's ankle started troubling/several weeks ago (that)/Tom's ankle started troubling/several weeks ago (that) Tom's ankle began troubling/several weeks ago (that)/Tom's ankle began troubling/several weeks ago (that) Tom's ankle started bothering/several weeks ago (that)/Tom's ankle started bothering/several weeks ago (that) Tom's ankle began bothering/several weeks ago (that)/Tom's ankle began bothering/several weeks ago when Tom's ankle started troubling/several weeks ago when/Tom's ankle started troubling/several weeks ago when Tom's ankle began troubling/several weeks ago when/Tom's ankle began troubling/several weeks ago when Tom's ankle started bothering/several weeks ago when/Tom's ankle started bothering/several weeks ago when Tom's ankle began bothering/several weeks ago when/Tom's ankle began bothering/several weeks ago Tom's ankle began to bother/several weeks ago/Tom's ankle began to bother/several weeks ago Tom's ankle began to trouble/several weeks ago/Tom's ankle began to trouble/several weeks ago Tom's ankle started to bother/several weeks ago/Tom's ankle started to bother/several weeks ago Tom's ankle started to trouble/several weeks ago/Tom's ankle started to trouble
60000002255800253,TELEVID4912_SCANNER19,CZ014100655357134432760000002255800253,10/03/2025,01/03/2025,5535713443,CZ014,Slavic,CZ,1006,27,IS DUE TO OPEN,0.8054,IS DUE TO OPEN,,Match,D441/01,[is/'s] due to open/[is/'s] due/to open/[is/'s] due to be open(ed)/[is/'s] due/to be open(ed)
60000002255800254,TELEVID4912_SCANNER19,CZ014100755357134432960000002255800254,10/03/2025,01/03/2025,5535713443,CZ014,Slavic,CZ,1007,29,"WEEKS AGO, SINCE HIS ANKLE STARTED TO",0.8418,"WEEKS AGO, SINCE HIS ANKLE STARTED TO",,Match,D441/01,several weeks ago (that) Tom's ankle started troubling/several weeks ago (that)/Tom's ankle started troubling/several weeks ago (that) Tom's ankle began troubling/several weeks ago (that)/Tom's ankle began troubling/several weeks ago (that) Tom's ankle started bothering/several weeks ago (that)/Tom's ankle started bothering/several weeks ago (that) Tom's ankle began bothering/several weeks ago (that)/Tom's ankle began bothering/several weeks ago when Tom's ankle started troubling/several weeks ago when/Tom's ankle started troubling/several weeks ago when Tom's ankle began troubling/several weeks ago when/Tom's ankle began troubling/several weeks ago when Tom's ankle started bothering/several weeks ago when/Tom's ankle started bothering/several weeks ago when Tom's ankle began bothering/several weeks ago when/Tom's ankle began bothering/several weeks ago Tom's ankle began to bother/several weeks ago/Tom's ankle began to bother/several weeks ago Tom's ankle began to trouble/several weeks ago/Tom's ankle began to trouble/several weeks ago Tom's ankle started to bother/several weeks ago/Tom's ankle started to bother/several weeks ago Tom's ankle started to trouble/several weeks ago/Tom's ankle started to trouble
60000002255800321,TELEVID4912_SCANNER19,CZ014200455357134433460000002255800321,10/03/2025,01/03/2025,5535713443,CZ014,Slavic,CZ,2004,34,B,0.8185,B,,Match,D441/01,B
60000002255800323,TELEVID4912_SCANNER19,CZ014200655357134431560000002255800323,10/03/2025,01/03/2025,5535713443,CZ014,Slavic,CZ,2006,15,MAKES,0.8148,MAKES,,Match,D441/01,had/saw
60000002256100668,TELEVID4913_SCANNER19,CH008500155357134432760000002256100668,10/03/2025,01/03/2025,5535713443,CH008,Germanic,CH,5001,27,IS DUE TO OPEN,0.8001,IS DUE TO OPEN,,Match,D441/01,[is/'s] due to open/[is/'s] due/to open/[is/'s] due to be open(ed)/[is/'s] due/to be open(ed)
60000002256100671,TELEVID4913_SCANNER19,CH008500455357134435160000002256100671,10/03/2025,01/03/2025,5535713443,CH008,Germanic,CH,5004,51,B,0.834,C,,NoMatch,D441/01,B
60000002256100672,TELEVID4913_SCANNER19,CH008500555357134433160000002256100672,10/03/2025,01/03/2025,5535713443,CH008,Germanic,CH,5005,31,C,0.826,C,,Match,D441/01,B
60000002256100672,TELEVID4913_SCANNER19,CH008500555357134433460000002256100672,10/03/2025,01/03/2025,5535713443,CH008,Germanic,CH,5005,34,B,0.8368,B,,Match,D441/01,B
60000002256100674,TELEVID4913_SCANNER19,CH008500755357134431760000002256100674,10/03/2025,01/03/2025,5535713443,CH008,Germanic,CH,5007,17,THROUGHSEE,0.8237,THROUGHSEE,,Match,D441/01,oversee
60000002256100675,TELEVID4913_SCANNER19,CH008500855357134434060000002256100675,10/03/2025,01/03/2025,5535713443,CH008,Germanic,CH,5008,40,H,0.8242,H,,Match,D441/01,H
60000002256100679,TELEVID4913_SCANNER19,CH008501255357134433160000002256100679,10/03/2025,01/03/2025,5535713443,CH008,Germanic,CH,5012,31,B,0.8232,B,,Match,D441/01,B
60000002256100685,TELEVID4913_SCANNER19,CH008501855357134433060000002256100685,10/03/2025,01/03/2025,5535713443,CH008,Germanic,CH,5018,30,OF THE ORDINARY FROM THE POINT OF,0.821,OF THE ORDINARY FROM THE POINT OF,,Match,D441/01,of the ordinary in the/of the ordinary/in the
60000002256100687,TELEVID4913_SCANNER19,CH008502055357134432760000002256100687,10/03/2025,01/03/2025,5535713443,CH008,Germanic,CH,5020,27,IS DUE TO OPENING,0.8121,IS BUE TO OPENING,,NoMatch,D441/01,[is/'s] due to open/[is/'s] due/to open/[is/'s] due to be open(ed)/[is/'s] due/to be open(ed)
60000002256100691,TELEVID4913_SCANNER19,CH008502455357134433660000002256100691,10/03/2025,01/03/2025,5535713443,CH008,Germanic,CH,5024,36,--blank--,0.8393,--blank--,,Match,D441/01,C
60000002259800079,TELEVID4915_SCANNER19,CH008900155357134432560000002259800079,11/03/2025,01/03/2025,5535713443,CH008,Germanic,CH,9001,25,ON HER MIND THAT RESULTED IN,0.8313,ON HER MIND THAT RESULTED IN,,Match,D441/01,and this resulted in (her having)/her mind which resulted in (her having)/her mind/which resulted in (her having)/her mind which resulted in her getting into/her mind/which resulted in her getting into/her mind and this resulted in (her having)/her mind
60000002259800079,TELEVID4915_SCANNER19,CH008900155357134432760000002259800079,11/03/2025,01/03/2025,5535713443,CH008,Germanic,CH,9001,27,IS DUE TO OPEN,0.8143,IS DUE TO OPEN,,Match,D441/01,[is/'s] due to open/[is/'s] due/to open/[is/'s] due to be open(ed)/[is/'s] due/to be open(ed)
60000002259800079,TELEVID4915_SCANNER19,CH008900155357134433160000002259800079,11/03/2025,01/03/2025,5535713443,CH008,Germanic,CH,9001,31,B,0.841,B,,Match,D441/01,B
60000002259800122,TELEVID4915_SCANNER19,GE001000155357134432760000002259800122,11/03/2025,01/03/2025,5535713443,GE001,Others,GE,1,27,IS DUE TO OPEN,0.849,15 DUE TO OPEN,,NoMatch,D441/01,[is/'s] due to open/[is/'s] due/to open/[is/'s] due to be open(ed)/[is/'s] due/to be open(ed)
60000002261200286,TELEVID4916_SCANNER19,BG001000255357134432560000002261200286,11/03/2025,01/03/2025,5535713443,BG001,Slavic,BG,2,25,HER MIND WHICH RESULTED IN HAVING,0.8473,HER MIND WHICH RESULTED IN HAVING,,Match,D441/01,and this resulted in (her having)/her mind which resulted in (her having)/her mind/which resulted in (her having)/her mind which resulted in her getting into/her mind/which resulted in her getting into/her mind and this resulted in (her having)/her mind
60000002261200288,TELEVID4916_SCANNER19,BG001000455357134432560000002261200288,11/03/2025,01/03/2025,5535713443,BG001,Slavic,BG,4,25,HER MIND WHICH RESULTED IN,0.8488,HER MIND WHICH RESULTED IN,,Match,D441/01,and this resulted in (her having)/her mind which resulted in (her having)/her mind/which resulted in (her having)/her mind which resulted in her getting into/her mind/which resulted in her getting into/her mind and this resulted in (her having)/her mind
60000002261200289,TELEVID4916_SCANNER19,BG001000555357134432960000002261200289,11/03/2025,01/03/2025,5535713443,BG001,Slavic,BG,5,29,"SEVERAL WEEKS AGO, WHEN TOM'S ANKLE BEGAN TROUBLING",0.8437,"SEVERAL WEEKS AGO, WHEN TOM'S ANKLE BEGAN TROUBLING",,Match,D441/01,several weeks ago (that) Tom's ankle started troubling/several weeks ago (that)/Tom's ankle started troubling/several weeks ago (that) Tom's ankle began troubling/several weeks ago (that)/Tom's ankle began troubling/several weeks ago (that) Tom's ankle started bothering/several weeks ago (that)/Tom's ankle started bothering/several weeks ago (that) Tom's ankle began bothering/several weeks ago (that)/Tom's ankle began bothering/several weeks ago when Tom's ankle started troubling/several weeks ago when/Tom's ankle started troubling/several weeks ago when Tom's ankle began troubling/several weeks ago when/Tom's ankle began troubling/several weeks ago when Tom's ankle started bothering/several weeks ago when/Tom's ankle started bothering/several weeks ago when Tom's ankle began bothering/several weeks ago when/Tom's ankle began bothering/several weeks ago Tom's ankle began to bother/several weeks ago/Tom's ankle began to bother/several weeks ago Tom's ankle began to trouble/several weeks ago/Tom's ankle began to trouble/several weeks ago Tom's ankle started to bother/several weeks ago/Tom's ankle started to bother/several weeks ago Tom's ankle started to trouble/several weeks ago/Tom's ankle started to trouble
60000002267500355,TELEVID4927_SCANNER19,DE004800155357134432560000002267500355,13/03/2025,01/03/2025,5535713443,DE004,Germanic,DE,8001,25,"HER MIND, WHICH RESULTED IN",0.8139,"HER MIND, WHICH RESULTED IN",,Match,D441/01,and this resulted in (her having)/her mind which resulted in (her having)/her mind/which resulted in (her having)/her mind which resulted in her getting into/her mind/which resulted in her getting into/her mind and this resulted in (her having)/her mind
60000002267500356,TELEVID4927_SCANNER19,DE004800255357134435260000002267500356,13/03/2025,01/03/2025,5535713443,DE004,Germanic,DE,8002,52,A,0.8477,A,,Match,D441/01,C
60000002267500360,TELEVID4927_SCANNER19,DE004800655357134433460000002267500360,13/03/2025,01/03/2025,5535713443,DE004,Germanic,DE,8006,34,B,0.8159,B,,Match,D441/01,B
60000002275500565,TELEVID4952_SCANNER19,DE077800255357134431260000002275500565,17/03/2025,01/03/2025,5535713443,DE077,Germanic,DE,8002,12,LIKE,0.8357,LIUE,,NoMatch,D441/01,as
60000002275500565,TELEVID4952_SCANNER19,DE077800255357134432760000002275500565,17/03/2025,01/03/2025,5535713443,DE077,Germanic,DE,8002,27,--blank--,0.8144,--blank--,,Match,D441/01,[is/'s] due to open/[is/'s] due/to open/[is/'s] due to be open(ed)/[is/'s] due/to be open(ed)
60000002481000028,TELEVID5366_SCANNER18,GR118802473119239972460000002481000028,15/05/2025,10/05/2025,7311923997,GR118,Greek,GR,8024,24,REMARKABLY,0.8122,HEMARKABLY,,NoMatch,D441/01,remarkably
60000002481000028,TELEVID5366_SCANNER18,GR118802473119239972560000002481000028,15/05/2025,10/05/2025,7311923997,GR118,Greek,GR,8024,25,BROKE HER PROMISE TO,0.8006,BROKE HERPROMISE TO,,NoMatch,D441/01,broke her promise (much) to/broke her promise/(much) to/broke her word (much) to/broke her word/(much) to/broke a promise (much) to/broke a promise/(much) to
60000002481000028,TELEVID5366_SCANNER18,GR118802473119239973160000002481000028,15/05/2025,10/05/2025,7311923997,GR118,Greek,GR,8024,31,B,0.8312,B,,Match,D441/01,B
60000002645200591,BX0756448_SCANNER19,GR118802223607922432360000002645200591,21/05/2025,17/05/2025,2360792243,GR118,Greek,GR,8022,23,IRRELATIVELLY,0.8245,IRRELATIVELLY,,Match,D441/01,relatively
60000002645200591,BX0756448_SCANNER19,GR118802223607922432560000002645200591,21/05/2025,17/05/2025,2360792243,GR118,Greek,GR,8022,25,NOT UP TO ME TO HAND,0.8104,NOT UP TO ME TO HAND,,Match,D441/01,not up to me to hand/not up to me/to hand/up to someone else to hand/up to someone else/to hand/up to somebody else to hand/up to somebody else/to hand
60000002645200591,BX0756448_SCANNER19,GR118802223607922433060000002645200591,21/05/2025,17/05/2025,2360792243,GR118,Greek,GR,8022,30,SOONER JANINE WALKED IN,0.8448,SOONER JANINE WALKED IN,,Match,D441/01,sooner had Janine come in than/sooner had/Janine come in than/sooner had Janine entered than/sooner had/Janine entered than/sooner had Janine walked in than/sooner had/Janine walked in than
60000002645200594,BX0756448_SCANNER19,GR118802523607922433060000002645200594,21/05/2025,17/05/2025,2360792243,GR118,Greek,GR,8025,30,SOONER HAD JANINE WALKED IN THAT,0.8157,SOONER HAD JANINE WALKED IN THAT,,Match,D441/01,sooner had Janine come in than/sooner had/Janine come in than/sooner had Janine entered than/sooner had/Janine entered than/sooner had Janine walked in than/sooner had/Janine walked in than
60000002645200598,BX0756448_SCANNER19,GR118802923607922431760000002645200598,21/05/2025,17/05/2025,2360792243,GR118,Greek,GR,8029,17,SEQUENCICS,0.8172,SEQUENCIES,,NoMatch,D441/01,consequences
60000002645200598,BX0756448_SCANNER19,GR118802923607922432360000002645200598,21/05/2025,17/05/2025,2360792243,GR118,Greek,GR,8029,23,RELATABLY,0.8105,RELATABLY,,Match,D441/01,relatively
60000002645200598,BX0756448_SCANNER19,GR118802923607922432960000002645200598,21/05/2025,17/05/2025,2360792243,GR118,Greek,GR,8029,29,LONG TO GET THE HANG OF,0.8371,LONG TO GET THE HANG OF,,Match,D441/01,long to get the hang of/long to get/the hang of/much time to get the hang of/much time to get/the hang of
60000002710200840,TELEVID5552_SCANNER18,GR005840923607922433460000002710200840,27/05/2025,17/05/2025,2360792243,GR005,Greek,GR,8409,34,C,0.8005,C,,Match,D441/01,B
60000002933300028,TELEVID5953_SCANNER18,PL005800891700886361460000002933300028,11/06/2025,07/06/2025,9170088636,PL005,Slavic,PL,8008,14,OUT,0.8477,OUT,,Match,D441/01,out
60000002933300030,TELEVID5953_SCANNER18,PL005801091700886362860000002933300030,11/06/2025,07/06/2025,9170088636,PL005,Slavic,PL,8010,28,BEEN LED TO BELIEVE,0.806,BEEN LED TO BELIEVE,,Match,D441/01,been led to believe/been led/to believe/been led to think/been led/to think/been led to understand/been led/to understand
60000002933300035,TELEVID5953_SCANNER18,PL005801591700886363060000002933300035,11/06/2025,07/06/2025,9170088636,PL005,Slavic,PL,8015,30,DREW OUR ATTENTION TO THE FACT THAT,0.8456,DREW OUR ATTENTION TO THE FACT THAT,,Match,D441/01,drew it to our attention that/drew it to/our attention that/drew my attention to the fact that/drew my attention/to the fact that/drew our attention to the fact that/drew our attention/to the fact that/drew to my attention the fact that/drew to my attention/the fact that/drew to our attention the fact that/drew to our attention/the fact that/drew it to my attention that/drew it to/my attention that
60000002933300042,TELEVID5953_SCANNER18,PL00580229170088636360000002933300042,11/06/2025,07/06/2025,9170088636,PL005,Slavic,PL,8022,3,A,0.825,"A, B",,NoMatch,D441/01,D
60000002933300043,TELEVID5953_SCANNER18,PL005802391700886363260000002933300043,11/06/2025,07/06/2025,9170088636,PL005,Slavic,PL,8023,32,B,0.8237,B,,Match,D441/01,B
60000002933300047,TELEVID5953_SCANNER18,PL005802791700886362160000002933300047,11/06/2025,07/06/2025,9170088636,PL005,Slavic,PL,8027,21,PERSUADIVALY,0.8313,PERJUADIVALY,,NoMatch,D441/01,persuasively
60000002933300047,TELEVID5953_SCANNER18,PL005802791700886362660000002933300047,11/06/2025,07/06/2025,9170088636,PL005,Slavic,PL,8027,26,NO INTENTION IN BEING RUDE,0.8245,NO INTENTION IN BEING RUDE,,Match,D441/01,no intention of being rude/no intention/of being rude
60000002933300047,TELEVID5953_SCANNER18,PL005802791700886362760000002933300047,11/06/2025,07/06/2025,9170088636,PL005,Slavic,PL,8027,27,EVEN ONE DAY GOES WITHOUT ME,0.8119,EVEN ONE DAY GOES WITHOUT HE,,NoMatch,D441/01,a (single) day goes by without me/a (single) day goes by/without me/a (single) day goes by without my/a (single) day goes by/without my/a (single) day goes past without me/a (single) day goes past/without me/a (single) day goes past without my/a (single) day goes past/without my/one (single) day goes by without me/one (single) day goes by/without me/one (single) day goes by without my/one (single) day goes by/without my/one (single) day goes past without me/one (single) day goes past/without me/one (single) day goes past without my/one (single) day goes past/without my
60000002933300047,TELEVID5953_SCANNER18,PL005802791700886364160000002933300047,11/06/2025,07/06/2025,9170088636,PL005,Slavic,PL,8027,41,B,0.8055,B,,Match,D441/01,B
60000002933300050,TELEVID5953_SCANNER18,PL005803091700886362760000002933300050,11/06/2025,07/06/2025,9170088636,PL005,Slavic,PL,8030,27,A SINGLE DAY OF MY LIFE GOES WITHOUT,0.8398,A SINGLE DAY OF MY LIFE GOES WITHOUT,,Match,D441/01,a (single) day goes by without me/a (single) day goes by/without me/a (single) day goes by without my/a (single) day goes by/without my/a (single) day goes past without me/a (single) day goes past/without me/a (single) day goes past without my/a (single) day goes past/without my/one (single) day goes by without me/one (single) day goes by/without me/one (single) day goes by without my/one (single) day goes by/without my/one (single) day goes past without me/one (single) day goes past/without me/one (single) day goes past without my/one (single) day goes past/without my
60000002933300050,TELEVID5953_SCANNER18,PL005803091700886363260000002933300050,11/06/2025,07/06/2025,9170088636,PL005,Slavic,PL,8030,32,B,0.8466,B,,Match,D441/01,B
60000002933300051,TELEVID5953_SCANNER18,BG008001691700886362160000002933300051,11/06/2025,07/06/2025,9170088636,BG008,Slavic,BG,16,21,PERSUASIVELY,0.816,PERSUASIVELY,,Match,D441/01,persuasively
60000002933300055,TELEVID5953_SCANNER18,BG008002091700886361160000002933300055,11/06/2025,07/06/2025,9170088636,BG008,Slavic,BG,20,11,BE,0.8226,BF,,NoMatch,D441/01,be
60000002933300055,TELEVID5953_SCANNER18,BG008002091700886365060000002933300055,11/06/2025,07/06/2025,9170088636,BG008,Slavic,BG,20,50,--blank--,0.8235,--blank--,,Match,D441/01,B
60000002933300062,TELEVID5953_SCANNER18,BG008002791700886362460000002933300062,11/06/2025,07/06/2025,9170088636,BG008,Slavic,BG,27,24,INEXHAUSTED,0.84,INEXHAUSTED,,Match,D441/01,exhaustive
60000002933300065,TELEVID5953_SCANNER18,BG008003091700886361760000002933300065,11/06/2025,07/06/2025,9170088636,BG008,Slavic,BG,30,17,INVALUABLE,0.8439,INVALUABLE,,Match,D441/01,invaluable
60000002934300706,TELEVID5945_SCANNER18,ES020800191700886361160000002934300706,11/06/2025,07/06/2025,9170088636,ES020,Romance,ES,8001,11,HAVE,0.8348,HAVE,,Match,D441/01,be
60000002934300712,TELEVID5945_SCANNER18,ES020800791700886363260000002934300712,11/06/2025,07/06/2025,9170088636,ES020,Romance,ES,8007,32,B,0.8181,B,,Match,D441/01,B
60000002934300716,TELEVID5945_SCANNER18,ES020801191700886361860000002934300716,11/06/2025,07/06/2025,9170088636,ES020,Romance,ES,8011,18,INTUITIVE,0.8087,INTUITIVE,,Match,D441/01,intuitive
60000002934300720,TELEVID5945_SCANNER18,ES020801591700886362660000002934300720,11/06/2025,07/06/2025,9170088636,ES020,Romance,ES,8015,26,NO INTENTION OF BEING RUDE,0.8221,NO INTENTION OF BLING RUDE,,NoMatch,D441/01,no intention of being rude/no intention/of being rude
60000002934300721,TELEVID5945_SCANNER18,ES020801691700886361860000002934300721,11/06/2025,07/06/2025,9170088636,ES020,Romance,ES,8016,18,INTUITIVE,0.814,INTUITIVE,,Match,D441/01,intuitive
60000002934300723,TELEVID5945_SCANNER18,ES020801891700886362060000002934300723,11/06/2025,07/06/2025,9170088636,ES020,Romance,ES,8018,20,SCOLARSHIP,0.814,SCOLDRSHIP,,NoMatch,D441/01,scholarship
60000002934300725,TELEVID5945_SCANNER18,ES020802091700886362460000002934300725,11/06/2025,07/06/2025,9170088636,ES020,Romance,ES,8020,24,EXHAUSTING,0.8153,EXHAUSTIVE,,NoMatch,D441/01,exhaustive
60000002934300730,TELEVID5945_SCANNER18,ES020802591700886362260000002934300730,11/06/2025,07/06/2025,9170088636,ES020,Romance,ES,8025,22,UNPACKED,0.8134,UNPACKED,,Match,D441/01,unpacks
60000002934300732,TELEVID5945_SCANNER18,ES020802791700886361860000002934300732,11/06/2025,07/06/2025,9170088636,ES020,Romance,ES,8027,18,INTUITIVE,0.8396,INTUITIVE,,Match,D441/01,intuitive
60000002934300732,TELEVID5945_SCANNER18,ES020802791700886362160000002934300732,11/06/2025,07/06/2025,9170088636,ES020,Romance,ES,8027,21,PERSUASIVELY,0.8291,PERSUASJUELY,,NoMatch,D441/01,persuasively
60000002934300734,TELEVID5945_SCANNER18,ES020802991700886362560000002934300734,11/06/2025,07/06/2025,9170088636,ES020,Romance,ES,8029,25,IN EXCEPTION FOR AUNT SOPHIE,0.8331,IN EXCEPTION FOR AUNT SOPHIE,,Match,D441/01,with the exception of Aunt Sophie/with the exception/of Aunt Sophie
60000002934300737,TELEVID5945_SCANNER18,ES02080329170088636360000002934300737,11/06/2025,07/06/2025,9170088636,ES020,Romance,ES,8032,3,B,0.8191,B,,Match,D441/01,D
60000002934300739,TELEVID5945_SCANNER18,ES020803491700886363260000002934300739,11/06/2025,07/06/2025,9170088636,ES020,Romance,ES,8034,32,B,0.8417,B,,Match,D441/01,B
60000002934300739,TELEVID5945_SCANNER18,ES020803491700886363460000002934300739,11/06/2025,07/06/2025,9170088636,ES020,Romance,ES,8034,34,D,0.8231,D,,Match,D441/01,D
60000002934300744,TELEVID5945_SCANNER18,ES020803991700886362160000002934300744,11/06/2025,07/06/2025,9170088636,ES020,Romance,ES,8039,21,PERSUASIVELY,0.8171,PERSUASIVELY,,Match,D441/01,persuasively
60000002934300747,TELEVID5945_SCANNER18,ES020804291700886362960000002934300747,11/06/2025,07/06/2025,9170088636,ES020,Romance,ES,8042,29,EXPLANATION WAS GIVEN,0.8283,EXPLANATION WAS GIVEN,,Match,D441/01,explanation was (ever) given as/explanation was (ever) given/as/reason was (ever) given as/reason was (ever) given/as
60000002934800247,TELEVID5951_SCANNER18,ES072800291700886362860000002934800247,11/06/2025,07/06/2025,9170088636,ES072,Romance,ES,8002,28,AN IMPRESSION THAT LED ME TO THINK,0.8196,AN IMPRESSION THAT LED ME TO THINK,,Match,D441/01,been led to believe/been led/to believe/been led to think/been led/to think/been led to understand/been led/to understand
60000002934800247,TELEVID5951_SCANNER18,ES072800291700886362960000002934800247,11/06/2025,07/06/2025,9170088636,ES072,Romance,ES,8002,29,EXPLANATION WAS GIVEN,0.8021,EXPLANATION WAS GIVEN,,Match,D441/01,explanation was (ever) given as/explanation was (ever) given/as/reason was (ever) given as/reason was (ever) given/as
60000002934800248,TELEVID5951_SCANNER18,ES072800391700886363060000002934800248,11/06/2025,07/06/2025,9170088636,ES072,Romance,ES,8003,30,DREW IT UPON US THAT,0.8483,DREW IT UPON US THAT,,Match,D441/01,drew it to our attention that/drew it to/our attention that/drew my attention to the fact that/drew my attention/to the fact that/drew our attention to the fact that/drew our attention/to the fact that/drew to my attention the fact that/drew to my attention/the fact that/drew to our attention the fact that/drew to our attention/the fact that/drew it to my attention that/drew it to/my attention that
60000002934800250,TELEVID5951_SCANNER18,ES072800591700886362660000002934800250,11/06/2025,07/06/2025,9170088636,ES072,Romance,ES,8005,26,NOT MEANT IT WITH A BAD INTENTION,0.8347,NOT MEANT IT WITH A BAD INTENTION,,Match,D441/01,no intention of being rude/no intention/of being rude
60000002934800250,TELEVID5951_SCANNER18,ES072800591700886362860000002934800250,11/06/2025,07/06/2025,9170088636,ES072,Romance,ES,8005,28,BEEN LED TO BELIEVE,0.8432,BEEN LED TO BELIEVE,,Match,D441/01,been led to believe/been led/to believe/been led to think/been led/to think/been led to understand/been led/to understand
60000002934800251,TELEVID5951_SCANNER18,ES072800691700886362060000002934800251,11/06/2025,07/06/2025,9170088636,ES072,Romance,ES,8006,20,SCHOLARSMANSHIP,0.8076,SCHOLARSMANSHIP,,Match,D441/01,scholarship
60000002934800316,TELEVID5951_SCANNER18,ES072802791700886362060000002934800316,11/06/2025,07/06/2025,9170088636,ES072,Romance,ES,8027,20,SCHOLARSHIPS,0.838,SCHOLARSHIPS,,Match,D441/01,scholarship
60000002934800316,TELEVID5951_SCANNER18,ES072802791700886362860000002934800316,11/06/2025,07/06/2025,9170088636,ES072,Romance,ES,8027,28,BEEN LED TO THE IMPRESSION,0.8,BEEN LED TO THE IMPRESSION,,Match,D441/01,been led to believe/been led/to believe/been led to think/been led/to think/been led to understand/been led/to understand
60000002934800321,TELEVID5951_SCANNER18,ES072803291700886362860000002934800321,11/06/2025,07/06/2025,9170088636,ES072,Romance,ES,8032,28,BEEN LED TO BELIEVE,0.8314,BEEN LEO TO BELIEVE,,NoMatch,D441/01,been led to believe/been led/to believe/been led to think/been led/to think/been led to understand/been led/to understand
60000002934800326,TELEVID5951_SCANNER18,ES072803791700886361360000002934800326,11/06/2025,07/06/2025,9170088636,ES072,Romance,ES,8037,13,WITH,0.8038,WITH,,Match,D441/01,with
60000002934800328,TELEVID5951_SCANNER18,ES072803991700886362560000002934800328,11/06/2025,07/06/2025,9170088636,ES072,Romance,ES,8039,25,WITH THE EXCEPTION OF AUNT SOPHIE,0.8295,WITH THE EXCEPTION OF AUNT SOPHIE,,Match,D441/01,with the exception of Aunt Sophie/with the exception/of Aunt Sophie
60000002934800427,TELEVID5951_SCANNER18,BG001000191700886362760000002934800427,11/06/2025,07/06/2025,9170088636,BG001,Slavic,BG,1,27,ONE DAY GOES BY WITHOUT ME,0.8402,ONE DAY GOES BY WITHOUT ME,,Match,D441/01,a (single) day goes by without me/a (single) day goes by/without me/a (single) day goes by without my/a (single) day goes by/without my/a (single) day goes past without me/a (single) day goes past/without me/a (single) day goes past without my/a (single) day goes past/without my/one (single) day goes by without me/one (single) day goes by/without me/one (single) day goes by without my/one (single) day goes by/without my/one (single) day goes past without me/one (single) day goes past/without me/one (single) day goes past without my/one (single) day goes past/without my
60000002934800428,TELEVID5951_SCANNER18,BG001000291700886362760000002934800428,11/06/2025,07/06/2025,9170088636,BG001,Slavic,BG,2,27,A DAY GOES BY WITHOUT ME,0.8105,A DAY GOES RX WITHOUT ME,,NoMatch,D441/01,a (single) day goes by without me/a (single) day goes by/without me/a (single) day goes by without my/a (single) day goes by/without my/a (single) day goes past without me/a (single) day goes past/without me/a (single) day goes past without my/a (single) day goes past/without my/one (single) day goes by without me/one (single) day goes by/without me/one (single) day goes by without my/one (single) day goes by/without my/one (single) day goes past without me/one (single) day goes past/without me/one (single) day goes past without my/one (single) day goes past/without my
60000002934800429,TELEVID5951_SCANNER18,BG00100039170088636960000002934800429,11/06/2025,07/06/2025,9170088636,BG001,Slavic,BG,3,9,WITH,0.8261,WITK,,NoMatch,D441/01,of
60000002934800432,TELEVID5951_SCANNER18,BG00100069170088636360000002934800432,11/06/2025,07/06/2025,9170088636,BG001,Slavic,BG,6,3,D,0.8317,"A, D",,NoMatch,D441/01,D
60000002934800432,TELEVID5951_SCANNER18,BG001000691700886362160000002934800432,11/06/2025,07/06/2025,9170088636,BG001,Slavic,BG,6,21,PERSUASIVELY,0.8111,PERSUASIVELY,,Match,D441/01,persuasively
60000002934800437,TELEVID5951_SCANNER18,BG001001191700886362560000002934800437,11/06/2025,07/06/2025,9170088636,BG001,Slavic,BG,11,25,WITH THE EXCEPTION OF AUNT SOPHIE,0.8058,WITH THE EXCEPTION OF AUNT SOPHIE,,Match,D441/01,with the exception of Aunt Sophie/with the exception/of Aunt Sophie
60000002934800438,TELEVID5951_SCANNER18,BG001001291700886362760000002934800438,11/06/2025,07/06/2025,9170088636,BG001,Slavic,BG,12,27,A SINGLE DAY IN MY LIFE GOES WITHOUT,0.8298,A SINGLE DAY IN MY LIFE GOES WITHOUT,,Match,D441/01,a (single) day goes by without me/a (single) day goes by/without me/a (single) day goes by without my/a (single) day goes by/without my/a (single) day goes past without me/a (single) day goes past/without me/a (single) day goes past without my/a (single) day goes past/without my/one (single) day goes by without me/one (single) day goes by/without me/one (single) day goes by without my/one (single) day goes by/without my/one (single) day goes past without me/one (single) day goes past/without me/one (single) day goes past without my/one (single) day goes past/without my
60000002934800439,TELEVID5951_SCANNER18,BG001001391700886363660000002934800439,11/06/2025,07/06/2025,9170088636,BG001,Slavic,BG,13,36,B,0.8413,B,,Match,D441/01,D
60000002934800441,TELEVID5951_SCANNER18,BG001001591700886362960000002934800441,11/06/2025,07/06/2025,9170088636,BG001,Slavic,BG,15,29,NO EXPLINATON HAS BEEN GIVEN AS,0.8121,NO EXPLINATON HAS BEEN GIVEN AS,,Match,D441/01,explanation was (ever) given as/explanation was (ever) given/as/reason was (ever) given as/reason was (ever) given/as
60000002934800448,TELEVID5951_SCANNER18,BG001002291700886363560000002934800448,11/06/2025,07/06/2025,9170088636,BG001,Slavic,BG,22,35,A,0.8479,A,,Match,D441/01,A
60000002934800450,TELEVID5951_SCANNER18,BG001002491700886363060000002934800450,11/06/2025,07/06/2025,9170088636,BG001,Slavic,BG,24,30,DREW OUR ATTENTION TO THE FACT THAT,0.8436,DREW OUR ATTENTION TO THE FACT THAT,,Match,D441/01,drew it to our attention that/drew it to/our attention that/drew my attention to the fact that/drew my attention/to the fact that/drew our attention to the fact that/drew our attention/to the fact that/drew to my attention the fact that/drew to my attention/the fact that/drew to our attention the fact that/drew to our attention/the fact that/drew it to my attention that/drew it to/my attention that
60000002934800454,TELEVID5951_SCANNER18,BG001002891700886362660000002934800454,11/06/2025,07/06/2025,9170088636,BG001,Slavic,BG,28,26,NO INTENTION OF BEAING RUDE,0.8446,NO INTENDION OF BEAING RUDE,,NoMatch,D441/01,no intention of being rude/no intention/of being rude
60000002936600634,TELEVID5969_SCANNER18,ES815050191700886362560000002936600634,11/06/2025,07/06/2025,9170088636,ES815,Romance,ES,501,25,"WITH THE EXCEPTION OF AUNT SOPHIE,",0.8029,WITH THE EXCEPTION OF AUNT SOPHIE,,NoMatch,D441/01,with the exception of Aunt Sophie/with the exception/of Aunt Sophie
60000002936600637,TELEVID5969_SCANNER18,ES815050491700886361460000002936600637,11/06/2025,07/06/2025,9170088636,ES815,Romance,ES,504,14,OUT,0.8105,OUT,,Match,D441/01,out
60000002938200537,TELEVID5954_SCANNER18,PL005803191700886362360000002938200537,11/06/2025,07/06/2025,9170088636,PL005,Slavic,PL,8031,23,ACCESSIBLE,0.8453,ACCESSIBLE,,Match,D441/01,accessible
60000002940900333,TELEVID5966_SCANNER18,ES247000291700886362660000002940900333,11/06/2025,07/06/2025,9170088636,ES247,Romance,ES,2,26,NO INTENTION TO BE RUDE,0.8464,NO INTENTION TO BE AUDE,,NoMatch,D441/01,no intention of being rude/no intention/of being rude
60000002940900338,TELEVID5966_SCANNER18,ES247000791700886362960000002940900338,11/06/2025,07/06/2025,9170088636,ES247,Romance,ES,7,29,EXPLANATIONS WAKE GIVEN BY ANYBODY,0.8397,EXPLANATIONS WAKE GIVEN BY ANYBODY,,Match,D441/01,explanation was (ever) given as/explanation was (ever) given/as/reason was (ever) given as/reason was (ever) given/as
60000002940900477,TELEVID5966_SCANNER18,ES459800091700886362160000002940900477,11/06/2025,07/06/2025,9170088636,ES459,Romance,ES,8000,21,PERSUASIVELY,0.8,PERSUASIVELY,,Match,D441/01,persuasively
60000002940900485,TELEVID5966_SCANNER18,ES459801091700886361760000002940900485,11/06/2025,07/06/2025,9170088636,ES459,Romance,ES,8010,17,UNDERVALUED,0.8296,UNDERVALUED,,Match,D441/01,invaluable
60000002940900485,TELEVID5966_SCANNER18,ES459801091700886364160000002940900485,11/06/2025,07/06/2025,9170088636,ES459,Romance,ES,8010,41,B,0.835,B,,Match,D441/01,B
60000002940900486,TELEVID5966_SCANNER18,ES459801191700886363560000002940900486,11/06/2025,07/06/2025,9170088636,ES459,Romance,ES,8011,35,C,0.8221,C,,Match,D441/01,A
60000002941300140,TELEVID5959_SCANNER18,BG008003291700886363360000002941300140,11/06/2025,07/06/2025,9170088636,BG008,Slavic,BG,32,33,C,0.8431,C,,Match,D441/01,B
60000002941300145,TELEVID5959_SCANNER18,BG008003791700886362760000002941300145,11/06/2025,07/06/2025,9170088636,BG008,Slavic,BG,37,27,A DAY GOES BY WITHOUT ME,0.8277,A DAY GOES BY WITHOUT ME,,Match,D441/01,a (single) day goes by without me/a (single) day goes by/without me/a (single) day goes by without my/a (single) day goes by/without my/a (single) day goes past without me/a (single) day goes past/without me/a (single) day goes past without my/a (single) day goes past/without my/one (single) day goes by without me/one (single) day goes by/without me/one (single) day goes by without my/one (single) day goes by/without my/one (single) day goes past without me/one (single) day goes past/without me/one (single) day goes past without my/one (single) day goes past/without my
60000002941300146,TELEVID5959_SCANNER18,BG008003891700886362760000002941300146,11/06/2025,07/06/2025,9170088636,BG008,Slavic,BG,38,27,ADAY GOES BY WITHOUT ME,0.8121,ADAY GOES BY WITHOUT ME,,Match,D441/01,a (single) day goes by without me/a (single) day goes by/without me/a (single) day goes by without my/a (single) day goes by/without my/a (single) day goes past without me/a (single) day goes past/without me/a (single) day goes past without my/a (single) day goes past/without my/one (single) day goes by without me/one (single) day goes by/without me/one (single) day goes by without my/one (single) day goes by/without my/one (single) day goes past without me/one (single) day goes past/without me/one (single) day goes past without my/one (single) day goes past/without my
60000002941300146,TELEVID5959_SCANNER18,BG008003891700886363360000002941300146,11/06/2025,07/06/2025,9170088636,BG008,Slavic,BG,38,33,B,0.8299,B,,Match,D441/01,B
60000002941700094,TELEVID5960_SCANNER18,ES301800391700886361760000002941700094,11/06/2025,07/06/2025,9170088636,ES301,Romance,ES,8003,17,ULTRAVALUABLE,0.8315,ULTRAVALUABLE,,Match,D441/01,invaluable
60000002941700101,TELEVID5960_SCANNER18,ES301801091700886362960000002941700101,11/06/2025,07/06/2025,9170088636,ES301,Romance,ES,8010,29,EXPLANATION HAS BEEN GIVEN,0.8489,EXPLANATION HAS BEEN GIVEN,,Match,D441/01,explanation was (ever) given as/explanation was (ever) given/as/reason was (ever) given as/reason was (ever) given/as
60000002941700102,TELEVID5960_SCANNER18,ES301801191700886363260000002941700102,11/06/2025,07/06/2025,9170088636,ES301,Romance,ES,8011,32,--impossible--,0.8096,C,,NoMatch,D441/01,B
60000002941700116,TELEVID5960_SCANNER18,ES945000791700886363460000002941700116,11/06/2025,07/06/2025,9170088636,ES945,Romance,ES,7,34,D,0.8408,D,,Match,D441/01,D
60000002941700119,TELEVID5960_SCANNER18,ES945001091700886363160000002941700119,11/06/2025,07/06/2025,9170088636,ES945,Romance,ES,10,31,C,0.8193,C,,Match,D441/01,D
60000002941700120,TELEVID5960_SCANNER18,ES94500119170088636360000002941700120,11/06/2025,07/06/2025,9170088636,ES945,Romance,ES,11,3,D,0.8228,D,,Match,D441/01,D
60000002941700120,TELEVID5960_SCANNER18,ES945001191700886363660000002941700120,11/06/2025,07/06/2025,9170088636,ES945,Romance,ES,11,36,B,0.8004,B,,Match,D441/01,D
60000002942300170,TELEVID5946_SCANNER18,IT278000891700886362860000002942300170,11/06/2025,07/06/2025,9170088636,IT278,Romance,IT,8,28,BEEN LED TO BELIVE,0.8398,BEEN LED TO BELIVE,,Match,D441/01,been led to believe/been led/to believe/been led to think/been led/to think/been led to understand/been led/to understand
60000002942300294,TELEVID5946_SCANNER18,ES442000491700886362560000002942300294,11/06/2025,07/06/2025,9170088636,ES442,Romance,ES,4,25,"WITH THE EXCEPTION OF AUNT SOPHIE,",0.8226,WITH THE EXCEPTION OF AUNT SOPHIE,,NoMatch,D441/01,with the exception of Aunt Sophie/with the exception/of Aunt Sophie
60000002942300296,TELEVID5946_SCANNER18,ES442000691700886362760000002942300296,11/06/2025,07/06/2025,9170088636,ES442,Romance,ES,6,27,GOES A DAY WITHOUT,0.8434,GOES A DAY WITHOUT,,Match,D441/01,a (single) day goes by without me/a (single) day goes by/without me/a (single) day goes by without my/a (single) day goes by/without my/a (single) day goes past without me/a (single) day goes past/without me/a (single) day goes past without my/a (single) day goes past/without my/one (single) day goes by without me/one (single) day goes by/without me/one (single) day goes by without my/one (single) day goes by/without my/one (single) day goes past without me/one (single) day goes past/without me/one (single) day goes past without my/one (single) day goes past/without my
60000002942300299,TELEVID5946_SCANNER18,ES442000991700886362860000002942300299,11/06/2025,07/06/2025,9170088636,ES442,Romance,ES,9,28,BEEN LED TO THE CONCLUSION,0.8445,BEEN LED TO THE CONCLUSION,,Match,D441/01,been led to believe/been led/to believe/been led to think/been led/to think/been led to understand/been led/to understand
60000002942300303,TELEVID5946_SCANNER18,ES442001391700886361060000002942300303,11/06/2025,07/06/2025,9170088636,ES442,Romance,ES,13,10,ACCURATE,0.8317,ACCURATE,,Match,D441/01,little
60000002942300303,TELEVID5946_SCANNER18,ES442001391700886363060000002942300303,11/06/2025,07/06/2025,9170088636,ES442,Romance,ES,13,30,DREW UP THAT,0.8381,DREW UP THAT,,Match,D441/01,drew it to our attention that/drew it to/our attention that/drew my attention to the fact that/drew my attention/to the fact that/drew our attention to the fact that/drew our attention/to the fact that/drew to my attention the fact that/drew to my attention/the fact that/drew to our attention the fact that/drew to our attention/the fact that/drew it to my attention that/drew it to/my attention that
60000002942300304,TELEVID5946_SCANNER18,ES442001491700886362760000002942300304,11/06/2025,07/06/2025,9170088636,ES442,Romance,ES,14,27,A DAY GOES BY WITHOUT ME,0.8344,A DAY GOES BY WITHOUT ME,,Match,D441/01,a (single) day goes by without me/a (single) day goes by/without me/a (single) day goes by without my/a (single) day goes by/without my/a (single) day goes past without me/a (single) day goes past/without me/a (single) day goes past without my/a (single) day goes past/without my/one (single) day goes by without me/one (single) day goes by/without me/one (single) day goes by without my/one (single) day goes by/without my/one (single) day goes past without me/one (single) day goes past/without me/one (single) day goes past without my/one (single) day goes past/without my
60000002942300305,TELEVID5946_SCANNER18,ES442001591700886363460000002942300305,11/06/2025,07/06/2025,9170088636,ES442,Romance,ES,15,34,B,0.8011,B,,Match,D441/01,D
60000002942300635,TELEVID5946_SCANNER18,ES291800591700886363060000002942300635,11/06/2025,07/06/2025,9170088636,ES291,Romance,ES,8005,30,DREW OUT THAT,0.8246,DREW OUT THAT,,Match,D441/01,drew it to our attention that/drew it to/our attention that/drew my attention to the fact that/drew my attention/to the fact that/drew our attention to the fact that/drew our attention/to the fact that/drew to my attention the fact that/drew to my attention/the fact that/drew to our attention the fact that/drew to our attention/the fact that/drew it to my attention that/drew it to/my attention that
60000002942300640,TELEVID5946_SCANNER18,ES291801091700886362860000002942300640,11/06/2025,07/06/2025,9170088636,ES291,Romance,ES,8010,28,BEEN LED TO THINK,0.8223,BEEN LED JO THINK,,NoMatch,D441/01,been led to believe/been led/to believe/been led to think/been led/to think/been led to understand/been led/to understand
60000002942300647,TELEVID5946_SCANNER18,ES291801791700886362060000002942300647,11/06/2025,07/06/2025,9170088636,ES291,Romance,ES,8017,20,SCHOLARISATION,0.8366,SCHOLARISATION,,Match,D441/01,scholarship
60000002942300650,TELEVID5946_SCANNER18,ES291802091700886362160000002942300650,11/06/2025,07/06/2025,9170088636,ES291,Romance,ES,8020,21,PERSUASIVELY,0.8143,PERSUASIVELY,,Match,D441/01,persuasively
60000002942300652,TELEVID5946_SCANNER18,ES291802291700886362060000002942300652,11/06/2025,07/06/2025,9170088636,ES291,Romance,ES,8022,20,SCHOLARITY,0.8492,SCHOLARITY,,Match,D441/01,scholarship
60000002942300652,TELEVID5946_SCANNER18,ES291802291700886362160000002942300652,11/06/2025,07/06/2025,9170088636,ES291,Romance,ES,8022,21,PERSUASSIVELY,0.8286,PERSUASSIVELY,,Match,D441/01,persuasively
60000002942300657,TELEVID5946_SCANNER18,ES291802791700886363660000002942300657,11/06/2025,07/06/2025,9170088636,ES291,Romance,ES,8027,36,B,0.8475,B,,Match,D441/01,D
60000002943100577,TELEVID5957_SCANNER18,PL001800191700886364160000002943100577,12/06/2025,07/06/2025,9170088636,PL001,Slavic,PL,8001,41,B,0.8336,"B, C",,NoMatch,D441/01,B
60000002943100578,TELEVID5957_SCANNER18,PL001800291700886362160000002943100578,12/06/2025,07/06/2025,9170088636,PL001,Slavic,PL,8002,21,PERSUASIVELY,0.8204,PERSUASIVELY,,Match,D441/01,persuasively
60000002943100578,TELEVID5957_SCANNER18,PL001800291700886362860000002943100578,12/06/2025,07/06/2025,9170088636,PL001,Slavic,PL,8002,28,BEEN LED UNDER TH IMPRESSION,0.8245,BEEN LED UNDER THIMPRESSION,,NoMatch,D441/01,been led to believe/been led/to believe/been led to think/been led/to think/been led to understand/been led/to understand
60000002943100579,TELEVID5957_SCANNER18,PL001800391700886361260000002943100579,12/06/2025,07/06/2025,9170088636,PL001,Slavic,PL,8003,12,WHAT,0.8008,WHAT,,Match,D441/01,what
60000002943100579,TELEVID5957_SCANNER18,PL001800391700886362960000002943100579,12/06/2025,07/06/2025,9170088636,PL001,Slavic,PL,8003,29,ONE WAS GIVEN AN EXPLENATON AS,0.8075,ONE WAS GIVEN AN EXPLENATON AS,,Match,D441/01,explanation was (ever) given as/explanation was (ever) given/as/reason was (ever) given as/reason was (ever) given/as
60000002943100580,TELEVID5957_SCANNER18,PL001800491700886362560000002943100580,12/06/2025,07/06/2025,9170088636,PL001,Slavic,PL,8004,25,WITH THE EXCEPTION OF AUNT SOPHIE,0.8072,WITH THE EXCEPTION OF AUNT SOPHIE,,Match,D441/01,with the exception of Aunt Sophie/with the exception/of Aunt Sophie
60000002943100584,TELEVID5957_SCANNER18,PL001800891700886361260000002943100584,12/06/2025,07/06/2025,9170088636,PL001,Slavic,PL,8008,12,THE,0.8444,THE,,Match,D441/01,what
60000002943100591,TELEVID5957_SCANNER18,PL001801591700886362960000002943100591,12/06/2025,07/06/2025,9170088636,PL001,Slavic,PL,8015,29,EXPLANATION WAS GIVEN,0.8478,EXPLANATION WAS GIVEN,,Match,D441/01,explanation was (ever) given as/explanation was (ever) given/as/reason was (ever) given as/reason was (ever) given/as
60000002943100592,TELEVID5957_SCANNER18,PL001801691700886362860000002943100592,12/06/2025,07/06/2025,9170088636,PL001,Slavic,PL,8016,28,BEEN LED TO BELIEVE,0.8056,BEEN LED TO BELIEVE,,Match,D441/01,been led to believe/been led/to believe/been led to think/been led/to think/been led to understand/been led/to understand
60000002943100593,TELEVID5957_SCANNER18,PL001801791700886363260000002943100593,12/06/2025,07/06/2025,9170088636,PL001,Slavic,PL,8017,32,B,0.8218,B,,Match,D441/01,B
60000002943100599,TELEVID5957_SCANNER18,PL001802391700886361960000002943100599,12/06/2025,07/06/2025,9170088636,PL001,Slavic,PL,8023,19,EXPERTISE,0.8351,EXPERTISE,,Match,D441/01,expertise
60000002943100602,TELEVID5957_SCANNER18,PL00180269170088636360000002943100602,12/06/2025,07/06/2025,9170088636,PL001,Slavic,PL,8026,3,--blank--,0.8384,--blank--,,Match,D441/01,D
60000002943100602,TELEVID5957_SCANNER18,PL001802691700886363260000002943100602,12/06/2025,07/06/2025,9170088636,PL001,Slavic,PL,8026,32,B,0.8164,B,,Match,D441/01,B
60000002943100604,TELEVID5957_SCANNER18,PL001802891700886362960000002943100604,12/06/2025,07/06/2025,9170088636,PL001,Slavic,PL,8028,29,EXPLANATION WAS GIVEN,0.8295,EXPLANATION WAS GIVEN,,Match,D441/01,explanation was (ever) given as/explanation was (ever) given/as/reason was (ever) given as/reason was (ever) given/as
60000002943100607,TELEVID5957_SCANNER18,PL001803191700886362560000002943100607,12/06/2025,07/06/2025,9170088636,PL001,Slavic,PL,8031,25,WITH AN EXCEPTION OF AUNT SOPHIE,0.8154,WITH AN EXCEPTION OF AUNT SOPHIE,,Match,D441/01,with the exception of Aunt Sophie/with the exception/of Aunt Sophie
60000002943100608,TELEVID5957_SCANNER18,PL001803291700886362760000002943100608,12/06/2025,07/06/2025,9170088636,PL001,Slavic,PL,8032,27,A SINGLE DAY GOES WITHOUT,0.8018,A SINGLE DAY GOES WITHOUT,,Match,D441/01,a (single) day goes by without me/a (single) day goes by/without me/a (single) day goes by without my/a (single) day goes by/without my/a (single) day goes past without me/a (single) day goes past/without me/a (single) day goes past without my/a (single) day goes past/without my/one (single) day goes by without me/one (single) day goes by/without me/one (single) day goes by without my/one (single) day goes by/without my/one (single) day goes past without me/one (single) day goes past/without me/one (single) day goes past without my/one (single) day goes past/without my
60000002943100616,TELEVID5957_SCANNER18,PL001804091700886363460000002943100616,12/06/2025,07/06/2025,9170088636,PL001,Slavic,PL,8040,34,A,0.8351,A,,Match,D441/01,D
60000002943100628,TELEVID5957_SCANNER18,PL001805291700886363460000002943100628,12/06/2025,07/06/2025,9170088636,PL001,Slavic,PL,8052,34,D,0.834,D,,Match,D441/01,D
60000002944300131,TELEVID5977_SCANNER18,DE175000391700886362760000002944300131,12/06/2025,07/06/2025,9170088636,DE175,Germanic,DE,3,27,ONE DAY GOES BY WITHOUT,0.8472,ONE DAY GOES BY WITHOUT,,Match,D441/01,a (single) day goes by without me/a (single) day goes by/without me/a (single) day goes by without my/a (single) day goes by/without my/a (single) day goes past without me/a (single) day goes past/without me/a (single) day goes past without my/a (single) day goes past/without my/one (single) day goes by without me/one (single) day goes by/without me/one (single) day goes by without my/one (single) day goes by/without my/one (single) day goes past without me/one (single) day goes past/without me/one (single) day goes past without my/one (single) day goes past/without my
60000002944300134,TELEVID5977_SCANNER18,DE17500069170088636360000002944300134,12/06/2025,07/06/2025,9170088636,DE175,Germanic,DE,6,3,B,0.8164,B,,Match,D441/01,D
60000002951200100,televid6004_SCANNER18,IT017800991700886361860000002951200100,12/06/2025,07/06/2025,9170088636,IT017,Romance,IT,8009,18,INTUITIVE,0.8484,INTUITIVE,,Match,D441/01,intuitive
60000002951200100,televid6004_SCANNER18,IT017800991700886364460000002951200100,12/06/2025,07/06/2025,9170088636,IT017,Romance,IT,8009,44,--impossible--,0.846,C,,NoMatch,D441/01,D
60000002951200102,televid6004_SCANNER18,IT017801191700886361860000002951200102,12/06/2025,07/06/2025,9170088636,IT017,Romance,IT,8011,18,INTUITIVE,0.8142,INTUITIVE,,Match,D441/01,intuitive
60000002951200106,televid6004_SCANNER18,IT01780159170088636360000002951200106,12/06/2025,07/06/2025,9170088636,IT017,Romance,IT,8015,3,B,0.8299,B,,Match,D441/01,D
60000002951200106,televid6004_SCANNER18,IT017801591700886361060000002951200106,12/06/2025,07/06/2025,9170088636,IT017,Romance,IT,8015,10,MUCH,0.8464,MUCH,,Match,D441/01,little
60000002951200107,televid6004_SCANNER18,IT017801691700886362760000002951200107,12/06/2025,07/06/2025,9170088636,IT017,Romance,IT,8016,27,A SINGLE DAY GOES BY WITHOUT,0.8142,A SINGLE DAY GOES BY WITHOUT,,Match,D441/01,a (single) day goes by without me/a (single) day goes by/without me/a (single) day goes by without my/a (single) day goes by/without my/a (single) day goes past without me/a (single) day goes past/without me/a (single) day goes past without my/a (single) day goes past/without my/one (single) day goes by without me/one (single) day goes by/without me/one (single) day goes by without my/one (single) day goes by/without my/one (single) day goes past without me/one (single) day goes past/without me/one (single) day goes past without my/one (single) day goes past/without my
60000002951200109,televid6004_SCANNER18,IT017801891700886362560000002951200109,12/06/2025,07/06/2025,9170088636,IT017,Romance,IT,8018,25,WITH THE EXCEPTION OF AUNT SOPHIE,0.8347,WITH THE EXCEPTION OF OUNT SOPHIE,,NoMatch,D441/01,with the exception of Aunt Sophie/with the exception/of Aunt Sophie
60000002952400157,televid5996_SCANNER18,GR118839391700886365160000002952400157,12/06/2025,07/06/2025,9170088636,GR118,Greek,GR,8393,51,--impossible--,0.8186,C,,NoMatch,D441/01,C
60000002952700023,televid5995_SCANNER18,GR118809191700886362160000002952700023,12/06/2025,07/06/2025,9170088636,GR118,Greek,GR,8091,21,PERSUADING,0.8214,PERSUADING,,Match,D441/01,persuasively
60000002952700031,televid5995_SCANNER18,GR118809991700886363660000002952700031,12/06/2025,07/06/2025,9170088636,GR118,Greek,GR,8099,36,B,0.827,B,,Match,D441/01,D
60000002952700039,televid5995_SCANNER18,GR118810791700886362760000002952700039,12/06/2025,07/06/2025,9170088636,GR118,Greek,GR,8107,27,A DAY GOES BY WITHOUT THINKING,0.8269,A DAY GOES BY WITHOUT THINKING,,Match,D441/01,a (single) day goes by without me/a (single) day goes by/without me/a (single) day goes by without my/a (single) day goes by/without my/a (single) day goes past without me/a (single) day goes past/without me/a (single) day goes past without my/a (single) day goes past/without my/one (single) day goes by without me/one (single) day goes by/without me/one (single) day goes by without my/one (single) day goes by/without my/one (single) day goes past without me/one (single) day goes past/without me/one (single) day goes past without my/one (single) day goes past/without my
60000002952700048,televid5995_SCANNER18,GR118811691700886362160000002952700048,12/06/2025,07/06/2025,9170088636,GR118,Greek,GR,8116,21,PERSUASIVENESS,0.8364,PERSUASIVENESS,,Match,D441/01,persuasively
60000002952700050,televid5995_SCANNER18,GR118811891700886362760000002952700050,12/06/2025,07/06/2025,9170088636,GR118,Greek,GR,8118,27,A SINGLE DAY GOES BY WITHOUT ME,0.8283,A SINGLE DAY GOES BY WITHOUT ME,,Match,D441/01,a (single) day goes by without me/a (single) day goes by/without me/a (single) day goes by without my/a (single) day goes by/without my/a (single) day goes past without me/a (single) day goes past/without me/a (single) day goes past without my/a (single) day goes past/without my/one (single) day goes by without me/one (single) day goes by/without me/one (single) day goes by without my/one (single) day goes by/without my/one (single) day goes past without me/one (single) day goes past/without me/one (single) day goes past without my/one (single) day goes past/without my
60000002952700052,televid5995_SCANNER18,GR118812091700886363460000002952700052,12/06/2025,07/06/2025,9170088636,GR118,Greek,GR,8120,34,D,0.8328,--blank--,,NoMatch,D441/01,D
60000002952700062,televid5995_SCANNER18,GR118813091700886363660000002952700062,12/06/2025,07/06/2025,9170088636,GR118,Greek,GR,8130,36,B,0.8376,C,,NoMatch,D441/01,D
60000002952700072,televid5995_SCANNER18,GR118814091700886362560000002952700072,12/06/2025,07/06/2025,9170088636,GR118,Greek,GR,8140,25,IN EXCEPTION OF AUNT SOPHIE,0.8391,IN EXCEPTION OF AUNT SOPHIE,,Match,D441/01,with the exception of Aunt Sophie/with the exception/of Aunt Sophie
60000002952700080,televid5995_SCANNER18,GR118814891700886362660000002952700080,12/06/2025,07/06/2025,9170088636,GR118,Greek,GR,8148,26,NO INTENTION TO BE RUDE,0.8085,NO INTENTION TO EE RUDE,,NoMatch,D441/01,no intention of being rude/no intention/of being rude
60000002952700080,televid5995_SCANNER18,GR118814891700886363060000002952700080,12/06/2025,07/06/2025,9170088636,GR118,Greek,GR,8148,30,DREW OUR ATTENTION ON THE FACT,0.8102,DREW OUR ATTENTION ON THE FACT,,Match,D441/01,drew it to our attention that/drew it to/our attention that/drew my attention to the fact that/drew my attention/to the fact that/drew our attention to the fact that/drew our attention/to the fact that/drew to my attention the fact that/drew to my attention/the fact that/drew to our attention the fact that/drew to our attention/the fact that/drew it to my attention that/drew it to/my attention that
60000002952700083,televid5995_SCANNER18,GR118815191700886362560000002952700083,12/06/2025,07/06/2025,9170088636,GR118,Greek,GR,8151,25,WITH AN EXCEPTION OF AUNT SOPHIE,0.8444,WITH AU EXCEPTION OF AUNT SOPHIE,,NoMatch,D441/01,with the exception of Aunt Sophie/with the exception/of Aunt Sophie
60000002952700084,televid5995_SCANNER18,GR118815291700886361560000002952700084,12/06/2025,07/06/2025,9170088636,GR118,Greek,GR,8152,15,GET,0.8329,GET,,Match,D441/01,take
60000002957900592,TELEVID6007_SCANNER18,GR118807291700886362560000002957900592,12/06/2025,07/06/2025,9170088636,GR118,Greek,GR,8072,25,WITH THE ONLY EXCEPTION OF AUNT SOPHIE,0.8365,WITH THE ONLY EXCEPTION OR AUNT SOPHIE,,NoMatch,D441/01,with the exception of Aunt Sophie/with the exception/of Aunt Sophie
60000002957900596,TELEVID6007_SCANNER18,GR118807691700886362560000002957900596,12/06/2025,07/06/2025,9170088636,GR118,Greek,GR,8076,25,WITH THE EXCEPTION OF AUNT SOPHIE,0.8079,WITH THE EXCEPTION OF AUNT SOPHIE,,Match,D441/01,with the exception of Aunt Sophie/with the exception/of Aunt Sophie
60000002957900598,TELEVID6007_SCANNER18,GR118807891700886362760000002957900598,12/06/2025,07/06/2025,9170088636,GR118,Greek,GR,8078,27,A DAY GOES BY WITHOUT,0.8455,A DAY GOES BY WITHOUT,,Match,D441/01,a (single) day goes by without me/a (single) day goes by/without me/a (single) day goes by without my/a (single) day goes by/without my/a (single) day goes past without me/a (single) day goes past/without me/a (single) day goes past without my/a (single) day goes past/without my/one (single) day goes by without me/one (single) day goes by/without me/one (single) day goes by without my/one (single) day goes by/without my/one (single) day goes past without me/one (single) day goes past/without me/one (single) day goes past without my/one (single) day goes past/without my
60000002957900600,TELEVID6007_SCANNER18,GR118808091700886362660000002957900600,12/06/2025,07/06/2025,9170088636,GR118,Greek,GR,8080,26,NO INTENTION TO BE RUDE,0.8006,NO INTENTION TO BE RUDE,,Match,D441/01,no intention of being rude/no intention/of being rude
60000002957900602,TELEVID6007_SCANNER18,GR118808291700886361960000002957900602,12/06/2025,07/06/2025,9170088636,GR118,Greek,GR,8082,19,EYPERTISE,0.8482,EYPERTISE,,Match,D441/01,expertise
60000002957900602,TELEVID6007_SCANNER18,GR118808291700886362160000002957900602,12/06/2025,07/06/2025,9170088636,GR118,Greek,GR,8082,21,PERSUASION,0.8063,PERSUASION,,Match,D441/01,persuasively
60000002957900602,TELEVID6007_SCANNER18,GR118808291700886363660000002957900602,12/06/2025,07/06/2025,9170088636,GR118,Greek,GR,8082,36,B,0.825,B,,Match,D441/01,D
60000002957900605,TELEVID6007_SCANNER18,GR118808591700886361860000002957900605,12/06/2025,07/06/2025,9170088636,GR118,Greek,GR,8085,18,INTUITIOUS,0.8326,INTUITIOUS,,Match,D441/01,intuitive
60000002957900605,TELEVID6007_SCANNER18,GR118808591700886362760000002957900605,12/06/2025,07/06/2025,9170088636,GR118,Greek,GR,8085,27,A DAY GOES BY WITHOUT,0.827,ADAY GOES BY WITHOUT,,NoMatch,D441/01,a (single) day goes by without me/a (single) day goes by/without me/a (single) day goes by without my/a (single) day goes by/without my/a (single) day goes past without me/a (single) day goes past/without me/a (single) day goes past without my/a (single) day goes past/without my/one (single) day goes by without me/one (single) day goes by/without me/one (single) day goes by without my/one (single) day goes by/without my/one (single) day goes past without me/one (single) day goes past/without me/one (single) day goes past without my/one (single) day goes past/without my
60000002957900606,TELEVID6007_SCANNER18,GR118808691700886362960000002957900606,12/06/2025,07/06/2025,9170088636,GR118,Greek,GR,8086,29,EXPLANATION WAS GIVEN,0.8457,EXPLANATION WAS GIVEN,,Match,D441/01,explanation was (ever) given as/explanation was (ever) given/as/reason was (ever) given as/reason was (ever) given/as
60000002957900608,TELEVID6007_SCANNER18,GR118808891700886362660000002957900608,12/06/2025,07/06/2025,9170088636,GR118,Greek,GR,8088,26,NO INTENTION OF BEING RUDE,0.811,NO INTENTION OF BEING RUDE,,Match,D441/01,no intention of being rude/no intention/of being rude
60000002957900608,TELEVID6007_SCANNER18,GR118808891700886363460000002957900608,12/06/2025,07/06/2025,9170088636,GR118,Greek,GR,8088,34,B,0.8176,B,,Match,D441/01,D
60000002957900638,TELEVID6007_SCANNER18,GR118830391700886363060000002957900638,12/06/2025,07/06/2025,9170088636,GR118,Greek,GR,8303,30,DREW THE POINT THAT,0.831,DREW THE POINT THAT,,Match,D441/01,drew it to our attention that/drew it to/our attention that/drew my attention to the fact that/drew my attention/to the fact that/drew our attention to the fact that/drew our attention/to the fact that/drew to my attention the fact that/drew to my attention/the fact that/drew to our attention the fact that/drew to our attention/the fact that/drew it to my attention that/drew it to/my attention that
60000002957900654,TELEVID6007_SCANNER18,GR118840691700886362660000002957900654,12/06/2025,07/06/2025,9170088636,GR118,Greek,GR,8406,26,NO INTENTION TO BE RUDE,0.8314,NO INTENTION TO BE RUDE,,Match,D441/01,no intention of being rude/no intention/of being rude
60000002958700726,TELEVID6008_SCANNER18,ES431000491700886362160000002958700726,12/06/2025,07/06/2025,9170088636,ES431,Romance,ES,4,21,PERSUASIVELY,0.8195,PERSUASIVELY,,Match,D441/01,persuasively
60000002958700726,TELEVID6008_SCANNER18,ES431000491700886362560000002958700726,12/06/2025,07/06/2025,9170088636,ES431,Romance,ES,4,25,WITH EXCEPTION TO AUNT SOPHIE,0.8418,WITH EXCEPTION TO AUNT SOPHIE,,Match,D441/01,with the exception of Aunt Sophie/with the exception/of Aunt Sophie
60000002958700729,TELEVID6008_SCANNER18,ES431000791700886362760000002958700729,12/06/2025,07/06/2025,9170088636,ES431,Romance,ES,7,27,A SINGLE DAY GOES BY WITHOUT ME,0.8374,A SINGLE DAY GOES BY WITHOUT ME,,Match,D441/01,a (single) day goes by without me/a (single) day goes by/without me/a (single) day goes by without my/a (single) day goes by/without my/a (single) day goes past without me/a (single) day goes past/without me/a (single) day goes past without my/a (single) day goes past/without my/one (single) day goes by without me/one (single) day goes by/without me/one (single) day goes by without my/one (single) day goes by/without my/one (single) day goes past without me/one (single) day goes past/without me/one (single) day goes past without my/one (single) day goes past/without my
60000002958700729,TELEVID6008_SCANNER18,ES431000791700886362960000002958700729,12/06/2025,07/06/2025,9170088636,ES431,Romance,ES,7,29,EXPLANATION WAS GIVEN,0.8144,EXPLANATION WAS GIVEN,,Match,D441/01,explanation was (ever) given as/explanation was (ever) given/as/reason was (ever) given as/reason was (ever) given/as
60000002958700840,TELEVID6008_SCANNER18,GR118840891700886362760000002958700840,12/06/2025,07/06/2025,9170088636,GR118,Greek,GR,8408,27,A DAY GOES BY WITHOUT ME,0.8174,A DAY GOES BY WITHOUT ME,,Match,D441/01,a (single) day goes by without me/a (single) day goes by/without me/a (single) day goes by without my/a (single) day goes by/without my/a (single) day goes past without me/a (single) day goes past/without me/a (single) day goes past without my/a (single) day goes past/without my/one (single) day goes by without me/one (single) day goes by/without me/one (single) day goes by without my/one (single) day goes by/without my/one (single) day goes past without me/one (single) day goes past/without me/one (single) day goes past without my/one (single) day goes past/without my
60000002958700841,TELEVID6008_SCANNER18,GR118840991700886365260000002958700841,12/06/2025,07/06/2025,9170088636,GR118,Greek,GR,8409,52,B,0.837,B,,Match,D441/01,D
60000002958700842,TELEVID6008_SCANNER18,GR11884109170088636360000002958700842,12/06/2025,07/06/2025,9170088636,GR118,Greek,GR,8410,3,B,0.8262,B,,Match,D441/01,D
60000002958700842,TELEVID6008_SCANNER18,GR118841091700886362660000002958700842,12/06/2025,07/06/2025,9170088636,GR118,Greek,GR,8410,26,NO INTENTION OF BEING RUDE,0.842,NO INTENTION OF BEING RUDE,,Match,D441/01,no intention of being rude/no intention/of being rude
60000002958700842,TELEVID6008_SCANNER18,GR118841091700886363260000002958700842,12/06/2025,07/06/2025,9170088636,GR118,Greek,GR,8410,32,B,0.8268,"B, D",,NoMatch,D441/01,B
60000002958700844,TELEVID6008_SCANNER18,PL002802791700886362960000002958700844,12/06/2025,07/06/2025,9170088636,PL002,Slavic,PL,8027,29,EXPLANATION WAS GIVEN AS,0.8267,EXPLANATION WAS GIVEN AS,,Match,D441/01,explanation was (ever) given as/explanation was (ever) given/as/reason was (ever) given as/reason was (ever) given/as
60000002958700848,TELEVID6008_SCANNER18,PL002803191700886364160000002958700848,12/06/2025,07/06/2025,9170088636,PL002,Slavic,PL,8031,41,B,0.8451,B,,Match,D441/01,B
60000002958700850,TELEVID6008_SCANNER18,PL002803391700886362560000002958700850,12/06/2025,07/06/2025,9170088636,PL002,Slavic,PL,8033,25,WITH THE EXCEPTION OF SOPHIE,0.8384,WITH THE EXCEPTION OF SOPHIE,,Match,D441/01,with the exception of Aunt Sophie/with the exception/of Aunt Sophie
60000002958700853,TELEVID6008_SCANNER18,PL002803691700886362660000002958700853,12/06/2025,07/06/2025,9170088636,PL002,Slavic,PL,8036,26,NO INTENTION OF BEING RUDE,0.8091,NO INTENTION OF BEING RUDE,,Match,D441/01,no intention of being rude/no intention/of being rude
60000002958700853,TELEVID6008_SCANNER18,PL002803691700886362960000002958700853,12/06/2025,07/06/2025,9170088636,PL002,Slavic,PL,8036,29,EXPLOANATION WAS GIVEN,0.8498,EXPLOANATION WAS GIVEN,,Match,D441/01,explanation was (ever) given as/explanation was (ever) given/as/reason was (ever) given as/reason was (ever) given/as
60000002958700855,TELEVID6008_SCANNER18,PL002803891700886362060000002958700855,12/06/2025,07/06/2025,9170088636,PL002,Slavic,PL,8038,20,SCHOLARSCRAFT,0.8391,SCHOLARSCRAFT,,Match,D441/01,scholarship
60000002958700865,TELEVID6008_SCANNER18,PL002804891700886362560000002958700865,12/06/2025,07/06/2025,9170088636,PL002,Slavic,PL,8048,25,WITH EXCEPTION TO AUNT SOPHIE,0.8325,WITH EXCEPTION TO AUNT SOPHIE,,Match,D441/01,with the exception of Aunt Sophie/with the exception/of Aunt Sophie
60000002958700867,TELEVID6008_SCANNER18,PL002805091700886361060000002958700867,12/06/2025,07/06/2025,9170088636,PL002,Slavic,PL,8050,10,THING,0.8015,TAING,,NoMatch,D441/01,little
60000002958700867,TELEVID6008_SCANNER18,PL002805091700886362260000002958700867,12/06/2025,07/06/2025,9170088636,PL002,Slavic,PL,8050,22,UNPACKED,0.8321,UNFACKED,,NoMatch,D441/01,unpacks
60000002958700868,TELEVID6008_SCANNER18,PL002805191700886362660000002958700868,12/06/2025,07/06/2025,9170088636,PL002,Slavic,PL,8051,26,NO INTENTION OF BEING RUDE,0.815,NO INTENTION OF BEING RUDE,,Match,D441/01,no intention of being rude/no intention/of being rude
60000002958700868,TELEVID6008_SCANNER18,PL002805191700886363260000002958700868,12/06/2025,07/06/2025,9170088636,PL002,Slavic,PL,8051,32,B,0.8332,B,,Match,D441/01,B
60000002959700398,TELEVID6000_SCANNER18,IT240800191700886362160000002959700398,12/06/2025,07/06/2025,9170088636,IT240,Romance,IT,8001,21,PERSUASIVELY,0.8337,PERSUASIVELY,,Match,D441/01,persuasively
60000002959700398,TELEVID6000_SCANNER18,IT240800191700886362360000002959700398,12/06/2025,07/06/2025,9170088636,IT240,Romance,IT,8001,23,ACCESSIBLE,0.8067,ACCESSIBLE,,Match,D441/01,accessible
60000002959700398,TELEVID6000_SCANNER18,IT240800191700886362960000002959700398,12/06/2025,07/06/2025,9170088636,IT240,Romance,IT,8001,29,ONE WAS GIVEN AN ANSWER,0.8442,ONE WAS GIVEN AN ANSWER,,Match,D441/01,explanation was (ever) given as/explanation was (ever) given/as/reason was (ever) given as/reason was (ever) given/as
60000002959700399,TELEVID6000_SCANNER18,IT240800291700886362860000002959700399,12/06/2025,07/06/2025,9170088636,IT240,Romance,IT,8002,28,BEEN LED TO BELIVE,0.8372,BEEN LED TO BELIVE,,Match,D441/01,been led to believe/been led/to believe/been led to think/been led/to think/been led to understand/been led/to understand
60000002959700404,TELEVID6000_SCANNER18,IT240800791700886362560000002959700404,12/06/2025,07/06/2025,9170088636,IT240,Romance,IT,8007,25,WITH THE EXCEPTION OF AUT SOFIE,0.8382,WITH THE EXCEPTION OF AUT SOFIE,,Match,D441/01,with the exception of Aunt Sophie/with the exception/of Aunt Sophie
60000002959700406,TELEVID6000_SCANNER18,IT240800991700886361760000002959700406,12/06/2025,07/06/2025,9170088636,IT240,Romance,IT,8009,17,UNVALVABLE,0.8481,UNVALVABLE,,Match,D441/01,invaluable
60000002970900635,TELEVID6042_SCANNER18,ES448000191700886362160000002970900635,13/06/2025,07/06/2025,9170088636,ES448,Romance,ES,1,21,PERSUASIVELY,0.8229,PERSUASJVELY,,NoMatch,D441/01,persuasively
60000002970900638,TELEVID6042_SCANNER18,ES448000491700886362760000002970900638,13/06/2025,07/06/2025,9170088636,ES448,Romance,ES,4,27,A DAY GOES BY WITHOUT ME,0.8456,A DAY GOES BY WITHOUT ME,,Match,D441/01,a (single) day goes by without me/a (single) day goes by/without me/a (single) day goes by without my/a (single) day goes by/without my/a (single) day goes past without me/a (single) day goes past/without me/a (single) day goes past without my/a (single) day goes past/without my/one (single) day goes by without me/one (single) day goes by/without me/one (single) day goes by without my/one (single) day goes by/without my/one (single) day goes past without me/one (single) day goes past/without me/one (single) day goes past without my/one (single) day goes past/without my
60000002970900639,TELEVID6042_SCANNER18,ES448000591700886361060000002970900639,13/06/2025,07/06/2025,9170088636,ES448,Romance,ES,5,10,LITTLE,0.8155,LITILE,,NoMatch,D441/01,little
60000002970900639,TELEVID6042_SCANNER18,ES448000591700886363060000002970900639,13/06/2025,07/06/2025,9170088636,ES448,Romance,ES,5,30,DREW OUT THE FACT THAT,0.8296,DREW OUT THE FACT THAT,,Match,D441/01,drew it to our attention that/drew it to/our attention that/drew my attention to the fact that/drew my attention/to the fact that/drew our attention to the fact that/drew our attention/to the fact that/drew to my attention the fact that/drew to my attention/the fact that/drew to our attention the fact that/drew to our attention/the fact that/drew it to my attention that/drew it to/my attention that
60000002970900643,TELEVID6042_SCANNER18,ES448000991700886361160000002970900643,13/06/2025,07/06/2025,9170088636,ES448,Romance,ES,9,11,BE,0.8304,DE,,NoMatch,D441/01,be
60000002971100048,TELEVID6041_SCANNER18,ES434800391700886362560000002971100048,13/06/2025,07/06/2025,9170088636,ES434,Romance,ES,8003,25,", EXCEPTION MADE FOR AUNT SOPHIE,",0.8291,EXCEPTION MADE FOR AUNT SOPHIE,,NoMatch,D441/01,with the exception of Aunt Sophie/with the exception/of Aunt Sophie
60000002971100051,TELEVID6041_SCANNER18,ES434800691700886362760000002971100051,13/06/2025,07/06/2025,9170088636,ES434,Romance,ES,8006,27,A SINGLE DAY GOES BY WITHOUT,0.8314,D SINGLE DAY GOES BY WITHOUT,,NoMatch,D441/01,a (single) day goes by without me/a (single) day goes by/without me/a (single) day goes by without my/a (single) day goes by/without my/a (single) day goes past without me/a (single) day goes past/without me/a (single) day goes past without my/a (single) day goes past/without my/one (single) day goes by without me/one (single) day goes by/without me/one (single) day goes by without my/one (single) day goes by/without my/one (single) day goes past without me/one (single) day goes past/without me/one (single) day goes past without my/one (single) day goes past/without my
60000002971600578,TELEVID6025_SCANNER18,BG005004291700886362660000002971600578,13/06/2025,07/06/2025,9170088636,BG005,Slavic,BG,42,26,NO INTENTION OF BEING RUDE,0.8049,NO INTENTION OF BEING RUDE,,Match,D441/01,no intention of being rude/no intention/of being rude
60000002971600583,TELEVID6025_SCANNER18,BG005004791700886363660000002971600583,13/06/2025,07/06/2025,9170088636,BG005,Slavic,BG,47,36,B,0.8109,"C, D",,NoMatch,D441/01,D
60000002971600740,TELEVID6025_SCANNER18,BG005003691700886362860000002971600740,13/06/2025,07/06/2025,9170088636,BG005,Slavic,BG,36,28,THE IMPRESSION THAT LED ME TO BELIVE,0.8498,THE IMPRESSION THAT LED ME TO BELIVE,,Match,D441/01,been led to believe/been led/to believe/been led to think/been led/to think/been led to understand/been led/to understand
60000002971600744,TELEVID6025_SCANNER18,BG005004091700886362560000002971600744,13/06/2025,07/06/2025,9170088636,BG005,Slavic,BG,40,25,WITH EXCEPTION FOR SOPHIE,0.8354,WITH EXCEPTION FOR SOPHIE,,Match,D441/01,with the exception of Aunt Sophie/with the exception/of Aunt Sophie
60000002971600744,TELEVID6025_SCANNER18,BG005004091700886363060000002971600744,13/06/2025,07/06/2025,9170088636,BG005,Slavic,BG,40,30,DREW ATTENTION TO THE FACT THAT,0.848,DREW ATTENTION TO THE FACT THAT,,Match,D441/01,drew it to our attention that/drew it to/our attention that/drew my attention to the fact that/drew my attention/to the fact that/drew our attention to the fact that/drew our attention/to the fact that/drew to my attention the fact that/drew to my attention/the fact that/drew to our attention the fact that/drew to our attention/the fact that/drew it to my attention that/drew it to/my attention that
60000002971600746,TELEVID6025_SCANNER18,BG005002291700886362260000002971600746,13/06/2025,07/06/2025,9170088636,BG005,Slavic,BG,22,22,BACKPACKS,0.8236,BACKPACKS,,Match,D441/01,unpacks
60000002973500369,TELEVID6032_SCANNER18,ES385800491700886362160000002973500369,13/06/2025,07/06/2025,9170088636,ES385,Romance,ES,8004,21,PERSUASIVELY,0.8382,PERSUASIVELY,,Match,D441/01,persuasively
60000002973500369,TELEVID6032_SCANNER18,ES385800491700886363260000002973500369,13/06/2025,07/06/2025,9170088636,ES385,Romance,ES,8004,32,B,0.8445,B,,Match,D441/01,B
60000002973500369,TELEVID6032_SCANNER18,ES385800491700886363660000002973500369,13/06/2025,07/06/2025,9170088636,ES385,Romance,ES,8004,36,B,0.8172,C,,NoMatch,D441/01,D
60000002973500370,TELEVID6032_SCANNER18,ES385800591700886362860000002973500370,13/06/2025,07/06/2025,9170088636,ES385,Romance,ES,8005,28,LED TO BELIEVE,0.8489,LED TO BELIEVE,,Match,D441/01,been led to believe/been led/to believe/been led to think/been led/to think/been led to understand/been led/to understand
60000002973500370,TELEVID6032_SCANNER18,ES385800591700886363160000002973500370,13/06/2025,07/06/2025,9170088636,ES385,Romance,ES,8005,31,B,0.845,B,,Match,D441/01,D
60000002973800348,TELEVID6046_SCANNER18,ES391980691700886362360000002973800348,13/06/2025,07/06/2025,9170088636,ES391,Romance,ES,9806,23,ACCESIBLE,0.8432,ACCESABLE,,NoMatch,D441/01,accessible
60000002974000041,TELEVID6037_SCANNER18,IT282800391700886361760000002974000041,13/06/2025,07/06/2025,9170088636,IT282,Romance,IT,8003,17,UNDERVALUED,0.8004,UNDERVALUED,,Match,D441/01,invaluable
60000002974000043,TELEVID6037_SCANNER18,IT282800591700886363060000002974000043,13/06/2025,07/06/2025,9170088636,IT282,Romance,IT,8005,30,DREW A POINT ABOUT THE FACT THAT,0.8382,DREW A POINT ABOUT THE FACT THAT,,Match,D441/01,drew it to our attention that/drew it to/our attention that/drew my attention to the fact that/drew my attention/to the fact that/drew our attention to the fact that/drew our attention/to the fact that/drew to my attention the fact that/drew to my attention/the fact that/drew to our attention the fact that/drew to our attention/the fact that/drew it to my attention that/drew it to/my attention that
60000002974000046,TELEVID6037_SCANNER18,IT28280089170088636860000002974000046,13/06/2025,07/06/2025,9170088636,IT282,Romance,IT,8008,8,B,0.8285,B,,Match,D441/01,D
60000002974000052,TELEVID6037_SCANNER18,IT282801491700886363260000002974000052,13/06/2025,07/06/2025,9170088636,IT282,Romance,IT,8014,32,B,0.8428,C,,NoMatch,D441/01,B
60000002974700266,TELEVID6054_SCANNER18,CZ014800191700886362460000002974700266,13/06/2025,07/06/2025,9170088636,CZ014,Slavic,CZ,8001,24,EXHAUSTING,0.8201,EXMAUSTING,,NoMatch,D441/01,exhaustive
60000002974700271,TELEVID6054_SCANNER18,CZ014800691700886362160000002974700271,13/06/2025,07/06/2025,9170088636,CZ014,Slavic,CZ,8006,21,PERSUASIVELY,0.8383,PERSUASIVELY,,Match,D441/01,persuasively
60000002976200600,TELEVID6058_SCANNER18,ES426000291700886362560000002976200600,13/06/2025,07/06/2025,9170088636,ES426,Romance,ES,2,25,ONLY WITH THE EXCEPTION OF AUNT SOPHIE,0.8036,ONLY WITH THE EXCEPTION OF AUNT SOPHIE,,Match,D441/01,with the exception of Aunt Sophie/with the exception/of Aunt Sophie
60000002976500119,TELEVID6036_SCANNER18,BG005005291700886361560000002976500119,13/06/2025,07/06/2025,9170088636,BG005,Slavic,BG,52,15,TAKE,0.8412,TAKE,,Match,D441/01,take
60000002976500123,TELEVID6036_SCANNER18,BG005005691700886362860000002976500123,13/06/2025,07/06/2025,9170088636,BG005,Slavic,BG,56,28,BEEN LED TO BELIEVE,0.8387,BEEN LED TO BELIEVE,,Match,D441/01,been led to believe/been led/to believe/been led to think/been led/to think/been led to understand/been led/to understand
60000002976500578,TELEVID6036_SCANNER18,BG008006991700886363060000002976500578,13/06/2025,07/06/2025,9170088636,BG008,Slavic,BG,69,30,DREW OUR ATTENTION TOWARDS THE FACT THAT,0.8229,DREW OUR ATTENTION TOWARDS THE FACT THAT,,Match,D441/01,drew it to our attention that/drew it to/our attention that/drew my attention to the fact that/drew my attention/to the fact that/drew our attention to the fact that/drew our attention/to the fact that/drew to my attention the fact that/drew to my attention/the fact that/drew to our attention the fact that/drew to our attention/the fact that/drew it to my attention that/drew it to/my attention that
60000002976500587,TELEVID6036_SCANNER18,BG008007891700886362660000002976500587,13/06/2025,07/06/2025,9170088636,BG008,Slavic,BG,78,26,NO INTENTION OF BEING RUDE,0.8128,NO INTENTION OF BEING RUBE,,NoMatch,D441/01,no intention of being rude/no intention/of being rude
60000002976500588,TELEVID6036_SCANNER18,BG008007991700886362760000002976500588,13/06/2025,07/06/2025,9170088636,BG008,Slavic,BG,79,27,A DAY GOES BY WHERE I HAVE NOT BEEN,0.8001,A DAY GOES BY WHERE I HAVE NOT BEEN,,Match,D441/01,a (single) day goes by without me/a (single) day goes by/without me/a (single) day goes by without my/a (single) day goes by/without my/a (single) day goes past without me/a (single) day goes past/without me/a (single) day goes past without my/a (single) day goes past/without my/one (single) day goes by without me/one (single) day goes by/without me/one (single) day goes by without my/one (single) day goes by/without my/one (single) day goes past without me/one (single) day goes past/without me/one (single) day goes past without my/one (single) day goes past/without my
60000002976900331,TELEVID6051_SCANNER18,PL277000491700886362660000002976900331,13/06/2025,07/06/2025,9170088636,PL277,Slavic,PL,4,26,NOT ANY INTENTION OF BEING RUDE,0.8292,NOT ANY INTENTION OF BEING RUDE,,Match,D441/01,no intention of being rude/no intention/of being rude
60000002982800168,TELEVID6050_SCANNER18,ES438002291700886362360000002982800168,14/06/2025,07/06/2025,9170088636,ES438,Romance,ES,22,23,ACCESSIBLE,0.8187,ACCESSIELE,,NoMatch,D441/01,accessible
60000002982800169,TELEVID6050_SCANNER18,ES438002391700886363260000002982800169,14/06/2025,07/06/2025,9170088636,ES438,Romance,ES,23,32,B,0.8227,B,,Match,D441/01,B
60000002982800169,TELEVID6050_SCANNER18,ES438002391700886364160000002982800169,14/06/2025,07/06/2025,9170088636,ES438,Romance,ES,23,41,B,0.8338,"B, C",,NoMatch,D441/01,B
60000002983300338,TELEVID6028_SCANNER18,ES001800391700886362560000002983300338,14/06/2025,07/06/2025,9170088636,ES001,Romance,ES,8003,25,WITH THE EXCEPTION OF AUNT SOPHIE,0.847,WITH THE EXCEPTION OF AVNT SOPHIE,,NoMatch,D441/01,with the exception of Aunt Sophie/with the exception/of Aunt Sophie
60000002983300547,TELEVID6028_SCANNER18,GE001000291700886362460000002983300547,14/06/2025,07/06/2025,9170088636,GE001,Others,GE,2,24,EXHAUSTING,0.8134,EXHAUSTING,,Match,D441/01,exhaustive
60000002983300547,TELEVID6028_SCANNER18,GE001000291700886362560000002983300547,14/06/2025,07/06/2025,9170088636,GE001,Others,GE,2,25,WITH THE EXCEPTION OF AUNT SOPHIE,0.8384,WITH THE EXCEPTION OF AUNT SOPHIE,,Match,D441/01,with the exception of Aunt Sophie/with the exception/of Aunt Sophie
60000002983300552,TELEVID6028_SCANNER18,GE001000791700886361460000002983300552,14/06/2025,07/06/2025,9170088636,GE001,Others,GE,7,14,OUT,0.8379,OUT,,Match,D441/01,out
60000002983300552,TELEVID6028_SCANNER18,GE001000791700886362160000002983300552,14/06/2025,07/06/2025,9170088636,GE001,Others,GE,7,21,PERSUASIVELY,0.8401,PERSUASIVELY,,Match,D441/01,persuasively
60000003011800058,TELEVID6052_SCANNER18,ES337000291700886362160000003011800058,16/06/2025,07/06/2025,9170088636,ES337,Romance,ES,2,21,PERSUDINGLY,0.8243,PERSUDINGLY,,Match,D441/01,persuasively
60000003011800059,TELEVID6052_SCANNER18,ES337000391700886363660000003011800059,16/06/2025,07/06/2025,9170088636,ES337,Romance,ES,3,36,D,0.8012,D,,Match,D441/01,D
60000003011800450,TELEVID6052_SCANNER18,ES467000191700886363460000003011800450,16/06/2025,07/06/2025,9170088636,ES467,Romance,ES,1,34,D,0.8066,D,,Match,D441/01,D
60000003011800452,TELEVID6052_SCANNER18,ES46700039170088636160000003011800452,16/06/2025,07/06/2025,9170088636,ES467,Romance,ES,3,1,A,0.8221,A,,Match,D441/01,C
60000003011800452,TELEVID6052_SCANNER18,ES467000391700886362060000003011800452,16/06/2025,07/06/2025,9170088636,ES467,Romance,ES,3,20,SCHOLARSHIP,0.8349,CHOLARSHIP,,NoMatch,D441/01,scholarship
60000003011800454,TELEVID6052_SCANNER18,ES467000591700886361760000003011800454,16/06/2025,07/06/2025,9170088636,ES467,Romance,ES,5,17,INVALID,0.8102,IWVALID,,NoMatch,D441/01,invaluable
60000003011800454,TELEVID6052_SCANNER18,ES467000591700886362960000003011800454,16/06/2025,07/06/2025,9170088636,ES467,Romance,ES,5,29,ONE HAD GIVEN ANY EXPLAINATION,0.8344,ONE HAD GIVEN ANY EXPLANATION,,NoMatch,D441/01,explanation was (ever) given as/explanation was (ever) given/as/reason was (ever) given as/reason was (ever) given/as
60000003011800455,TELEVID6052_SCANNER18,ES467000691700886362960000003011800455,16/06/2025,07/06/2025,9170088636,ES467,Romance,ES,6,29,ONE WAS GIVEN AN EXPLANATION,0.8339,ONE WAS GIVEN AN EXPLANATION,,Match,D441/01,explanation was (ever) given as/explanation was (ever) given/as/reason was (ever) given as/reason was (ever) given/as
60000003011800589,TELEVID6052_SCANNER18,CY006000491700886362860000003011800589,16/06/2025,07/06/2025,9170088636,CY006,Greek,CY,4,28,LED THE EVE TO,0.812,LED THE EVE TO,,Match,D441/01,been led to believe/been led/to believe/been led to think/been led/to think/been led to understand/been led/to understand
60000003012400508,TELEVID6063_SCANNER18,ES383807891700886361860000003012400508,16/06/2025,07/06/2025,9170088636,ES383,Romance,ES,8078,18,INTUATIVE,0.805,INTUATIVE,,Match,D441/01,intuitive
60000003012400510,TELEVID6063_SCANNER18,ES383808091700886363660000003012400510,16/06/2025,07/06/2025,9170088636,ES383,Romance,ES,8080,36,B,0.835,B,,Match,D441/01,D
60000003012400518,TELEVID6063_SCANNER18,ES383808891700886361760000003012400518,16/06/2025,07/06/2025,9170088636,ES383,Romance,ES,8088,17,UNDERVALUED,0.8146,UNDERVALVED,,NoMatch,D441/01,invaluable
60000003012400519,TELEVID6063_SCANNER18,ES383808991700886363660000003012400519,16/06/2025,07/06/2025,9170088636,ES383,Romance,ES,8089,36,B,0.8238,"B, C",,NoMatch,D441/01,D
60000003012400520,TELEVID6063_SCANNER18,ES383809091700886361760000003012400520,16/06/2025,07/06/2025,9170088636,ES383,Romance,ES,8090,17,OVERLY-VALUABLE,0.8163,OVERLY-VALUABLE,,Match,D441/01,invaluable
60000003012800008,TELEVID6072_SCANNER18,ES383804391700886362760000003012800008,16/06/2025,07/06/2025,9170088636,ES383,Romance,ES,8043,27,A DAY GOES BY  WITHOUT ME,0.8238,A DAY GOES WITHOUT ME,,NoMatch,D441/01,a (single) day goes by without me/a (single) day goes by/without me/a (single) day goes by without my/a (single) day goes by/without my/a (single) day goes past without me/a (single) day goes past/without me/a (single) day goes past without my/a (single) day goes past/without my/one (single) day goes by without me/one (single) day goes by/without me/one (single) day goes by without my/one (single) day goes by/without my/one (single) day goes past without me/one (single) day goes past/without me/one (single) day goes past without my/one (single) day goes past/without my
60000003012800010,TELEVID6072_SCANNER18,ES38380459170088636360000003012800010,16/06/2025,07/06/2025,9170088636,ES383,Romance,ES,8045,3,D,0.8435,D,,Match,D441/01,D
60000003012800011,TELEVID6072_SCANNER18,ES383804691700886362660000003012800011,16/06/2025,07/06/2025,9170088636,ES383,Romance,ES,8046,26,THE INTENTION OF NOT BEING RUDE,0.8166,THE INTENTION OF NOT BEING RUDE,,Match,D441/01,no intention of being rude/no intention/of being rude
60000003012800013,TELEVID6072_SCANNER18,ES383804891700886362560000003012800013,16/06/2025,07/06/2025,9170088636,ES383,Romance,ES,8048,25,"WITH EXCEPTION FROM AUNT SOPHIE, EVERY FAMILY MEMBER",0.836,"WITH EXCEPTION FROM AUNT SOPHIE, EVERY FAMILY MEMBER",,Match,D441/01,with the exception of Aunt Sophie/with the exception/of Aunt Sophie
60000003012800014,TELEVID6072_SCANNER18,ES383804991700886363260000003012800014,16/06/2025,07/06/2025,9170088636,ES383,Romance,ES,8049,32,B,0.8275,B,,Match,D441/01,B
60000003012800021,TELEVID6072_SCANNER18,ES383805691700886362060000003012800021,16/06/2025,07/06/2025,9170088636,ES383,Romance,ES,8056,20,SCHOLARSHIP,0.8093,SCHOLARSHID,,NoMatch,D441/01,scholarship
60000003012800021,TELEVID6072_SCANNER18,ES383805691700886363460000003012800021,16/06/2025,07/06/2025,9170088636,ES383,Romance,ES,8056,34,B,0.8362,B,,Match,D441/01,D
60000003012800024,TELEVID6072_SCANNER18,ES383805991700886363660000003012800024,16/06/2025,07/06/2025,9170088636,ES383,Romance,ES,8059,36,B,0.834,C,,NoMatch,D441/01,D
60000003012800308,TELEVID6072_SCANNER18,ES383800291700886361460000003012800308,16/06/2025,07/06/2025,9170088636,ES383,Romance,ES,8002,14,OUT,0.8374,OUT,,Match,D441/01,out
60000003012800308,TELEVID6072_SCANNER18,ES383800291700886362760000003012800308,16/06/2025,07/06/2025,9170088636,ES383,Romance,ES,8002,27,A MOMENT GOES BY WHEN I AM NOT,0.8489,A MOMENT GOES BY WHEN I AM NOT,,Match,D441/01,a (single) day goes by without me/a (single) day goes by/without me/a (single) day goes by without my/a (single) day goes by/without my/a (single) day goes past without me/a (single) day goes past/without me/a (single) day goes past without my/a (single) day goes past/without my/one (single) day goes by without me/one (single) day goes by/without me/one (single) day goes by without my/one (single) day goes by/without my/one (single) day goes past without me/one (single) day goes past/without me/one (single) day goes past without my/one (single) day goes past/without my
60000003012800312,TELEVID6072_SCANNER18,ES383800691700886364160000003012800312,16/06/2025,07/06/2025,9170088636,ES383,Romance,ES,8006,41,B,0.8025,"B, C",,NoMatch,D441/01,B
60000003012800317,TELEVID6072_SCANNER18,ES383801191700886362160000003012800317,16/06/2025,07/06/2025,9170088636,ES383,Romance,ES,8011,21,PERSUASEVELY,0.8429,PERSUASEVELY,,Match,D441/01,persuasively
60000003012800318,TELEVID6072_SCANNER18,ES383801291700886361860000003012800318,16/06/2025,07/06/2025,9170088636,ES383,Romance,ES,8012,18,INTUITIVE,0.8147,INTNITIVE,,NoMatch,D441/01,intuitive
60000003012800323,TELEVID6072_SCANNER18,ES383801791700886363460000003012800323,16/06/2025,07/06/2025,9170088636,ES383,Romance,ES,8017,34,D,0.8096,--blank--,,NoMatch,D441/01,D
60000003012800325,TELEVID6072_SCANNER18,ES383801991700886362760000003012800325,16/06/2025,07/06/2025,9170088636,ES383,Romance,ES,8019,27,A DAY GOES BY WITHOUT,0.8261,A DAY GOES BY WITHOUT,,Match,D441/01,a (single) day goes by without me/a (single) day goes by/without me/a (single) day goes by without my/a (single) day goes by/without my/a (single) day goes past without me/a (single) day goes past/without me/a (single) day goes past without my/a (single) day goes past/without my/one (single) day goes by without me/one (single) day goes by/without me/one (single) day goes by without my/one (single) day goes by/without my/one (single) day goes past without me/one (single) day goes past/without me/one (single) day goes past without my/one (single) day goes past/without my
60000003012800333,TELEVID6072_SCANNER18,ES383802791700886364160000003012800333,16/06/2025,07/06/2025,9170088636,ES383,Romance,ES,8027,41,B,0.8383,B,,Match,D441/01,B
60000003012800338,TELEVID6072_SCANNER18,ES383803291700886362860000003012800338,16/06/2025,07/06/2025,9170088636,ES383,Romance,ES,8032,28,BEEN LED TO BELIEVE,0.8133,BEEN LED TO DELIEVE,,NoMatch,D441/01,been led to believe/been led/to believe/been led to think/been led/to think/been led to understand/been led/to understand
60000003012800339,TELEVID6072_SCANNER18,ES383803391700886361860000003012800339,16/06/2025,07/06/2025,9170088636,ES383,Romance,ES,8033,18,INTUITIVE,0.8159,INTUITIVE,,Match,D441/01,intuitive
60000003012800339,TELEVID6072_SCANNER18,ES383803391700886363060000003012800339,16/06/2025,07/06/2025,9170088636,ES383,Romance,ES,8033,30,DREW ATTENTION TO THE FACT THAT,0.8191,DREW ATTENTION TO THE FACT THAT,,Match,D441/01,drew it to our attention that/drew it to/our attention that/drew my attention to the fact that/drew my attention/to the fact that/drew our attention to the fact that/drew our attention/to the fact that/drew to my attention the fact that/drew to my attention/the fact that/drew to our attention the fact that/drew to our attention/the fact that/drew it to my attention that/drew it to/my attention that
60000003012800340,TELEVID6072_SCANNER18,ES383803491700886362160000003012800340,16/06/2025,07/06/2025,9170088636,ES383,Romance,ES,8034,21,PRESUASIBLY,0.8034,PRESUAS1BLY,,NoMatch,D441/01,persuasively
60000003012800340,TELEVID6072_SCANNER18,ES383803491700886362760000003012800340,16/06/2025,07/06/2025,9170088636,ES383,Romance,ES,8034,27,A DAY GOES BY WITHOUT ME,0.8291,A DAY GOES BY WITHOUT ME,,Match,D441/01,a (single) day goes by without me/a (single) day goes by/without me/a (single) day goes by without my/a (single) day goes by/without my/a (single) day goes past without me/a (single) day goes past/without me/a (single) day goes past without my/a (single) day goes past/without my/one (single) day goes by without me/one (single) day goes by/without me/one (single) day goes by without my/one (single) day goes by/without my/one (single) day goes past without me/one (single) day goes past/without me/one (single) day goes past without my/one (single) day goes past/without my
60000003012800341,TELEVID6072_SCANNER18,ES38380359170088636360000003012800341,16/06/2025,07/06/2025,9170088636,ES383,Romance,ES,8035,3,D,0.8445,D,,Match,D441/01,D
60000003012800341,TELEVID6072_SCANNER18,ES383803591700886362860000003012800341,16/06/2025,07/06/2025,9170088636,ES383,Romance,ES,8035,28,BEEN LED TO BELIEVE,0.8145,BEEN LED TO BELIEVE,,Match,D441/01,been led to believe/been led/to believe/been led to think/been led/to think/been led to understand/been led/to understand
60000003013400579,TELEVID6069_SCANNER18,ES467001091700886363660000003013400579,16/06/2025,07/06/2025,9170088636,ES467,Romance,ES,10,36,B,0.8221,B,,Match,D441/01,D
60000003013400582,TELEVID6069_SCANNER18,ES467001391700886363660000003013400582,16/06/2025,07/06/2025,9170088636,ES467,Romance,ES,13,36,B,0.841,B,,Match,D441/01,D
60000003013400584,TELEVID6069_SCANNER18,ES467001591700886361760000003013400584,16/06/2025,07/06/2025,9170088636,ES467,Romance,ES,15,17,INVALUABLE,0.8031,INVALUABLE,,Match,D441/01,invaluable
60000003044200378,TELEVID8035_SCANNER18,ES330000291700886361760000003044200378,18/06/2025,07/06/2025,9170088636,ES330,Romance,ES,2,17,INVALUABLE,0.8445,INVALUABLE,,Match,D441/01,invaluable
60000003045100196,TELEVID8009_SCANNER18,PL161010258217111924160000003045100196,18/06/2025,13/06/2025,5821711192,PL161,Slavic,PL,102,41,D,0.8367,D,,Match,D441/01,G
60000003045100197,TELEVID8009_SCANNER18,PL161010358217111921060000003045100197,18/06/2025,13/06/2025,5821711192,PL161,Slavic,PL,103,10,SUCH,0.8445,SUCH,,Match,D441/01,one
60000003045100197,TELEVID8009_SCANNER18,PL161010358217111923460000003045100197,18/06/2025,13/06/2025,5821711192,PL161,Slavic,PL,103,34,B,0.8287,B,,Match,D441/01,A
60000003045100198,TELEVID8009_SCANNER18,PL161010458217111922060000003045100198,18/06/2025,13/06/2025,5821711192,PL161,Slavic,PL,104,20,PUBLICATION,0.836,PUBLICATION,,Match,D441/01,publication
60000003045100200,TELEVID8009_SCANNER18,PL161010758217111922560000003045100200,18/06/2025,13/06/2025,5821711192,PL161,Slavic,PL,107,25,BEEN MORE HAPPY,0.8145,BEEN MORE HADDY,,NoMatch,D441/01,been (any) more delighted/been/(any) more delighted
60000003045500085,TELEVID8029_SCANNER18,PL090000991700886362560000003045500085,18/06/2025,07/06/2025,9170088636,PL090,Slavic,PL,9,25,WITH AN EXCEPTION OF AUNT SOPHIE,0.8474,WITH AN EXCEPTION OF AUNT SOPHIE,,Match,D441/01,with the exception of Aunt Sophie/with the exception/of Aunt Sophie
60000003045500089,TELEVID8029_SCANNER18,PL090001391700886361760000003045500089,18/06/2025,07/06/2025,9170088636,PL090,Slavic,PL,13,17,UNDERVALUED,0.8353,UNDERVALVED,,NoMatch,D441/01,invaluable
60000003045500089,TELEVID8029_SCANNER18,PL090001391700886362160000003045500089,18/06/2025,07/06/2025,9170088636,PL090,Slavic,PL,13,21,PERSUASIVELY,0.8373,PERSUASIVELY,,Match,D441/01,persuasively
60000003045500115,TELEVID8029_SCANNER18,IT308000558217111923560000003045500115,18/06/2025,13/06/2025,5821711192,IT308,Romance,IT,5,35,C,0.8381,C,,Match,D441/01,C
60000003045500119,TELEVID8029_SCANNER18,IT308000958217111923260000003045500119,18/06/2025,13/06/2025,5821711192,IT308,Romance,IT,9,32,A,0.8344,A,,Match,D441/01,A
60000003050000146,TELEVID6099_SCANNER18,ES07180019170088636360000003050000146,18/06/2025,07/06/2025,9170088636,ES071,Romance,ES,8001,3,--impossible--,0.8445,C,,NoMatch,D441/01,D
60000003050000147,TELEVID6099_SCANNER18,ES071800291700886362360000003050000147,18/06/2025,07/06/2025,9170088636,ES071,Romance,ES,8002,23,ACCESSIBLE,0.8208,ALLESSIBLE,,NoMatch,D441/01,accessible
60000003050000148,TELEVID6099_SCANNER18,ES071800391700886362160000003050000148,18/06/2025,07/06/2025,9170088636,ES071,Romance,ES,8003,21,UNPERSUADE,0.848,UNPERSUADE,,Match,D441/01,persuasively
60000003050000148,TELEVID6099_SCANNER18,ES071800391700886362860000003050000148,18/06/2025,07/06/2025,9170088636,ES071,Romance,ES,8003,28,LED ON,0.8446,LED ON,,Match,D441/01,been led to believe/been led/to believe/been led to think/been led/to think/been led to understand/been led/to understand
60000003050700461,TELEVID6106_SCANNER18,ES407000291700886363060000003050700461,18/06/2025,07/06/2025,9170088636,ES407,Romance,ES,2,30,DREW ATTENTION TO THE FACT THAT,0.8204,DREW ATTENDION TO THE FACT THAT,,NoMatch,D441/01,drew it to our attention that/drew it to/our attention that/drew my attention to the fact that/drew my attention/to the fact that/drew our attention to the fact that/drew our attention/to the fact that/drew to my attention the fact that/drew to my attention/the fact that/drew to our attention the fact that/drew to our attention/the fact that/drew it to my attention that/drew it to/my attention that
60000003050700464,TELEVID6106_SCANNER18,ES407000591700886362560000003050700464,18/06/2025,07/06/2025,9170088636,ES407,Romance,ES,5,25,ON EXCEPTION OF AUNT SOPHIE,0.8063,ON EXCEPTION OF AUNT SCPHIE,,NoMatch,D441/01,with the exception of Aunt Sophie/with the exception/of Aunt Sophie
60000003051000412,TELEVID6100_SCANNER19,BR249002791700886361160000003051000412,18/06/2025,07/06/2025,9170088636,BR249,Romance,BR,27,11,BE,0.8351,BF,,NoMatch,D441/01,be
60000003051000416,TELEVID6100_SCANNER19,BR24900319170088636360000003051000416,18/06/2025,07/06/2025,9170088636,BR249,Romance,BR,31,3,D,0.8463,D,,Match,D441/01,D
60000003051000427,TELEVID6100_SCANNER19,BR249004291700886363260000003051000427,18/06/2025,07/06/2025,9170088636,BR249,Romance,BR,42,32,--impossible--,0.8378,C,,NoMatch,D441/01,B
60000003051000429,TELEVID6100_SCANNER19,BR249004491700886363460000003051000429,18/06/2025,07/06/2025,9170088636,BR249,Romance,BR,44,34,B,0.8316,B,,Match,D441/01,D
60000003051000479,TELEVID6100_SCANNER19,BR249004991700886363260000003051000479,18/06/2025,07/06/2025,9170088636,BR249,Romance,BR,49,32,B,0.8495,B,,Match,D441/01,B
60000003051000528,TELEVID6100_SCANNER19,BR249007891700886362860000003051000528,18/06/2025,07/06/2025,9170088636,BR249,Romance,BR,78,28,HAD AN IMPRESSION THAT LED ME TO BELIEVE,0.829,HAD AN IMPRESSION THAT LED ME TO BELIEVE,,Match,D441/01,been led to believe/been led/to believe/been led to think/been led/to think/been led to understand/been led/to understand
60000003051000669,TELEVID6100_SCANNER19,ES379000358217111923160000003051000669,18/06/2025,13/06/2025,5821711192,ES379,Romance,ES,3,31,B,0.8198,B,,Match,D441/01,B
60000003051000671,TELEVID6100_SCANNER19,ES379000558217111923460000003051000671,18/06/2025,13/06/2025,5821711192,ES379,Romance,ES,5,34,--impossible--,0.8492,C,,NoMatch,D441/01,A
60000003053000337,TELEVID8044_SCANNER19,ES040800258217111922560000003053000337,18/06/2025,13/06/2025,5821711192,ES040,Romance,ES,8002,25,BEEN MORE DELIGHTED THAN,0.8415,BEEN MORE DELIGHTED THAN,,Match,D441/01,been (any) more delighted/been/(any) more delighted
60000003053000337,TELEVID8044_SCANNER19,ES040800258217111922660000003053000337,18/06/2025,13/06/2025,5821711192,ES040,Romance,ES,8002,26,CAN ESCEAPE FROM HAVING TO,0.8031,CAN CREAPE FROM HAVING TO,,NoMatch,D441/01,can escape (from) having to/can escape (from)/having to/can escape (from) needing to/can escape (from)/needing to/can escape (from) the need to/can escape (from)/the need to/can escape (from) the fact of having to/can escape (from)/the fact of having to/can escape (from) the fact of needing to/can escape (from)/the fact of needing to/[is/'s] able to escape (from) having to/[is/'s] able to escape (from)/having to/[is/'s] able to escape (from) needing to/[is/'s] able to escape (from)/needing to/[is/'s] able to escape (from) the need to/[is/'s] able to escape (from)/the need to
60000003053000338,TELEVID8044_SCANNER19,ES040800358217111921460000003053000338,18/06/2025,13/06/2025,5821711192,ES040,Romance,ES,8003,14,IT,0.8146,IT,,Match,D441/01,us
60000003053000349,TELEVID8044_SCANNER19,ES040801458217111921160000003053000349,18/06/2025,13/06/2025,5821711192,ES040,Romance,ES,8014,11,ANYTHING,0.8107,ANYTHING,,Match,D441/01,much/anything
60000003053000351,TELEVID8044_SCANNER19,ES040801658217111921960000003053000351,18/06/2025,13/06/2025,5821711192,ES040,Romance,ES,8016,19,STRENGTHENED,0.8114,STRENGTHENER,,NoMatch,D441/01,strengthened
60000003053000351,TELEVID8044_SCANNER19,ES040801658217111922260000003053000351,18/06/2025,13/06/2025,5821711192,ES040,Romance,ES,8016,22,OUTFINDINGS,0.837,OUTFINEING,,NoMatch,D441/01,findings
60000003053000351,TELEVID8044_SCANNER19,ES040801658217111923060000003053000351,18/06/2025,13/06/2025,5821711192,ES040,Romance,ES,8016,30,IN HOPE TO FIND,0.8247,IN HOPE TO FINE,,NoMatch,D441/01,in (the) hope of finding/in (the) hope of/finding/in (the) hope of being able to find/in (the) hope of/being able to find/in (the) hopes of being able to find/in (the) hopes of finding/in (the) hopes of/finding/in (the) hopes of/being able to find/in (the) hope (that) she [would/'d] find/in (the) hope (that)/she [would/'d] find/in (the) hopes (that) she [would/'d] find/in (the) hopes (that)/she [would/'d] find
60000003053000357,TELEVID8044_SCANNER19,ES040802258217111923460000003053000357,18/06/2025,13/06/2025,5821711192,ES040,Romance,ES,8022,34,C,0.8206,C,,Match,D441/01,A
60000003054500231,TELEVID8043_SCANNER19,ES382000791700886361860000003054500231,18/06/2025,07/06/2025,9170088636,ES382,Romance,ES,7,18,INTUITIVE,0.8478,INTUITIVE,,Match,D441/01,intuitive
60000003054500231,TELEVID8043_SCANNER19,ES382000791700886363060000003054500231,18/06/2025,07/06/2025,9170088636,ES382,Romance,ES,7,30,DREW OUR ATTENTION TO THE FACT THAT,0.8375,DREW OUR ATTENTION TO THE FLCT THAT,,NoMatch,D441/01,drew it to our attention that/drew it to/our attention that/drew my attention to the fact that/drew my attention/to the fact that/drew our attention to the fact that/drew our attention/to the fact that/drew to my attention the fact that/drew to my attention/the fact that/drew to our attention the fact that/drew to our attention/the fact that/drew it to my attention that/drew it to/my attention that
60000003054500232,TELEVID8043_SCANNER19,ES382000891700886363260000003054500232,18/06/2025,07/06/2025,9170088636,ES382,Romance,ES,8,32,C,0.8273,C,,Match,D441/01,B
60000003054500487,TELEVID8043_SCANNER19,ES383802258217111921160000003054500487,18/06/2025,13/06/2025,5821711192,ES383,Romance,ES,8022,11,ANYTHING,0.8004,ANYTHING,,Match,D441/01,much/anything
60000003054500498,TELEVID8043_SCANNER19,ES383803358217111922260000003054500498,18/06/2025,13/06/2025,5821711192,ES383,Romance,ES,8033,22,FINDINGS,0.8189,FINDINGS,,Match,D441/01,findings
60000003054500505,TELEVID8043_SCANNER19,ES383804058217111922760000003054500505,18/06/2025,13/06/2025,5821711192,ES383,Romance,ES,8040,27,ABLE TO SHED A LIGHT,0.8428,ABLE TO SHED A LIGHT,,Match,D441/01,able to shed (any) light/able to/shed (any) light
60000003054500506,TELEVID8043_SCANNER19,ES383804158217111922960000003054500506,18/06/2025,13/06/2025,5821711192,ES383,Romance,ES,8041,29,MARIA READ HAD PUT HER OFF ABOUT BUYING,0.8334,MARIA READ HAD PUT HER OFF ABOUT BUYING,,Match,D441/01,put Maria off buying/put Maria off/buying/put Maria off going to buy/put Maria off/going to buy/put Maria off wanting to buy/put Maria off/wanting to buy
60000003054500512,TELEVID8043_SCANNER19,ES383804758217111923160000003054500512,18/06/2025,13/06/2025,5821711192,ES383,Romance,ES,8047,31,B,0.8176,B,,Match,D441/01,B
60000003054500520,TELEVID8043_SCANNER19,ES383805558217111923160000003054500520,18/06/2025,13/06/2025,5821711192,ES383,Romance,ES,8055,31,B,0.8188,B,,Match,D441/01,B
60000003054800043,TELEVID8040_SCANNER19,ES383811258217111922960000003054800043,18/06/2025,13/06/2025,5821711192,ES383,Romance,ES,8112,29,MADE MARIA PUT OFF BUYING,0.8079,MADE MARIA PUT OFF BUYING,,Match,D441/01,put Maria off buying/put Maria off/buying/put Maria off going to buy/put Maria off/going to buy/put Maria off wanting to buy/put Maria off/wanting to buy
60000003054800044,TELEVID8040_SCANNER19,ES383811358217111922860000003054800044,18/06/2025,13/06/2025,5821711192,ES383,Romance,ES,8113,28,THE STORM DIED DOWN,0.8356,THE STORM DIED DOWN,,Match,D441/01,the storm not died out/the storm not/died out/the storm not died down/the storm not/died down
60000003054800045,TELEVID8040_SCANNER19,ES383811458217111924860000003054800045,18/06/2025,13/06/2025,5821711192,ES383,Romance,ES,8114,48,C,0.8297,C,,Match,D441/01,C
60000003054800050,TELEVID8040_SCANNER19,ES383811958217111922860000003054800050,18/06/2025,13/06/2025,5821711192,ES383,Romance,ES,8119,28,NOT THE STORM DIED BY ITSELF,0.849,NOT THE STORM DIED BY ITSELF,,Match,D441/01,the storm not died out/the storm not/died out/the storm not died down/the storm not/died down
60000003054800067,TELEVID8040_SCANNER19,ES383806758217111921560000003054800067,18/06/2025,13/06/2025,5821711192,ES383,Romance,ES,8067,15,THAT,0.8253,THAT,,Match,D441/01,that
60000003054800067,TELEVID8040_SCANNER19,ES383806758217111923160000003054800067,18/06/2025,13/06/2025,5821711192,ES383,Romance,ES,8067,31,B,0.8203,B,,Match,D441/01,B
60000003054800071,TELEVID8040_SCANNER19,ES383807158217111922860000003054800071,18/06/2025,13/06/2025,5821711192,ES383,Romance,ES,8071,28,THE STORM NOT DIED OUT,0.8385,THE STORM NOT DIED OUT,,Match,D441/01,the storm not died out/the storm not/died out/the storm not died down/the storm not/died down
60000003054800072,TELEVID8040_SCANNER19,ES383807258217111923260000003054800072,18/06/2025,13/06/2025,5821711192,ES383,Romance,ES,8072,32,C,0.8272,C,,Match,D441/01,A
60000003057400354,TELEVID8020_SCANNER19,BG015870358217111921560000003057400354,18/06/2025,13/06/2025,5821711192,BG015,Slavic,BG,8703,15,THIS,0.8209,THIS,,Match,D441/01,that
60000003057400355,TELEVID8020_SCANNER19,BG015870458217111921760000003057400355,18/06/2025,13/06/2025,5821711192,BG015,Slavic,BG,8704,17,CELEBRATED,0.8036,CELEBRATED,,Match,D441/01,celebrated
60000003059200455,televid8007_SCANNER19,ES589501358217111924860000003059200455,18/06/2025,13/06/2025,5821711192,ES589,Romance,ES,5013,48,--impossible--,0.8477,D,,NoMatch,D441/01,C
60000003059200459,televid8007_SCANNER19,ES589501758217111922260000003059200459,18/06/2025,13/06/2025,5821711192,ES589,Romance,ES,5017,22,FINDINGS,0.8275,FINDINGS,,Match,D441/01,findings
60000003059200465,televid8007_SCANNER19,ES589502358217111921760000003059200465,18/06/2025,13/06/2025,5821711192,ES589,Romance,ES,5023,17,CELEBRATED,0.8013,CELEBRATED,,Match,D441/01,celebrated
60000003059200485,televid8007_SCANNER19,ES589500658217111923460000003059200485,18/06/2025,13/06/2025,5821711192,ES589,Romance,ES,5006,34,A,0.819,A,,Match,D441/01,A
60000003059200491,televid8007_SCANNER19,ES589501258217111922060000003059200491,18/06/2025,13/06/2025,5821711192,ES589,Romance,ES,5012,20,PUBLICATION,0.8329,PUBLICATION,,Match,D441/01,publication
60000003059200491,televid8007_SCANNER19,ES589501258217111922960000003059200491,18/06/2025,13/06/2025,5821711192,ES589,Romance,ES,5012,29,PUT AWAY MARIA'S DESIRE TO BUY,0.8356,PUT AWAY MARIA'S DESIRE TO BUY,,Match,D441/01,put Maria off buying/put Maria off/buying/put Maria off going to buy/put Maria off/going to buy/put Maria off wanting to buy/put Maria off/wanting to buy
60000003059600369,televid8050_SCANNER19,IT160000291700886362860000003059600369,18/06/2025,07/06/2025,9170088636,IT160,Romance,IT,2,28,IMPRESSIONS THAT LED ME TO BELIEVE,0.8306,IMPRESSIONS THAT LED ME TO BELIEVE,,Match,D441/01,been led to believe/been led/to believe/been led to think/been led/to think/been led to understand/been led/to understand
60000003059800331,televid8046_SCANNER19,ES460040158217111923460000003059800331,18/06/2025,13/06/2025,5821711192,ES460,Romance,ES,401,34,C,0.8313,C,,Match,D441/01,A
60000003059800334,televid8046_SCANNER19,ES460040458217111921160000003059800334,18/06/2025,13/06/2025,5821711192,ES460,Romance,ES,404,11,NOTHING,0.8389,MING,,NoMatch,D441/01,much/anything
60000003059800335,televid8046_SCANNER19,ES460040558217111922660000003059800335,18/06/2025,13/06/2025,5821711192,ES460,Romance,ES,405,26,IS ABLE TO ESCAPE HAVING TO,0.847,IS ABLE TO ESCAPE HAVING TO,,Match,D441/01,can escape (from) having to/can escape (from)/having to/can escape (from) needing to/can escape (from)/needing to/can escape (from) the need to/can escape (from)/the need to/can escape (from) the fact of having to/can escape (from)/the fact of having to/can escape (from) the fact of needing to/can escape (from)/the fact of needing to/[is/'s] able to escape (from) having to/[is/'s] able to escape (from)/having to/[is/'s] able to escape (from) needing to/[is/'s] able to escape (from)/needing to/[is/'s] able to escape (from) the need to/[is/'s] able to escape (from)/the need to
60000003059800335,televid8046_SCANNER19,ES460040558217111923460000003059800335,18/06/2025,13/06/2025,5821711192,ES460,Romance,ES,405,34,A,0.8249,A,,Match,D441/01,A
60000003059800535,televid8046_SCANNER19,ES383800458217111923460000003059800535,18/06/2025,13/06/2025,5821711192,ES383,Romance,ES,8004,34,A,0.8492,A,,Match,D441/01,A
60000003059800538,televid8046_SCANNER19,ES383800758217111922960000003059800538,18/06/2025,13/06/2025,5821711192,ES383,Romance,ES,8007,29,PUT TO MARVA THE IDEA OF NOT BUYING,0.8457,PUT TO MARVA THE UDEA OF NOT BUYING,,NoMatch,D441/01,put Maria off buying/put Maria off/buying/put Maria off going to buy/put Maria off/going to buy/put Maria off wanting to buy/put Maria off/wanting to buy
60000003059800545,televid8046_SCANNER19,ES383801458217111922560000003059800545,18/06/2025,13/06/2025,5821711192,ES383,Romance,ES,8014,25,BEEN MORE DELIGHTED,0.8241,BEEN MORE DELIGHTED,,Match,D441/01,been (any) more delighted/been/(any) more delighted
60000003059800547,televid8046_SCANNER19,ES383801658217111921260000003059800547,18/06/2025,13/06/2025,5821711192,ES383,Romance,ES,8016,12,IF,0.8253,1F,,NoMatch,D441/01,other
60000003059800551,televid8046_SCANNER19,ES383802058217111923260000003059800551,18/06/2025,13/06/2025,5821711192,ES383,Romance,ES,8020,32,B,0.8195,B,,Match,D441/01,A
60000003059800590,televid8046_SCANNER19,ES383812258217111922260000003059800590,18/06/2025,13/06/2025,5821711192,ES383,Romance,ES,8122,22,FINDINGS,0.8155,EINDINGS,,NoMatch,D441/01,findings
60000003059800593,televid8046_SCANNER19,ES383812558217111923660000003059800593,18/06/2025,13/06/2025,5821711192,ES383,Romance,ES,8125,36,B,0.8164,B,,Match,D441/01,C
60000003059800598,televid8046_SCANNER19,ES383813058217111921160000003059800598,18/06/2025,13/06/2025,5821711192,ES383,Romance,ES,8130,11,ANYTHING,0.841,ANYTHING,,Match,D441/01,much/anything
60000003059800598,televid8046_SCANNER19,ES383813058217111922660000003059800598,18/06/2025,13/06/2025,5821711192,ES383,Romance,ES,8130,26,CAN ESCAPE TO,0.8235,LAN ESCAPE TO,,NoMatch,D441/01,can escape (from) having to/can escape (from)/having to/can escape (from) needing to/can escape (from)/needing to/can escape (from) the need to/can escape (from)/the need to/can escape (from) the fact of having to/can escape (from)/the fact of having to/can escape (from) the fact of needing to/can escape (from)/the fact of needing to/[is/'s] able to escape (from) having to/[is/'s] able to escape (from)/having to/[is/'s] able to escape (from) needing to/[is/'s] able to escape (from)/needing to/[is/'s] able to escape (from) the need to/[is/'s] able to escape (from)/the need to
60000003059800609,televid8046_SCANNER19,ES383814158217111922460000003059800609,18/06/2025,13/06/2025,5821711192,ES383,Romance,ES,8141,24,EXPERTISE,0.8081,EXPERTISE,,Match,D441/01,expertise
60000003059800624,televid8046_SCANNER19,ES383815658217111922660000003059800624,18/06/2025,13/06/2025,5821711192,ES383,Romance,ES,8156,26,CAN ESCAPE HAVING TO,0.8103,CAN ESCAPE HAVING TO,,Match,D441/01,can escape (from) having to/can escape (from)/having to/can escape (from) needing to/can escape (from)/needing to/can escape (from) the need to/can escape (from)/the need to/can escape (from) the fact of having to/can escape (from)/the fact of having to/can escape (from) the fact of needing to/can escape (from)/the fact of needing to/[is/'s] able to escape (from) having to/[is/'s] able to escape (from)/having to/[is/'s] able to escape (from) needing to/[is/'s] able to escape (from)/needing to/[is/'s] able to escape (from) the need to/[is/'s] able to escape (from)/the need to
60000003071900475,TELEVID8059_SCANNER19,PL161002058217111922360000003071900475,19/06/2025,13/06/2025,5821711192,PL161,Slavic,PL,20,23,INTELECTUALLY,0.8355,INTELECTUALLY,,Match,D441/01,intellectually
60000003071900475,TELEVID8059_SCANNER19,PL161002058217111922760000003071900475,19/06/2025,13/06/2025,5821711192,PL161,Slavic,PL,20,27,ABLE TO OFFER A SHED OF EXPLANATION,0.8077,ABLE TO OFFER A SHED OF EXPLANATION,,Match,D441/01,able to shed (any) light/able to/shed (any) light
60000003071900475,TELEVID8059_SCANNER19,PL161002058217111923660000003071900475,19/06/2025,13/06/2025,5821711192,PL161,Slavic,PL,20,36,C,0.8468,C,,Match,D441/01,C
60000003071900475,TELEVID8059_SCANNER19,PL161002058217111924360000003071900475,19/06/2025,13/06/2025,5821711192,PL161,Slavic,PL,20,43,--impossible--,0.8458,C,,NoMatch,D441/01,B
60000003071900654,TELEVID8059_SCANNER19,IT237000258217111923160000003071900654,19/06/2025,13/06/2025,5821711192,IT237,Romance,IT,2,31,B,0.8245,B,,Match,D441/01,B
60000003072800029,TELEVID8015_SCANNER19,ES383808758217111923160000003072800029,19/06/2025,13/06/2025,5821711192,ES383,Romance,ES,8087,31,B,0.8331,B,,Match,D441/01,B
60000003073100593,TELEVID8005_SCANNER19,ES397600158217111921060000003073100593,19/06/2025,13/06/2025,5821711192,ES397,Romance,ES,6001,10,ONE,0.8312,ONC,,NoMatch,D441/01,one
60000003073100595,TELEVID8005_SCANNER19,ES397600358217111921960000003073100595,19/06/2025,13/06/2025,5821711192,ES397,Romance,ES,6003,19,STRENGHTENING,0.8026,STRENGHTENING,,Match,D441/01,strengthened
60000003073100596,TELEVID8005_SCANNER19,ES39760045821711192360000003073100596,19/06/2025,13/06/2025,5821711192,ES397,Romance,ES,6004,3,D,0.8438,--impossible--,,NoMatch,D441/01,A
60000003073100599,TELEVID8005_SCANNER19,ES397600758217111923160000003073100599,19/06/2025,13/06/2025,5821711192,ES397,Romance,ES,6007,31,B,0.813,B,,Match,D441/01,B
60000003073100602,TELEVID8005_SCANNER19,ES397601058217111922360000003073100602,19/06/2025,13/06/2025,5821711192,ES397,Romance,ES,6010,23,INTELETUALLY,0.8499,INTELETUALLY,,Match,D441/01,intellectually
60000003073100603,TELEVID8005_SCANNER19,ES397601158217111923260000003073100603,19/06/2025,13/06/2025,5821711192,ES397,Romance,ES,6011,32,C,0.8488,C,,Match,D441/01,A
60000003073100606,TELEVID8005_SCANNER19,ES397601458217111922760000003073100606,19/06/2025,13/06/2025,5821711192,ES397,Romance,ES,6014,27,ABLE TO SHED,0.8236,ABLE TO SMED,,NoMatch,D441/01,able to shed (any) light/able to/shed (any) light
60000003073100609,TELEVID8005_SCANNER19,ES397601758217111924160000003073100609,19/06/2025,13/06/2025,5821711192,ES397,Romance,ES,6017,41,B,0.8398,B,,Match,D441/01,G
60000003073100618,TELEVID8005_SCANNER19,ES39760265821711192360000003073100618,19/06/2025,13/06/2025,5821711192,ES397,Romance,ES,6026,3,A,0.8336,"A, B",,NoMatch,D441/01,A
60000003073100618,TELEVID8005_SCANNER19,ES397602658217111923460000003073100618,19/06/2025,13/06/2025,5821711192,ES397,Romance,ES,6026,34,C,0.8151,C,,Match,D441/01,A
60000003073100623,TELEVID8005_SCANNER19,ES397603158217111923460000003073100623,19/06/2025,13/06/2025,5821711192,ES397,Romance,ES,6031,34,C,0.806,C,,Match,D441/01,A
60000003075000511,TELEVID8060_SCANNER19,BG005000658217111922560000003075000511,19/06/2025,13/06/2025,5821711192,BG005,Slavic,BG,6,25,HAVE MORE DELIGTHMENTS,0.8124,HAVE MORE DELIGTHMENTS,,Match,D441/01,been (any) more delighted/been/(any) more delighted
60000003075000511,TELEVID8060_SCANNER19,BG005000658217111922660000003075000511,19/06/2025,13/06/2025,5821711192,BG005,Slavic,BG,6,26,COULD ESCAPE FROM THE,0.8231,COULD ESCAPE FROM THE,,Match,D441/01,can escape (from) having to/can escape (from)/having to/can escape (from) needing to/can escape (from)/needing to/can escape (from) the need to/can escape (from)/the need to/can escape (from) the fact of having to/can escape (from)/the fact of having to/can escape (from) the fact of needing to/can escape (from)/the fact of needing to/[is/'s] able to escape (from) having to/[is/'s] able to escape (from)/having to/[is/'s] able to escape (from) needing to/[is/'s] able to escape (from)/needing to/[is/'s] able to escape (from) the need to/[is/'s] able to escape (from)/the need to
60000003075000511,TELEVID8060_SCANNER19,BG005000658217111923260000003075000511,19/06/2025,13/06/2025,5821711192,BG005,Slavic,BG,6,32,C,0.8388,C,,Match,D441/01,A
60000003075300557,TELEVID8067_SCANNER19,ES685800458217111923660000003075300557,19/06/2025,13/06/2025,5821711192,ES685,Romance,ES,8004,36,B,0.8319,"B, C",,NoMatch,D441/01,C
60000003075300563,TELEVID8067_SCANNER19,ES685801058217111923660000003075300563,19/06/2025,13/06/2025,5821711192,ES685,Romance,ES,8010,36,B,0.8398,B,,Match,D441/01,C
60000003075300575,TELEVID8067_SCANNER19,ES685802258217111925160000003075300575,19/06/2025,13/06/2025,5821711192,ES685,Romance,ES,8022,51,A,0.8403,A,,Match,D441/01,A
60000003078900030,TELEVID8095_SCANNER19,DE004800558217111921860000003078900030,19/06/2025,13/06/2025,5821711192,DE004,Germanic,DE,8005,18,BENEFICIAL,0.839,BENEFICIAL,,Match,D441/01,beneficial
60000003079300226,TELEVID8094_SCANNER19,PL277000458217111922760000003079300226,19/06/2025,13/06/2025,5821711192,PL277,Slavic,PL,4,27,ABLE TO SHED LIGHT,0.8424,ABLE TO SHED LIGHT,,Match,D441/01,able to shed (any) light/able to/shed (any) light
60000003079500775,TELEVID8069_SCANNER19,CH001490858217111923260000003079500775,19/06/2025,13/06/2025,5821711192,CH001,Germanic,CH,4908,32,C,0.8476,C,,Match,D441/01,A
60000003079500778,TELEVID8069_SCANNER19,CH001491158217111922660000003079500778,19/06/2025,13/06/2025,5821711192,CH001,Germanic,CH,4911,26,IS TO ESCAPE TO,0.8083,15 TO ESCAPE TO,,NoMatch,D441/01,can escape (from) having to/can escape (from)/having to/can escape (from) needing to/can escape (from)/needing to/can escape (from) the need to/can escape (from)/the need to/can escape (from) the fact of having to/can escape (from)/the fact of having to/can escape (from) the fact of needing to/can escape (from)/the fact of needing to/[is/'s] able to escape (from) having to/[is/'s] able to escape (from)/having to/[is/'s] able to escape (from) needing to/[is/'s] able to escape (from)/needing to/[is/'s] able to escape (from) the need to/[is/'s] able to escape (from)/the need to
60000003079500783,TELEVID8069_SCANNER19,CH001491658217111922660000003079500783,19/06/2025,13/06/2025,5821711192,CH001,Germanic,CH,4916,26,CAN ESCAPE HAVING TO,0.8125,CAN ESCAPE HAVING TO,,Match,D441/01,can escape (from) having to/can escape (from)/having to/can escape (from) needing to/can escape (from)/needing to/can escape (from) the need to/can escape (from)/the need to/can escape (from) the fact of having to/can escape (from)/the fact of having to/can escape (from) the fact of needing to/can escape (from)/the fact of needing to/[is/'s] able to escape (from) having to/[is/'s] able to escape (from)/having to/[is/'s] able to escape (from) needing to/[is/'s] able to escape (from)/needing to/[is/'s] able to escape (from) the need to/[is/'s] able to escape (from)/the need to
60000003079500786,TELEVID8069_SCANNER19,CH001491958217111923560000003079500786,19/06/2025,13/06/2025,5821711192,CH001,Germanic,CH,4919,35,C,0.8408,C,,Match,D441/01,C
60000003079500787,TELEVID8069_SCANNER19,CH001492058217111921760000003079500787,19/06/2025,13/06/2025,5821711192,CH001,Germanic,CH,4920,17,CELEBRATED,0.8138,CELEBRATED,,Match,D441/01,celebrated
60000003079500787,TELEVID8069_SCANNER19,CH001492058217111922760000003079500787,19/06/2025,13/06/2025,5821711192,CH001,Germanic,CH,4920,27,ABLE TO SHED,0.8247,AB2E TO SHED,,NoMatch,D441/01,able to shed (any) light/able to/shed (any) light
60000003079500787,TELEVID8069_SCANNER19,CH001492058217111923260000003079500787,19/06/2025,13/06/2025,5821711192,CH001,Germanic,CH,4920,32,A,0.82,A,,Match,D441/01,A
60000003079500843,TELEVID8069_SCANNER19,CH001480658217111923660000003079500843,19/06/2025,13/06/2025,5821711192,CH001,Germanic,CH,4806,36,C,0.8004,C,,Match,D441/01,C
60000003079500847,TELEVID8069_SCANNER19,CH001481058217111922960000003079500847,19/06/2025,13/06/2025,5821711192,CH001,Germanic,CH,4810,29,PUT OFF MARIA'S DECISION TO BUY,0.8434,PUT OFF MARIA'S DECISION TO BUY,,Match,D441/01,put Maria off buying/put Maria off/buying/put Maria off going to buy/put Maria off/going to buy/put Maria off wanting to buy/put Maria off/wanting to buy
60000003079500849,TELEVID8069_SCANNER19,CH001481258217111923560000003079500849,19/06/2025,13/06/2025,5821711192,CH001,Germanic,CH,4812,35,C,0.8206,C,,Match,D441/01,C
60000003079500852,TELEVID8069_SCANNER19,CH001481558217111922960000003079500852,19/06/2025,13/06/2025,5821711192,CH001,Germanic,CH,4815,29,PUT MARIA OFF FROM BUYING,0.8428,PUT MARIA OFF FROM BUYING,,Match,D441/01,put Maria off buying/put Maria off/buying/put Maria off going to buy/put Maria off/going to buy/put Maria off wanting to buy/put Maria off/wanting to buy
60000003079500855,TELEVID8069_SCANNER19,CH001481858217111921860000003079500855,19/06/2025,13/06/2025,5821711192,CH001,Germanic,CH,4818,18,BENEFITIAL,0.8274,BENEFITIAL,,Match,D441/01,beneficial
60000003079500860,TELEVID8069_SCANNER19,CH001482358217111923160000003079500860,19/06/2025,13/06/2025,5821711192,CH001,Germanic,CH,4823,31,B,0.8348,B,,Match,D441/01,B
60000003079500863,TELEVID8069_SCANNER19,CH001482658217111921960000003079500863,19/06/2025,13/06/2025,5821711192,CH001,Germanic,CH,4826,19,STRENGHTHENED,0.8402,STRENGHTHENED,,Match,D441/01,strengthened
60000003081400208,TELEVID8106_SCANNER19,ES439700158217111922660000003081400208,19/06/2025,13/06/2025,5821711192,ES439,Romance,ES,7001,26,CAN ESCAPE FROM HAVING TO,0.8462,CAN ESCAPE FROM HAVING TO,,Match,D441/01,can escape (from) having to/can escape (from)/having to/can escape (from) needing to/can escape (from)/needing to/can escape (from) the need to/can escape (from)/the need to/can escape (from) the fact of having to/can escape (from)/the fact of having to/can escape (from) the fact of needing to/can escape (from)/the fact of needing to/[is/'s] able to escape (from) having to/[is/'s] able to escape (from)/having to/[is/'s] able to escape (from) needing to/[is/'s] able to escape (from)/needing to/[is/'s] able to escape (from) the need to/[is/'s] able to escape (from)/the need to
60000003081400208,TELEVID8106_SCANNER19,ES439700158217111922760000003081400208,19/06/2025,13/06/2025,5821711192,ES439,Romance,ES,7001,27,ABLE TO SHED ANY LIGHT,0.8084,ABLE TO SHED ANY LIGHT,,Match,D441/01,able to shed (any) light/able to/shed (any) light
60000003081400210,TELEVID8106_SCANNER19,ES439700358217111922960000003081400210,19/06/2025,13/06/2025,5821711192,ES439,Romance,ES,7003,29,PUT OFF MARIA'S DECISION OF BUYING,0.8266,PUT OFF MARIA'S DECISION OF BUYING,,Match,D441/01,put Maria off buying/put Maria off/buying/put Maria off going to buy/put Maria off/going to buy/put Maria off wanting to buy/put Maria off/wanting to buy
60000003081400211,TELEVID8106_SCANNER19,ES439700458217111922860000003081400211,19/06/2025,13/06/2025,5821711192,ES439,Romance,ES,7004,28,THE STORM NOT DIED BY ITSELF,0.8213,THE STORM NOT DIED BY ITSELF,,Match,D441/01,the storm not died out/the storm not/died out/the storm not died down/the storm not/died down
60000003081400215,TELEVID8106_SCANNER19,ES439700858217111921460000003081400215,19/06/2025,13/06/2025,5821711192,ES439,Romance,ES,7008,14,THEM,0.8476,THEM,,Match,D441/01,us
60000003081400215,TELEVID8106_SCANNER19,ES439700858217111922660000003081400215,19/06/2025,13/06/2025,5821711192,ES439,Romance,ES,7008,26,CAN ESCAPE FROM HAVING TO,0.8491,CAN ESCAPE FROM HAVING TO,,Match,D441/01,can escape (from) having to/can escape (from)/having to/can escape (from) needing to/can escape (from)/needing to/can escape (from) the need to/can escape (from)/the need to/can escape (from) the fact of having to/can escape (from)/the fact of having to/can escape (from) the fact of needing to/can escape (from)/the fact of needing to/[is/'s] able to escape (from) having to/[is/'s] able to escape (from)/having to/[is/'s] able to escape (from) needing to/[is/'s] able to escape (from)/needing to/[is/'s] able to escape (from) the need to/[is/'s] able to escape (from)/the need to
60000003081400217,TELEVID8106_SCANNER19,ES439701058217111921060000003081400217,19/06/2025,13/06/2025,5821711192,ES439,Romance,ES,7010,10,OBVIOUS,0.8421,03V10US,,NoMatch,D441/01,one
60000003081400218,TELEVID8106_SCANNER19,ES439701158217111921260000003081400218,19/06/2025,13/06/2025,5821711192,ES439,Romance,ES,7011,12,IF,0.8179,1F,,NoMatch,D441/01,other
60000003081400219,TELEVID8106_SCANNER19,ES439701258217111922960000003081400219,19/06/2025,13/06/2025,5821711192,ES439,Romance,ES,7012,29,MADE MARIA PUT OFF BUYING,0.8498,MADE MARIA PUT OFF BUYING,,Match,D441/01,put Maria off buying/put Maria off/buying/put Maria off going to buy/put Maria off/going to buy/put Maria off wanting to buy/put Maria off/wanting to buy
60000003081400229,TELEVID8106_SCANNER19,ES439702258217111923460000003081400229,19/06/2025,13/06/2025,5821711192,ES439,Romance,ES,7022,34,B,0.8327,B,,Match,D441/01,A
60000003081400230,TELEVID8106_SCANNER19,ES439702358217111922860000003081400230,19/06/2025,13/06/2025,5821711192,ES439,Romance,ES,7023,28,THE STORM NEVER DIED,0.8139,THE STORM NEVER DIED,,Match,D441/01,the storm not died out/the storm not/died out/the storm not died down/the storm not/died down
60000003081400231,TELEVID8106_SCANNER19,ES439710158217111923060000003081400231,19/06/2025,13/06/2025,5821711192,ES439,Romance,ES,7101,30,IN LOOK FOR,0.822,IN COOK FOR,,NoMatch,D441/01,in (the) hope of finding/in (the) hope of/finding/in (the) hope of being able to find/in (the) hope of/being able to find/in (the) hopes of being able to find/in (the) hopes of finding/in (the) hopes of/finding/in (the) hopes of/being able to find/in (the) hope (that) she [would/'d] find/in (the) hope (that)/she [would/'d] find/in (the) hopes (that) she [would/'d] find/in (the) hopes (that)/she [would/'d] find
60000003082200386,TELEVID8102_SCANNER19,DE008002758217111922860000003082200386,19/06/2025,13/06/2025,5821711192,DE008,Germanic,DE,27,28,THE STORM NOT DIED BY ITSELF,0.8248,THE STORM NOT DIED BY ITSELF,,Match,D441/01,the storm not died out/the storm not/died out/the storm not died down/the storm not/died down
60000003082200387,TELEVID8102_SCANNER19,DE008002858217111923260000003082200387,19/06/2025,13/06/2025,5821711192,DE008,Germanic,DE,28,32,A,0.8072,A,,Match,D441/01,A
60000003082200387,TELEVID8102_SCANNER19,DE008002858217111923660000003082200387,19/06/2025,13/06/2025,5821711192,DE008,Germanic,DE,28,36,C,0.8436,D,,NoMatch,D441/01,C
60000003082200389,TELEVID8102_SCANNER19,DE008003058217111923160000003082200389,19/06/2025,13/06/2025,5821711192,DE008,Germanic,DE,30,31,D,0.8276,D,,Match,D441/01,B
60000003082700025,TELEVID8101_SCANNER19,PL277001058217111922360000003082700025,19/06/2025,13/06/2025,5821711192,PL277,Slavic,PL,10,23,INTELLECTUALLY,0.8127,INTELLECTUALLY,,Match,D441/01,intellectually
60000003082700027,TELEVID8101_SCANNER19,PL277001258217111922660000003082700027,19/06/2025,13/06/2025,5821711192,PL277,Slavic,PL,12,26,CAN ESCAPE HAVING TO DEAL,0.8202,CAN ESCAPE HAVING TO DEAL,,Match,D441/01,can escape (from) having to/can escape (from)/having to/can escape (from) needing to/can escape (from)/needing to/can escape (from) the need to/can escape (from)/the need to/can escape (from) the fact of having to/can escape (from)/the fact of having to/can escape (from) the fact of needing to/can escape (from)/the fact of needing to/[is/'s] able to escape (from) having to/[is/'s] able to escape (from)/having to/[is/'s] able to escape (from) needing to/[is/'s] able to escape (from)/needing to/[is/'s] able to escape (from) the need to/[is/'s] able to escape (from)/the need to
60000003082700322,TELEVID8101_SCANNER19,PL277001558217111921460000003082700322,19/06/2025,13/06/2025,5821711192,PL277,Slavic,PL,15,14,IT,0.8457,IT,,Match,D441/01,us
60000003082700322,TELEVID8101_SCANNER19,PL277001558217111922660000003082700322,19/06/2025,13/06/2025,5821711192,PL277,Slavic,PL,15,26,CAN ESCAPE HAVING TO,0.8138,CANESCAPE HAVING TO,,NoMatch,D441/01,can escape (from) having to/can escape (from)/having to/can escape (from) needing to/can escape (from)/needing to/can escape (from) the need to/can escape (from)/the need to/can escape (from) the fact of having to/can escape (from)/the fact of having to/can escape (from) the fact of needing to/can escape (from)/the fact of needing to/[is/'s] able to escape (from) having to/[is/'s] able to escape (from)/having to/[is/'s] able to escape (from) needing to/[is/'s] able to escape (from)/needing to/[is/'s] able to escape (from) the need to/[is/'s] able to escape (from)/the need to
60000003082700326,TELEVID8101_SCANNER19,PL277001958217111925060000003082700326,19/06/2025,13/06/2025,5821711192,PL277,Slavic,PL,19,50,B,0.8291,"B, C",,NoMatch,D441/01,C
60000003092300427,TELEVID8124_SCANNER19,IT305800258217111923460000003092300427,20/06/2025,13/06/2025,5821711192,IT305,Romance,IT,8002,34,B,0.8182,"B, C",,NoMatch,D441/01,A
60000003092300428,TELEVID8124_SCANNER19,IT305800358217111922760000003092300428,20/06/2025,13/06/2025,5821711192,IT305,Romance,IT,8003,27,AWARE OF ANY EXPLANATION,0.8077,AWARE OF ANY EXPLANATION,,Match,D441/01,able to shed (any) light/able to/shed (any) light
60000003092300428,TELEVID8124_SCANNER19,IT305800358217111924860000003092300428,20/06/2025,13/06/2025,5821711192,IT305,Romance,IT,8003,48,C,0.8142,C,,Match,D441/01,C
60000003092300429,TELEVID8124_SCANNER19,IT305800458217111921460000003092300429,20/06/2025,13/06/2025,5821711192,IT305,Romance,IT,8004,14,THEM,0.8188,THEM,,Match,D441/01,us
60000003092300468,TELEVID8124_SCANNER19,IT027000158217111921760000003092300468,20/06/2025,13/06/2025,5821711192,IT027,Romance,IT,1,17,CELEBRE,0.81,CELEBRE,,Match,D441/01,celebrated
60000003092300470,TELEVID8124_SCANNER19,IT02700035821711192660000003092300470,20/06/2025,13/06/2025,5821711192,IT027,Romance,IT,3,6,D,0.83,D,,Match,D441/01,D
60000003094000858,televid8133_SCANNER19,ES42100015821711192560000003094000858,20/06/2025,13/06/2025,5821711192,ES421,Romance,ES,1,5,--impossible--,0.8335,--impossible--,,Match,D441/01,C
60000003094000858,televid8133_SCANNER19,ES421000158217111922560000003094000858,20/06/2025,13/06/2025,5821711192,ES421,Romance,ES,1,25,MORE HAPPINESS IN HIM,0.816,MORE HAPPINESS IN HIM,,Match,D441/01,been (any) more delighted/been/(any) more delighted
60000003094000864,televid8133_SCANNER19,ES421000758217111922960000003094000864,20/06/2025,13/06/2025,5821711192,ES421,Romance,ES,7,29,PUT OFF MARIA'S INTEREST OF,0.8256,PUT OFF MARIA'S INTEREST OF,,Match,D441/01,put Maria off buying/put Maria off/buying/put Maria off going to buy/put Maria off/going to buy/put Maria off wanting to buy/put Maria off/wanting to buy
60000003094000869,televid8133_SCANNER19,ES421001258217111923660000003094000869,20/06/2025,13/06/2025,5821711192,ES421,Romance,ES,12,36,C,0.8208,C,,Match,D441/01,C
60000003094700257,televid8132_SCANNER19,ES252020258217111921960000003094700257,20/06/2025,13/06/2025,5821711192,ES252,Romance,ES,202,19,STRONGER,0.8489,STRONGER,,Match,D441/01,strengthened
60000003094700261,televid8132_SCANNER19,ES252020658217111922960000003094700261,20/06/2025,13/06/2025,5821711192,ES252,Romance,ES,206,29,READ BY MARIA MADE HER PUT OFF WITH,0.8235,READ BY MARIA MADE HER PUT OFF WITH,,Match,D441/01,put Maria off buying/put Maria off/buying/put Maria off going to buy/put Maria off/going to buy/put Maria off wanting to buy/put Maria off/wanting to buy
60000003094700520,televid8132_SCANNER19,IT966000358217111923560000003094700520,20/06/2025,13/06/2025,5821711192,IT966,Romance,IT,3,35,C,0.8276,C,,Match,D441/01,C
60000003100800623,televid8148_SCANNER19,IT304000158217111922960000003100800623,23/06/2025,13/06/2025,5821711192,IT304,Romance,IT,1,29,PUT MARIA IN THE CONDITION OF NOT BUYING,0.8377,PUT MARIA IN THE CONDITION OF NO BUYING,,NoMatch,D441/01,put Maria off buying/put Maria off/buying/put Maria off going to buy/put Maria off/going to buy/put Maria off wanting to buy/put Maria off/wanting to buy
60000003100800624,televid8148_SCANNER19,IT304000258217111922560000003100800624,23/06/2025,13/06/2025,5821711192,IT304,Romance,IT,2,25,HAD ANYTHING MORE TO WISH FOR,0.8443,HAD ANYTHING MORE TO WISH FOR,,Match,D441/01,been (any) more delighted/been/(any) more delighted
60000003100800624,televid8148_SCANNER19,IT304000258217111924860000003100800624,23/06/2025,13/06/2025,5821711192,IT304,Romance,IT,2,48,C,0.8468,C,,Match,D441/01,C
60000003101400824,televid8166_SCANNER19,ES497001158217111922760000003101400824,23/06/2025,13/06/2025,5821711192,ES497,Romance,ES,11,27,SHEDDING ANY LIGHT,0.84,SHEDDING ANY LIGHT,,Match,D441/01,able to shed (any) light/able to/shed (any) light
60000003101400825,televid8166_SCANNER19,ES497001258217111922860000003101400825,23/06/2025,13/06/2025,5821711192,ES497,Romance,ES,12,28,THE STORM NOT DIED OUT BY ITSELF,0.8345,THE STORM NOT DIED OUT BY ITSELF,,Match,D441/01,the storm not died out/the storm not/died out/the storm not died down/the storm not/died down
60000003101400826,televid8166_SCANNER19,ES497001358217111923160000003101400826,23/06/2025,13/06/2025,5821711192,ES497,Romance,ES,13,31,B,0.8195,B,,Match,D441/01,B
60000003101400828,televid8166_SCANNER19,ES497001558217111923060000003101400828,23/06/2025,13/06/2025,5821711192,ES497,Romance,ES,15,30,IN HOPES OF FINDING,0.8356,IN HOPES OP FINDING,,NoMatch,D441/01,in (the) hope of finding/in (the) hope of/finding/in (the) hope of being able to find/in (the) hope of/being able to find/in (the) hopes of being able to find/in (the) hopes of finding/in (the) hopes of/finding/in (the) hopes of/being able to find/in (the) hope (that) she [would/'d] find/in (the) hope (that)/she [would/'d] find/in (the) hopes (that) she [would/'d] find/in (the) hopes (that)/she [would/'d] find
60000003101400830,televid8166_SCANNER19,ES497001758217111921960000003101400830,23/06/2025,13/06/2025,5821711192,ES497,Romance,ES,17,19,RESTENGHT,0.8471,RESTENGHT,,Match,D441/01,strengthened
60000003101400830,televid8166_SCANNER19,ES497001758217111922560000003101400830,23/06/2025,13/06/2025,5821711192,ES497,Romance,ES,17,25,BEEN MORE DELIGHTED,0.8283,BEEN MORE DELIGHTED,,Match,D441/01,been (any) more delighted/been/(any) more delighted
60000003113900148,TELEVID8179_SCANNER18,ES330001358217111923660000003113900148,23/06/2025,13/06/2025,5821711192,ES330,Romance,ES,13,36,C,0.8167,C,,Match,D441/01,C
60000003113900154,TELEVID8179_SCANNER18,ES330002258217111921960000003113900154,23/06/2025,13/06/2025,5821711192,ES330,Romance,ES,22,19,STRENGHTENED,0.8433,STRENGHTENED,,Match,D441/01,strengthened
60000003115400154,televid8180_SCANNER19,IT056000158217111921260000003115400154,24/06/2025,13/06/2025,5821711192,IT056,Romance,IT,1,12,IF,0.8298,1F,,NoMatch,D441/01,other
60000003115400163,televid8180_SCANNER19,IT056001058217111921860000003115400163,24/06/2025,13/06/2025,5821711192,IT056,Romance,IT,10,18,BENEFICIAL,0.8318,BENEFICIAL,,Match,D441/01,beneficial
60000003115400166,televid8180_SCANNER19,IT056001358217111923060000003115400166,24/06/2025,13/06/2025,5821711192,IT056,Romance,IT,13,30,IN SEARCH FOR,0.849,IN SEARCH FOR,,Match,D441/01,in (the) hope of finding/in (the) hope of/finding/in (the) hope of being able to find/in (the) hope of/being able to find/in (the) hopes of being able to find/in (the) hopes of finding/in (the) hopes of/finding/in (the) hopes of/being able to find/in (the) hope (that) she [would/'d] find/in (the) hope (that)/she [would/'d] find/in (the) hopes (that) she [would/'d] find/in (the) hopes (that)/she [would/'d] find
60000003115400397,televid8180_SCANNER19,IT560800458217111922460000003115400397,24/06/2025,13/06/2025,5821711192,IT560,Romance,IT,8004,24,EXPERTISE,0.8344,EXPERTISE,,Match,D441/01,expertise
60000003115400398,televid8180_SCANNER19,IT560800558217111922660000003115400398,24/06/2025,13/06/2025,5821711192,IT560,Romance,IT,8005,26,CAN ESCAPE HAVING TO,0.8377,CAN ESCAPE HAVING TO,,Match,D441/01,can escape (from) having to/can escape (from)/having to/can escape (from) needing to/can escape (from)/needing to/can escape (from) the need to/can escape (from)/the need to/can escape (from) the fact of having to/can escape (from)/the fact of having to/can escape (from) the fact of needing to/can escape (from)/the fact of needing to/[is/'s] able to escape (from) having to/[is/'s] able to escape (from)/having to/[is/'s] able to escape (from) needing to/[is/'s] able to escape (from)/needing to/[is/'s] able to escape (from) the need to/[is/'s] able to escape (from)/the need to
60000003115400400,televid8180_SCANNER19,IT560800758217111922960000003115400400,24/06/2025,13/06/2025,5821711192,IT560,Romance,IT,8007,29,"HAD PUT IT IN PERSPECTIVE, MARIA LEFT WITHOUT",0.8496,"HAD PUT IT IN PERSPECTIVE, MARIA LEFT WITHOUT",,Match,D441/01,put Maria off buying/put Maria off/buying/put Maria off going to buy/put Maria off/going to buy/put Maria off wanting to buy/put Maria off/wanting to buy
60000003116700168,televid8170_SCANNER19,BR020004758217111922560000003116700168,24/06/2025,13/06/2025,5821711192,BR020,Romance,BR,47,25,MORE OF HIS ABSOLUTLY DELIGATION,0.8196,MORE OF HIS ABSOLUTELY DELIGATION,,NoMatch,D441/01,been (any) more delighted/been/(any) more delighted
60000003116700168,televid8170_SCANNER19,BR020004758217111922960000003116700168,24/06/2025,13/06/2025,5821711192,BR020,Romance,BR,47,29,PUT BEAK MARIA'S INTENTION TO BUY,0.8279,PUT BEAK MARIA'S INTENTION TO BUY,,Match,D441/01,put Maria off buying/put Maria off/buying/put Maria off going to buy/put Maria off/going to buy/put Maria off wanting to buy/put Maria off/wanting to buy
60000003116700501,televid8170_SCANNER19,BR020002858217111923560000003116700501,24/06/2025,13/06/2025,5821711192,BR020,Romance,BR,28,35,C,0.8492,C,,Match,D441/01,C
60000003116700509,televid8170_SCANNER19,BR020003658217111923660000003116700509,24/06/2025,13/06/2025,5821711192,BR020,Romance,BR,36,36,C,0.8265,C,,Match,D441/01,C
60000003116700516,televid8170_SCANNER19,BR020007258217111923260000003116700516,24/06/2025,13/06/2025,5821711192,BR020,Romance,BR,72,32,B,0.8468,B,,Match,D441/01,A
60000003116900003,televid8186_SCANNER19,ES37700035821711192160000003116900003,24/06/2025,13/06/2025,5821711192,ES377,Romance,ES,3,1,D,0.8494,D,,Match,D441/01,D
60000003117800488,televid8175_SCANNER19,ES330000958217111923460000003117800488,24/06/2025,13/06/2025,5821711192,ES330,Romance,ES,9,34,C,0.8278,C,,Match,D441/01,A
60000003117800489,televid8175_SCANNER19,ES330001058217111923160000003117800489,24/06/2025,13/06/2025,5821711192,ES330,Romance,ES,10,31,B,0.8162,B,,Match,D441/01,B
60000003117800490,televid8175_SCANNER19,ES330001158217111922760000003117800490,24/06/2025,13/06/2025,5821711192,ES330,Romance,ES,11,27,ABLE TO SHED ANY LIGHT,0.8001,ABLE TO SHED ANY LIGHT,,Match,D441/01,able to shed (any) light/able to/shed (any) light
60000003117800493,televid8175_SCANNER19,ES330002858217111923060000003117800493,24/06/2025,13/06/2025,5821711192,ES330,Romance,ES,28,30,IN HOPE OF FINDING,0.8444,IN HOPE OF FINDING,,Match,D441/01,in (the) hope of finding/in (the) hope of/finding/in (the) hope of being able to find/in (the) hope of/being able to find/in (the) hopes of being able to find/in (the) hopes of finding/in (the) hopes of/finding/in (the) hopes of/being able to find/in (the) hope (that) she [would/'d] find/in (the) hope (that)/she [would/'d] find/in (the) hopes (that) she [would/'d] find/in (the) hopes (that)/she [would/'d] find
300003949000628,TELEVID5363_SCANNER13,CH0550003240866992928300003949000628,15/05/2025,10/05/2025,2408669929,CH055,Germanic,CH,3,28,B,0.8001,"B, D",,NoMatch,D441/03,B
300004029500315,TELEVID5466_SCANNER12,CH008500924086699297300004029500315,21/05/2025,10/05/2025,2408669929,CH008,Germanic,CH,5009,7,FORENSICSIENCE,0.845,FORENSICSIENCE,,Match,D441/03,forensic science
300004029500321,TELEVID5466_SCANNER12,CH0085015240866992914300004029500321,21/05/2025,10/05/2025,2408669929,CH008,Germanic,CH,5015,14,FINGERPRINTS,0.8455,FINGERPRINTS,,Match,D441/03,fingerprints
300004029500322,TELEVID5466_SCANNER12,CH0085016240866992918300004029500322,21/05/2025,10/05/2025,2408669929,CH008,Germanic,CH,5016,18,C,0.8197,C,,Match,D441/03,C
300004029500328,TELEVID5466_SCANNER12,CH0085022240866992914300004029500328,21/05/2025,10/05/2025,2408669929,CH008,Germanic,CH,5022,14,FINGERPRINTS,0.8465,FINGERPRINTS,,Match,D441/03,fingerprints
300004029500329,TELEVID5466_SCANNER12,CH0085023240866992914300004029500329,21/05/2025,10/05/2025,2408669929,CH008,Germanic,CH,5023,14,FINGERPRINTS,0.8379,FINGERPRINTS,,Match,D441/03,fingerprints
300004029500507,TELEVID5466_SCANNER12,CH0595300240866992914300004029500507,21/05/2025,10/05/2025,2408669929,CH059,Germanic,CH,5300,14,FINGERPRINTS,0.8473,FINGERPRINTS,,Match,D441/03,fingerprints
300004029500509,TELEVID5466_SCANNER12,CH0595302240866992914300004029500509,21/05/2025,10/05/2025,2408669929,CH059,Germanic,CH,5302,14,FINGERPRINTS,0.8386,FINGERPRINTS,,Match,D441/03,fingerprints
300004029500511,TELEVID5466_SCANNER12,CH0595304240866992914300004029500511,21/05/2025,10/05/2025,2408669929,CH059,Germanic,CH,5304,14,FINGERPRINTS,0.8128,FINGERPRINTS,,Match,D441/03,fingerprints
300004029500514,TELEVID5466_SCANNER12,CH059530724086699295300004029500514,21/05/2025,10/05/2025,2408669929,CH059,Germanic,CH,5307,5,C,0.8402,C,,Match,D441/03,C
300004048600108,TELEVID5480_SCANNER12,GR1188237248127599812300004048600108,22/05/2025,17/05/2025,2481275998,GR118,Greek,GR,8237,12,DIET AND MOBILITY,0.8106,DIET AND MOBILITY,,Match,D441/03,mobility
300004048600131,TELEVID5480_SCANNER12,GR118826024812759988300004048600131,22/05/2025,17/05/2025,2481275998,GR118,Greek,GR,8260,8,SHELVES GEMSTONES,0.8458,SHELVES GEMSTONES,,Match,D441/03,copper
300004048600135,TELEVID5480_SCANNER12,GR118826424812759988300004048600135,22/05/2025,17/05/2025,2481275998,GR118,Greek,GR,8264,8,CUPPER,0.8296,CUPPER,,Match,D441/03,copper
300004048600137,TELEVID5480_SCANNER12,GR118826624812759987300004048600137,22/05/2025,17/05/2025,2481275998,GR118,Greek,GR,8266,7,FLOWER SHEET,0.8077,FLOWER SHEET,,Match,D441/03,textile (production)
300004048600144,TELEVID5480_SCANNER12,GR118827324812759987300004048600144,22/05/2025,17/05/2025,2481275998,GR118,Greek,GR,8273,7,TEXTILE,0.8484,TEXTILEL,,NoMatch,D441/03,textile (production)
300004048600144,TELEVID5480_SCANNER12,GR1188273248127599812300004048600144,22/05/2025,17/05/2025,2481275998,GR118,Greek,GR,8273,12,MOBILITY,0.8142,HOBOLITY,,NoMatch,D441/03,mobility
300004048600146,TELEVID5480_SCANNER12,GR118827524812759989300004048600146,22/05/2025,17/05/2025,2481275998,GR118,Greek,GR,8275,9,ROYAL ZONES,0.8173,ROYAL ZUNES,,NoMatch,D441/03,beads/artefacts
300004048600152,TELEVID5480_SCANNER12,GR118828124812759983300004048600152,22/05/2025,17/05/2025,2481275998,GR118,Greek,GR,8281,3,A,0.8152,A,,Match,D441/03,B
300004048600152,TELEVID5480_SCANNER12,GR118828124812759984300004048600152,22/05/2025,17/05/2025,2481275998,GR118,Greek,GR,8281,4,A,0.8074,A,,Match,D441/03,A
300004048600238,TELEVID5480_SCANNER12,GR1180018248127599811300004048600238,22/05/2025,17/05/2025,2481275998,GR118,Greek,GR,18,11,MARK,0.8333,MARK,,Match,D441/03,(social) status
300004048600243,TELEVID5480_SCANNER12,GR1180023248127599815300004048600243,22/05/2025,17/05/2025,2481275998,GR118,Greek,GR,23,15,LAND,0.8148,LAND,,Match,D441/03,rain/rainfall/(rain) water
300004048600252,TELEVID5480_SCANNER12,GR118003224812759987300004048600252,22/05/2025,17/05/2025,2481275998,GR118,Greek,GR,32,7,TEXTTILE,0.8416,TEXTILLE,,NoMatch,D441/03,textile (production)
300004048600256,TELEVID5480_SCANNER12,GR118003624812759984300004048600256,22/05/2025,17/05/2025,2481275998,GR118,Greek,GR,36,4,A,0.8291,A,,Match,D441/03,A
300004048600767,TELEVID5480_SCANNER12,GR118873624812759987300004048600767,22/05/2025,17/05/2025,2481275998,GR118,Greek,GR,8736,7,FLOWISHING,0.848,FLOWISHING,,Match,D441/03,textile (production)
300004048600771,TELEVID5480_SCANNER12,GR118874024812759989300004048600771,22/05/2025,17/05/2025,2481275998,GR118,Greek,GR,8740,9,TOMGS,0.8009,TOMBS,,NoMatch,D441/03,beads/artefacts
300004048600776,TELEVID5480_SCANNER12,GR1188745248127599810300004048600776,22/05/2025,17/05/2025,2481275998,GR118,Greek,GR,8745,10,"SHEEP, GOATS",0.8498,"SHEEP, GOATS",,Match,D441/03,grain(s)
300004048600798,TELEVID5480_SCANNER12,GR118876724812759987300004048600798,22/05/2025,17/05/2025,2481275998,GR118,Greek,GR,8767,7,TEXTILE PRODUCTION,0.8139,TEXTILE PRODUCTION,,Match,D441/03,textile (production)
300004048600858,TELEVID5480_SCANNER12,GR118871624812759984300004048600858,22/05/2025,17/05/2025,2481275998,GR118,Greek,GR,8716,4,A,0.8491,A,,Match,D441/03,A
300004048600858,TELEVID5480_SCANNER12,GR1188716248127599815300004048600858,22/05/2025,17/05/2025,2481275998,GR118,Greek,GR,8716,15,EFFECTIVE CLIMATE CHANGE,0.835,EFFECTIVE CHANGE,,NoMatch,D441/03,rain/rainfall/(rain) water
300004048600875,TELEVID5480_SCANNER12,GR118873324812759988300004048600875,22/05/2025,17/05/2025,2481275998,GR118,Greek,GR,8733,8,GEBSTONES,0.8285,GEBSTONES,,Match,D441/03,copper
300004048600875,TELEVID5480_SCANNER12,GR1188733248127599824300004048600875,22/05/2025,17/05/2025,2481275998,GR118,Greek,GR,8733,24,--blank--,0.807,F,,NoMatch,D441/03,A
300004064000161,TELEVID5514_SCANNER12,GR1188423248127599814300004064000161,23/05/2025,17/05/2025,2481275998,GR118,Greek,GR,8423,14,COSMETIC,0.8413,LOSMETIC,,NoMatch,D441/03,cosmetic
300004064000192,TELEVID5514_SCANNER12,GR118853424812759989300004064000192,23/05/2025,17/05/2025,2481275998,GR118,Greek,GR,8534,9,ROYAL TOMBS,0.8373,ROYAL TOMBS,,Match,D441/03,beads/artefacts
300004064000195,TELEVID5514_SCANNER12,GR118853724812759989300004064000195,23/05/2025,17/05/2025,2481275998,GR118,Greek,GR,8537,9,PRECIOUS STONE,0.8232,PRECIOUS STONE,,Match,D441/03,beads/artefacts
300004064000200,TELEVID5514_SCANNER12,GR118854224812759989300004064000200,23/05/2025,17/05/2025,2481275998,GR118,Greek,GR,8542,9,ITEMS,0.8043,ITEMS,,Match,D441/03,beads/artefacts
300004064000218,TELEVID5514_SCANNER12,GR118867224812759981300004064000218,23/05/2025,17/05/2025,2481275998,GR118,Greek,GR,8672,1,C,0.8108,C,,Match,D441/03,B
300004064000218,TELEVID5514_SCANNER12,GR1188672248127599811300004064000218,23/05/2025,17/05/2025,2481275998,GR118,Greek,GR,8672,11,PERSONAL DESIGH,0.8218,PERSONAL DESIGH,,Match,D441/03,(social) status
300004064000386,TELEVID5514_SCANNER12,GR1188790248127599812300004064000386,23/05/2025,17/05/2025,2481275998,GR118,Greek,GR,8790,12,MOBILITY,0.821,MOBILITY,,Match,D441/03,mobility
300004064000603,TELEVID5514_SCANNER12,GR1188478248127599810300004064000603,23/05/2025,17/05/2025,2481275998,GR118,Greek,GR,8478,10,TRAJUCTION,0.845,TRAJUCTION,,Match,D441/03,grain(s)
300004064000882,TELEVID5514_SCANNER12,GR806801224812759982300004064000882,23/05/2025,17/05/2025,2481275998,GR806,Greek,GR,8012,2,A,0.8485,A,,Match,D441/03,A
300004064000894,TELEVID5514_SCANNER12,GR806800324812759988300004064000894,23/05/2025,17/05/2025,2481275998,GR806,Greek,GR,8003,8,SHELLSANDGEMSTONES,0.8416,SHELLSANDGEMSTONES,,Match,D441/03,copper
300004064400287,TELEVID5508_SCANNER12,GR1188433248127599812300004064400287,23/05/2025,17/05/2025,2481275998,GR118,Greek,GR,8433,12,HEALTH AND DIET,0.8402,HEALTH AND DIFT,,NoMatch,D441/03,mobility
300004067700110,TELEVID5511_SCANNER13,GR1188676248127599814300004067700110,23/05/2025,17/05/2025,2481275998,GR118,Greek,GR,8676,14,COSMETIC,0.8174,COSNETIC,,NoMatch,D441/03,cosmetic
300004067700122,TELEVID5511_SCANNER13,GR118868824812759983300004067700122,23/05/2025,17/05/2025,2481275998,GR118,Greek,GR,8688,3,A,0.8378,A,,Match,D441/03,B
300004067700424,TELEVID5511_SCANNER13,GR1188494248127599810300004067700424,23/05/2025,17/05/2025,2481275998,GR118,Greek,GR,8494,10,STAMP SEALS,0.8303,STAMP SEALS,,Match,D441/03,grain(s)
300004067700505,TELEVID5511_SCANNER13,GR1188477248127599812300004067700505,23/05/2025,17/05/2025,2481275998,GR118,Greek,GR,8477,12,MOBILITY,0.8242,MOBILITY,,Match,D441/03,mobility
300004067900142,TELEVID5503_SCANNER13,DE299892024812759984300004067900142,23/05/2025,17/05/2025,2481275998,DE299,Germanic,DE,8920,4,A,0.8389,A,,Match,D441/03,A
300004067900147,TELEVID5503_SCANNER13,DE2998925248127599812300004067900147,23/05/2025,17/05/2025,2481275998,DE299,Germanic,DE,8925,12,HEALTHH AND DIET,0.8202,HEALTHY AND DIET,,NoMatch,D441/03,mobility
300004067900148,TELEVID5503_SCANNER13,DE2998926248127599813300004067900148,23/05/2025,17/05/2025,2481275998,DE299,Germanic,DE,8926,13,METAL FLAG,0.8233,METAL FLAG,,Match,D441/03,metal flag
300004075000855,TELEVID5516_SCANNER13,GR118880324812759988300004075000855,23/05/2025,17/05/2025,2481275998,GR118,Greek,GR,8803,8,MASSIVE SCALE,0.8176,MASSIVE SCALE,,Match,D441/03,copper
300004075000855,TELEVID5516_SCANNER13,GR1188803248127599813300004075000855,23/05/2025,17/05/2025,2481275998,GR118,Greek,GR,8803,13,NATIVE FLAT,0.8169,NATIVE FLAT,,Match,D441/03,metal flag
300004075000862,TELEVID5516_SCANNER13,GR1188810248127599815300004075000862,23/05/2025,17/05/2025,2481275998,GR118,Greek,GR,8810,15,RAINFALL,0.8243,RAINFALL,,Match,D441/03,rain/rainfall/(rain) water
300004075000871,TELEVID5516_SCANNER13,GR1188819248127599816300004075000871,23/05/2025,17/05/2025,2481275998,GR118,Greek,GR,8819,16,B,0.8197,B,,Match,D441/03,C
300004075000876,TELEVID5516_SCANNER13,GR1188824248127599810300004075000876,23/05/2025,17/05/2025,2481275998,GR118,Greek,GR,8824,10,"SHEEP, GOATS",0.8266,"SHEEP, GOATS",,Match,D441/03,grain(s)
300004075000886,TELEVID5516_SCANNER13,GR1188834248127599811300004075000886,23/05/2025,17/05/2025,2481275998,GR118,Greek,GR,8834,11,SOCIAL STATUS,0.8421,SOCIAL STATUS,,Match,D441/03,(social) status
300004075000891,TELEVID5516_SCANNER13,GR118883924812759988300004075000891,23/05/2025,17/05/2025,2481275998,GR118,Greek,GR,8839,8,SHELLS AND JEMSTONES,0.8394,SHELLS AND JEMSTONES,,Match,D441/03,copper
300004127000117,TELEVID5594_SCANNER12,GR035812224812759984300004127000117,27/05/2025,17/05/2025,2481275998,GR035,Greek,GR,8122,4,A,0.8165,A,,Match,D441/03,A
300004127000120,TELEVID5594_SCANNER12,GR035811224812759988300004127000120,27/05/2025,17/05/2025,2481275998,GR035,Greek,GR,8112,8,SHELLS,0.8052,SHELLS,,Match,D441/03,copper
300004128000093,TELEVID5546_SCANNER12,GR005829724812759988300004128000093,27/05/2025,17/05/2025,2481275998,GR005,Greek,GR,8297,8,CELLS GEMSTONES,0.8456,CELLS GEMSTONES,,Match,D441/03,copper
300004128000102,TELEVID5546_SCANNER12,GR0058306248127599815300004128000102,27/05/2025,17/05/2025,2481275998,GR005,Greek,GR,8306,15,RAINFUL,0.8287,RAINFUL,,Match,D441/03,rain/rainfall/(rain) water
300004128000113,TELEVID5546_SCANNER12,GR005831724812759982300004128000113,27/05/2025,17/05/2025,2481275998,GR005,Greek,GR,8317,2,A,0.8385,A,,Match,D441/03,A
300004128000113,TELEVID5546_SCANNER12,GR0058317248127599811300004128000113,27/05/2025,17/05/2025,2481275998,GR005,Greek,GR,8317,11,SOCIAL STATUS,0.8105,SOCIAL SEATUS,,NoMatch,D441/03,(social) status
300004128000122,TELEVID5546_SCANNER12,GR0058326248127599812300004128000122,27/05/2025,17/05/2025,2481275998,GR005,Greek,GR,8326,12,MOBILITY,0.8375,MOBILITY,,Match,D441/03,mobility
300004128000123,TELEVID5546_SCANNER12,GR005832724812759989300004128000123,27/05/2025,17/05/2025,2481275998,GR005,Greek,GR,8327,9,ROYAL TUNES,0.8124,ROXAL TUNES,,NoMatch,D441/03,beads/artefacts
300004129400352,TELEVID5557_SCANNER13,GR005860524812759982300004129400352,27/05/2025,17/05/2025,2481275998,GR005,Greek,GR,8605,2,A,0.8155,A,,Match,D441/03,A
300004129400410,TELEVID5557_SCANNER13,GR005857424812759987300004129400410,27/05/2025,17/05/2025,2481275998,GR005,Greek,GR,8574,7,FLOURISHING,0.8095,FLOURISHING,,Match,D441/03,textile (production)
300004129400421,TELEVID5557_SCANNER13,GR0058585248127599813300004129400421,27/05/2025,17/05/2025,2481275998,GR005,Greek,GR,8585,13,METAL FLAG,0.8392,NETAL FLAG,,NoMatch,D441/03,metal flag
300004129400423,TELEVID5557_SCANNER13,GR0058587248127599813300004129400423,27/05/2025,17/05/2025,2481275998,GR005,Greek,GR,8587,13,CLAY STATUE,0.8083,CLAY STATUE,,Match,D441/03,metal flag
300004129400429,TELEVID5557_SCANNER13,GR0058593248127599813300004129400429,27/05/2025,17/05/2025,2481275998,GR005,Greek,GR,8593,13,METAL FLAG,0.8019,MITAL FLAG,,NoMatch,D441/03,metal flag
300004129400429,TELEVID5557_SCANNER13,GR0058593248127599815300004129400429,27/05/2025,17/05/2025,2481275998,GR005,Greek,GR,8593,15,A CLI,0.8062,A.CLI,,NoMatch,D441/03,rain/rainfall/(rain) water
300004136200004,TELEVID5555_SCANNER13,GR005818524812759989300004136200004,27/05/2025,17/05/2025,2481275998,GR005,Greek,GR,8185,9,ROYAL TOMBS,0.802,ROYAL TOMBS,,Match,D441/03,beads/artefacts
300004136200010,TELEVID5555_SCANNER13,GR0058191248127599810300004136200010,27/05/2025,17/05/2025,2481275998,GR005,Greek,GR,8191,10,GRAIN,0.8468,GRAIN,,Match,D441/03,grain(s)
300004136200010,TELEVID5555_SCANNER13,GR0058191248127599813300004136200010,27/05/2025,17/05/2025,2481275998,GR005,Greek,GR,8191,13,FLAG,0.82,FLAGL,,NoMatch,D441/03,metal flag
300004136200016,TELEVID5555_SCANNER13,GR0058197248127599810300004136200016,27/05/2025,17/05/2025,2481275998,GR005,Greek,GR,8197,10,PERSONAL BELONGINGS,0.8079,PERSONAL BELONGINGS,,Match,D441/03,grain(s)
300004136200022,TELEVID5555_SCANNER13,GR0058203248127599810300004136200022,27/05/2025,17/05/2025,2481275998,GR005,Greek,GR,8203,10,SIMPLE TRANSACTIONS,0.8198,SIMPLE TRANSACTIONS,,Match,D441/03,grain(s)
300004136200026,TELEVID5555_SCANNER13,GR0058207248127599811300004136200026,27/05/2025,17/05/2025,2481275998,GR005,Greek,GR,8207,11,PERSONAL DESIGN,0.8034,PERSONAL DESIGN,,Match,D441/03,(social) status
300004136200057,TELEVID5555_SCANNER13,GR005823824812759982300004136200057,27/05/2025,17/05/2025,2481275998,GR005,Greek,GR,8238,2,A,0.8058,A,,Match,D441/03,A
300004136200057,TELEVID5555_SCANNER13,GR005823824812759988300004136200057,27/05/2025,17/05/2025,2481275998,GR005,Greek,GR,8238,8,SHELLS AND GEMSTONES,0.8381,SHELLS AND GLMSTONES,,NoMatch,D441/03,copper
300004136200059,TELEVID5555_SCANNER13,GR0058240248127599815300004136200059,27/05/2025,17/05/2025,2481275998,GR005,Greek,GR,8240,15,GOODCLIMATE,0.8492,GOODCLIMATE,,Match,D441/03,rain/rainfall/(rain) water
300004136200082,TELEVID5555_SCANNER13,GR0058263248127599813300004136200082,27/05/2025,17/05/2025,2481275998,GR005,Greek,GR,8263,13,METAL FLAG,0.8079,METAL FLAG,,Match,D441/03,metal flag
300004136200570,TELEVID5555_SCANNER13,GR0268068248127599815300004136200570,27/05/2025,17/05/2025,2481275998,GR026,Greek,GR,8068,15,RAINFALL,0.828,BAINFALL,,NoMatch,D441/03,rain/rainfall/(rain) water
300004136200695,TELEVID5555_SCANNER13,GR026802624812759987300004136200695,27/05/2025,17/05/2025,2481275998,GR026,Greek,GR,8026,7,SURRAMING-MAUING,0.8416,SURRAMING-MAUING,,Match,D441/03,textile (production)
300004136200811,TELEVID5555_SCANNER13,GR0358069248127599815300004136200811,27/05/2025,17/05/2025,2481275998,GR035,Greek,GR,8069,15,ECONOMY,0.8016,ECONOMY,,Match,D441/03,rain/rainfall/(rain) water
300004214300342,TELEVID5562_1_SCANNER12,GR0358135248127599815300004214300342,02/06/2025,17/05/2025,2481275998,GR035,Greek,GR,8135,15,RAINFALL,0.8103,RAINFALL,,Match,D441/03,rain/rainfall/(rain) water
300004383300001,TELEVID5983_SCANNER12,PL017000178495672609300004383300001,12/06/2025,07/06/2025,7849567260,PL017,Slavic,PL,1,9,COLOUR,0.8301,COLOUR,,Match,D441/03,[colour/color](s)
300004383300497,TELEVID5983_SCANNER12,ES4830001784956726015300004383300497,12/06/2025,07/06/2025,7849567260,ES483,Romance,ES,1,15,VIDEOGAMES,0.8262,VIDEOGAMES,,Match,D441/03,computer games/video games
300004383300500,TELEVID5983_SCANNER12,ES4830004784956726015300004383300500,12/06/2025,07/06/2025,7849567260,ES483,Romance,ES,4,15,VIDEOGAMES,0.8334,VIDEOGAMES,,Match,D441/03,computer games/video games
300004383300502,TELEVID5983_SCANNER12,ES483000678495672609300004383300502,12/06/2025,07/06/2025,7849567260,ES483,Romance,ES,6,9,COLOUR,0.8262,COLOUR,,Match,D441/03,[colour/color](s)
300004387000135,TELEVID5956_SCANNER13,PL001800278495672607300004387000135,12/06/2025,07/06/2025,7849567260,PL001,Slavic,PL,8002,7,SEARCH TERMS,0.8452,SEARCH TERMS,,Match,D441/03,search terms
300004387000152,TELEVID5956_SCANNER13,PL0018019784956726011300004387000152,12/06/2025,07/06/2025,7849567260,PL001,Slavic,PL,8019,11,SKIJACKET,0.8422,SKIYACKET,,NoMatch,D441/03,ski jacket
300004387000153,TELEVID5956_SCANNER13,PL0018020784956726012300004387000153,12/06/2025,07/06/2025,7849567260,PL001,Slavic,PL,8020,12,PANORAMIC VIEW,0.8293,PANCRAMIC VIEW,,NoMatch,D441/03,panoramic view/panorama
300004387000155,TELEVID5956_SCANNER13,PL0018022784956726014300004387000155,12/06/2025,07/06/2025,7849567260,PL001,Slavic,PL,8022,14,FISH TRAP,0.8335,FISH TRAP,,Match,D441/03,fish trap
300004387000161,TELEVID5956_SCANNER13,PL001802878495672602300004387000161,12/06/2025,07/06/2025,7849567260,PL001,Slavic,PL,8028,2,A,0.8417,A,,Match,D441/03,B
300004387000162,TELEVID5956_SCANNER13,PL001802978495672608300004387000162,12/06/2025,07/06/2025,7849567260,PL001,Slavic,PL,8029,8,VIEWS FROM THE SKY,0.829,VIEWS FROM THE SKY,,Match,D441/03,bird's eye
300004387000174,TELEVID5956_SCANNER13,PL0018041784956726012300004387000174,12/06/2025,07/06/2025,7849567260,PL001,Slavic,PL,8041,12,PARONAMIC VIEW,0.8204,PARONAHIC VIEW,,NoMatch,D441/03,panoramic view/panorama
300004387000179,TELEVID5956_SCANNER13,PL0018046784956726015300004387000179,12/06/2025,07/06/2025,7849567260,PL001,Slavic,PL,8046,15,VIDEO GAMES,0.8483,VIDEO GAMES,,Match,D441/03,computer games/video games
300004387000185,TELEVID5956_SCANNER13,PL001805278495672608300004387000185,12/06/2025,07/06/2025,7849567260,PL001,Slavic,PL,8052,8,VIEW FROM THE SKY,0.8382,VIEW FROM THE SEX,,NoMatch,D441/03,bird's eye
300004387000402,TELEVID5956_SCANNER13,PL0018054784956726024300004387000402,12/06/2025,07/06/2025,7849567260,PL001,Slavic,PL,8054,24,D,0.8128,D,,Match,D441/03,H
300004388500434,TELEVID5979_SCANNER12,IT007000878495672608300004388500434,12/06/2025,07/06/2025,7849567260,IT007,Romance,IT,8,8,BIRD'S EYE,0.8335,BIRD'S EYE,,Match,D441/03,bird's eye
300004388500436,TELEVID5979_SCANNER12,IT0070010784956726012300004388500436,12/06/2025,07/06/2025,7849567260,IT007,Romance,IT,10,12,PANORAMIC VIEW,0.8178,PANORAMIC VIEW,,Match,D441/03,panoramic view/panorama
300004388500442,TELEVID5979_SCANNER12,IT0070016784956726014300004388500442,12/06/2025,07/06/2025,7849567260,IT007,Romance,IT,16,14,CROP MARK,0.8423,CROP MARK,,Match,D441/03,fish trap
300004388500447,TELEVID5979_SCANNER12,IT0070021784956726012300004388500447,12/06/2025,07/06/2025,7849567260,IT007,Romance,IT,21,12,PANORAMIC VIEW,0.8353,PANORAMIC VIEW,,Match,D441/03,panoramic view/panorama
300004388700099,TELEVID5974_SCANNER12,ES3760007784956726015300004388700099,12/06/2025,07/06/2025,7849567260,ES376,Romance,ES,7,15,VIDEOGAMES,0.8127,VIDEOGAMES,,Match,D441/03,computer games/video games
300004388700103,TELEVID5974_SCANNER12,ES3760011784956726013300004388700103,12/06/2025,07/06/2025,7849567260,ES376,Romance,ES,11,13,FLOODINGS IN CROP'S FARMS,0.8382,FLOODINGS IN CROP'S FARMS,,Match,D441/03,flooding/floods
300004389200562,TELEVID5984_SCANNER12,ES9960011784956726015300004389200562,12/06/2025,07/06/2025,7849567260,ES996,Romance,ES,11,15,VIDEOGAMES,0.8447,VIDEOGAMES,,Match,D441/03,computer games/video games
300004389200563,TELEVID5984_SCANNER12,ES9960012784956726011300004389200563,12/06/2025,07/06/2025,7849567260,ES996,Romance,ES,12,11,SKII JACKET,0.8249,SKI1 JACKET,,NoMatch,D441/03,ski jacket
300004392200019,televid6010_SCANNER13,GR118842978495672608300004392200019,12/06/2025,07/06/2025,7849567260,GR118,Greek,GR,8429,8,BIRD'S EYE,0.8365,BIRO'S EYE,,NoMatch,D441/03,bird's eye
300004392200019,televid6010_SCANNER13,GR1188429784956726010300004392200019,12/06/2025,07/06/2025,7849567260,GR118,Greek,GR,8429,10,DINING TABLE,0.8234,DINING TABLE,,Match,D441/03,dining table
300004392200034,televid6010_SCANNER13,GR1188444784956726014300004392200034,12/06/2025,07/06/2025,7849567260,GR118,Greek,GR,8444,14,UNDERWATER FEATURES,0.8452,UNDERWATER FEATURES,,Match,D441/03,fish trap
300004392200250,televid6010_SCANNER13,IT0010009784956726012300004392200250,12/06/2025,07/06/2025,7849567260,IT001,Romance,IT,9,12,PANORANIC VEW,0.8168,PANORANIC VEW,,Match,D441/03,panoramic view/panorama
300004392200348,televid6010_SCANNER13,GR1188277784956726012300004392200348,12/06/2025,07/06/2025,7849567260,GR118,Greek,GR,8277,12,PANORAMIC VIEW,0.8485,PANORAMIC VIEW,,Match,D441/03,panoramic view/panorama
300004392200348,televid6010_SCANNER13,GR1188277784956726014300004392200348,12/06/2025,07/06/2025,7849567260,GR118,Greek,GR,8277,14,SERIES OF FEATURES,0.8438,SERIES OF FEATURES,,Match,D441/03,fish trap
300004392400620,televid5998_SCANNER13,PL0028048784956726012300004392400620,12/06/2025,07/06/2025,7849567260,PL002,Slavic,PL,8048,12,PANORAMIC VIEW,0.8242,PANORAMIC VIEW,,Match,D441/03,panoramic view/panorama
300004394300323,TELEVID5991_SCANNER13,GR118836978495672607300004394300323,12/06/2025,07/06/2025,7849567260,GR118,Greek,GR,8369,7,SEARCH TERMS,0.82,SEARCH TERMS,,Match,D441/03,search terms
300004394500327,TELEVID6016_SCANNER13,ES0070004784956726011300004394500327,12/06/2025,07/06/2025,7849567260,ES007,Romance,ES,4,11,SKI JACKET,0.8423,SKI JACKET,,Match,D441/03,ski jacket
300004394500328,TELEVID6016_SCANNER13,ES007000578495672609300004394500328,12/06/2025,07/06/2025,7849567260,ES007,Romance,ES,5,9,COLOUR,0.8134,COLOUR,,Match,D441/03,[colour/color](s)
300004394500328,TELEVID6016_SCANNER13,ES0070005784956726013300004394500328,12/06/2025,07/06/2025,7849567260,ES007,Romance,ES,5,13,FLOODING,0.8468,FCOODING,,NoMatch,D441/03,flooding/floods
300004394500540,TELEVID6016_SCANNER13,ES4380005784956726015300004394500540,12/06/2025,07/06/2025,7849567260,ES438,Romance,ES,5,15,VIDEOGAMES,0.834,VIDEOGAMES,,Match,D441/03,computer games/video games
300004394500546,TELEVID6016_SCANNER13,ES4380011784956726014300004394500546,12/06/2025,07/06/2025,7849567260,ES438,Romance,ES,11,14,FISH-TRAP,0.8214,FISH-TRAP,,Match,D441/03,fish trap
300004394900237,TELEVID5999_SCANNER13,PL006801678495672604300004394900237,12/06/2025,07/06/2025,7849567260,PL006,Slavic,PL,8016,4,A,0.8036,B,,NoMatch,D441/03,A
300004394900246,TELEVID5999_SCANNER13,PL0068025784956726012300004394900246,12/06/2025,07/06/2025,7849567260,PL006,Slavic,PL,8025,12,PANORAMIC VIEW,0.8196,DANORAMIC VIEW,,NoMatch,D441/03,panoramic view/panorama
300004394900250,TELEVID5999_SCANNER13,PL006802978495672607300004394900250,12/06/2025,07/06/2025,7849567260,PL006,Slavic,PL,8029,7,SEARCH TERMS,0.8407,SEARCH TERMS,,Match,D441/03,search terms
300004394900358,TELEVID5999_SCANNER13,GR1188039784956726011300004394900358,12/06/2025,07/06/2025,7849567260,GR118,Greek,GR,8039,11,SKI JACKET,0.8379,SKI JACUET,,NoMatch,D441/03,ski jacket
300004396000224,TELEVID5997_SCANNER13,GR118818878495672608300004396000224,12/06/2025,07/06/2025,7849567260,GR118,Greek,GR,8188,8,BIRD'S-EYE,0.8113,BIRD'S-EYE,,Match,D441/03,bird's eye
300004396000239,TELEVID5997_SCANNER13,GR1188203784956726011300004396000239,12/06/2025,07/06/2025,7849567260,GR118,Greek,GR,8203,11,SKI JACKET,0.8368,SUI JACKET,,NoMatch,D441/03,ski jacket
300004396800402,TELEVID6005_SCANNER12,IT0178002784956726010300004396800402,12/06/2025,07/06/2025,7849567260,IT017,Romance,IT,8002,10,DINING TABLE,0.8495,DINING TABLE,,Match,D441/03,dining table
300004396800406,TELEVID6005_SCANNER12,IT0178006784956726015300004396800406,12/06/2025,07/06/2025,7849567260,IT017,Romance,IT,8006,15,VIDEOGAMES,0.8235,VIDEOGAMES,,Match,D441/03,computer games/video games
300004459000195,televid6091_SCANNER13,ES379000152123012837300004459000195,17/06/2025,13/06/2025,5212301283,ES379,Romance,ES,1,7,FULL TIME JOB,0.8459,FULL TIME YOB,,NoMatch,D441/03,home owner/house owner
300004459000394,televid6091_SCANNER13,ES439700978495672606300004459000394,17/06/2025,07/06/2025,7849567260,ES439,Romance,ES,7009,6,--impossible--,0.8261,C,,NoMatch,D441/03,A
300004459000397,televid6091_SCANNER13,ES439701478495672604300004459000397,17/06/2025,07/06/2025,7849567260,ES439,Romance,ES,7014,4,A,0.8417,A,,Match,D441/03,A
300004466000525,TELEVID6103_SCANNER12,BR249002978495672608300004466000525,17/06/2025,07/06/2025,7849567260,BR249,Romance,BR,29,8,BIRDS EYE,0.8357,BIRDS RYE,,NoMatch,D441/03,bird's eye
300004466000851,TELEVID6103_SCANNER12,ES0718006784956726011300004466000851,17/06/2025,07/06/2025,7849567260,ES071,Romance,ES,8006,11,SKII JACKET,0.8313,SKII JACKET,,Match,D441/03,ski jacket
300004466000853,TELEVID6103_SCANNER12,ES0718008784956726011300004466000853,17/06/2025,07/06/2025,7849567260,ES071,Romance,ES,8008,11,SKII JACKET,0.8054,SKII JACKET,,Match,D441/03,ski jacket
300004466000854,TELEVID6103_SCANNER12,ES0718009784956726023300004466000854,17/06/2025,07/06/2025,7849567260,ES071,Romance,ES,8009,23,D,0.814,D,,Match,D441/03,F
300004471600375,TELEVID6114_SCANNER12,PL036001378495672604300004471600375,17/06/2025,07/06/2025,7849567260,PL036,Slavic,PL,13,4,A,0.8075,A,,Match,D441/03,A
300004471600407,TELEVID6114_SCANNER12,ES4100001784956726015300004471600407,17/06/2025,07/06/2025,7849567260,ES410,Romance,ES,1,15,VIDEOGAMES,0.8269,VIDEOGAMES,,Match,D441/03,computer games/video games
300004471600410,TELEVID6114_SCANNER12,ES410000478495672607300004471600410,17/06/2025,07/06/2025,7849567260,ES410,Romance,ES,4,7,E-COMERCE WEBSITE,0.8261,E-COMERCE WEBSITE,,Match,D441/03,search terms
300004475400202,TELEVID6093_SCANNER12,ES291800252123012837300004475400202,17/06/2025,13/06/2025,5212301283,ES291,Romance,ES,8002,7,HOMEOWNER,0.8117,HOMEOWNER,,Match,D441/03,home owner/house owner
300004475400202,TELEVID6093_SCANNER12,ES2918002521230128311300004475400202,17/06/2025,13/06/2025,5212301283,ES291,Romance,ES,8002,11,SUNLIGHT,0.8057,SUNLIGAT,,NoMatch,D441/03,(natural) sunlight
300004475400202,TELEVID6093_SCANNER12,ES2918002521230128312300004475400202,17/06/2025,13/06/2025,5212301283,ES291,Romance,ES,8002,12,OUTREACH,0.8117,OUTREACH MITWORK,,NoMatch,D441/03,blog
300004475400202,TELEVID6093_SCANNER12,ES2918002521230128313300004475400202,17/06/2025,13/06/2025,5212301283,ES291,Romance,ES,8002,13,DEEPSPACENETWORK,0.8243,DEEPSPACENETWORK,,Match,D441/03,Deep Space Network
300004475400203,TELEVID6093_SCANNER12,ES2918003521230128312300004475400203,17/06/2025,13/06/2025,5212301283,ES291,Romance,ES,8003,12,BLOG,0.845,BCOG,,NoMatch,D441/03,blog
300004475400213,TELEVID6093_SCANNER12,ES2918013521230128312300004475400213,17/06/2025,13/06/2025,5212301283,ES291,Romance,ES,8013,12,BLOG,0.8351,BLOG,,Match,D441/03,blog
300004492400302,TELEVID8019_SCANNER13,CZ0070002521230128313300004492400302,18/06/2025,13/06/2025,5212301283,CZ007,Slavic,CZ,2,13,DEEP-SPACE-NETWORK,0.8362,DEEP-SPACE-NETWORK,,Match,D441/03,Deep Space Network
300004492400425,TELEVID8019_SCANNER13,ES1033571521230128313300004492400425,18/06/2025,13/06/2025,5212301283,ES103,Romance,ES,3571,13,DEEPSPACE NETWORK,0.8201,DEEPSPACE NETWORK,,Match,D441/03,Deep Space Network
300004492400429,TELEVID8019_SCANNER13,ES1033575521230128311300004492400429,18/06/2025,13/06/2025,5212301283,ES103,Romance,ES,3575,11,VEGETATION,0.8107,VEGETATION,,Match,D441/03,(natural) sunlight
300004492400434,TELEVID8019_SCANNER13,ES1033580521230128314300004492400434,18/06/2025,13/06/2025,5212301283,ES103,Romance,ES,3580,14,VR SET UPS,0.8289,VR SETUPS,,NoMatch,D441/03,(time) delay(s)
300004492400436,TELEVID8019_SCANNER13,ES1033582521230128314300004492400436,18/06/2025,13/06/2025,5212301283,ES103,Romance,ES,3582,14,DISHES,0.8213,DISHES,,Match,D441/03,(time) delay(s)
300004492400450,TELEVID8019_SCANNER13,ES1033596521230128312300004492400450,18/06/2025,13/06/2025,5212301283,ES103,Romance,ES,3596,12,BLOG,0.8246,BLDG,,NoMatch,D441/03,blog
300004492600316,TELEVID8039_SCANNER13,ES383816052123012837300004492600316,18/06/2025,13/06/2025,5212301283,ES383,Romance,ES,8160,7,HOMEOWNER,0.8332,HOMEOWNER,,Match,D441/03,home owner/house owner
300004492700040,TELEVID8049_SCANNER13,ES1650002521230128312300004492700040,18/06/2025,13/06/2025,5212301283,ES165,Romance,ES,2,12,BLOG,0.839,BLOG,,Match,D441/03,blog
300004492700044,TELEVID8049_SCANNER13,ES1650006521230128314300004492700044,18/06/2025,13/06/2025,5212301283,ES165,Romance,ES,6,14,TIME DELAY,0.8359,TIME DELAY,,Match,D441/03,(time) delay(s)
300004492700049,TELEVID8049_SCANNER13,ES1650011521230128313300004492700049,18/06/2025,13/06/2025,5212301283,ES165,Romance,ES,11,13,DEEP ESPACE NETWORK,0.8328,DEEP ESPOCE NETWORK,,NoMatch,D441/03,Deep Space Network
300004503100662,TELEVID8008_SCANNER12,PL161001152123012837300004503100662,19/06/2025,13/06/2025,5212301283,PL161,Slavic,PL,11,7,HOMEOWNER,0.8148,HOMEOWNER,,Match,D441/03,home owner/house owner
300004505200253,TELEVID8024_SCANNER12,ES383809752123012839300004505200253,19/06/2025,13/06/2025,5212301283,ES383,Romance,ES,8097,9,VOLCANO,0.8174,VOLLANO,,NoMatch,D441/03,volcano
300004507300035,TELEVID8033_SCANNER13,ES459800052123012834300004507300035,19/06/2025,13/06/2025,5212301283,ES459,Romance,ES,8000,4,A,0.8005,A,,Match,D441/03,A
300004507300041,TELEVID8033_SCANNER13,ES459800652123012839300004507300041,19/06/2025,13/06/2025,5212301283,ES459,Romance,ES,8006,9,VOLCANO,0.8171,VOLCANO,,Match,D441/03,volcano
300004507300041,TELEVID8033_SCANNER13,ES4598006521230128312300004507300041,19/06/2025,13/06/2025,5212301283,ES459,Romance,ES,8006,12,BLOG,0.8347,BLOG,,Match,D441/03,blog
300004507300042,TELEVID8033_SCANNER13,ES4598007521230128313300004507300042,19/06/2025,13/06/2025,5212301283,ES459,Romance,ES,8007,13,DEEP-SPACE NETWORK,0.8017,DEEP-SPACE NETWORK,,Match,D441/03,Deep Space Network
300004507300344,TELEVID8033_SCANNER13,ES4598020521230128313300004507300344,19/06/2025,13/06/2025,5212301283,ES459,Romance,ES,8020,13,DEEP SPACE NETWORK,0.8092,DEEP SPACE NETWORK,,Match,D441/03,Deep Space Network
300004507300347,TELEVID8033_SCANNER13,ES4598023521230128310300004507300347,19/06/2025,13/06/2025,5212301283,ES459,Romance,ES,8023,10,CAVES,0.8437,CAVES,,Match,D441/03,(stunning) caves
300004507700711,TELEVID8014_SCANNER13,PL0900011784956726011300004507700711,19/06/2025,07/06/2025,7849567260,PL090,Slavic,PL,11,11,SKI JACKET,0.8067,SKI JACKET,,Match,D441/03,ski jacket
300004507700712,TELEVID8014_SCANNER13,PL0900012784956726012300004507700712,19/06/2025,07/06/2025,7849567260,PL090,Slavic,PL,12,12,PANORAMIC VIEW,0.8099,PANORAMIC VIEW,,Match,D441/03,panoramic view/panorama
300004508200044,TELEVID8042_2_SCANNER13,ES705000252123012834300004508200044,19/06/2025,13/06/2025,5212301283,ES705,Romance,ES,2,4,A,0.8464,A,,Match,D441/03,A
300004508200045,TELEVID8042_2_SCANNER13,ES705000352123012837300004508200045,19/06/2025,13/06/2025,5212301283,ES705,Romance,ES,3,7,FULL-TIME JOB,0.8373,FULL-TIME TOB,,NoMatch,D441/03,home owner/house owner
300004508200072,TELEVID8042_2_SCANNER13,IT0710001521230128315300004508200072,19/06/2025,13/06/2025,5212301283,IT071,Romance,IT,1,15,EMERGENCIES,0.8379,EMERGENCIES,,Match,D441/03,[emergency/emergencies]
300004508200077,TELEVID8042_2_SCANNER13,IT071000652123012837300004508200077,19/06/2025,13/06/2025,5212301283,IT071,Romance,IT,6,7,FULLTIME JOB,0.8069,FULLTIME JOB,,Match,D441/03,home owner/house owner
300004508200402,TELEVID8042_2_SCANNER13,ES3838012521230128311300004508200402,19/06/2025,13/06/2025,5212301283,ES383,Romance,ES,8012,11,SUN,0.8146,SON,,NoMatch,D441/03,(natural) sunlight
300004513200268,TELEVID8093_SCANNER13,PL277000252123012837300004513200268,19/06/2025,13/06/2025,5212301283,PL277,Slavic,PL,2,7,HOMEOWNER,0.8053,HOMEOWNER,,Match,D441/03,home owner/house owner
300004513200436,TELEVID8093_SCANNER13,ES003801252123012832300004513200436,19/06/2025,13/06/2025,5212301283,ES003,Romance,ES,8012,2,A,0.818,A,,Match,D441/03,A
300004513200436,TELEVID8093_SCANNER13,ES003801252123012834300004513200436,19/06/2025,13/06/2025,5212301283,ES003,Romance,ES,8012,4,A,0.804,A,,Match,D441/03,A
300004513700499,TELEVID8096_SCANNER13,PL0360010521230128313300004513700499,19/06/2025,13/06/2025,5212301283,PL036,Slavic,PL,10,13,DEEP-SPACE NETWORK,0.8307,DEEP-SPACE NETWORK,,Match,D441/03,Deep Space Network
300004517300714,TELEVID8099_SCANNER13,DE0080003521230128314300004517300714,20/06/2025,13/06/2025,5212301283,DE008,Germanic,DE,3,14,VIRTUAL -REALITY -SETUP,0.813,VIRTUAL REALITY SETUP,,NoMatch,D441/03,(time) delay(s)
300004518500404,TELEVID8110_SCANNER13,ES439700452123012836300004518500404,20/06/2025,13/06/2025,5212301283,ES439,Romance,ES,7004,6,C,0.8396,C,,Match,D441/03,B
300004518500408,TELEVID8110_SCANNER13,ES4397008521230128311300004518500408,20/06/2025,13/06/2025,5212301283,ES439,Romance,ES,7008,11,NATURAL SUN LIGHT,0.8343,NATURAL SUN LIGHT,,Match,D441/03,(natural) sunlight
300004518500415,TELEVID8110_SCANNER13,ES4397015521230128312300004518500415,20/06/2025,13/06/2025,5212301283,ES439,Romance,ES,7015,12,BLOG,0.8212,B20G,,NoMatch,D441/03,blog
300004522300093,televid8121_SCANNER13,PL034010352123012834300004522300093,20/06/2025,13/06/2025,5212301283,PL034,Slavic,PL,103,4,A,0.827,A,,Match,D441/03,A
300004522300296,televid8121_SCANNER13,PL0340008521230128312300004522300296,20/06/2025,13/06/2025,5212301283,PL034,Slavic,PL,8,12,BLOG,0.8182,BLOG,,Match,D441/03,blog
300004522300304,televid8121_SCANNER13,PL034001652123012839300004522300304,20/06/2025,13/06/2025,5212301283,PL034,Slavic,PL,16,9,VOLCANO,0.81,VOCCANO,,NoMatch,D441/03,volcano
300004522300305,televid8121_SCANNER13,PL0340017521230128313300004522300305,20/06/2025,13/06/2025,5212301283,PL034,Slavic,PL,17,13,DEEP SPACE NETWORK,0.8311,DEEP SPACE NETWORK,,Match,D441/03,Deep Space Network
300004523800054,TELEVID8097_SCANNER13,DE0080021521230128314300004523800054,20/06/2025,13/06/2025,5212301283,DE008,Germanic,DE,21,14,TIMEDELAY,0.8359,TIMEDELAY,,Match,D441/03,(time) delay(s)
300004523800065,TELEVID8097_SCANNER13,DE0080032521230128312300004523800065,20/06/2025,13/06/2025,5212301283,DE008,Germanic,DE,32,12,BLOG,0.8104,BLOG,,Match,D441/03,blog
300004557500409,TELEVID8212_SCANNER12,ES0130020521230128312300004557500409,24/06/2025,13/06/2025,5212301283,ES013,Romance,ES,20,12,BLOG,0.8042,BLOG,,Match,D441/03,blog
300004557500443,TELEVID8212_SCANNER12,ES013004252123012837300004557500443,24/06/2025,13/06/2025,5212301283,ES013,Romance,ES,42,7,HOMEOWNER,0.8341,HOMEOWNER,,Match,D441/03,home owner/house owner
300004557500453,TELEVID8212_SCANNER12,ES0130052521230128326300004557500453,24/06/2025,13/06/2025,5212301283,ES013,Romance,ES,52,26,A,0.8038,"A, H",,NoMatch,D441/03,F
300004571100086,TELEVID8250_SCANNER13,IT306000352123012838300004571100086,25/06/2025,13/06/2025,5212301283,IT306,Romance,IT,3,8,POTATOES,0.8304,POTATOES,,Match,D441/03,potatoes
300004621900091,TELEVID6254_SCANNER12,BR012001752123012837300004621900091,03/07/2025,13/06/2025,5212301283,BR012,Romance,BR,17,7,HOMEOWNER,0.8292,HOMEOWNER,,Match,D441/03,home owner/house owner
300004622700682,TELEVID6262_SCANNER12,GR005815578495672609300004622700682,03/07/2025,07/06/2025,7849567260,GR005,Greek,GR,8155,9,COLOURS,0.805,LOLOURS,,NoMatch,D441/03,[colour/color](s)
300004622700683,TELEVID6262_SCANNER12,GR005815678495672608300004622700683,03/07/2025,07/06/2025,7849567260,GR005,Greek,GR,8156,8,BIRD'S EYE,0.8272,BJRD'S EYE,,NoMatch,D441/03,bird's eye
300004623000324,TELEVID6270_SCANNER13,GR005833678495672603300004623000324,04/07/2025,07/06/2025,7849567260,GR005,Greek,GR,8336,3,A,0.8498,A,,Match,D441/03,C
300004623600512,TELEVID6263_SCANNER13,GR005824978495672608300004623600512,04/07/2025,07/06/2025,7849567260,GR005,Greek,GR,8249,8,BIRD'S EYE,0.8467,BIRD'S EYE,,Match,D441/03,bird's eye
400004556800500,TELEVID4896_Scanner20,DE299890596431743797400004556800500,07/03/2025,01/03/2025,9643174379,DE299,Germanic,DE,8905,7,SUIT,0.8412,SUIT,,Match,D441/03,suit
400004556800502,TELEVID4896_Scanner20,DE2998907964317437913400004556800502,07/03/2025,01/03/2025,9643174379,DE299,Germanic,DE,8907,13,WAITING LISTS,0.8449,WAITING CISTS,,NoMatch,D441/03,waiting lists
400004556800813,TELEVID4896_Scanner20,DE299888396431743798400004556800813,07/03/2025,01/03/2025,9643174379,DE299,Germanic,DE,8883,8,SALAD DAYS,0.8354,SALAD DAYS,,Match,D441/03,salad days
400004560300035,TELEVID4898_Scanner20,CH188000996431743797400004560300035,07/03/2025,01/03/2025,9643174379,CH188,Germanic,CH,9,7,SUIT,0.84,SUIT,,Match,D441/03,suit
400004560300047,TELEVID4898_Scanner20,CH1880021964317437910400004560300047,07/03/2025,01/03/2025,9643174379,CH188,Germanic,CH,21,10,CHARACTERISTICS,0.8112,CHARACTERISTICS,,Match,D441/03,[riding style/style of riding]
400004950300886,TELEVID5478_SCANNER14,CH2118017240866992914400004950300886,21/05/2025,10/05/2025,2408669929,CH211,Germanic,CH,8017,14,FINGERPRINTS,0.8176,FINGERPRINTS,,Match,D441/03,fingerprints
400004953200332,TELEVID5481_SCANNER14,GR118804624812759982400004953200332,21/05/2025,17/05/2025,2481275998,GR118,Greek,GR,8046,2,A,0.814,A,,Match,D441/03,A
400004953200348,TELEVID5481_SCANNER14,GR1188062248127599813400004953200348,21/05/2025,17/05/2025,2481275998,GR118,Greek,GR,8062,13,METAL-FLAG,0.8369,METAL-FLAG,,Match,D441/03,metal flag
400004953200378,TELEVID5481_SCANNER14,GR1188367248127599811400004953200378,21/05/2025,17/05/2025,2481275998,GR118,Greek,GR,8367,11,BELONGINGS,0.8356,BELONGINGS,,Match,D441/03,(social) status
400004953200397,TELEVID5481_SCANNER14,GR1188386248127599813400004953200397,21/05/2025,17/05/2025,2481275998,GR118,Greek,GR,8386,13,STATUE,0.8204,STATUE,,Match,D441/03,metal flag
400004953200400,TELEVID5481_SCANNER14,GR1188389248127599812400004953200400,21/05/2025,17/05/2025,2481275998,GR118,Greek,GR,8389,12,MOBILITY,0.8301,MOBILITY,,Match,D441/03,mobility
400004953200402,TELEVID5481_SCANNER14,GR1188391248127599813400004953200402,21/05/2025,17/05/2025,2481275998,GR118,Greek,GR,8391,13,METAL FIAG,0.8454,METAL FLAG,,NoMatch,D441/03,metal flag
400004953200404,TELEVID5481_SCANNER14,GR1188393248127599814400004953200404,21/05/2025,17/05/2025,2481275998,GR118,Greek,GR,8393,14,BINDER,0.8222,BINDER,,Match,D441/03,cosmetic
400004953200411,TELEVID5481_SCANNER14,GR118840024812759981400004953200411,21/05/2025,17/05/2025,2481275998,GR118,Greek,GR,8400,1,C,0.8063,--impossible--,,NoMatch,D441/03,B
400004953200425,TELEVID5481_SCANNER14,GR118841424812759988400004953200425,21/05/2025,17/05/2025,2481275998,GR118,Greek,GR,8414,8,SHELLSFROMTHEPERSIANGULF,0.8021,SHELLSFROMTHEPERSIANGULF,,Match,D441/03,copper
400004953200425,TELEVID5481_SCANNER14,GR1188414248127599810400004953200425,21/05/2025,17/05/2025,2481275998,GR118,Greek,GR,8414,10,SIMPLETRANSALTIONS,0.8319,SIMPLETRANSALTIONS,,Match,D441/03,grain(s)
400004953200803,TELEVID5481_SCANNER14,GR1188637248127599815400004953200803,21/05/2025,17/05/2025,2481275998,GR118,Greek,GR,8637,15,RAINDROPS,0.8324,RAINDROPS,,Match,D441/03,rain/rainfall/(rain) water
400004953200811,TELEVID5481_SCANNER14,GR1188645248127599812400004953200811,21/05/2025,17/05/2025,2481275998,GR118,Greek,GR,8645,12,DIET HEALTH MOBILITY,0.8282,DIET HEALTH MOBILITY,,Match,D441/03,mobility
400004953200887,TELEVID5481_SCANNER14,GR118817924812759987400004953200887,21/05/2025,17/05/2025,2481275998,GR118,Greek,GR,8179,7,CERAMIC-MAKING,0.8083,CERAMIC-MAKING,,Match,D441/03,textile (production)
400004953200894,TELEVID5481_SCANNER14,GR1188186248127599825400004953200894,21/05/2025,17/05/2025,2481275998,GR118,Greek,GR,8186,25,E,0.8389,E,,Match,D441/03,E
400004961800678,TELEVID5489_SCANNER14,GR118809724812759986400004961800678,22/05/2025,17/05/2025,2481275998,GR118,Greek,GR,8097,6,C,0.8044,C,,Match,D441/03,C
400004961800688,TELEVID5489_SCANNER14,GR1188107248127599814400004961800688,22/05/2025,17/05/2025,2481275998,GR118,Greek,GR,8107,14,BINDER,0.8446,BINDER,,Match,D441/03,cosmetic
400004961800689,TELEVID5489_SCANNER14,GR118810824812759987400004961800689,22/05/2025,17/05/2025,2481275998,GR118,Greek,GR,8108,7,TEYTILE,0.8199,TEYTILE,,Match,D441/03,textile (production)
400004961800689,TELEVID5489_SCANNER14,GR1188108248127599814400004961800689,22/05/2025,17/05/2025,2481275998,GR118,Greek,GR,8108,14,COSMETIC,0.8059,COSMETIC,,Match,D441/03,cosmetic
400004961800689,TELEVID5489_SCANNER14,GR1188108248127599815400004961800689,22/05/2025,17/05/2025,2481275998,GR118,Greek,GR,8108,15,CLIMATE CHANGE,0.8101,CLIMACE CHANGE,,NoMatch,D441/03,rain/rainfall/(rain) water
400004961800706,TELEVID5489_SCANNER14,GR1188125248127599813400004961800706,22/05/2025,17/05/2025,2481275998,GR118,Greek,GR,8125,13,STATUE,0.8466,STATUE,,Match,D441/03,metal flag
400004961900041,TELEVID5495_SCANNER14,GR1188313248127599812400004961900041,22/05/2025,17/05/2025,2481275998,GR118,Greek,GR,8313,12,MOBILITY,0.829,MOBILITY,,Match,D441/03,mobility
400004961900051,TELEVID5495_SCANNER14,GR1188323248127599812400004961900051,22/05/2025,17/05/2025,2481275998,GR118,Greek,GR,8323,12,"HEALTH, DIET AND MOBILITY",0.8158,"HEALTH, DIET AND MOBILITY",,Match,D441/03,mobility
400004961900060,TELEVID5495_SCANNER14,GR118833224812759982400004961900060,22/05/2025,17/05/2025,2481275998,GR118,Greek,GR,8332,2,A,0.8418,A,,Match,D441/03,A
400004961900062,TELEVID5495_SCANNER14,GR1188334248127599813400004961900062,22/05/2025,17/05/2025,2481275998,GR118,Greek,GR,8334,13,METAL-FLAG,0.8475,METAL-FLAG,,Match,D441/03,metal flag
400004964400569,TELEVID5501_SCANNER14,GR1188304248127599810400004964400569,22/05/2025,17/05/2025,2481275998,GR118,Greek,GR,8304,10,JULERIES,0.8415,JULERIES,,Match,D441/03,grain(s)
400004964400574,TELEVID5501_SCANNER14,GR1188309248127599814400004964400574,22/05/2025,17/05/2025,2481275998,GR118,Greek,GR,8309,14,CHEMICAL COMPOUND,0.8301,CHEMICAL COMPOUND,,Match,D441/03,cosmetic
400004966400792,TELEVID5521_SCANNER14,GR118852824812759988400004966400792,22/05/2025,17/05/2025,2481275998,GR118,Greek,GR,8528,8,COPPER,0.8184,COPDER,,NoMatch,D441/03,copper
400004966400939,TELEVID5521_SCANNER14,GR118801424812759984400004966400939,22/05/2025,17/05/2025,2481275998,GR118,Greek,GR,8014,4,A,0.8096,A,,Match,D441/03,A
400004966500333,TELEVID5510_SCANNER14,GR118854824812759984400004966500333,22/05/2025,17/05/2025,2481275998,GR118,Greek,GR,8548,4,A,0.8156,A,,Match,D441/03,A
400004968200445,TELEVID5505_SCANNER14,GR1188012248127599813400004968200445,22/05/2025,17/05/2025,2481275998,GR118,Greek,GR,8012,13,METAL FLAB,0.8236,METAL FLAB,,Match,D441/03,metal flag
400004968300716,TELEVID5513_SCANNER14,GR118850624812759982400004968300716,22/05/2025,17/05/2025,2481275998,GR118,Greek,GR,8506,2,A,0.805,A,,Match,D441/03,A
400005032100346,TELEVID5559_SCANNER14,GR035823724812759983400005032100346,27/05/2025,17/05/2025,2481275998,GR035,Greek,GR,8237,3,A,0.8201,A,,Match,D441/03,B
400005032100347,TELEVID5559_SCANNER14,GR035823824812759983400005032100347,27/05/2025,17/05/2025,2481275998,GR035,Greek,GR,8238,3,A,0.8357,A,,Match,D441/03,B
400005032100389,TELEVID5559_SCANNER14,GR005851124812759986400005032100389,27/05/2025,17/05/2025,2481275998,GR005,Greek,GR,8511,6,C,0.8187,C,,Match,D441/03,C
400005032100390,TELEVID5559_SCANNER14,GR005851224812759982400005032100390,27/05/2025,17/05/2025,2481275998,GR005,Greek,GR,8512,2,A,0.8421,A,,Match,D441/03,A
400005032400373,TELEVID5547_SCANNER14,GR035800224812759987400005032400373,27/05/2025,17/05/2025,2481275998,GR035,Greek,GR,8002,7,TEXTILE PRODUCTION,0.831,TEXTILE PRODUCTION,,Match,D441/03,textile (production)
400005032400374,TELEVID5547_SCANNER14,GR035800324812759982400005032400374,27/05/2025,17/05/2025,2481275998,GR035,Greek,GR,8003,2,A,0.8132,A,,Match,D441/03,A
400005032400380,TELEVID5547_SCANNER14,GR035800924812759988400005032400380,27/05/2025,17/05/2025,2481275998,GR035,Greek,GR,8009,8,SELLS AND GEMSTONES,0.8212,SELLS AND GEMSTONES,,Match,D441/03,copper
400005034600716,TELEVID5553_SCANNER14,GR0058414248127599814400005034600716,27/05/2025,17/05/2025,2481275998,GR005,Greek,GR,8414,14,PLAIN JAR,0.8099,PLAIN JAR,,Match,D441/03,cosmetic
400005034700125,TELEVID5556_SCANNER14,GR0058148248127599820400005034700125,27/05/2025,17/05/2025,2481275998,GR005,Greek,GR,8148,20,D,0.8071,D,,Match,D441/03,D
400005034800709,TELEVID5548_SCANNER14,GR005854424812759981400005034800709,27/05/2025,17/05/2025,2481275998,GR005,Greek,GR,8544,1,A,0.8454,A,,Match,D441/03,B
400005034800712,TELEVID5548_SCANNER14,GR005854724812759983400005034800712,27/05/2025,17/05/2025,2481275998,GR005,Greek,GR,8547,3,A,0.849,A,,Match,D441/03,B
400005034800837,TELEVID5548_SCANNER14,GR0358194248127599813400005034800837,27/05/2025,17/05/2025,2481275998,GR035,Greek,GR,8194,13,SPECTACULAR ARTIFACTS,0.8301,SPECTACULAR ARTIFACTS,,Match,D441/03,metal flag
400005034800850,TELEVID5548_SCANNER14,GR035820724812759984400005034800850,27/05/2025,17/05/2025,2481275998,GR035,Greek,GR,8207,4,A,0.8051,A,,Match,D441/03,A
400005034800973,TELEVID5548_SCANNER14,GR0358076248127599810400005034800973,27/05/2025,17/05/2025,2481275998,GR035,Greek,GR,8076,10,SHEEP GOATS GRAIN,0.8079,SHEEP GOATS GRAIN,,Match,D441/03,grain(s)
400005035000118,TELEVID5571_SCANNER14,GR801000224812759989400005035000118,27/05/2025,17/05/2025,2481275998,GR801,Greek,GR,2,9,ARTEFACTS,0.8069,ARTEFACTS,,Match,D441/03,beads/artefacts
400005035000119,TELEVID5571_SCANNER14,GR801000324812759987400005035000119,27/05/2025,17/05/2025,2481275998,GR801,Greek,GR,3,7,FLOURISHING,0.8228,FLOORISHING,,NoMatch,D441/03,textile (production)
400005035000135,TELEVID5571_SCANNER14,GR8010012248127599814400005035000135,27/05/2025,17/05/2025,2481275998,GR801,Greek,GR,12,14,COSMETIC,0.8077,COSMETIC,,Match,D441/03,cosmetic
400005035000385,TELEVID5571_SCANNER14,GR0358176248127599810400005035000385,27/05/2025,17/05/2025,2481275998,GR035,Greek,GR,8176,10,SHEEP HERDS,0.8479,SHEEP HERDS,,Match,D441/03,grain(s)
400005035000386,TELEVID5571_SCANNER14,GR0358177248127599816400005035000386,27/05/2025,17/05/2025,2481275998,GR035,Greek,GR,8177,16,C,0.8483,C,,Match,D441/03,C
400005337900036,TELEVID6034_SCANNER14,BG005001478495672608400005337900036,13/06/2025,07/06/2025,7849567260,BG005,Slavic,BG,14,8,VIEW FROM THE SKY,0.8105,VIEW FROM THE SKY,,Match,D441/03,bird's eye
400005337900039,TELEVID6034_SCANNER14,BG0050017784956726010400005337900039,13/06/2025,07/06/2025,7849567260,BG005,Slavic,BG,17,10,BINING TABLE,0.835,BINING TABLE,,Match,D441/03,dining table
400005337900039,TELEVID6034_SCANNER14,BG0050017784956726015400005337900039,13/06/2025,07/06/2025,7849567260,BG005,Slavic,BG,17,15,VIDEOGAMES,0.8477,VIDEOGAMES,,Match,D441/03,computer games/video games
400005337900077,TELEVID6034_SCANNER14,BG0050008784956726012400005337900077,13/06/2025,07/06/2025,7849567260,BG005,Slavic,BG,8,12,PANORAMIC VIEW,0.8177,PANORAMIC VIEW,,Match,D441/03,panoramic view/panorama
400005346300146,TELEVID6047_SCANNER14,ES4458005784956726015400005346300146,13/06/2025,07/06/2025,7849567260,ES445,Romance,ES,8005,15,VIDEOGAMES,0.8415,VIDEOGAMES,,Match,D441/03,computer games/video games
400005348000087,TELEVID6022_SCANNER14,GE0010002784956726013400005348000087,13/06/2025,07/06/2025,7849567260,GE001,Others,GE,2,13,FLOODING,0.8468,FLOODING,,Match,D441/03,flooding/floods
400005348000091,TELEVID6022_SCANNER14,GE001000678495672603400005348000091,13/06/2025,07/06/2025,7849567260,GE001,Others,GE,6,3,A,0.8171,A,,Match,D441/03,C
400005348000094,TELEVID6022_SCANNER14,GE0010009784956726010400005348000094,13/06/2025,07/06/2025,7849567260,GE001,Others,GE,9,10,DINING TABLE,0.8062,DZNING TABLE,,NoMatch,D441/03,dining table
400005415200082,TELEVID6068_SCANNER14,ES383800778495672603400005415200082,16/06/2025,07/06/2025,7849567260,ES383,Romance,ES,8007,3,A,0.8471,A,,Match,D441/03,C
400005415200086,TELEVID6068_SCANNER14,ES383801178495672604400005415200086,16/06/2025,07/06/2025,7849567260,ES383,Romance,ES,8011,4,A,0.8028,B,,NoMatch,D441/03,A
400005415200088,TELEVID6068_SCANNER14,ES3838013784956726011400005415200088,16/06/2025,07/06/2025,7849567260,ES383,Romance,ES,8013,11,SKII JACKET,0.808,SKII JACKET,,Match,D441/03,ski jacket
400005415200089,TELEVID6068_SCANNER14,ES3838014784956726011400005415200089,16/06/2025,07/06/2025,7849567260,ES383,Romance,ES,8014,11,SKI JACKET,0.8236,SKI JACKET,,Match,D441/03,ski jacket
400005415200090,TELEVID6068_SCANNER14,ES3838015784956726015400005415200090,16/06/2025,07/06/2025,7849567260,ES383,Romance,ES,8015,15,VIDEOGAMES,0.8381,VIDEOGAMES,,Match,D441/03,computer games/video games
400005415200098,TELEVID6068_SCANNER14,ES383802378495672601400005415200098,16/06/2025,07/06/2025,7849567260,ES383,Romance,ES,8023,1,C,0.8315,C,,Match,D441/03,A
400005415200101,TELEVID6068_SCANNER14,ES3838026784956726012400005415200101,16/06/2025,07/06/2025,7849567260,ES383,Romance,ES,8026,12,PANORAMIC VIEW,0.8104,PANCRAMIC VIEW,,NoMatch,D441/03,panoramic view/panorama
400005415200103,TELEVID6068_SCANNER14,ES3838028784956726015400005415200103,16/06/2025,07/06/2025,7849567260,ES383,Romance,ES,8028,15,VIDEOGAMES,0.8298,VIDEOGAMES,,Match,D441/03,computer games/video games
400005415200109,TELEVID6068_SCANNER14,ES383803478495672607400005415200109,16/06/2025,07/06/2025,7849567260,ES383,Romance,ES,8034,7,SEARCH TERMS,0.8083,SEARCH TERMS,,Match,D441/03,search terms
400005417000660,TELEVID6071_SCANNER14,IT2670011784956726018400005417000660,16/06/2025,07/06/2025,7849567260,IT267,Romance,IT,11,18,B,0.834,B,,Match,D441/03,D
400005417300112,TELEVID6066_SCANNER14,ES3838078784956726015400005417300112,16/06/2025,07/06/2025,7849567260,ES383,Romance,ES,8078,15,VIDEOGAMES,0.8272,VIDEOGAMES,,Match,D441/03,computer games/video games
400005417300547,TELEVID6066_SCANNER14,ES3838093784956726012400005417300547,16/06/2025,07/06/2025,7849567260,ES383,Romance,ES,8093,12,PANORAMIC VIEW,0.8007,DANORAMIC VIEW,,NoMatch,D441/03,panoramic view/panorama
400005417300550,TELEVID6066_SCANNER14,ES3838096784956726015400005417300550,16/06/2025,07/06/2025,7849567260,ES383,Romance,ES,8096,15,VIDEOGAMES,0.8081,VIDEOGAMES,,Match,D441/03,computer games/video games
400005523600229,TELEVID8163_Scanner20,BG0080003521230128314400005523600229,21/06/2025,13/06/2025,5212301283,BG008,Slavic,BG,3,14,TIME DELAY,0.8392,TIME DELAY,,Match,D441/03,(time) delay(s)
400005524600266,TELEVID8147_Scanner20,ES8108005521230128311400005524600266,21/06/2025,13/06/2025,5212301283,ES810,Romance,ES,8005,11,NATURAL SUNLIGHT,0.8106,NATURAL SUNLIGHT,,Match,D441/03,(natural) sunlight
400005524600274,TELEVID8147_Scanner20,ES8108013521230128313400005524600274,21/06/2025,13/06/2025,5212301283,ES810,Romance,ES,8013,13,DEEP-SPACE NETWORK,0.8267,DEEP-SPACE NETWORK,,Match,D441/03,Deep Space Network
400005524700472,TELEVID8143_Scanner20,IT3040002521230128313400005524700472,21/06/2025,13/06/2025,5212301283,IT304,Romance,IT,2,13,DEEP-SPACE NETWORK,0.8296,DEEP-SPACE NETWORK,,Match,D441/03,Deep Space Network
60000002198700923,TELEVID4604_SCANNER19,PE044001687506657081160000002198700923,10/12/2024,05/12/2024,8750665708,PE044,Romance,PE,16,11,RAILWAY,0.8068,RAILWAY,,Match,D441/03,[rail/[railway/rail/railroad]/[railroad/rail/railway]/train]
60000002199301149,TELEVID4608_SCANNER19,PE04400268750665708860000002199301149,10/12/2024,05/12/2024,8750665708,PE044,Romance,PE,26,8,MAPPINO,0.8318,MAPPINO,,Match,D441/03,garage
60000002250000195,TELEVID4891_SCANNER19,CH001140296431743791360000002250000195,06/03/2025,01/03/2025,9643174379,CH001,Germanic,CH,1402,13,WAITLISTS,0.8069,WAITLISTS,,Match,D441/03,waiting lists
60000002250000197,TELEVID4891_SCANNER19,CH00114049643174379460000002250000197,06/03/2025,01/03/2025,9643174379,CH001,Germanic,CH,1404,4,A,0.8044,A,,Match,D441/03,A
60000002250000197,TELEVID4891_SCANNER19,CH001140496431743791360000002250000197,06/03/2025,01/03/2025,9643174379,CH001,Germanic,CH,1404,13,WAITINGLISTS,0.8466,WAITINGLISTS,,Match,D441/03,waiting lists
60000002250000204,TELEVID4891_SCANNER19,CH001141196431743791160000002250000204,06/03/2025,01/03/2025,9643174379,CH001,Germanic,CH,1411,11,CYCLINGMUSEUM,0.8224,CYCLINGMUSEUM,,Match,D441/03,(cycling) museum
60000002250000488,TELEVID4891_SCANNER19,DE29988999643174379560000002250000488,06/03/2025,01/03/2025,9643174379,DE299,Germanic,DE,8899,5,A,0.8174,A,,Match,D441/03,B
60000002250000491,TELEVID4891_SCANNER19,DE299890296431743791060000002250000491,06/03/2025,01/03/2025,9643174379,DE299,Germanic,DE,8902,10,RIDING STYLE,0.8475,RIDING STYLE,,Match,D441/03,[riding style/style of riding]
60000002252200300,TELEVID4903_SCANNER19,CH188000296431743791360000002252200300,10/03/2025,01/03/2025,9643174379,CH188,Germanic,CH,2,13,WALTING LISTS,0.8455,WALTINGLISTS,,NoMatch,D441/03,waiting lists
60000002259300231,TELEVID4914_SCANNER19,CH00850189643174379860000002259300231,11/03/2025,01/03/2025,9643174379,CH008,Germanic,CH,5018,8,SALID DAYS,0.8291,SALID DAYS,,Match,D441/03,salad days
60000002259300234,TELEVID4914_SCANNER19,CH008502196431743791360000002259300234,11/03/2025,01/03/2025,9643174379,CH008,Germanic,CH,5021,13,WAITING LISTS,0.828,WAITING CISTS,,NoMatch,D441/03,waiting lists
60000002259800281,TELEVID4915_SCANNER19,CH01080029643174379460000002259800281,11/03/2025,01/03/2025,9643174379,CH010,Germanic,CH,8002,4,A,0.843,A,,Match,D441/03,A
60000002259800293,TELEVID4915_SCANNER19,CH010801496431743791160000002259800293,11/03/2025,01/03/2025,9643174379,CH010,Germanic,CH,8014,11,EX SOLDIER,0.8008,EX SOLDIER,,Match,D441/03,(cycling) museum
60000002259800294,TELEVID4915_SCANNER19,CH010801596431743791560000002259800294,11/03/2025,01/03/2025,9643174379,CH010,Germanic,CH,8015,15,REJOICE,0.8031,REJOICE,,Match,D441/03,spirit
60000002259800295,TELEVID4915_SCANNER19,CH010801696431743791160000002259800295,11/03/2025,01/03/2025,9643174379,CH010,Germanic,CH,8016,11,CYCLING MUSEUM,0.8164,CYCLING MUSEUM,,Match,D441/03,(cycling) museum
60000002259800301,TELEVID4915_SCANNER19,CH01080229643174379160000002259800301,11/03/2025,01/03/2025,9643174379,CH010,Germanic,CH,8022,1,C,0.8256,--impossible--,,NoMatch,D441/03,C
60000002259800303,TELEVID4915_SCANNER19,CH010802496431743791360000002259800303,11/03/2025,01/03/2025,9643174379,CH010,Germanic,CH,8024,13,WAITINGLISTS,0.8282,WAITINGLISTS,,Match,D441/03,waiting lists
60000002259800304,TELEVID4915_SCANNER19,CH010810196431743791260000002259800304,11/03/2025,01/03/2025,9643174379,CH010,Germanic,CH,8101,12,BOTTLES,0.8309,BOTTLES,,Match,D441/03,sound(s)
60000002275500045,TELEVID4952_SCANNER19,DE07780049643174379460000002275500045,17/03/2025,01/03/2025,9643174379,DE077,Germanic,DE,8004,4,A,0.8211,A,,Match,D441/03,A
60000002645200634,BX0756448_SCANNER19,GR11880262481275998960000002645200634,21/05/2025,17/05/2025,2481275998,GR118,Greek,GR,8026,9,TOOMS,0.808,TOOMS,,Match,D441/03,beads/artefacts
60000002645200634,BX0756448_SCANNER19,GR118802624812759981460000002645200634,21/05/2025,17/05/2025,2481275998,GR118,Greek,GR,8026,14,MOUD,0.806,MOUD,,Match,D441/03,cosmetic
60000002710200217,TELEVID5552_SCANNER18,GR03582602481275998960000002710200217,27/05/2025,17/05/2025,2481275998,GR035,Greek,GR,8260,9,MATERIAL,0.8382,MATERIAL,,Match,D441/03,beads/artefacts
60000002934300758,TELEVID5945_SCANNER18,ES020801078495672601160000002934300758,11/06/2025,07/06/2025,7849567260,ES020,Romance,ES,8010,11,SKY JACKET,0.8317,SUY JACKET,,NoMatch,D441/03,ski jacket
60000002934300760,TELEVID5945_SCANNER18,ES020801278495672601560000002934300760,11/06/2025,07/06/2025,7849567260,ES020,Romance,ES,8012,15,VIDEOGAMES,0.8231,VIDGOGAMES,,NoMatch,D441/03,computer games/video games
60000002934300766,TELEVID5945_SCANNER18,ES020801878495672601360000002934300766,11/06/2025,07/06/2025,7849567260,ES020,Romance,ES,8018,13,FLOODING,0.8391,FLOODING,,Match,D441/03,flooding/floods
60000002934300769,TELEVID5945_SCANNER18,ES020802178495672601460000002934300769,11/06/2025,07/06/2025,7849567260,ES020,Romance,ES,8021,14,FISH TRAP,0.8141,FISH TRAP,,Match,D441/03,fish trap
60000002934300772,TELEVID5945_SCANNER18,ES02080247849567260860000002934300772,11/06/2025,07/06/2025,7849567260,ES020,Romance,ES,8024,8,VIEW FROM THE SKY,0.8012,VIEW FROM THE SKY,,Match,D441/03,bird's eye
60000002934300774,TELEVID5945_SCANNER18,ES02080267849567260860000002934300774,11/06/2025,07/06/2025,7849567260,ES020,Romance,ES,8026,8,BIRD'S EYE,0.8277,BIRD'S EYE,,Match,D441/03,bird's eye
60000002934300777,TELEVID5945_SCANNER18,ES020802978495672601560000002934300777,11/06/2025,07/06/2025,7849567260,ES020,Romance,ES,8029,15,VIDEO GAMES,0.8465,VIDEOGAMES,,NoMatch,D441/03,computer games/video games
60000002934300789,TELEVID5945_SCANNER18,ES020804178495672601160000002934300789,11/06/2025,07/06/2025,7849567260,ES020,Romance,ES,8041,11,SKII JACKET,0.8005,SKII JACKET,,Match,D441/03,ski jacket
60000002934800237,TELEVID5951_SCANNER18,ES072800278495672601360000002934800237,11/06/2025,07/06/2025,7849567260,ES072,Romance,ES,8002,13,FLOODINGS,0.8211,FLOODINGS,,Match,D441/03,flooding/floods
60000002934800331,TELEVID5951_SCANNER18,ES07280137849567260860000002934800331,11/06/2025,07/06/2025,7849567260,ES072,Romance,ES,8013,8,BIRD'S EYE,0.8067,BIRD'S EYE,,Match,D441/03,bird's eye
60000002934800333,TELEVID5951_SCANNER18,ES07280157849567260460000002934800333,11/06/2025,07/06/2025,7849567260,ES072,Romance,ES,8015,4,A,0.8499,A,,Match,D441/03,A
60000002934800339,TELEVID5951_SCANNER18,ES072802178495672601460000002934800339,11/06/2025,07/06/2025,7849567260,ES072,Romance,ES,8021,14,FISH-TRAP,0.834,FISH-TRAP,,Match,D441/03,fish trap
60000002934800340,TELEVID5951_SCANNER18,ES072802278495672601460000002934800340,11/06/2025,07/06/2025,7849567260,ES072,Romance,ES,8022,14,FISH NET,0.8135,FISH NET,,Match,D441/03,fish trap
60000002934800347,TELEVID5951_SCANNER18,ES072802978495672601160000002934800347,11/06/2025,07/06/2025,7849567260,ES072,Romance,ES,8029,11,SKI JACKET,0.8248,SKI JACKET,,Match,D441/03,ski jacket
60000002934800351,TELEVID5951_SCANNER18,ES072803378495672601560000002934800351,11/06/2025,07/06/2025,7849567260,ES072,Romance,ES,8033,15,VIDEOGAMES,0.8228,VIDEOGAMES,,Match,D441/03,computer games/video games
60000002934800462,TELEVID5951_SCANNER18,BG001000378495672601260000002934800462,11/06/2025,07/06/2025,7849567260,BG001,Slavic,BG,3,12,PANORAMIC VIEW,0.8096,PANORAMIC VIEW,,Match,D441/03,panoramic view/panorama
60000002934800475,TELEVID5951_SCANNER18,BG001001678495672601460000002934800475,11/06/2025,07/06/2025,7849567260,BG001,Slavic,BG,16,14,FISH TRAP,0.8369,FISH TRAP,,Match,D441/03,fish trap
60000002934800488,TELEVID5951_SCANNER18,BG00100297849567260860000002934800488,11/06/2025,07/06/2025,7849567260,BG001,Slavic,BG,29,8,BIRD'S EYE,0.802,BIRD'S EYE,,Match,D441/03,bird's eye
60000002937300110,TELEVID5964_SCANNER18,PL007800578495672601460000002937300110,11/06/2025,07/06/2025,7849567260,PL007,Slavic,PL,8005,14,FISH TRAP,0.8372,FISH TRAP,,Match,D441/03,fish trap
60000002937300118,TELEVID5964_SCANNER18,PL00780137849567260360000002937300118,11/06/2025,07/06/2025,7849567260,PL007,Slavic,PL,8013,3,A,0.8289,A,,Match,D441/03,C
60000002937300125,TELEVID5964_SCANNER18,PL007802078495672601160000002937300125,11/06/2025,07/06/2025,7849567260,PL007,Slavic,PL,8020,11,SKI JACKET,0.8255,SUI JACKET,,NoMatch,D441/03,ski jacket
60000002938200347,TELEVID5954_SCANNER18,PL00580337849567260860000002938200347,11/06/2025,07/06/2025,7849567260,PL005,Slavic,PL,8033,8,BIRD'S EYE,0.8094,BIRD'S EYE,,Match,D441/03,bird's eye
60000002940900313,TELEVID5966_SCANNER18,ES301800378495672601560000002940900313,11/06/2025,07/06/2025,7849567260,ES301,Romance,ES,8003,15,VIDEO GAMES,0.8009,VIDEOGAMES,,NoMatch,D441/03,computer games/video games
60000002941300032,TELEVID5959_SCANNER18,PL005801278495672601460000002941300032,11/06/2025,07/06/2025,7849567260,PL005,Slavic,PL,8012,14,FISH TRAP,0.8259,FISH TRAP,,Match,D441/03,fish trap
60000002941300040,TELEVID5959_SCANNER18,PL005802078495672601460000002941300040,11/06/2025,07/06/2025,7849567260,PL005,Slavic,PL,8020,14,MYSTERIOUS SITE,0.8311,MYSTERIOUS SITE,,Match,D441/03,fish trap
60000002941300044,TELEVID5959_SCANNER18,PL00580247849567260860000002941300044,11/06/2025,07/06/2025,7849567260,PL005,Slavic,PL,8024,8,VIEW FROM THE SKY,0.8453,VIEW FROM THE SKY,,Match,D441/03,bird's eye
60000002941300133,TELEVID5959_SCANNER18,BG00800387849567260860000002941300133,11/06/2025,07/06/2025,7849567260,BG008,Slavic,BG,38,8,BIRD'S EYE,0.8497,BIRD'S EYE,,Match,D441/03,bird's eye
60000002941300139,TELEVID5959_SCANNER18,BG00800447849567260760000002941300139,11/06/2025,07/06/2025,7849567260,BG008,Slavic,BG,44,7,E-QAUMORS,0.8471,E-QAUMORS,,Match,D441/03,search terms
60000002941300162,TELEVID5959_SCANNER18,BG008001078495672601360000002941300162,11/06/2025,07/06/2025,7849567260,BG008,Slavic,BG,10,13,LE-DAR,0.8405,LE-DAR,,Match,D441/03,flooding/floods
60000002941700088,TELEVID5960_SCANNER18,PL010800178495672602460000002941700088,11/06/2025,07/06/2025,7849567260,PL010,Slavic,PL,8001,24,D,0.8283,D,,Match,D441/03,H
60000002941700542,TELEVID5960_SCANNER18,ES291801178495672601260000002941700542,11/06/2025,07/06/2025,7849567260,ES291,Romance,ES,8011,12,PANORAMIC VIEW,0.8238,NANORAMIC VIEW,,NoMatch,D441/03,panoramic view/panorama
60000002941700542,TELEVID5960_SCANNER18,ES291801178495672601560000002941700542,11/06/2025,07/06/2025,7849567260,ES291,Romance,ES,8011,15,VIDEO GAMES,0.8053,VIDEOGAMES,,NoMatch,D441/03,computer games/video games
60000002942300678,TELEVID5946_SCANNER18,ES442000178495672601560000002942300678,11/06/2025,07/06/2025,7849567260,ES442,Romance,ES,1,15,VIDEOGAMES,0.806,VIDEOGAMES,,Match,D441/03,computer games/video games
60000002942300680,TELEVID5946_SCANNER18,ES44200037849567260760000002942300680,11/06/2025,07/06/2025,7849567260,ES442,Romance,ES,3,7,SEARCH TERMS,0.8229,SCARCH TERMS,,NoMatch,D441/03,search terms
60000002942300683,TELEVID5946_SCANNER18,ES442000678495672601560000002942300683,11/06/2025,07/06/2025,7849567260,ES442,Romance,ES,6,15,VIDEOGAMES,0.838,VIDEOGAMES,,Match,D441/03,computer games/video games
60000002942300689,TELEVID5946_SCANNER18,ES442001278495672601560000002942300689,11/06/2025,07/06/2025,7849567260,ES442,Romance,ES,12,15,VIDEOGAMES,0.8094,VIDEOGAMES,,Match,D441/03,computer games/video games
60000002942300690,TELEVID5946_SCANNER18,ES442001378495672601160000002942300690,11/06/2025,07/06/2025,7849567260,ES442,Romance,ES,13,11,SKI JACKET,0.8052,SKI JACKET,,Match,D441/03,ski jacket
60000002942300695,TELEVID5946_SCANNER18,ES442001878495672602860000002942300695,11/06/2025,07/06/2025,7849567260,ES442,Romance,ES,18,28,--impossible--,0.8447,C,,NoMatch,D441/03,B
60000002944000193,TELEVID5967_SCANNER18,ES25200067849567260760000002944000193,12/06/2025,07/06/2025,7849567260,ES252,Romance,ES,6,7,E-,0.8166,E-,,Match,D441/03,search terms
60000002951200075,televid6004_SCANNER18,IT017801478495672601560000002951200075,12/06/2025,07/06/2025,7849567260,IT017,Romance,IT,8014,15,VIDEOGAMES,0.8345,VIDEOGAMES,,Match,D441/03,computer games/video games
60000002951200078,televid6004_SCANNER18,IT017801778495672601260000002951200078,12/06/2025,07/06/2025,7849567260,IT017,Romance,IT,8017,12,PANORAMIC VIEW,0.8179,PANORAMIC VIEW,,Match,D441/03,panoramic view/panorama
60000002952400263,televid5996_SCANNER18,GR118821678495672601160000002952400263,12/06/2025,07/06/2025,7849567260,GR118,Greek,GR,8216,11,SKI JACKET,0.8151,SKI JACKET,,Match,D441/03,ski jacket
60000002952400263,televid5996_SCANNER18,GR118821678495672601260000002952400263,12/06/2025,07/06/2025,7849567260,GR118,Greek,GR,8216,12,PANORAMIC VIEW,0.8445,PANORAMIC VIEW,,Match,D441/03,panoramic view/panorama
60000002952700238,televid5995_SCANNER18,GR11880927849567260860000002952700238,12/06/2025,07/06/2025,7849567260,GR118,Greek,GR,8092,8,BIRD'S EYE,0.8285,BIRDS EYE,,NoMatch,D441/03,bird's eye
60000002952700243,televid5995_SCANNER18,GR118809778495672601160000002952700243,12/06/2025,07/06/2025,7849567260,GR118,Greek,GR,8097,11,SKI JACKET,0.8134,SKI JACKEY,,NoMatch,D441/03,ski jacket
60000002952700281,televid5995_SCANNER18,GR118813578495672602160000002952700281,12/06/2025,07/06/2025,7849567260,GR118,Greek,GR,8135,21,H,0.8262,H,,Match,D441/03,B
60000002952700281,televid5995_SCANNER18,GR118813578495672602660000002952700281,12/06/2025,07/06/2025,7849567260,GR118,Greek,GR,8135,26,A,0.8452,A,,Match,D441/03,E
60000002958700746,TELEVID6008_SCANNER18,ES431000578495672601560000002958700746,12/06/2025,07/06/2025,7849567260,ES431,Romance,ES,5,15,VIDEOGAMES,0.8122,VIDEOGAMES,,Match,D441/03,computer games/video games
60000002958700747,TELEVID6008_SCANNER18,ES43100067849567260860000002958700747,12/06/2025,07/06/2025,7849567260,ES431,Romance,ES,6,8,BIRD EYES,0.8067,BIRD EVES,,NoMatch,D441/03,bird's eye
60000002958700747,TELEVID6008_SCANNER18,ES431000678495672601460000002958700747,12/06/2025,07/06/2025,7849567260,ES431,Romance,ES,6,14,HISTERIOUS UNDERWATER,0.8347,HISTERIOUS UNDERWATER,,Match,D441/03,fish trap
60000002958700813,TELEVID6008_SCANNER18,PL002800178495672601560000002958700813,12/06/2025,07/06/2025,7849567260,PL002,Slavic,PL,8001,15,VIDEOGAMES,0.829,VIDEOGAMES,,Match,D441/03,computer games/video games
60000002958700833,TELEVID6008_SCANNER18,PL00280217849567260660000002958700833,12/06/2025,07/06/2025,7849567260,PL002,Slavic,PL,8021,6,A,0.8214,A,,Match,D441/03,A
60000002958700869,TELEVID6008_SCANNER18,GR118822278495672601060000002958700869,12/06/2025,07/06/2025,7849567260,GR118,Greek,GR,8222,10,DINING TABLE,0.8337,DIDING PABLE,,NoMatch,D441/03,dining table
60000002958700891,TELEVID6008_SCANNER18,GR11882447849567260460000002958700891,12/06/2025,07/06/2025,7849567260,GR118,Greek,GR,8244,4,A,0.8147,A,,Match,D441/03,A
60000002959700046,TELEVID6000_SCANNER18,DE29989327849567260360000002959700046,12/06/2025,07/06/2025,7849567260,DE299,Germanic,DE,8932,3,A,0.8235,A,,Match,D441/03,C
60000002959700052,TELEVID6000_SCANNER18,DE29989387849567260860000002959700052,12/06/2025,07/06/2025,7849567260,DE299,Germanic,DE,8938,8,VIEW FROM THE SUY,0.8312,VIEW FROM THE SUY,,Match,D441/03,bird's eye
60000002959700058,TELEVID6000_SCANNER18,DE299894478495672601160000002959700058,12/06/2025,07/06/2025,7849567260,DE299,Germanic,DE,8944,11,SKI JACKET,0.8118,SKI JACKET,,Match,D441/03,ski jacket
60000002959700060,TELEVID6000_SCANNER18,DE29989467849567260860000002959700060,12/06/2025,07/06/2025,7849567260,DE299,Germanic,DE,8946,8,BIRDS EYE,0.8205,BIRDS EYE,,Match,D441/03,bird's eye
60000002970900590,TELEVID6042_SCANNER18,CY006000578495672601260000002970900590,13/06/2025,07/06/2025,7849567260,CY006,Greek,CY,5,12,PANORAMICIVIEW,0.8024,PANORAMICIVIEW,,Match,D441/03,panoramic view/panorama
60000002970900651,TELEVID6042_SCANNER18,ES448000978495672601260000002970900651,13/06/2025,07/06/2025,7849567260,ES448,Romance,ES,9,12,PANORAMIC VIEW,0.8473,PANORAMIC VIEW,,Match,D441/03,panoramic view/panorama
60000002971600586,TELEVID6025_SCANNER18,BG005004278495672601260000002971600586,13/06/2025,07/06/2025,7849567260,BG005,Slavic,BG,42,12,PANORAMIC VIEW,0.8244,PANORAMIC VIEW,,Match,D441/03,panoramic view/panorama
60000002971600586,TELEVID6025_SCANNER18,BG005004278495672601560000002971600586,13/06/2025,07/06/2025,7849567260,BG005,Slavic,BG,42,15,VIDEOGAMES,0.8141,VIDEOGAMES,,Match,D441/03,computer games/video games
60000002971600592,TELEVID6025_SCANNER18,BG005004878495672601560000002971600592,13/06/2025,07/06/2025,7849567260,BG005,Slavic,BG,48,15,VIDEOGAMES,0.8435,VIDEOGAMES,,Match,D441/03,computer games/video games
60000002971600761,TELEVID6025_SCANNER18,BG005003778495672601260000002971600761,13/06/2025,07/06/2025,7849567260,BG005,Slavic,BG,37,12,PANORAMIC VIEW,0.8275,PANORAMIC VIEW,,Match,D441/03,panoramic view/panorama
60000002971600815,TELEVID6025_SCANNER18,BG005004978495672601260000002971600815,13/06/2025,07/06/2025,7849567260,BG005,Slavic,BG,49,12,PANORAMIC VIEW,0.8064,PANORAMIC VIEW,,Match,D441/03,panoramic view/panorama
60000002971600818,TELEVID6025_SCANNER18,BG00500527849567260960000002971600818,13/06/2025,07/06/2025,7849567260,BG005,Slavic,BG,52,9,COLOUR,0.8402,COLOUR,,Match,D441/03,[colour/color](s)
60000002973500379,TELEVID6032_SCANNER18,ES38580047849567260960000002973500379,13/06/2025,07/06/2025,7849567260,ES385,Romance,ES,8004,9,COLOR,0.8231,COCOR,,NoMatch,D441/03,[colour/color](s)
60000002973500385,TELEVID6032_SCANNER18,ES385801078495672601260000002973500385,13/06/2025,07/06/2025,7849567260,ES385,Romance,ES,8010,12,PANORAMIC VIEW,0.8326,PANORAMIC VIEW,,Match,D441/03,panoramic view/panorama
60000002973800193,TELEVID6046_SCANNER18,ES391900278495672601560000002973800193,13/06/2025,07/06/2025,7849567260,ES391,Romance,ES,9002,15,VIDEOGAMES,0.81,VIDEOGAMES,,Match,D441/03,computer games/video games
60000002973800196,TELEVID6046_SCANNER18,ES39190057849567260860000002973800196,13/06/2025,07/06/2025,7849567260,ES391,Romance,ES,9005,8,BIRD'S EYE,0.8054,BIRD'S EYE,,Match,D441/03,bird's eye
60000002973800349,TELEVID6046_SCANNER18,ES391980178495672601560000002973800349,13/06/2025,07/06/2025,7849567260,ES391,Romance,ES,9801,15,VIDEOGAMES,0.8475,VIDEOGAMES,,Match,D441/03,computer games/video games
60000002973800350,TELEVID6046_SCANNER18,ES391980278495672601560000002973800350,13/06/2025,07/06/2025,7849567260,ES391,Romance,ES,9802,15,VIDEOGAMES,0.8388,VIDEOGAMES,,Match,D441/03,computer games/video games
60000002974300437,TELEVID6055_SCANNER18,CZ014800378495672601160000002974300437,13/06/2025,07/06/2025,7849567260,CZ014,Slavic,CZ,8003,11,SKI JACKET,0.8214,SKI VACKET,,NoMatch,D441/03,ski jacket
60000002974300439,TELEVID6055_SCANNER18,CZ014800578495672601660000002974300439,13/06/2025,07/06/2025,7849567260,CZ014,Slavic,CZ,8005,16,C,0.8355,"A, C",,NoMatch,D441/03,C
60000002975400556,TELEVID6057_SCANNER18,CZ014100678495672601260000002975400556,13/06/2025,07/06/2025,7849567260,CZ014,Slavic,CZ,1006,12,PANORAMIC VIEW,0.8379,PANORAMIC VIEW,,Match,D441/03,panoramic view/panorama
60000002976200598,TELEVID6058_SCANNER18,ES426000578495672601560000002976200598,13/06/2025,07/06/2025,7849567260,ES426,Romance,ES,5,15,VIDEOGAMES,0.8056,VIDEOGAMES,,Match,D441/03,computer games/video games
60000002976500707,TELEVID6036_SCANNER18,IT282800278495672601560000002976500707,13/06/2025,07/06/2025,7849567260,IT282,Romance,IT,8002,15,VIDEOGAMES,0.8277,VIDEOGAMES,,Match,D441/03,computer games/video games
60000002976500711,TELEVID6036_SCANNER18,IT28280067849567260860000002976500711,13/06/2025,07/06/2025,7849567260,IT282,Romance,IT,8006,8,VIEW FROM THE SKY,0.8324,VIEW FROM THE SKY,,Match,D441/03,bird's eye
60000002976500714,TELEVID6036_SCANNER18,IT282800978495672601360000002976500714,13/06/2025,07/06/2025,7849567260,IT282,Romance,IT,8009,13,FLOODING,0.8324,FLOODING,,Match,D441/03,flooding/floods
60000002976500715,TELEVID6036_SCANNER18,IT282801078495672601460000002976500715,13/06/2025,07/06/2025,7849567260,IT282,Romance,IT,8010,14,FISH TRAP,0.8377,FISH TRAP,,Match,D441/03,fish trap
60000002976500717,TELEVID6036_SCANNER18,IT282801278495672601560000002976500717,13/06/2025,07/06/2025,7849567260,IT282,Romance,IT,8012,15,VIDEOGAMES,0.8355,VIDEOGAMES,,Match,D441/03,computer games/video games
60000002976500765,TELEVID6036_SCANNER18,ES43480067849567260760000002976500765,13/06/2025,07/06/2025,7849567260,ES434,Romance,ES,8006,7,SEARCH TERMS,0.8477,SEARCH TERMS,,Match,D441/03,search terms
60000002977400782,TELEVID6045_SCANNER18,BG008007178495672601560000002977400782,13/06/2025,07/06/2025,7849567260,BG008,Slavic,BG,71,15,DATA,0.8074,DATA,,Match,D441/03,computer games/video games
60000002982800165,TELEVID6050_SCANNER18,ES438002878495672601560000002982800165,14/06/2025,07/06/2025,7849567260,ES438,Romance,ES,28,15,VIDEOGAMES,0.8484,VIDEOGAMES,,Match,D441/03,computer games/video games
60000002982800175,TELEVID6050_SCANNER18,ES337000178495672601160000002982800175,14/06/2025,07/06/2025,7849567260,ES337,Romance,ES,1,11,SKII JACKET,0.8446,SKII JACKET,,Match,D441/03,ski jacket
60000002983300490,TELEVID6028_SCANNER18,ES001800378495672601260000002983300490,14/06/2025,07/06/2025,7849567260,ES001,Romance,ES,8003,12,PANORAMIC VIEW,0.8129,PANORAMIC VIEW,,Match,D441/03,panoramic view/panorama
60000003011800329,TELEVID6052_SCANNER18,ES467000378495672601560000003011800329,16/06/2025,07/06/2025,7849567260,ES467,Romance,ES,3,15,VIDEOGAMES,0.8347,VIDEOGAMES,,Match,D441/03,computer games/video games
60000003013400402,TELEVID6069_SCANNER18,ES467001178495672601560000003013400402,16/06/2025,07/06/2025,7849567260,ES467,Romance,ES,11,15,VIDEOGAMES,0.8453,VIDEOGAMES,,Match,D441/03,computer games/video games
60000003015000105,TELEVID6078_SCANNER19,ES383803978495672601260000003015000105,16/06/2025,07/06/2025,7849567260,ES383,Romance,ES,8039,12,PANORANIC VIEW,0.826,PANORANIC VIEW,,Match,D441/03,panoramic view/panorama
60000003015000116,TELEVID6078_SCANNER19,ES38380507849567260360000003015000116,16/06/2025,07/06/2025,7849567260,ES383,Romance,ES,8050,3,A,0.8296,A,,Match,D441/03,C
60000003015000127,TELEVID6078_SCANNER19,ES38380617849567260860000003015000127,16/06/2025,07/06/2025,7849567260,ES383,Romance,ES,8061,8,VIEW FROM THE SKY,0.8408,VIEW FROM THE SKY,,Match,D441/03,bird's eye
60000003044200249,TELEVID8035_SCANNER18,ES391901652123012831260000003044200249,18/06/2025,13/06/2025,5212301283,ES391,Romance,ES,9016,12,BLOG,0.8204,BLOG,,Match,D441/03,blog
60000003044200250,TELEVID8035_SCANNER18,ES391901752123012831260000003044200250,18/06/2025,13/06/2025,5212301283,ES391,Romance,ES,9017,12,BLOG,0.8483,BLOG,,Match,D441/03,blog
60000003044200368,TELEVID8035_SCANNER18,IT025000552123012831160000003044200368,18/06/2025,13/06/2025,5212301283,IT025,Romance,IT,5,11,LAVA TUBES,0.8328,LAVA TUBES,,Match,D441/03,(natural) sunlight
60000003044200369,TELEVID8035_SCANNER18,IT025000652123012831360000003044200369,18/06/2025,13/06/2025,5212301283,IT025,Romance,IT,6,13,DEEP-SPACE NETWORK,0.8215,DEEP-SPACE NETWORK,,Match,D441/03,Deep Space Network
60000003045100190,TELEVID8009_SCANNER18,PL16101025212301283960000003045100190,18/06/2025,13/06/2025,5212301283,PL161,Slavic,PL,102,9,SOLAR PANEL,0.8099,SOCAR PANEL,,NoMatch,D441/03,volcano
60000003045100191,TELEVID8009_SCANNER18,PL16101035212301283960000003045100191,18/06/2025,13/06/2025,5212301283,PL161,Slavic,PL,103,9,VOLCANO,0.8091,VOLLANO,,NoMatch,D441/03,volcano
60000003049000757,TELEVID6104_SCANNER18,ES07180017849567260360000003049000757,18/06/2025,07/06/2025,7849567260,ES071,Romance,ES,8001,3,A,0.817,A,,Match,D441/03,C
60000003049000760,TELEVID6104_SCANNER18,ES071800478495672601560000003049000760,18/06/2025,07/06/2025,7849567260,ES071,Romance,ES,8004,15,VIDEOGAMES,0.8406,VIDEOGAMES,,Match,D441/03,computer games/video games
60000003050000683,TELEVID6099_SCANNER18,ES03100155212301283760000003050000683,18/06/2025,13/06/2025,5212301283,ES031,Romance,ES,15,7,HOMEOWNER,0.8179,HOMEOWNER,,Match,D441/03,home owner/house owner
60000003050000683,TELEVID6099_SCANNER18,ES031001552123012831460000003050000683,18/06/2025,13/06/2025,5212301283,ES031,Romance,ES,15,14,CALL DELAY,0.8042,CALL DELAX,,NoMatch,D441/03,(time) delay(s)
60000003050700475,TELEVID6106_SCANNER18,ES407000778495672601560000003050700475,18/06/2025,07/06/2025,7849567260,ES407,Romance,ES,7,15,VIDEOGAMES,0.8278,VIDEOGAMES,,Match,D441/03,computer games/video games
60000003051000512,TELEVID6100_SCANNER19,BR249008278495672601460000003051000512,18/06/2025,07/06/2025,7849567260,BR249,Romance,BR,82,14,FISH TRAP,0.815,FISH TRAP,,Match,D441/03,fish trap
60000003051000512,TELEVID6100_SCANNER19,BR249008278495672602560000003051000512,18/06/2025,07/06/2025,7849567260,BR249,Romance,BR,82,25,C,0.8301,"A, C",,NoMatch,D441/03,C
60000003054200196,TELEVID8045_SCANNER19,ES04080145212301283260000003054200196,18/06/2025,13/06/2025,5212301283,ES040,Romance,ES,8014,2,A,0.8052,A,,Match,D441/03,A
60000003054200203,TELEVID8045_SCANNER19,ES040802152123012831360000003054200203,18/06/2025,13/06/2025,5212301283,ES040,Romance,ES,8021,13,DEEP-SPACE NETWORK,0.8444,DEEP-SPACE NETWORK,,Match,D441/03,Deep Space Network
60000003054500450,TELEVID8043_SCANNER19,ES383802252123012831060000003054500450,18/06/2025,13/06/2025,5212301283,ES383,Romance,ES,8022,10,CAVES,0.813,CAVES,,Match,D441/03,(stunning) caves
60000003054500456,TELEVID8043_SCANNER19,ES38380285212301283760000003054500456,18/06/2025,13/06/2025,5212301283,ES383,Romance,ES,8028,7,HOMEOWNER,0.8115,HOMEOWNER,,Match,D441/03,home owner/house owner
60000003054500461,TELEVID8043_SCANNER19,ES383803352123012831260000003054500461,18/06/2025,13/06/2025,5212301283,ES383,Romance,ES,8033,12,VLOG,0.8028,VLOG,,Match,D441/03,blog
60000003054500461,TELEVID8043_SCANNER19,ES383803352123012831360000003054500461,18/06/2025,13/06/2025,5212301283,ES383,Romance,ES,8033,13,DEEP SPACE NETWORK,0.8364,DEEP SPACE METWORK,,NoMatch,D441/03,Deep Space Network
60000003054500472,TELEVID8043_SCANNER19,ES383804452123012831260000003054500472,18/06/2025,13/06/2025,5212301283,ES383,Romance,ES,8044,12,SUPORT,0.8064,SUPORT,,Match,D441/03,blog
60000003054500481,TELEVID8043_SCANNER19,ES38380535212301283460000003054500481,18/06/2025,13/06/2025,5212301283,ES383,Romance,ES,8053,4,A,0.8166,A,,Match,D441/03,A
60000003054800023,TELEVID8040_SCANNER19,ES383811052123012831360000003054800023,18/06/2025,13/06/2025,5212301283,ES383,Romance,ES,8110,13,DEED SPACE NETWORK,0.8385,DEED SPACE NETWORK,,Match,D441/03,Deep Space Network
60000003054800053,TELEVID8040_SCANNER19,ES383806552123012831260000003054800053,18/06/2025,13/06/2025,5212301283,ES383,Romance,ES,8065,12,BLOG,0.8315,BLOG,,Match,D441/03,blog
60000003054800056,TELEVID8040_SCANNER19,ES38380685212301283260000003054800056,18/06/2025,13/06/2025,5212301283,ES383,Romance,ES,8068,2,A,0.8462,A,,Match,D441/03,A
60000003054800056,TELEVID8040_SCANNER19,ES383806852123012831560000003054800056,18/06/2025,13/06/2025,5212301283,ES383,Romance,ES,8068,15,EMERGENCIES,0.8218,EMERGENCIES,,Match,D441/03,[emergency/emergencies]
60000003054800088,TELEVID8040_SCANNER19,ES383808152123012831360000003054800088,18/06/2025,13/06/2025,5212301283,ES383,Romance,ES,8081,13,DEEP-SPACE NETWORK,0.8113,DEEP-SPACE NETWORK,,Match,D441/03,Deep Space Network
60000003059200212,televid8007_SCANNER19,DE70350105212301283260000003059200212,18/06/2025,13/06/2025,5212301283,DE703,Germanic,DE,5010,2,A,0.8444,A,,Match,D441/03,A
60000003059200213,televid8007_SCANNER19,DE703501152123012831460000003059200213,18/06/2025,13/06/2025,5212301283,DE703,Germanic,DE,5011,14,TIME-DELAY,0.8356,TIME-DELAY,,Match,D441/03,(time) delay(s)
60000003059200216,televid8007_SCANNER19,DE703501452123012831360000003059200216,18/06/2025,13/06/2025,5212301283,DE703,Germanic,DE,5014,13,DEEP-SPACE-NETWORK,0.8355,DEEP-SPACE-NETWORK,,Match,D441/03,Deep Space Network
60000003059200217,televid8007_SCANNER19,DE703501552123012832860000003059200217,18/06/2025,13/06/2025,5212301283,DE703,Germanic,DE,5015,28,B,0.8478,--blank--,,NoMatch,D441/03,H
60000003059200218,televid8007_SCANNER19,DE703501652123012831260000003059200218,18/06/2025,13/06/2025,5212301283,DE703,Germanic,DE,5016,12,BLOG,0.8189,BLOG,,Match,D441/03,blog
60000003059200219,televid8007_SCANNER19,DE703501752123012831360000003059200219,18/06/2025,13/06/2025,5212301283,DE703,Germanic,DE,5017,13,DEEP-SPACE-NETWORK,0.8054,DEEP-SPACE-NETWORK,,Match,D441/03,Deep Space Network
60000003059200451,televid8007_SCANNER19,ES589502152123012831460000003059200451,18/06/2025,13/06/2025,5212301283,ES589,Romance,ES,5021,14,GOLD STONE COMPLEX,0.8488,GOLD STONE COMPLEX,,Match,D441/03,(time) delay(s)
60000003059200470,televid8007_SCANNER19,ES589500452123012831360000003059200470,18/06/2025,13/06/2025,5212301283,ES589,Romance,ES,5004,13,DEEP-SPACE NETWORK,0.8161,DEEP-SPACE NETWORK,,Match,D441/03,Deep Space Network
60000003059200478,televid8007_SCANNER19,ES589501252123012831460000003059200478,18/06/2025,13/06/2025,5212301283,ES589,Romance,ES,5012,14,FAMILY CELEBRATIONS,0.8193,FAMILY CELEBRATIONS,,Match,D441/03,(time) delay(s)
60000003059800414,televid8046_SCANNER19,ES383813052123012831360000003059800414,18/06/2025,13/06/2025,5212301283,ES383,Romance,ES,8130,13,DEEPSPACE NETWORK,0.8246,DEEPSPACE NETWORK,,Match,D441/03,Deep Space Network
60000003059800419,televid8046_SCANNER19,ES38381355212301283760000003059800419,18/06/2025,13/06/2025,5212301283,ES383,Romance,ES,8135,7,STAY-AT-HOME MOTHER,0.827,STAY-AT-HOME MOTHER,,Match,D441/03,home owner/house owner
60000003059800420,televid8046_SCANNER19,ES383813652123012831460000003059800420,18/06/2025,13/06/2025,5212301283,ES383,Romance,ES,8136,14,MEASURES,0.8284,PEASURES,,NoMatch,D441/03,(time) delay(s)
60000003059800424,televid8046_SCANNER19,ES38381405212301283460000003059800424,18/06/2025,13/06/2025,5212301283,ES383,Romance,ES,8140,4,A,0.8468,A,,Match,D441/03,A
60000003059800426,televid8046_SCANNER19,ES383814252123012831360000003059800426,18/06/2025,13/06/2025,5212301283,ES383,Romance,ES,8142,13,DEEP-SPACE NETWORK,0.8208,DEEP-SPACE NETWORK,,Match,D441/03,Deep Space Network
60000003059800435,televid8046_SCANNER19,ES38381515212301283760000003059800435,18/06/2025,13/06/2025,5212301283,ES383,Romance,ES,8151,7,FULL-TIME JOB,0.8013,FULL-TIME JOB,,Match,D441/03,home owner/house owner
60000003059800440,televid8046_SCANNER19,ES383815652123012831360000003059800440,18/06/2025,13/06/2025,5212301283,ES383,Romance,ES,8156,13,DEEP-SPACE NETWORK,0.8359,DEEP-SPACE NETWORK,,Match,D441/03,Deep Space Network
60000003071900479,TELEVID8059_SCANNER19,PL16100165212301283260000003071900479,19/06/2025,13/06/2025,5212301283,PL161,Slavic,PL,16,2,--impossible--,0.8253,B,,NoMatch,D441/03,A
60000003072800110,TELEVID8015_SCANNER19,ES383809252123012831560000003072800110,19/06/2025,13/06/2025,5212301283,ES383,Romance,ES,8092,15,EMERGENCIES,0.8152,IMERGINCIES,,NoMatch,D441/03,[emergency/emergencies]
60000003073100300,TELEVID8005_SCANNER19,ES39760015212301283960000003073100300,19/06/2025,13/06/2025,5212301283,ES397,Romance,ES,6001,9,VOLCANO,0.8225,VOUCANO,,NoMatch,D441/03,volcano
60000003073100307,TELEVID8005_SCANNER19,ES397600852123012831160000003073100307,19/06/2025,13/06/2025,5212301283,ES397,Romance,ES,6008,11,NATURAL SUN LIGHT,0.8116,NATURAL SUN LIGHT,,Match,D441/03,(natural) sunlight
60000003073100308,TELEVID8005_SCANNER19,ES397600952123012831460000003073100308,19/06/2025,13/06/2025,5212301283,ES397,Romance,ES,6009,14,TIME DELAY,0.8422,TIME DELAY,,Match,D441/03,(time) delay(s)
60000003073100318,TELEVID8005_SCANNER19,ES39760195212301283360000003073100318,19/06/2025,13/06/2025,5212301283,ES397,Romance,ES,6019,3,A,0.8032,A,,Match,D441/03,C
60000003075300579,TELEVID8067_SCANNER19,ES685800352123012831360000003075300579,19/06/2025,13/06/2025,5212301283,ES685,Romance,ES,8003,13,DEEP SPACE NETWORK,0.8416,DEEP SPACE NETWORK,,Match,D441/03,Deep Space Network
60000003075300580,TELEVID8067_SCANNER19,ES685800452123012831360000003075300580,19/06/2025,13/06/2025,5212301283,ES685,Romance,ES,8004,13,DEEPSPACE NETWORK,0.8343,DEEPSPACE NETWORK,,Match,D441/03,Deep Space Network
60000003075300587,TELEVID8067_SCANNER19,ES685801152123012831060000003075300587,19/06/2025,13/06/2025,5212301283,ES685,Romance,ES,8011,10,CAVES,0.8224,CAVES,,Match,D441/03,(stunning) caves
60000003075300599,TELEVID8067_SCANNER19,ES685802352123012831060000003075300599,19/06/2025,13/06/2025,5212301283,ES685,Romance,ES,8023,10,CAVES,0.8044,CAVES,,Match,D441/03,(stunning) caves
60000003078400140,TELEVID8086_SCANNER19,IT31300015212301283960000003078400140,19/06/2025,13/06/2025,5212301283,IT313,Romance,IT,1,9,VOLCANO,0.8498,VOLLANO,,NoMatch,D441/03,volcano
60000003079500703,TELEVID8069_SCANNER19,CH00149035212301283260000003079500703,19/06/2025,13/06/2025,5212301283,CH001,Germanic,CH,4903,2,A,0.8289,A,,Match,D441/03,A
60000003079500707,TELEVID8069_SCANNER19,CH001490752123012831460000003079500707,19/06/2025,13/06/2025,5212301283,CH001,Germanic,CH,4907,14,VIRTUAL-REALITY SETUP,0.8357,VIRTUAL-REALITY SETUP,,Match,D441/03,(time) delay(s)
60000003079500708,TELEVID8069_SCANNER19,CH00149085212301283760000003079500708,19/06/2025,13/06/2025,5212301283,CH001,Germanic,CH,4908,7,HOME-RUNNER,0.8285,HOME-RUNNER,,Match,D441/03,home owner/house owner
60000003079500709,TELEVID8069_SCANNER19,CH001490952123012831160000003079500709,19/06/2025,13/06/2025,5212301283,CH001,Germanic,CH,4909,11,NATURAL SUN LIGHT,0.8155,NATURAL SUN LIGHT,,Match,D441/03,(natural) sunlight
60000003079500711,TELEVID8069_SCANNER19,CH001491152123012831360000003079500711,19/06/2025,13/06/2025,5212301283,CH001,Germanic,CH,4911,13,DEEP-SPACE NETWORK,0.8133,DEEP-SPACE NETWORK,,Match,D441/03,Deep Space Network
60000003079500713,TELEVID8069_SCANNER19,CH001491352123012831360000003079500713,19/06/2025,13/06/2025,5212301283,CH001,Germanic,CH,4913,13,DEEPSPACENETWORK,0.8437,DEEPSPACENETWORK,,Match,D441/03,Deep Space Network
60000003079500722,TELEVID8069_SCANNER19,CH001492252123012831360000003079500722,19/06/2025,13/06/2025,5212301283,CH001,Germanic,CH,4922,13,DEEP-SPACE NETWORK,0.8018,DEEP-SPACE NETWORK,,Match,D441/03,Deep Space Network
60000003079500870,TELEVID8069_SCANNER19,CH00148035212301283260000003079500870,19/06/2025,13/06/2025,5212301283,CH001,Germanic,CH,4803,2,A,0.8235,A,,Match,D441/03,A
60000003079500884,TELEVID8069_SCANNER19,CH00148175212301283760000003079500884,19/06/2025,13/06/2025,5212301283,CH001,Germanic,CH,4817,7,HOMEOWNER,0.8225,HOMEOWNER,,Match,D441/03,home owner/house owner
60000003079500895,TELEVID8069_SCANNER19,CH00148285212301283760000003079500895,19/06/2025,13/06/2025,5212301283,CH001,Germanic,CH,4828,7,HOMEOWNER,0.8106,HOMEOWNER,,Match,D441/03,home owner/house owner
60000003082700173,TELEVID8101_SCANNER19,DE106801152123012831460000003082700173,19/06/2025,13/06/2025,5212301283,DE106,Germanic,DE,8011,14,TIME-DELAYS,0.8487,TIME-DELAYS,,Match,D441/03,(time) delay(s)
