scan_id,batch_name,UID,scan_date,exam_date,version_number,centre_number,Language group,Prefix centre,candidate_number,question_number,Published,confidence,Captured,Question type,1_Published vs Captured,PoS,ANSWER Key
300003655801256,TELEVID4831_SCANNER12,TH455004499864957599300003655801256,30/01/2025,25/01/2025,9986495759,TH455,Kadai ,TH,44,9,70 POUND 30,0.795,70 POUND 30,,Match,D822/03,"[7/[7/[07/seven]]]( )([G(.)B(.)P(.)/G(.)B(.)P(.)£(.)/pound/pound./£/£(.)G(.)B(.)P(.)](s))( )[4[0/O/o]/[4[0/O/o]/forty]]( )([p/pence])( )(.)/[G(.)B(.)P(.)/G(.)B(.)P(.)£(.)/pound/pound./£/£(.)G(.)B(.)P(.)](s)( )[7/[7/[07/seven]]]( )([G(.)B(.)P(.)/G(.)B(.)P(.)£(.)/pound/pound./£/£(.)G(.)B(.)P(.)](s))( )[4[0/O/o]/[4[0/O/o]/forty]]( )[p/pence]( )(.)/[G(.)B(.)P(.)/G(.)B(.)P(.)£(.)/pound/pound./£/£(.)G(.)B(.)P(.)](s)[7/[7/[07/seven]]]([G(.)B(.)P(.)/G(.)B(.)P(.)£(.)/pound/pound./£/£(.)G(.)B(.)P(.)](s))[&/+/,/-/./:/;/and/ ][4[(0)/O/o]/[4[0/O/o]/forty]]([p/pence])(.)/([G(.)B(.)P(.)/G(.)B(.)P(.)£(.)/pound/pound./£/£(.)G(.)B(.)P(.)](s))[7/[7/[07/seven]]]([G(.)B(.)P(.)/G(.)B(.)P(.)£(.)/pound/pound./£/£(.)G(.)B(.)P(.)](s))[&/+/,/-/./:/;/and/ ][4[(0)/O/o]/[4[0/O/o]/forty]](.)/[G(.)B(.)P(.)/G(.)B(.)P(.)£(.)/pound/pound./£/£(.)G(.)B(.)P(.)](s)[7/[7/[07/seven]]]([G(.)B(.)P(.)/G(.)B(.)P(.)£(.)/pound/pound./£/£(.)G(.)B(.)P(.)](s))[&/+/,/-/./:/;/and/ ][4[(0)/O/o]/[4[0/O/o]/forty]]([p/pence])(.)/[7/[7/[07/seven]]][&/+/,/-/./:/;/and/ ][4[(0)/O/o]/[4[0/O/o]/forty]]([G(.)B(.)P(.)/G(.)B(.)P(.)£(.)/pound/pound./£/£(.)G(.)B(.)P(.)](s))(.)/[7/[7/[07/seven]]]( )([G(.)B(.)P(.)/G(.)B(.)P(.)£(.)/pound/pound./£/£(.)G(.)B(.)P(.)](s))[&/+/,/-/./:/;/and/ ][4[0/O/o]/[4[0/O/o]/forty]]( )(.)/[7/[7/[07/seven]]]( )[G(.)B(.)P(.)/G(.)B(.)P(.)£(.)/pound/pound./£/£(.)G(.)B(.)P(.)](s)[&/+/,/-/./:/;/and/ ][4[0/O/o]/[4[0/O/o]/forty]]( )([p/pence])(.)/([G(.)B(.)P(.)/G(.)B(.)P(.)£(.)/pound/pound./£/£(.)G(.)B(.)P(.)](s))[7/[7/[07/seven]]]([G(.)B(.)P(.)/G(.)B(.)P(.)£(.)/pound/pound./£/£(.)G(.)B(.)P(.)](s))([&/+/,/-/./:/;/and/ ])[4[(0)/O/o]/[4[0/O/o]/forty]]([G(.)B(.)P(.)/G(.)B(.)P(.)£(.)/pound/pound./£/£(.)G(.)B(.)P(.)](s))(.)/[7/[7/[07/seven]]][&/+/,/-/./:/;/and/ ][4[0/O/o]/[4[0/O/o]/forty]]( )(.)/[7/[7/[07/seven]]]( )[4[0/O/o]/[4[0/O/o]/forty]]( )[p/pence](.)/[7/[7/[07/seven]]]( )([G(.)B(.)P(.)/G(.)B(.)P(.)£(.)/pound/pound./£/£(.)G(.)B(.)P(.)](s))( )([and/&/+/'n'/'n/n'/n])( )[.4/.four/2~/5/4~/10/4~/10 of/4~/10 of 1/4~/10 of a/4~/10 of one/four tenths/four tenths of/four tenths of 1/four tenths of a/four tenths of one/point 4/point four/point4](.)"
300003655801258,TELEVID4831_SCANNER12,TH4550046998649575910300003655801258,30/01/2025,25/01/2025,9986495759,TH455,Kadai ,TH,46,10,THIS FHURSDAY,0.7906,THIS FHURSDAY,,Match,D822/03,[thursday/th/thu/thur/thurs]
300003656000182,TELEVID4832_SCANNER12,TH455011499864957599300003656000182,30/01/2025,25/01/2025,9986495759,TH455,Kadai ,TH,114,9,7.40,0.7959,7.40,,Match,D822/03,"[7/[7/[07/seven]]]( )([G(.)B(.)P(.)/G(.)B(.)P(.)£(.)/pound/pound./£/£(.)G(.)B(.)P(.)](s))( )[4[0/O/o]/[4[0/O/o]/forty]]( )([p/pence])( )(.)/[G(.)B(.)P(.)/G(.)B(.)P(.)£(.)/pound/pound./£/£(.)G(.)B(.)P(.)](s)( )[7/[7/[07/seven]]]( )([G(.)B(.)P(.)/G(.)B(.)P(.)£(.)/pound/pound./£/£(.)G(.)B(.)P(.)](s))( )[4[0/O/o]/[4[0/O/o]/forty]]( )[p/pence]( )(.)/[G(.)B(.)P(.)/G(.)B(.)P(.)£(.)/pound/pound./£/£(.)G(.)B(.)P(.)](s)[7/[7/[07/seven]]]([G(.)B(.)P(.)/G(.)B(.)P(.)£(.)/pound/pound./£/£(.)G(.)B(.)P(.)](s))[&/+/,/-/./:/;/and/ ][4[(0)/O/o]/[4[0/O/o]/forty]]([p/pence])(.)/([G(.)B(.)P(.)/G(.)B(.)P(.)£(.)/pound/pound./£/£(.)G(.)B(.)P(.)](s))[7/[7/[07/seven]]]([G(.)B(.)P(.)/G(.)B(.)P(.)£(.)/pound/pound./£/£(.)G(.)B(.)P(.)](s))[&/+/,/-/./:/;/and/ ][4[(0)/O/o]/[4[0/O/o]/forty]](.)/[G(.)B(.)P(.)/G(.)B(.)P(.)£(.)/pound/pound./£/£(.)G(.)B(.)P(.)](s)[7/[7/[07/seven]]]([G(.)B(.)P(.)/G(.)B(.)P(.)£(.)/pound/pound./£/£(.)G(.)B(.)P(.)](s))[&/+/,/-/./:/;/and/ ][4[(0)/O/o]/[4[0/O/o]/forty]]([p/pence])(.)/[7/[7/[07/seven]]][&/+/,/-/./:/;/and/ ][4[(0)/O/o]/[4[0/O/o]/forty]]([G(.)B(.)P(.)/G(.)B(.)P(.)£(.)/pound/pound./£/£(.)G(.)B(.)P(.)](s))(.)/[7/[7/[07/seven]]]( )([G(.)B(.)P(.)/G(.)B(.)P(.)£(.)/pound/pound./£/£(.)G(.)B(.)P(.)](s))[&/+/,/-/./:/;/and/ ][4[0/O/o]/[4[0/O/o]/forty]]( )(.)/[7/[7/[07/seven]]]( )[G(.)B(.)P(.)/G(.)B(.)P(.)£(.)/pound/pound./£/£(.)G(.)B(.)P(.)](s)[&/+/,/-/./:/;/and/ ][4[0/O/o]/[4[0/O/o]/forty]]( )([p/pence])(.)/([G(.)B(.)P(.)/G(.)B(.)P(.)£(.)/pound/pound./£/£(.)G(.)B(.)P(.)](s))[7/[7/[07/seven]]]([G(.)B(.)P(.)/G(.)B(.)P(.)£(.)/pound/pound./£/£(.)G(.)B(.)P(.)](s))([&/+/,/-/./:/;/and/ ])[4[(0)/O/o]/[4[0/O/o]/forty]]([G(.)B(.)P(.)/G(.)B(.)P(.)£(.)/pound/pound./£/£(.)G(.)B(.)P(.)](s))(.)/[7/[7/[07/seven]]][&/+/,/-/./:/;/and/ ][4[0/O/o]/[4[0/O/o]/forty]]( )(.)/[7/[7/[07/seven]]]( )[4[0/O/o]/[4[0/O/o]/forty]]( )[p/pence](.)/[7/[7/[07/seven]]]( )([G(.)B(.)P(.)/G(.)B(.)P(.)£(.)/pound/pound./£/£(.)G(.)B(.)P(.)](s))( )([and/&/+/'n'/'n/n'/n])( )[.4/.four/2~/5/4~/10/4~/10 of/4~/10 of 1/4~/10 of a/4~/10 of one/four tenths/four tenths of/four tenths of 1/four tenths of a/four tenths of one/point 4/point four/point4](.)"
300003656000211,TELEVID4832_SCANNER12,TH455001399864957598300003656000211,30/01/2025,25/01/2025,9986495759,TH455,Kadai ,TH,13,8,WELLKNOW,0.7926,WELLKNOW,,Match,D822/03,painting(s)
300003656001362,TELEVID4832_SCANNER12,TH455009899864957599300003656001362,30/01/2025,25/01/2025,9986495759,TH455,Kadai ,TH,98,9,"7,40",0.7558,7.40,,NoMatch,D822/03,"[7/[7/[07/seven]]]( )([G(.)B(.)P(.)/G(.)B(.)P(.)£(.)/pound/pound./£/£(.)G(.)B(.)P(.)](s))( )[4[0/O/o]/[4[0/O/o]/forty]]( )([p/pence])( )(.)/[G(.)B(.)P(.)/G(.)B(.)P(.)£(.)/pound/pound./£/£(.)G(.)B(.)P(.)](s)( )[7/[7/[07/seven]]]( )([G(.)B(.)P(.)/G(.)B(.)P(.)£(.)/pound/pound./£/£(.)G(.)B(.)P(.)](s))( )[4[0/O/o]/[4[0/O/o]/forty]]( )[p/pence]( )(.)/[G(.)B(.)P(.)/G(.)B(.)P(.)£(.)/pound/pound./£/£(.)G(.)B(.)P(.)](s)[7/[7/[07/seven]]]([G(.)B(.)P(.)/G(.)B(.)P(.)£(.)/pound/pound./£/£(.)G(.)B(.)P(.)](s))[&/+/,/-/./:/;/and/ ][4[(0)/O/o]/[4[0/O/o]/forty]]([p/pence])(.)/([G(.)B(.)P(.)/G(.)B(.)P(.)£(.)/pound/pound./£/£(.)G(.)B(.)P(.)](s))[7/[7/[07/seven]]]([G(.)B(.)P(.)/G(.)B(.)P(.)£(.)/pound/pound./£/£(.)G(.)B(.)P(.)](s))[&/+/,/-/./:/;/and/ ][4[(0)/O/o]/[4[0/O/o]/forty]](.)/[G(.)B(.)P(.)/G(.)B(.)P(.)£(.)/pound/pound./£/£(.)G(.)B(.)P(.)](s)[7/[7/[07/seven]]]([G(.)B(.)P(.)/G(.)B(.)P(.)£(.)/pound/pound./£/£(.)G(.)B(.)P(.)](s))[&/+/,/-/./:/;/and/ ][4[(0)/O/o]/[4[0/O/o]/forty]]([p/pence])(.)/[7/[7/[07/seven]]][&/+/,/-/./:/;/and/ ][4[(0)/O/o]/[4[0/O/o]/forty]]([G(.)B(.)P(.)/G(.)B(.)P(.)£(.)/pound/pound./£/£(.)G(.)B(.)P(.)](s))(.)/[7/[7/[07/seven]]]( )([G(.)B(.)P(.)/G(.)B(.)P(.)£(.)/pound/pound./£/£(.)G(.)B(.)P(.)](s))[&/+/,/-/./:/;/and/ ][4[0/O/o]/[4[0/O/o]/forty]]( )(.)/[7/[7/[07/seven]]]( )[G(.)B(.)P(.)/G(.)B(.)P(.)£(.)/pound/pound./£/£(.)G(.)B(.)P(.)](s)[&/+/,/-/./:/;/and/ ][4[0/O/o]/[4[0/O/o]/forty]]( )([p/pence])(.)/([G(.)B(.)P(.)/G(.)B(.)P(.)£(.)/pound/pound./£/£(.)G(.)B(.)P(.)](s))[7/[7/[07/seven]]]([G(.)B(.)P(.)/G(.)B(.)P(.)£(.)/pound/pound./£/£(.)G(.)B(.)P(.)](s))([&/+/,/-/./:/;/and/ ])[4[(0)/O/o]/[4[0/O/o]/forty]]([G(.)B(.)P(.)/G(.)B(.)P(.)£(.)/pound/pound./£/£(.)G(.)B(.)P(.)](s))(.)/[7/[7/[07/seven]]][&/+/,/-/./:/;/and/ ][4[0/O/o]/[4[0/O/o]/forty]]( )(.)/[7/[7/[07/seven]]]( )[4[0/O/o]/[4[0/O/o]/forty]]( )[p/pence](.)/[7/[7/[07/seven]]]( )([G(.)B(.)P(.)/G(.)B(.)P(.)£(.)/pound/pound./£/£(.)G(.)B(.)P(.)](s))( )([and/&/+/'n'/'n/n'/n])( )[.4/.four/2~/5/4~/10/4~/10 of/4~/10 of 1/4~/10 of a/4~/10 of one/four tenths/four tenths of/four tenths of 1/four tenths of a/four tenths of one/point 4/point four/point4](.)"
300003656001364,TELEVID4832_SCANNER12,TH4550100998649575910300003656001364,30/01/2025,25/01/2025,9986495759,TH455,Kadai ,TH,100,10,7.40,0.7542,7.40,,Match,D822/03,[thursday/th/thu/thur/thurs]
300003656500456,televid4833_SCANNER12,TH455005699864957596300003656500456,30/01/2025,25/01/2025,9986495759,TH455,Kadai ,TH,56,6,8:25,0.7722,8:25,,Match,D822/03,[([0/O/o])8/[8/[08/eight]]]([h/hour/hours/hr/hrs/hs])([&/-/./:/;])[25/[twenty([-/ ])[5/[05/five]]/25]](([-/ ])[in morning/in the morning/a(.)m(.)])(.)/[([0/O/o])8/[8/[08/eight]]][h/hour/hours/hr/hrs/hs]([&/-/./:/;])[25/[twenty([-/ ])[5/[05/five]]/25]]([m/min/mins/minute/minutes/ms])(([-/ ])[in morning/in the morning/a(.)m(.)])(.)/[([0/O/o])8/[8/[08/eight]]]([h/hour/hours/hr/hrs/hs])([&/-/./:/;])[25/[twenty([-/ ])[5/[05/five]]/25]]([-/ ])[h/hour/hours/hr/hrs/hs](.)(([-/ ])[in morning/in the morning/a(.)m(.)])(.)/[25/[twenty([-/ ])[5/[05/five]]/25]]([m/min/mins/minute/minutes/ms](.))([-/ ])[past/after]([-/ ])[([0/O/o])8/[8/[08/eight]]]([h/hour/hours/hr/hrs/hs])(.)(([-/ ])[in morning/in the morning/a(.)m(.)])(.)
300003656500467,televid4833_SCANNER12,TH455006799864957591300003656500467,30/01/2025,25/01/2025,9986495759,TH455,Kadai ,TH,67,1,B,0.7514,"A, B",,NoMatch,D822/03,B
300003717300626,TELEVID5096_SCANNER13,SG300346977853035596300003717300626,02/04/2025,27/03/2025,7785303559,SG300,Chinese,SG,3469,6,THURSDAY,0.7725,THULSDAY,,NoMatch,D822/03,[thursday/th/thu/thur/thurs](s)
300003717300632,TELEVID5096_SCANNER13,SG300347577853035597300003717300632,02/04/2025,27/03/2025,7785303559,SG300,Chinese,SG,3475,7,08:45,0.7794,08:45,,Match,D822/03,[([0/O/o])8/[8/[08/eight]]]([h/hour/hours/hr/hrs/hs])([&/-/./:/;])[45/[forty([-/ ])[5/[05/five]]/45]](([-/ ])[in morning/in the morning/a(.)m(.)])(.)/[([0/O/o])8/[8/[08/eight]]][h/hour/hours/hr/hrs/hs]([&/-/./:/;])[45/[forty([-/ ])[5/[05/five]]/45]]([m/min/mins/minute/minutes/ms])(([-/ ])[in morning/in the morning/a(.)m(.)])(.)/[([0/O/o])8/[8/[08/eight]]]([h/hour/hours/hr/hrs/hs])([&/-/./:/;])[45/[forty([-/ ])[5/[05/five]]/45]]([-/ ])[h/hour/hours/hr/hrs/hs](.)(([-/ ])[in morning/in the morning/a(.)m(.)])(.)/(a([-/ ]))[quarter/1~/4]([-/ ])[to/before/of]([-/ ])[([0/O/o])9/[9/[09/nine]]]([h/hour/hours/hr/hrs/hs])(.)(([-/ ])[in morning/in the morning/a(.)m(.)])(.)/[45/[forty([-/ ])[5/[05/five]]/45]]([m/min/mins/minute/minutes/ms](.))([-/ ])[past/after]([-/ ])[([0/O/o])8/[8/[08/eight]]]([h/hour/hours/hr/hrs/hs])(.)(([-/ ])[in morning/in the morning/a(.)m(.)])(.)/[15/[15/fifteen]]([m/min/mins/minute/minutes/ms](.))([-/ ])[to/before]([-/ ])[([0/O/o])9/[9/[09/nine]]]([h/hour/hours/hr/hrs/hs])(.)(([-/ ])[in morning/in the morning/a(.)m(.)])(.)
300003757700229,TELEVID5260_SCANNER13,IT059000569619746397300003757700229,23/04/2025,10/04/2025,6961974639,IT059,Romance,IT,5,7,WENSDAY,0.7698,WENDDAY,,NoMatch,D822/03,[Wednesday/We/Wed/Weds/Wendnesday/Wendsday/Wenesday/Wensday]
300003851700530,TELEVID5315_SCANNER13,ES3850017696197463910300003851700530,07/05/2025,26/04/2025,6961974639,ES385,Romance,ES,17,10,16TH,0.7938,16,,NoMatch,D822/03,"(the )[16/16nd/16rd/16st/16th/sixteen/sixteenth]([,/-/./~// of / ])[6/06/6th/Jun/Jun./June/six/sixth/vi](.)/(the )[6/06/6th/Jun/Jun./June/six/sixth/vi]([,/-/./~// /the ])[16/16nd/16rd/16st/16th/sixteen/sixteenth](.)/(the )[16nd/16rd/16st/16th/sixteenth] of the [6th/sixth](.)"
300003947500114,TELEVID5374_SCANNER13,IT410001890841330619300003947500114,14/05/2025,07/05/2025,9084133061,IT410,Romance,IT,18,9,INTERNET,0.7797,INTERNET,,Match,D822/03,[[internet/internett/net]/web]
300004036500345,TELEVID5476_SCANNER13,IT0060009696197463910300004036500345,21/05/2025,13/05/2025,6961974639,IT006,Romance,IT,9,10,16TH JUNE,0.7876,16TH JUNE,,Match,D822/03,"(the )[16/16nd/16rd/16st/16th/sixteen/sixteenth]([,/-/./~// of / ])[6/06/6th/Jun/Jun./June/six/sixth/vi](.)/(the )[6/06/6th/Jun/Jun./June/six/sixth/vi]([,/-/./~// /the ])[16/16nd/16rd/16st/16th/sixteen/sixteenth](.)/(the )[16nd/16rd/16st/16th/sixteenth] of the [6th/sixth](.)"
300004036500351,TELEVID5476_SCANNER13,IT006001569619746397300004036500351,21/05/2025,13/05/2025,6961974639,IT006,Romance,IT,15,7,THWSDAY,0.7768,THWSDAY,,Match,D822/03,[Wednesday/We/Wed/Weds/Wendnesday/Wendsday/Wenesday/Wensday]
300004064401073,TELEVID5508_SCANNER12,ID4800009990291766610300004064401073,23/05/2025,10/05/2025,9902917666,ID480,Malayo,ID,9,10,APRIL 4TH,0.7726,APRIL 9TH,,NoMatch,D822/03,"(the )[4/04/4nd/4rd/4st/4th/four/fourth]([,/-/./~// of / ])[4/04/4th/Apr/Apr./April/four/fourth/iv](.)/(the )[4/04/4th/Apr/Apr./April/four/fourth/iv]([,/-/./~// /the ])[4/04/4nd/4rd/4st/4th/four/fourth](.)/(the )[4nd/4rd/4st/4th/fourth] of the [4th/fourth](.)"
300004135300691,TELEVID5582_SCANNER13,LK0010314410329427420300004135300691,27/05/2025,17/05/2025,4103294274,LK001,Indo-Iranian,LK,314,20,B,0.7991,C,,NoMatch,D822/03,B
300004135300698,TELEVID5582_SCANNER13,LK0010322410329427415300004135300698,27/05/2025,17/05/2025,4103294274,LK001,Indo-Iranian,LK,322,15,B,0.7857,"B, C",,NoMatch,D822/03,B
300004135900460,TELEVID5580_SCANNER13,TW0070507228890267110300004135900460,27/05/2025,18/05/2025,2288902671,TW007,Chinese,TW,507,10,T. SHIRT,0.7559,T. SHIRT,,Match,D822/03,[t-shirt(s)/teeshirt(s)]
300004135900477,TELEVID5580_SCANNER13,TW007052422889026717300004135900477,27/05/2025,18/05/2025,2288902671,TW007,Chinese,TW,524,7,TUESDAY,0.7938,TUESDAY,,Match,D822/03,[tuesday/tu/tue/tues](s)
300004135900484,TELEVID5580_SCANNER13,TW007053122889026718300004135900484,27/05/2025,18/05/2025,2288902671,TW007,Chinese,TW,531,8,9:45,0.7529,9-45,,NoMatch,D822/03,[([0/O/o])9/[9/[09/nine]]]([h/hour/hours/hr/hrs/hs])([&/-/./:/;])[45/[forty([-/ ])[5/[05/five]]/45]](([-/ ])[in morning/in the morning/a(.)m(.)])(.)/[([0/O/o])9/[9/[09/nine]]][h/hour/hours/hr/hrs/hs]([&/-/./:/;])[45/[forty([-/ ])[5/[05/five]]/45]]([m/min/mins/minute/minutes/ms])(([-/ ])[in morning/in the morning/a(.)m(.)])(.)/[([0/O/o])9/[9/[09/nine]]]([h/hour/hours/hr/hrs/hs])([&/-/./:/;])[45/[forty([-/ ])[5/[05/five]]/45]]([-/ ])[h/hour/hours/hr/hrs/hs](.)(([-/ ])[in morning/in the morning/a(.)m(.)])(.)/(a([-/ ]))[quarter/1~/4]([-/ ])[to/before/of]([-/ ])[1[0/O/o]/[1[0/O/o]/ten]]([h/hour/hours/hr/hrs/hs])(.)(([-/ ])[in morning/in the morning/a(.)m(.)])(.)/[15/[15/fifteen]]([m/min/mins/minute/minutes/ms](.))([-/ ])[to/before]([-/ ])[1[0/O/o]/[1[0/O/o]/ten]]([h/hour/hours/hr/hrs/hs])(.)(([-/ ])[in morning/in the morning/a(.)m(.)])(.)/[45/[forty([-/ ])[5/[05/five]]/45]]([m/min/mins/minute/minutes/ms](.))([-/ ])[past/after]([-/ ])[([0/O/o])9/[9/[09/nine]]]([h/hour/hours/hr/hrs/hs])(.)(([-/ ])[in morning/in the morning/a(.)m(.)])(.)
300004135900486,TELEVID5580_SCANNER13,TW0070533228890267118300004135900486,27/05/2025,18/05/2025,2288902671,TW007,Chinese,TW,533,18,B,0.7651,B,,Match,D822/03,B
300004135900515,TELEVID5580_SCANNER13,TW0070562228890267111300004135900515,27/05/2025,18/05/2025,2288902671,TW007,Chinese,TW,562,11,C,0.7506,"A, C",,NoMatch,D822/03,C
300004135900539,TELEVID5580_SCANNER13,TW0070586228890267124300004135900539,27/05/2025,18/05/2025,2288902671,TW007,Chinese,TW,586,24,A,0.7582,"A, F",,NoMatch,D822/03,H
300004135900554,TELEVID5580_SCANNER13,TW0070601228890267120300004135900554,27/05/2025,18/05/2025,2288902671,TW007,Chinese,TW,601,20,B,0.7524,B,,Match,D822/03,A
300004135900602,TELEVID5580_SCANNER13,TW007064922889026714300004135900602,27/05/2025,18/05/2025,2288902671,TW007,Chinese,TW,649,4,B,0.7904,B,,Match,D822/03,B
300004135900634,TELEVID5580_SCANNER13,TW007068122889026718300004135900634,27/05/2025,18/05/2025,2288902671,TW007,Chinese,TW,681,8,9:45,0.7821,4:45,,NoMatch,D822/03,[([0/O/o])9/[9/[09/nine]]]([h/hour/hours/hr/hrs/hs])([&/-/./:/;])[45/[forty([-/ ])[5/[05/five]]/45]](([-/ ])[in morning/in the morning/a(.)m(.)])(.)/[([0/O/o])9/[9/[09/nine]]][h/hour/hours/hr/hrs/hs]([&/-/./:/;])[45/[forty([-/ ])[5/[05/five]]/45]]([m/min/mins/minute/minutes/ms])(([-/ ])[in morning/in the morning/a(.)m(.)])(.)/[([0/O/o])9/[9/[09/nine]]]([h/hour/hours/hr/hrs/hs])([&/-/./:/;])[45/[forty([-/ ])[5/[05/five]]/45]]([-/ ])[h/hour/hours/hr/hrs/hs](.)(([-/ ])[in morning/in the morning/a(.)m(.)])(.)/(a([-/ ]))[quarter/1~/4]([-/ ])[to/before/of]([-/ ])[1[0/O/o]/[1[0/O/o]/ten]]([h/hour/hours/hr/hrs/hs])(.)(([-/ ])[in morning/in the morning/a(.)m(.)])(.)/[15/[15/fifteen]]([m/min/mins/minute/minutes/ms](.))([-/ ])[to/before]([-/ ])[1[0/O/o]/[1[0/O/o]/ten]]([h/hour/hours/hr/hrs/hs])(.)(([-/ ])[in morning/in the morning/a(.)m(.)])(.)/[45/[forty([-/ ])[5/[05/five]]/45]]([m/min/mins/minute/minutes/ms](.))([-/ ])[past/after]([-/ ])[([0/O/o])9/[9/[09/nine]]]([h/hour/hours/hr/hrs/hs])(.)(([-/ ])[in morning/in the morning/a(.)m(.)])(.)
300004143700259,TELEVID5596_SCANNER13,LK0010494410329427420300004143700259,28/05/2025,17/05/2025,4103294274,LK001,Indo-Iranian,LK,494,20,B,0.7783,B,,Match,D822/03,B
300004153000260,TELEVID5626_SCANNER13,IT025004190841330618300004153000260,28/05/2025,24/05/2025,9084133061,IT025,Romance,IT,41,8,11 OF JULAY,0.7689,11 OF JULAY,,Match,D822/03,"(the )[7/07/7th/Jul/Jul./July/seven/seventh/vii]([,/-/./~// /the ])[11/11th/eleven/eleventh](.)/(the )[11th/eleventh] of the [7th/seventh](.)/(the )[11/11th/eleven/eleventh]([,/-/./~// of / ])[7/07/7th/Jul/Jul./July/seven/seventh/vii](.)"
300004162600408,TELEVID5644_SCANNER13,IT0174553696197463920300004162600408,29/05/2025,24/05/2025,6961974639,IT017,Romance,IT,4553,20,B,0.7828,B,,Match,D822/03,C
300004164400135,TELEVID5650_SCANNER12,IT0174562696197463916300004164400135,29/05/2025,24/05/2025,6961974639,IT017,Romance,IT,4562,16,B,0.7733,B,,Match,D822/03,B
300004171900852,TELEVID5663_SCANNER13,IT042005069619746399300004171900852,29/05/2025,23/05/2025,6961974639,IT042,Romance,IT,50,9,DOCHEITY,0.7976,DOCHEITY,,Match,D822/03,docherty
300004182200077,TELEVID5706_SCANNER13,ID0031223990291766613300004182200077,30/05/2025,22/05/2025,9902917666,ID003,Malayo,ID,1223,13,B,0.7988,"B, C",,NoMatch,D822/03,B
300004182200555,TELEVID5706_SCANNER13,ID0031190990291766623300004182200555,30/05/2025,22/05/2025,9902917666,ID003,Malayo,ID,1190,23,A,0.7691,"A, B",,NoMatch,D822/03,G
300004182800053,TELEVID5707_SCANNER13,ID0031354990291766618300004182800053,30/05/2025,22/05/2025,9902917666,ID003,Malayo,ID,1354,18,C,0.7832,"B, C",,NoMatch,D822/03,B
300004182800058,TELEVID5707_SCANNER13,ID0031359990291766610300004182800058,30/05/2025,22/05/2025,9902917666,ID003,Malayo,ID,1359,10,7.30 PM,0.7716,7.30 PM,,Match,D822/03,"(the )[4/04/4nd/4rd/4st/4th/four/fourth]([,/-/./~// of / ])[4/04/4th/Apr/Apr./April/four/fourth/iv](.)/(the )[4/04/4th/Apr/Apr./April/four/fourth/iv]([,/-/./~// /the ])[4/04/4nd/4rd/4st/4th/four/fourth](.)/(the )[4nd/4rd/4st/4th/fourth] of the [4th/fourth](.)"
300004182800171,TELEVID5707_SCANNER13,ID0031322990291766620300004182800171,30/05/2025,22/05/2025,9902917666,ID003,Malayo,ID,1322,20,B,0.7964,B,,Match,D822/03,A
300004183900928,TELEVID5670_SCANNER13,IT016010690841330618300004183900928,30/05/2025,24/05/2025,9084133061,IT016,Romance,IT,106,8,11TH JULY,0.7673,77TH JULY,,NoMatch,D822/03,"(the )[7/07/7th/Jul/Jul./July/seven/seventh/vii]([,/-/./~// /the ])[11/11th/eleven/eleventh](.)/(the )[11th/eleventh] of the [7th/seventh](.)/(the )[11/11th/eleven/eleventh]([,/-/./~// of / ])[7/07/7th/Jul/Jul./July/seven/seventh/vii](.)"
300004184500101,TELEVID5697_SCANNER12,ID003128799029176669300004184500101,30/05/2025,22/05/2025,9902917666,ID003,Malayo,ID,1287,9,THREE THOUSAND ONE,0.7858,TWREE THOUSAND ONE,,NoMatch,D822/03,[3[0/O/o][0/O/o][0/O/o]/[[3/[03/three]/[3/[03/three]]([-/ ])([and/&/+/'n'/'n/n'/n])([-/ ])[03/three]/[03/three]]([-/ ])[k/thou/thousand]/[30/thirty([-/ ])[O/nought/o/zero]]([-/ ])[00/hund/hundred]]/[3/[03/three]]([-/ ])[k/thou/thousand]]
300004185400701,TELEVID5692_SCANNER12,IT017464269619746398300004185400701,30/05/2025,24/05/2025,6961974639,IT017,Romance,IT,4642,8,3:25 P.M.,0.7941,3:25 P.M.,,Match,D822/03,[15/[15/fifteen]/([0/O/o])3/[3/[03/three]]][h/hour/hours/hr/hrs/hs]([&/-/./:/;])[25/[twenty([-/ ])[5/[05/five]]/25]]([m/min/mins/minute/minutes/ms])(([-/ ])[in the afternoon/in the evening/p(.)m(.)])(.)/[15/[15/fifteen]/([0/O/o])3/[3/[03/three]]]([h/hour/hours/hr/hrs/hs])([&/-/./:/;])[25/[twenty([-/ ])[5/[05/five]]/25]]([-/ ])[h/hour/hours/hr/hrs/hs](.)(([-/ ])[in the afternoon/in the evening/p(.)m(.)])(.)/[25/[twenty([-/ ])[5/[05/five]]/25]]([m/min/mins/minute/minutes/ms](.))([-/ ])[past/after]([-/ ])[15/[15/fifteen]/([0/O/o])3/[3/[03/three]]]([h/hour/hours/hr/hrs/hs])(.)(([-/ ])[in the afternoon/in the evening/p(.)m(.)])(.)/[15/[15/fifteen]/([0/O/o])3/[3/[03/three]]]([h/hour/hours/hr/hrs/hs])([&/-/./:/;])[25/[twenty([-/ ])[5/[05/five]]/25]](([-/ ])[in the afternoon/in the evening/p(.)m(.)])(.)
300004189100209,TELEVID5691_SCANNER12,SG102101477853035596300004189100209,30/05/2025,24/05/2025,7785303559,SG102,Chinese,SG,1014,6,THURSDAY,0.7553,THERIDAY,,NoMatch,D822/03,[thursday/th/thu/thur/thurs](s)
300004189100209,TELEVID5691_SCANNER12,SG1021014778530355920300004189100209,30/05/2025,24/05/2025,7785303559,SG102,Chinese,SG,1014,20,B,0.7651,B,,Match,D822/03,B
300004189100236,TELEVID5691_SCANNER12,SG1021041778530355925300004189100236,30/05/2025,24/05/2025,7785303559,SG102,Chinese,SG,1041,25,--impossible--,0.7577,B,,NoMatch,D822/03,C
300004189100273,TELEVID5691_SCANNER12,SG102107877853035597300004189100273,30/05/2025,24/05/2025,7785303559,SG102,Chinese,SG,1078,7,8:45,0.7713,8:45,,Match,D822/03,[([0/O/o])8/[8/[08/eight]]]([h/hour/hours/hr/hrs/hs])([&/-/./:/;])[45/[forty([-/ ])[5/[05/five]]/45]](([-/ ])[in morning/in the morning/a(.)m(.)])(.)/[([0/O/o])8/[8/[08/eight]]][h/hour/hours/hr/hrs/hs]([&/-/./:/;])[45/[forty([-/ ])[5/[05/five]]/45]]([m/min/mins/minute/minutes/ms])(([-/ ])[in morning/in the morning/a(.)m(.)])(.)/[([0/O/o])8/[8/[08/eight]]]([h/hour/hours/hr/hrs/hs])([&/-/./:/;])[45/[forty([-/ ])[5/[05/five]]/45]]([-/ ])[h/hour/hours/hr/hrs/hs](.)(([-/ ])[in morning/in the morning/a(.)m(.)])(.)/(a([-/ ]))[quarter/1~/4]([-/ ])[to/before/of]([-/ ])[([0/O/o])9/[9/[09/nine]]]([h/hour/hours/hr/hrs/hs])(.)(([-/ ])[in morning/in the morning/a(.)m(.)])(.)/[45/[forty([-/ ])[5/[05/five]]/45]]([m/min/mins/minute/minutes/ms](.))([-/ ])[past/after]([-/ ])[([0/O/o])8/[8/[08/eight]]]([h/hour/hours/hr/hrs/hs])(.)(([-/ ])[in morning/in the morning/a(.)m(.)])(.)/[15/[15/fifteen]]([m/min/mins/minute/minutes/ms](.))([-/ ])[to/before]([-/ ])[([0/O/o])9/[9/[09/nine]]]([h/hour/hours/hr/hrs/hs])(.)(([-/ ])[in morning/in the morning/a(.)m(.)])(.)
300004189100287,TELEVID5691_SCANNER12,SG102109277853035597300004189100287,30/05/2025,24/05/2025,7785303559,SG102,Chinese,SG,1092,7,8:45,0.7802,8:45,,Match,D822/03,[([0/O/o])8/[8/[08/eight]]]([h/hour/hours/hr/hrs/hs])([&/-/./:/;])[45/[forty([-/ ])[5/[05/five]]/45]](([-/ ])[in morning/in the morning/a(.)m(.)])(.)/[([0/O/o])8/[8/[08/eight]]][h/hour/hours/hr/hrs/hs]([&/-/./:/;])[45/[forty([-/ ])[5/[05/five]]/45]]([m/min/mins/minute/minutes/ms])(([-/ ])[in morning/in the morning/a(.)m(.)])(.)/[([0/O/o])8/[8/[08/eight]]]([h/hour/hours/hr/hrs/hs])([&/-/./:/;])[45/[forty([-/ ])[5/[05/five]]/45]]([-/ ])[h/hour/hours/hr/hrs/hs](.)(([-/ ])[in morning/in the morning/a(.)m(.)])(.)/(a([-/ ]))[quarter/1~/4]([-/ ])[to/before/of]([-/ ])[([0/O/o])9/[9/[09/nine]]]([h/hour/hours/hr/hrs/hs])(.)(([-/ ])[in morning/in the morning/a(.)m(.)])(.)/[45/[forty([-/ ])[5/[05/five]]/45]]([m/min/mins/minute/minutes/ms](.))([-/ ])[past/after]([-/ ])[([0/O/o])8/[8/[08/eight]]]([h/hour/hours/hr/hrs/hs])(.)(([-/ ])[in morning/in the morning/a(.)m(.)])(.)/[15/[15/fifteen]]([m/min/mins/minute/minutes/ms](.))([-/ ])[to/before]([-/ ])[([0/O/o])9/[9/[09/nine]]]([h/hour/hours/hr/hrs/hs])(.)(([-/ ])[in morning/in the morning/a(.)m(.)])(.)
300004189100295,TELEVID5691_SCANNER12,SG102110077853035593300004189100295,30/05/2025,24/05/2025,7785303559,SG102,Chinese,SG,1100,3,B,0.7639,B,,Match,D822/03,B
300004189100324,TELEVID5691_SCANNER12,SG1021129778530355916300004189100324,30/05/2025,24/05/2025,7785303559,SG102,Chinese,SG,1129,16,B,0.764,B,,Match,D822/03,C
300004189100339,TELEVID5691_SCANNER12,SG1021144778530355919300004189100339,30/05/2025,24/05/2025,7785303559,SG102,Chinese,SG,1144,19,B,0.7754,B,,Match,D822/03,B
300004189300153,TELEVID5693_SCANNER13,ID003110699029176667300004189300153,30/05/2025,22/05/2025,9902917666,ID003,Malayo,ID,1106,7,NEW ZEALAND,0.7922,NEWZEALAND,,NoMatch,D822/03,[museum/museam/museeum/musieum/musium/muzeum](s)
300004189300153,TELEVID5693_SCANNER13,ID0031106990291766617300004189300153,30/05/2025,22/05/2025,9902917666,ID003,Malayo,ID,1106,17,A,0.7812,A,,Match,D822/03,A
300004189300160,TELEVID5693_SCANNER13,ID0031113990291766610300004189300160,30/05/2025,22/05/2025,9902917666,ID003,Malayo,ID,1113,10,APRIL '5',0.7577,APRIL '5',,Match,D822/03,"(the )[4/04/4nd/4rd/4st/4th/four/fourth]([,/-/./~// of / ])[4/04/4th/Apr/Apr./April/four/fourth/iv](.)/(the )[4/04/4th/Apr/Apr./April/four/fourth/iv]([,/-/./~// /the ])[4/04/4nd/4rd/4st/4th/four/fourth](.)/(the )[4nd/4rd/4st/4th/fourth] of the [4th/fourth](.)"
300004192000632,TELEVID5703_SCANNER12,CN7241077410329427411300004192000632,31/05/2025,24/05/2025,4103294274,CN724,Chinese,CN,1077,11,B,0.7955,B,,Match,D822/03,B
300004192000647,TELEVID5703_SCANNER12,CN7241092410329427425300004192000647,31/05/2025,24/05/2025,4103294274,CN724,Chinese,CN,1092,25,F,0.762,F,,Match,D822/03,F
300004192000650,TELEVID5703_SCANNER12,CN724109541032942749300004192000650,31/05/2025,24/05/2025,4103294274,CN724,Chinese,CN,1095,9,37,0.7874,37,,Match,D822/03,[37/[thirty([-/ ])[7/[07/seven]]/37]]
300004192000696,TELEVID5703_SCANNER12,CN7241018410329427419300004192000696,31/05/2025,24/05/2025,4103294274,CN724,Chinese,CN,1018,19,B,0.7704,B,,Match,D822/03,C
300004192100006,TELEVID5688_SCANNER12,ID003125699029176668300004192100006,31/05/2025,22/05/2025,9902917666,ID003,Malayo,ID,1256,8,COVCO'N,0.7874,COVCO'N,,Match,D822/03,gold
300004192100169,TELEVID5688_SCANNER12,ID0031026990291766619300004192100169,31/05/2025,22/05/2025,9902917666,ID003,Malayo,ID,1026,19,B,0.7883,B,,Match,D822/03,B
300004228500586,TELEVID5736_SCANNER13,VN019000869674028496300004228500586,02/06/2025,25/05/2025,6967402849,VN019,Austro-Asiatic,VN,8,6,3.50,0.7801,3.50,,Match,D822/03,"[3/[3/[03/three]]]( )([G(.)B(.)P(.)/G(.)B(.)P(.)£(.)/pound/pound./£/£(.)G(.)B(.)P(.)](s))( )[5[0/O/o]/[5[0/O/o]/fifty]]( )([p/pence])( )(.)/[G(.)B(.)P(.)/G(.)B(.)P(.)£(.)/pound/pound./£/£(.)G(.)B(.)P(.)](s)( )[3/[3/[03/three]]]( )([G(.)B(.)P(.)/G(.)B(.)P(.)£(.)/pound/pound./£/£(.)G(.)B(.)P(.)](s))( )[5[0/O/o]/[5[0/O/o]/fifty]]( )[p/pence]( )(.)/([G(.)B(.)P(.)/G(.)B(.)P(.)£(.)/pound/pound./£/£(.)G(.)B(.)P(.)](s))[3/[3/[03/three]]]([G(.)B(.)P(.)/G(.)B(.)P(.)£(.)/pound/pound./£/£(.)G(.)B(.)P(.)](s))[&/+/,/-/./:/;/and/ ][5[(0)/O/o]/[5[0/O/o]/fifty]](.)/[3/[3/[03/three]]][&/+/,/-/./:/;/and/ ][5[(0)/O/o]/[5[0/O/o]/fifty]]([G(.)B(.)P(.)/G(.)B(.)P(.)£(.)/pound/pound./£/£(.)G(.)B(.)P(.)](s))(.)/[3/[3/[03/three]]]( )([G(.)B(.)P(.)/G(.)B(.)P(.)£(.)/pound/pound./£/£(.)G(.)B(.)P(.)](s))[&/+/,/-/./:/;/and/ ][5[0/O/o]/[5[0/O/o]/fifty]]( )(.)/[3/[3/[03/three]]]( )[G(.)B(.)P(.)/G(.)B(.)P(.)£(.)/pound/pound./£/£(.)G(.)B(.)P(.)](s)[&/+/,/-/./:/;/and/ ][5[0/O/o]/[5[0/O/o]/fifty]]( )([p/pence])(.)/([G(.)B(.)P(.)/G(.)B(.)P(.)£(.)/pound/pound./£/£(.)G(.)B(.)P(.)](s))[3/[3/[03/three]]]([G(.)B(.)P(.)/G(.)B(.)P(.)£(.)/pound/pound./£/£(.)G(.)B(.)P(.)](s))([&/+/,/-/./:/;/and/ ])[5[(0)/O/o]/[5[0/O/o]/fifty]]([G(.)B(.)P(.)/G(.)B(.)P(.)£(.)/pound/pound./£/£(.)G(.)B(.)P(.)](s))(.)/[3/[3/[03/three]]][&/+/,/-/./:/;/and/ ][5[0/O/o]/[5[0/O/o]/fifty]]( )(.)/[3/[3/[03/three]]]( )[5[0/O/o]/[5[0/O/o]/fifty]]( )[p/pence](.)/[G(.)B(.)P(.)/G(.)B(.)P(.)£(.)/pound/pound./£/£(.)G(.)B(.)P(.)](s)[3/[3/[03/three]]]([G(.)B(.)P(.)/G(.)B(.)P(.)£(.)/pound/pound./£/£(.)G(.)B(.)P(.)](s))[&/+/,/-/./:/;/and/ ][5[(0)/O/o]/[5[0/O/o]/fifty]]([p/pence])(.)/[G(.)B(.)P(.)/G(.)B(.)P(.)£(.)/pound/pound./£/£(.)G(.)B(.)P(.)](s)[3/[3/[03/three]]]([G(.)B(.)P(.)/G(.)B(.)P(.)£(.)/pound/pound./£/£(.)G(.)B(.)P(.)](s))[&/+/,/-/./:/;/and/ ][5[(0)/O/o]/[5[0/O/o]/fifty]]([p/pence])(.)/[3/[3/[03/three]]]( )([G(.)B(.)P(.)/G(.)B(.)P(.)£(.)/pound/pound./£/£(.)G(.)B(.)P(.)](s))( )([and/&/+/'n'/'n/n'/n])( )[,5/,50/.5/.50/.five/0.5 of/0.5 of a/1~/2/1~/2 a/1~/2 of/1~/2 of 1/1~/2 of a/1~/2 of one/5~/10/5~/10 of/5~/10 of 1/5~/10 of a/5~/10 of one/a 1~/2/a half/a half of/a half of 1/a half of a/a half of one/an half of/an half of 1/an half of a/an half of one/five tenths/five tenths of/five tenths of 1/five tenths of a/five tenths of one/half/half a/half of/half of 1/half of a/half of one/one half of/one half of 1/one half of a/one half of one/point 5/point five/point5](.)"
300004242500686,TELEVID5734_SCANNER13,IT477000169619746397300004242500686,03/06/2025,20/05/2025,6961974639,IT477,Romance,IT,1,7,TWEST DAY,0.7801,TWEST DAY,,Match,D822/03,[Wednesday/We/Wed/Weds/Wendnesday/Wendsday/Wenesday/Wensday]
300004242500693,TELEVID5734_SCANNER13,IT477000869619746398300004242500693,03/06/2025,20/05/2025,6961974639,IT477,Romance,IT,8,8,3:25 P.M.,0.784,3:25 P.M.,,Match,D822/03,[15/[15/fifteen]/([0/O/o])3/[3/[03/three]]][h/hour/hours/hr/hrs/hs]([&/-/./:/;])[25/[twenty([-/ ])[5/[05/five]]/25]]([m/min/mins/minute/minutes/ms])(([-/ ])[in the afternoon/in the evening/p(.)m(.)])(.)/[15/[15/fifteen]/([0/O/o])3/[3/[03/three]]]([h/hour/hours/hr/hrs/hs])([&/-/./:/;])[25/[twenty([-/ ])[5/[05/five]]/25]]([-/ ])[h/hour/hours/hr/hrs/hs](.)(([-/ ])[in the afternoon/in the evening/p(.)m(.)])(.)/[25/[twenty([-/ ])[5/[05/five]]/25]]([m/min/mins/minute/minutes/ms](.))([-/ ])[past/after]([-/ ])[15/[15/fifteen]/([0/O/o])3/[3/[03/three]]]([h/hour/hours/hr/hrs/hs])(.)(([-/ ])[in the afternoon/in the evening/p(.)m(.)])(.)/[15/[15/fifteen]/([0/O/o])3/[3/[03/three]]]([h/hour/hours/hr/hrs/hs])([&/-/./:/;])[25/[twenty([-/ ])[5/[05/five]]/25]](([-/ ])[in the afternoon/in the evening/p(.)m(.)])(.)
300004258600234,TELEVID5766_SCANNER13,PE044000690841330613300004258600234,04/06/2025,28/05/2025,9084133061,PE044,Romance,PE,6,3,C,0.7971,C,,Match,D822/03,C
300004259000178,TELEVID5792_SCANNER13,CZ0011036837894500022300004259000178,04/06/2025,31/05/2025,8378945000,CZ001,Slavic,CZ,1036,22,C,0.7655,"C, G",,NoMatch,D822/03,G
300004259000196,TELEVID5792_SCANNER13,CZ001105483789450007300004259000196,04/06/2025,31/05/2025,8378945000,CZ001,Slavic,CZ,1054,7,LIUUIS,0.7923,LIUNIS,,NoMatch,D822/03,lewes
300004259000197,TELEVID5792_SCANNER13,CZ001105583789450006300004259000197,04/06/2025,31/05/2025,8378945000,CZ001,Slavic,CZ,1055,6,7:26,0.772,7:26,,Match,D822/03,[([0/O/o])7/[7/[07/seven]]]([h/hour/hours/hr/hrs/hs])([&/-/./:/;])[26/[twenty([-/ ])[6/[06/six]]/26]](([-/ ])[in morning/in the morning/a(.)m(.)])(.)/[([0/O/o])7/[7/[07/seven]]]([h/hour/hours/hr/hrs/hs])([&/-/./:/;])[26/[twenty([-/ ])[6/[06/six]]/26]]([-/ ])[h/hour/hours/hr/hrs/hs](.)(([-/ ])[in morning/in the morning/a(.)m(.)])(.)/[26/[twenty([-/ ])[6/[06/six]]/26]]([m/min/mins/minute/minutes/ms](.))([-/ ])[past/after]([-/ ])[([0/O/o])7/[7/[07/seven]]]([h/hour/hours/hr/hrs/hs])(.)(([-/ ])[in morning/in the morning/a(.)m(.)])(.)/[([0/O/o])7/[7/[07/seven]]][h/hour/hours/hr/hrs/hs]([&/-/./:/;])[26/[twenty([-/ ])[6/[06/six]]/26]]([m/min/mins/minute/minutes/ms])(([-/ ])[in morning/in the morning/a(.)m(.)])(.)
300004259000197,TELEVID5792_SCANNER13,CZ001105583789450008300004259000197,04/06/2025,31/05/2025,8378945000,CZ001,Slavic,CZ,1055,8,BEACH,0.7658,BESIH,,NoMatch,D822/03,[beach(es)/beach(s)]
300004259000198,TELEVID5792_SCANNER13,CZ001105683789450009300004259000198,04/06/2025,31/05/2025,8378945000,CZ001,Slavic,CZ,1056,9,COAT,0.766,COAT,,Match,D822/03,coat(s)
300004261200496,TELEVID5772_SCANNER12,PL010002483789450007300004261200496,04/06/2025,31/05/2025,8378945000,PL010,Slavic,PL,24,7,LEWES STUDY CENTRE,0.7662,LEWES STUDY CENTRE,,Match,D822/03,lewes
300004269500051,TELEVID5797_SCANNER12,GR118001141032942743300004269500051,04/06/2025,31/05/2025,4103294274,GR118,Greek,GR,11,3,B,0.7579,B,,Match,D822/03,B
300004280600424,TELEVID5812_SCANNER12,GR1184179410329427410300004280600424,05/06/2025,31/05/2025,4103294274,GR118,Greek,GR,4179,10,BADGER,0.7923,BADGER,,Match,D822/03,badger
300004280600450,TELEVID5812_SCANNER12,GR1184205410329427416300004280600450,05/06/2025,31/05/2025,4103294274,GR118,Greek,GR,4205,16,B,0.7776,B,,Match,D822/03,B
300004305000043,TELEVID5842_SCANNER12,IT0600423696197463920300004305000043,06/06/2025,24/05/2025,6961974639,IT060,Romance,IT,423,20,C,0.7915,"A, C",,NoMatch,D822/03,C
300004305000654,TELEVID5842_SCANNER12,IT0600710696197463916300004305000654,06/06/2025,24/05/2025,6961974639,IT060,Romance,IT,710,16,B,0.7816,B,,Match,D822/03,B
300004305000656,TELEVID5842_SCANNER12,IT0600712696197463916300004305000656,06/06/2025,24/05/2025,6961974639,IT060,Romance,IT,712,16,B,0.7698,B,,Match,D822/03,B
300004305000678,TELEVID5842_SCANNER12,IT060073469619746396300004305000678,06/06/2025,24/05/2025,6961974639,IT060,Romance,IT,734,6,16,0.7715,16,,Match,D822/03,[6[0/O/o]/[6[0/O/o]/sixty]]
300004305600336,TELEVID5850_SCANNER13,IT2750005696197463910300004305600336,06/06/2025,31/05/2025,6961974639,IT275,Romance,IT,5,10,16TH JUNE,0.7654,16TH JUNE,,Match,D822/03,"(the )[16/16nd/16rd/16st/16th/sixteen/sixteenth]([,/-/./~// of / ])[6/06/6th/Jun/Jun./June/six/sixth/vi](.)/(the )[6/06/6th/Jun/Jun./June/six/sixth/vi]([,/-/./~// /the ])[16/16nd/16rd/16st/16th/sixteen/sixteenth](.)/(the )[16nd/16rd/16st/16th/sixteenth] of the [6th/sixth](.)"
300004345900570,TELEVID5879_SCANNER13,TR022013522889026718300004345900570,09/06/2025,31/05/2025,2288902671,TR022,Turkic,TR,135,8,9.45,0.792,9.45,,Match,D822/03,[([0/O/o])9/[9/[09/nine]]]([h/hour/hours/hr/hrs/hs])([&/-/./:/;])[45/[forty([-/ ])[5/[05/five]]/45]](([-/ ])[in morning/in the morning/a(.)m(.)])(.)/[([0/O/o])9/[9/[09/nine]]][h/hour/hours/hr/hrs/hs]([&/-/./:/;])[45/[forty([-/ ])[5/[05/five]]/45]]([m/min/mins/minute/minutes/ms])(([-/ ])[in morning/in the morning/a(.)m(.)])(.)/[([0/O/o])9/[9/[09/nine]]]([h/hour/hours/hr/hrs/hs])([&/-/./:/;])[45/[forty([-/ ])[5/[05/five]]/45]]([-/ ])[h/hour/hours/hr/hrs/hs](.)(([-/ ])[in morning/in the morning/a(.)m(.)])(.)/(a([-/ ]))[quarter/1~/4]([-/ ])[to/before/of]([-/ ])[1[0/O/o]/[1[0/O/o]/ten]]([h/hour/hours/hr/hrs/hs])(.)(([-/ ])[in morning/in the morning/a(.)m(.)])(.)/[15/[15/fifteen]]([m/min/mins/minute/minutes/ms](.))([-/ ])[to/before]([-/ ])[1[0/O/o]/[1[0/O/o]/ten]]([h/hour/hours/hr/hrs/hs])(.)(([-/ ])[in morning/in the morning/a(.)m(.)])(.)/[45/[forty([-/ ])[5/[05/five]]/45]]([m/min/mins/minute/minutes/ms](.))([-/ ])[past/after]([-/ ])[([0/O/o])9/[9/[09/nine]]]([h/hour/hours/hr/hrs/hs])(.)(([-/ ])[in morning/in the morning/a(.)m(.)])(.)
300004345900573,TELEVID5879_SCANNER13,TR022011822889026718300004345900573,09/06/2025,31/05/2025,2288902671,TR022,Turkic,TR,118,8,9:45,0.7902,9:45,,Match,D822/03,[([0/O/o])9/[9/[09/nine]]]([h/hour/hours/hr/hrs/hs])([&/-/./:/;])[45/[forty([-/ ])[5/[05/five]]/45]](([-/ ])[in morning/in the morning/a(.)m(.)])(.)/[([0/O/o])9/[9/[09/nine]]][h/hour/hours/hr/hrs/hs]([&/-/./:/;])[45/[forty([-/ ])[5/[05/five]]/45]]([m/min/mins/minute/minutes/ms])(([-/ ])[in morning/in the morning/a(.)m(.)])(.)/[([0/O/o])9/[9/[09/nine]]]([h/hour/hours/hr/hrs/hs])([&/-/./:/;])[45/[forty([-/ ])[5/[05/five]]/45]]([-/ ])[h/hour/hours/hr/hrs/hs](.)(([-/ ])[in morning/in the morning/a(.)m(.)])(.)/(a([-/ ]))[quarter/1~/4]([-/ ])[to/before/of]([-/ ])[1[0/O/o]/[1[0/O/o]/ten]]([h/hour/hours/hr/hrs/hs])(.)(([-/ ])[in morning/in the morning/a(.)m(.)])(.)/[15/[15/fifteen]]([m/min/mins/minute/minutes/ms](.))([-/ ])[to/before]([-/ ])[1[0/O/o]/[1[0/O/o]/ten]]([h/hour/hours/hr/hrs/hs])(.)(([-/ ])[in morning/in the morning/a(.)m(.)])(.)/[45/[forty([-/ ])[5/[05/five]]/45]]([m/min/mins/minute/minutes/ms](.))([-/ ])[past/after]([-/ ])[([0/O/o])9/[9/[09/nine]]]([h/hour/hours/hr/hrs/hs])(.)(([-/ ])[in morning/in the morning/a(.)m(.)])(.)
300004345900760,TELEVID5879_SCANNER13,TR0220191228890267110300004345900760,09/06/2025,31/05/2025,2288902671,TR022,Turkic,TR,191,10,T-SHIRT,0.7569,ST-SHIRT,,NoMatch,D822/03,[t-shirt(s)/teeshirt(s)]
300004345900807,TELEVID5879_SCANNER13,TR022007122889026717300004345900807,09/06/2025,31/05/2025,2288902671,TR022,Turkic,TR,71,7,THUAS DAY,0.7553,THUAS DAY,,Match,D822/03,[tuesday/tu/tue/tues](s)
300004387000017,TELEVID5956_SCANNER13,PL250017683789450007300004387000017,12/06/2025,05/06/2025,8378945000,PL250,Slavic,PL,176,7,LUIS'S STUDY CENTER,0.7778,LUIS'S STUDY CENTER,,Match,D822/03,lewes
300004387000033,TELEVID5956_SCANNER13,PL250021683789450006300004387000033,12/06/2025,05/06/2025,8378945000,PL250,Slavic,PL,216,6,17:26,0.7687,11.26,,NoMatch,D822/03,[([0/O/o])7/[7/[07/seven]]]([h/hour/hours/hr/hrs/hs])([&/-/./:/;])[26/[twenty([-/ ])[6/[06/six]]/26]](([-/ ])[in morning/in the morning/a(.)m(.)])(.)/[([0/O/o])7/[7/[07/seven]]]([h/hour/hours/hr/hrs/hs])([&/-/./:/;])[26/[twenty([-/ ])[6/[06/six]]/26]]([-/ ])[h/hour/hours/hr/hrs/hs](.)(([-/ ])[in morning/in the morning/a(.)m(.)])(.)/[26/[twenty([-/ ])[6/[06/six]]/26]]([m/min/mins/minute/minutes/ms](.))([-/ ])[past/after]([-/ ])[([0/O/o])7/[7/[07/seven]]]([h/hour/hours/hr/hrs/hs])(.)(([-/ ])[in morning/in the morning/a(.)m(.)])(.)/[([0/O/o])7/[7/[07/seven]]][h/hour/hours/hr/hrs/hs]([&/-/./:/;])[26/[twenty([-/ ])[6/[06/six]]/26]]([m/min/mins/minute/minutes/ms])(([-/ ])[in morning/in the morning/a(.)m(.)])(.)
300004393100562,TELEVID6001_SCANNER13,IT060111569619746399300004393100562,12/06/2025,24/05/2025,6961974639,IT060,Romance,IT,1115,9,MISS DOCHERTY,0.7889,WISS DOCHERTY,,NoMatch,D822/03,docherty
300004393100569,TELEVID6001_SCANNER13,IT060112269619746393300004393100569,12/06/2025,24/05/2025,6961974639,IT060,Romance,IT,1122,3,A,0.7845,B,,NoMatch,D822/03,C
300004394300015,TELEVID5991_SCANNER13,BG0090013872099164110300004394300015,12/06/2025,07/06/2025,8720991641,BG009,Slavic,BG,13,10,"3,75",0.7602,3.75,,NoMatch,D822/03,"[3/[3/[03/three]]]( )([G(.)B(.)P(.)/G(.)B(.)P(.)£(.)/pound/pound./£/£(.)G(.)B(.)P(.)](s))( )[75/[seventy([-/ ])[5/[05/five]]/75]]( )([p/pence])( )(.)/[G(.)B(.)P(.)/G(.)B(.)P(.)£(.)/pound/pound./£/£(.)G(.)B(.)P(.)](s)( )[3/[3/[03/three]]]( )([G(.)B(.)P(.)/G(.)B(.)P(.)£(.)/pound/pound./£/£(.)G(.)B(.)P(.)](s))( )[75/[seventy([-/ ])[5/[05/five]]/75]]( )[p/pence]( )(.)/[G(.)B(.)P(.)/G(.)B(.)P(.)£(.)/pound/pound./£/£(.)G(.)B(.)P(.)](s)[3/[3/[03/three]]]([G(.)B(.)P(.)/G(.)B(.)P(.)£(.)/pound/pound./£/£(.)G(.)B(.)P(.)](s))[&/+/,/-/./:/;/and/ ][75/[seventy([-/ ])[5/[05/five]]/75]]([p/pence])(.)/([G(.)B(.)P(.)/G(.)B(.)P(.)£(.)/pound/pound./£/£(.)G(.)B(.)P(.)](s))[3/[3/[03/three]]]([G(.)B(.)P(.)/G(.)B(.)P(.)£(.)/pound/pound./£/£(.)G(.)B(.)P(.)](s))[&/+/,/-/./:/;/and/ ][75/[seventy([-/ ])[5/[05/five]]/75]](.)/[G(.)B(.)P(.)/G(.)B(.)P(.)£(.)/pound/pound./£/£(.)G(.)B(.)P(.)](s)[3/[3/[03/three]]]([G(.)B(.)P(.)/G(.)B(.)P(.)£(.)/pound/pound./£/£(.)G(.)B(.)P(.)](s))[&/+/,/-/./:/;/and/ ][75/[seventy([-/ ])[5/[05/five]]/75]]([p/pence])(.)/[3/[3/[03/three]]][&/+/,/-/./:/;/and/ ][75/[seventy([-/ ])[5/[05/five]]/75]]([G(.)B(.)P(.)/G(.)B(.)P(.)£(.)/pound/pound./£/£(.)G(.)B(.)P(.)](s))(.)/[3/[3/[03/three]]]( )([G(.)B(.)P(.)/G(.)B(.)P(.)£(.)/pound/pound./£/£(.)G(.)B(.)P(.)](s))[&/+/,/-/./:/;/and/ ][75/[seventy([-/ ])[5/[05/five]]/75]]( )(.)/[3/[3/[03/three]]]( )[G(.)B(.)P(.)/G(.)B(.)P(.)£(.)/pound/pound./£/£(.)G(.)B(.)P(.)](s)[&/+/,/-/./:/;/and/ ][75/[seventy([-/ ])[5/[05/five]]/75]]( )([p/pence])(.)/([G(.)B(.)P(.)/G(.)B(.)P(.)£(.)/pound/pound./£/£(.)G(.)B(.)P(.)](s))[3/[3/[03/three]]]([G(.)B(.)P(.)/G(.)B(.)P(.)£(.)/pound/pound./£/£(.)G(.)B(.)P(.)](s))([&/+/,/-/./:/;/and/ ])[75/[seventy([-/ ])[5/[05/five]]/75]]([G(.)B(.)P(.)/G(.)B(.)P(.)£(.)/pound/pound./£/£(.)G(.)B(.)P(.)](s))(.)/[3/[3/[03/three]]][&/+/,/-/./:/;/and/ ][75/[seventy([-/ ])[5/[05/five]]/75]]( )(.)/[3/[3/[03/three]]]( )[75/[seventy([-/ ])[5/[05/five]]/75]]( )[p/pence](.)/[3/[3/[03/three]]]( )([G(.)B(.)P(.)/G(.)B(.)P(.)£(.)/pound/pound./£/£(.)G(.)B(.)P(.)](s))( )([and/&/+/'n'/'n/n'/n])( )[.75/.seven five/3 quarter a/3 quarter of/3 quarter of 1/3 quarter of a/3 quarter of one/3 quarters a/3 quarters of/3 quarters of 1/3 quarters of a/3 quarters of one/3~/4/3~/4 of/3~/4 of 1/3~/4 of a/3~/4 of one/a 3~/4/a three quarter/a three quarters/point 75/point seven five/point75/three quarter/three quarter a/three quarter of/three quarter of 1/three quarter of a/three quarter of one/three quarters/three quarters a/three quarters of/three quarters of 1/three quarters of a/three quarters of one](.)"
300004396800015,TELEVID6005_SCANNER12,BG009001887209916419300004396800015,12/06/2025,07/06/2025,8720991641,BG009,Slavic,BG,18,9,COAT,0.7861,COAT,,Match,D822/03,coat(s)
300004396800445,TELEVID6005_SCANNER12,IT017413090841330618300004396800445,12/06/2025,07/06/2025,9084133061,IT017,Romance,IT,4130,8,11TH OF JULY,0.7739,PPTH OF JULY,,NoMatch,D822/03,"(the )[7/07/7th/Jul/Jul./July/seven/seventh/vii]([,/-/./~// /the ])[11/11th/eleven/eleventh](.)/(the )[11th/eleventh] of the [7th/seventh](.)/(the )[11/11th/eleven/eleventh]([,/-/./~// of / ])[7/07/7th/Jul/Jul./July/seven/seventh/vii](.)"
300004459800305,TELEVID6120_SCANNER12,IT597000469619746398300004459800305,17/06/2025,07/06/2025,6961974639,IT597,Romance,IT,4,8,3:25 P.M.,0.7608,3:25 PM,,NoMatch,D822/03,[15/[15/fifteen]/([0/O/o])3/[3/[03/three]]][h/hour/hours/hr/hrs/hs]([&/-/./:/;])[25/[twenty([-/ ])[5/[05/five]]/25]]([m/min/mins/minute/minutes/ms])(([-/ ])[in the afternoon/in the evening/p(.)m(.)])(.)/[15/[15/fifteen]/([0/O/o])3/[3/[03/three]]]([h/hour/hours/hr/hrs/hs])([&/-/./:/;])[25/[twenty([-/ ])[5/[05/five]]/25]]([-/ ])[h/hour/hours/hr/hrs/hs](.)(([-/ ])[in the afternoon/in the evening/p(.)m(.)])(.)/[25/[twenty([-/ ])[5/[05/five]]/25]]([m/min/mins/minute/minutes/ms](.))([-/ ])[past/after]([-/ ])[15/[15/fifteen]/([0/O/o])3/[3/[03/three]]]([h/hour/hours/hr/hrs/hs])(.)(([-/ ])[in the afternoon/in the evening/p(.)m(.)])(.)/[15/[15/fifteen]/([0/O/o])3/[3/[03/three]]]([h/hour/hours/hr/hrs/hs])([&/-/./:/;])[25/[twenty([-/ ])[5/[05/five]]/25]](([-/ ])[in the afternoon/in the evening/p(.)m(.)])(.)
300004468900273,TELEVID6111_SCANNER12,IT240002869619746398300004468900273,17/06/2025,11/06/2025,6961974639,IT240,Romance,IT,28,8,3:25 P.M.,0.7558,3:25 P.M.,,Match,D822/03,[15/[15/fifteen]/([0/O/o])3/[3/[03/three]]][h/hour/hours/hr/hrs/hs]([&/-/./:/;])[25/[twenty([-/ ])[5/[05/five]]/25]]([m/min/mins/minute/minutes/ms])(([-/ ])[in the afternoon/in the evening/p(.)m(.)])(.)/[15/[15/fifteen]/([0/O/o])3/[3/[03/three]]]([h/hour/hours/hr/hrs/hs])([&/-/./:/;])[25/[twenty([-/ ])[5/[05/five]]/25]]([-/ ])[h/hour/hours/hr/hrs/hs](.)(([-/ ])[in the afternoon/in the evening/p(.)m(.)])(.)/[25/[twenty([-/ ])[5/[05/five]]/25]]([m/min/mins/minute/minutes/ms](.))([-/ ])[past/after]([-/ ])[15/[15/fifteen]/([0/O/o])3/[3/[03/three]]]([h/hour/hours/hr/hrs/hs])(.)(([-/ ])[in the afternoon/in the evening/p(.)m(.)])(.)/[15/[15/fifteen]/([0/O/o])3/[3/[03/three]]]([h/hour/hours/hr/hrs/hs])([&/-/./:/;])[25/[twenty([-/ ])[5/[05/five]]/25]](([-/ ])[in the afternoon/in the evening/p(.)m(.)])(.)
300004492600176,TELEVID8039_SCANNER13,TR003041122889026717300004492600176,18/06/2025,14/06/2025,2288902671,TR003,Turkic,TR,411,7,DRIVING AND BARROW SOME BOOK LIBARY,0.7775,DRIVING AND BARROW SOME BOOK LIBARY,,Match,D822/03,[tuesday/tu/tue/tues](s)
300004502700287,TELEVID8041_SCANNER12,CH001660569975392727300004502700287,19/06/2025,14/06/2025,6997539272,CH001,Germanic,CH,6605,7,EACTOR,0.7545,LACTOR,,NoMatch,D822/03,laptop(s)
300004502700287,TELEVID8041_SCANNER12,CH0016605699753927210300004502700287,19/06/2025,14/06/2025,6997539272,CH001,Germanic,CH,6605,10,WISLING,0.7781,WISLING,,Match,D822/03,wisley
300004504900444,TELEVID6102_SCANNER12,GE002004441032942748300004504900444,19/06/2025,01/06/2025,4103294274,GE002,Others,GE,44,8,TUSDAY,0.7929,TUSDAY,,Match,D822/03,[friday/fr/fri]
300004504900445,TELEVID6102_SCANNER12,GE0020045410329427410300004504900445,19/06/2025,01/06/2025,4103294274,GE002,Others,GE,45,10,BADGIT,0.769,BADGIR,,NoMatch,D822/03,badger
300004504900453,TELEVID6102_SCANNER12,GE002005341032942743300004504900453,19/06/2025,01/06/2025,4103294274,GE002,Others,GE,53,3,--impossible--,0.7982,C,,NoMatch,D822/03,B
300004518800479,TELEVID8116_SCANNER13,ES717002169619746398300004518800479,20/06/2025,14/06/2025,6961974639,ES717,Romance,ES,21,8,3.25,0.7923,3.25,,Match,D822/03,[15/[15/fifteen]/([0/O/o])3/[3/[03/three]]][h/hour/hours/hr/hrs/hs]([&/-/./:/;])[25/[twenty([-/ ])[5/[05/five]]/25]]([m/min/mins/minute/minutes/ms])(([-/ ])[in the afternoon/in the evening/p(.)m(.)])(.)/[15/[15/fifteen]/([0/O/o])3/[3/[03/three]]]([h/hour/hours/hr/hrs/hs])([&/-/./:/;])[25/[twenty([-/ ])[5/[05/five]]/25]]([-/ ])[h/hour/hours/hr/hrs/hs](.)(([-/ ])[in the afternoon/in the evening/p(.)m(.)])(.)/[25/[twenty([-/ ])[5/[05/five]]/25]]([m/min/mins/minute/minutes/ms](.))([-/ ])[past/after]([-/ ])[15/[15/fifteen]/([0/O/o])3/[3/[03/three]]]([h/hour/hours/hr/hrs/hs])(.)(([-/ ])[in the afternoon/in the evening/p(.)m(.)])(.)/[15/[15/fifteen]/([0/O/o])3/[3/[03/three]]]([h/hour/hours/hr/hrs/hs])([&/-/./:/;])[25/[twenty([-/ ])[5/[05/five]]/25]](([-/ ])[in the afternoon/in the evening/p(.)m(.)])(.)
300004518800480,TELEVID8116_SCANNER13,ES717002269619746398300004518800480,20/06/2025,14/06/2025,6961974639,ES717,Romance,ES,22,8,15:25 PM,0.7892,75:25 PM,,NoMatch,D822/03,[15/[15/fifteen]/([0/O/o])3/[3/[03/three]]][h/hour/hours/hr/hrs/hs]([&/-/./:/;])[25/[twenty([-/ ])[5/[05/five]]/25]]([m/min/mins/minute/minutes/ms])(([-/ ])[in the afternoon/in the evening/p(.)m(.)])(.)/[15/[15/fifteen]/([0/O/o])3/[3/[03/three]]]([h/hour/hours/hr/hrs/hs])([&/-/./:/;])[25/[twenty([-/ ])[5/[05/five]]/25]]([-/ ])[h/hour/hours/hr/hrs/hs](.)(([-/ ])[in the afternoon/in the evening/p(.)m(.)])(.)/[25/[twenty([-/ ])[5/[05/five]]/25]]([m/min/mins/minute/minutes/ms](.))([-/ ])[past/after]([-/ ])[15/[15/fifteen]/([0/O/o])3/[3/[03/three]]]([h/hour/hours/hr/hrs/hs])(.)(([-/ ])[in the afternoon/in the evening/p(.)m(.)])(.)/[15/[15/fifteen]/([0/O/o])3/[3/[03/three]]]([h/hour/hours/hr/hrs/hs])([&/-/./:/;])[25/[twenty([-/ ])[5/[05/five]]/25]](([-/ ])[in the afternoon/in the evening/p(.)m(.)])(.)
300004518800498,TELEVID8116_SCANNER13,ES717001069619746399300004518800498,20/06/2025,14/06/2025,6961974639,ES717,Romance,ES,10,9,DOCHERTY,0.7888,JOCHERTY,,NoMatch,D822/03,docherty
300004555800157,TELEVID8210_SCANNER13,TR003047322889026718300004555800157,24/06/2025,14/06/2025,2288902671,TR003,Turkic,TR,473,8,"91,45",0.7757,9145,,NoMatch,D822/03,[([0/O/o])9/[9/[09/nine]]]([h/hour/hours/hr/hrs/hs])([&/-/./:/;])[45/[forty([-/ ])[5/[05/five]]/45]](([-/ ])[in morning/in the morning/a(.)m(.)])(.)/[([0/O/o])9/[9/[09/nine]]][h/hour/hours/hr/hrs/hs]([&/-/./:/;])[45/[forty([-/ ])[5/[05/five]]/45]]([m/min/mins/minute/minutes/ms])(([-/ ])[in morning/in the morning/a(.)m(.)])(.)/[([0/O/o])9/[9/[09/nine]]]([h/hour/hours/hr/hrs/hs])([&/-/./:/;])[45/[forty([-/ ])[5/[05/five]]/45]]([-/ ])[h/hour/hours/hr/hrs/hs](.)(([-/ ])[in morning/in the morning/a(.)m(.)])(.)/(a([-/ ]))[quarter/1~/4]([-/ ])[to/before/of]([-/ ])[1[0/O/o]/[1[0/O/o]/ten]]([h/hour/hours/hr/hrs/hs])(.)(([-/ ])[in morning/in the morning/a(.)m(.)])(.)/[15/[15/fifteen]]([m/min/mins/minute/minutes/ms](.))([-/ ])[to/before]([-/ ])[1[0/O/o]/[1[0/O/o]/ten]]([h/hour/hours/hr/hrs/hs])(.)(([-/ ])[in morning/in the morning/a(.)m(.)])(.)/[45/[forty([-/ ])[5/[05/five]]/45]]([m/min/mins/minute/minutes/ms](.))([-/ ])[past/after]([-/ ])[([0/O/o])9/[9/[09/nine]]]([h/hour/hours/hr/hrs/hs])(.)(([-/ ])[in morning/in the morning/a(.)m(.)])(.)
300004556500181,TELEVID8217_SCANNER13,IT0240010696197463911300004556500181,24/06/2025,20/06/2025,6961974639,IT024,Romance,IT,10,11,B,0.7508,C,,NoMatch,D822/03,B
300004560500177,TELEVID8235_SCANNER13,ES397701569619746398300004560500177,25/06/2025,21/06/2025,6961974639,ES397,Romance,ES,7015,8,3:25 P.M,0.7834,3:25 P.M,,Match,D822/03,[15/[15/fifteen]/([0/O/o])3/[3/[03/three]]][h/hour/hours/hr/hrs/hs]([&/-/./:/;])[25/[twenty([-/ ])[5/[05/five]]/25]]([m/min/mins/minute/minutes/ms])(([-/ ])[in the afternoon/in the evening/p(.)m(.)])(.)/[15/[15/fifteen]/([0/O/o])3/[3/[03/three]]]([h/hour/hours/hr/hrs/hs])([&/-/./:/;])[25/[twenty([-/ ])[5/[05/five]]/25]]([-/ ])[h/hour/hours/hr/hrs/hs](.)(([-/ ])[in the afternoon/in the evening/p(.)m(.)])(.)/[25/[twenty([-/ ])[5/[05/five]]/25]]([m/min/mins/minute/minutes/ms](.))([-/ ])[past/after]([-/ ])[15/[15/fifteen]/([0/O/o])3/[3/[03/three]]]([h/hour/hours/hr/hrs/hs])(.)(([-/ ])[in the afternoon/in the evening/p(.)m(.)])(.)/[15/[15/fifteen]/([0/O/o])3/[3/[03/three]]]([h/hour/hours/hr/hrs/hs])([&/-/./:/;])[25/[twenty([-/ ])[5/[05/five]]/25]](([-/ ])[in the afternoon/in the evening/p(.)m(.)])(.)
300004574100243,TELEVID8259_SCANNER13,IT0174013696197463910300004574100243,25/06/2025,21/06/2025,6961974639,IT017,Romance,IT,4013,10,16 JUNE,0.7525,76 GIUNE,,NoMatch,D822/03,"(the )[16/16nd/16rd/16st/16th/sixteen/sixteenth]([,/-/./~// of / ])[6/06/6th/Jun/Jun./June/six/sixth/vi](.)/(the )[6/06/6th/Jun/Jun./June/six/sixth/vi]([,/-/./~// /the ])[16/16nd/16rd/16st/16th/sixteen/sixteenth](.)/(the )[16nd/16rd/16st/16th/sixteenth] of the [6th/sixth](.)"
300004599500326,TELEVID6148_SCANNER13,CY0060589410329427420300004599500326,27/06/2025,20/06/2025,4103294274,CY006,Greek,CY,589,20,B,0.7845,B,,Match,D822/03,B
300004618300326,TELEVID6245_SCANNER12,ES040000769619746398300004618300326,03/07/2025,28/06/2025,6961974639,ES040,Romance,ES,7,8,3:45,0.7719,3:95,,NoMatch,D822/03,[15/[15/fifteen]/([0/O/o])3/[3/[03/three]]][h/hour/hours/hr/hrs/hs]([&/-/./:/;])[25/[twenty([-/ ])[5/[05/five]]/25]]([m/min/mins/minute/minutes/ms])(([-/ ])[in the afternoon/in the evening/p(.)m(.)])(.)/[15/[15/fifteen]/([0/O/o])3/[3/[03/three]]]([h/hour/hours/hr/hrs/hs])([&/-/./:/;])[25/[twenty([-/ ])[5/[05/five]]/25]]([-/ ])[h/hour/hours/hr/hrs/hs](.)(([-/ ])[in the afternoon/in the evening/p(.)m(.)])(.)/[25/[twenty([-/ ])[5/[05/five]]/25]]([m/min/mins/minute/minutes/ms](.))([-/ ])[past/after]([-/ ])[15/[15/fifteen]/([0/O/o])3/[3/[03/three]]]([h/hour/hours/hr/hrs/hs])(.)(([-/ ])[in the afternoon/in the evening/p(.)m(.)])(.)/[15/[15/fifteen]/([0/O/o])3/[3/[03/three]]]([h/hour/hours/hr/hrs/hs])([&/-/./:/;])[25/[twenty([-/ ])[5/[05/five]]/25]](([-/ ])[in the afternoon/in the evening/p(.)m(.)])(.)
300004618300326,TELEVID6245_SCANNER12,ES0400007696197463910300004618300326,03/07/2025,28/06/2025,6961974639,ES040,Romance,ES,7,10,JUNE 16TH,0.796,JUNE 16TH,,Match,D822/03,"(the )[16/16nd/16rd/16st/16th/sixteen/sixteenth]([,/-/./~// of / ])[6/06/6th/Jun/Jun./June/six/sixth/vi](.)/(the )[6/06/6th/Jun/Jun./June/six/sixth/vi]([,/-/./~// /the ])[16/16nd/16rd/16st/16th/sixteen/sixteenth](.)/(the )[16nd/16rd/16st/16th/sixteenth] of the [6th/sixth](.)"
400004541800059,TELEVID4879_SCANNER14,VN070001869674028493400004541800059,28/02/2025,22/02/2025,6967402849,VN070,Austro-Asiatic,VN,18,3,C,0.7665,"A, C",,NoMatch,D822/03,A
400004541800059,TELEVID4879_SCANNER14,VN0700018696740284910400004541800059,28/02/2025,22/02/2025,6967402849,VN070,Austro-Asiatic,VN,18,10,SPARHAWK,0.7741,SPARHAWK,,Match,D822/03,sparhawk
400004582500510,TELEVID4986_SCANNER14,IT292000569619746398400004582500510,19/03/2025,14/03/2025,6961974639,IT292,Romance,IT,5,8,3:15 PM,0.7711,3 15 PM,,NoMatch,D822/03,[15/[15/fifteen]/([0/O/o])3/[3/[03/three]]][h/hour/hours/hr/hrs/hs]([&/-/./:/;])[25/[twenty([-/ ])[5/[05/five]]/25]]([m/min/mins/minute/minutes/ms])(([-/ ])[in the afternoon/in the evening/p(.)m(.)])(.)/[15/[15/fifteen]/([0/O/o])3/[3/[03/three]]]([h/hour/hours/hr/hrs/hs])([&/-/./:/;])[25/[twenty([-/ ])[5/[05/five]]/25]]([-/ ])[h/hour/hours/hr/hrs/hs](.)(([-/ ])[in the afternoon/in the evening/p(.)m(.)])(.)/[25/[twenty([-/ ])[5/[05/five]]/25]]([m/min/mins/minute/minutes/ms](.))([-/ ])[past/after]([-/ ])[15/[15/fifteen]/([0/O/o])3/[3/[03/three]]]([h/hour/hours/hr/hrs/hs])(.)(([-/ ])[in the afternoon/in the evening/p(.)m(.)])(.)/[15/[15/fifteen]/([0/O/o])3/[3/[03/three]]]([h/hour/hours/hr/hrs/hs])([&/-/./:/;])[25/[twenty([-/ ])[5/[05/five]]/25]](([-/ ])[in the afternoon/in the evening/p(.)m(.)])(.)
400004598600058,TELEVID5043_Scanner20,DE004003299864957596400004598600058,01/04/2025,22/03/2025,9986495759,DE004,Germanic,DE,32,6,8:25 A.M.,0.7959,8:25 A.M.,,Match,D822/03,[([0/O/o])8/[8/[08/eight]]]([h/hour/hours/hr/hrs/hs])([&/-/./:/;])[25/[twenty([-/ ])[5/[05/five]]/25]](([-/ ])[in morning/in the morning/a(.)m(.)])(.)/[([0/O/o])8/[8/[08/eight]]][h/hour/hours/hr/hrs/hs]([&/-/./:/;])[25/[twenty([-/ ])[5/[05/five]]/25]]([m/min/mins/minute/minutes/ms])(([-/ ])[in morning/in the morning/a(.)m(.)])(.)/[([0/O/o])8/[8/[08/eight]]]([h/hour/hours/hr/hrs/hs])([&/-/./:/;])[25/[twenty([-/ ])[5/[05/five]]/25]]([-/ ])[h/hour/hours/hr/hrs/hs](.)(([-/ ])[in morning/in the morning/a(.)m(.)])(.)/[25/[twenty([-/ ])[5/[05/five]]/25]]([m/min/mins/minute/minutes/ms](.))([-/ ])[past/after]([-/ ])[([0/O/o])8/[8/[08/eight]]]([h/hour/hours/hr/hrs/hs])(.)(([-/ ])[in morning/in the morning/a(.)m(.)])(.)
400004598600164,TELEVID5043_Scanner20,DE0040013998649575910400004598600164,01/04/2025,22/03/2025,9986495759,DE004,Germanic,DE,13,10,THIS THIRSIDAY,0.775,THIS THIRSIDAY,,Match,D822/03,[thursday/th/thu/thur/thurs]
400004598600167,TELEVID5043_Scanner20,DE004001699864957596400004598600167,01/04/2025,22/03/2025,9986495759,DE004,Germanic,DE,16,6,8:25 AM,0.7626,8:25,,NoMatch,D822/03,[([0/O/o])8/[8/[08/eight]]]([h/hour/hours/hr/hrs/hs])([&/-/./:/;])[25/[twenty([-/ ])[5/[05/five]]/25]](([-/ ])[in morning/in the morning/a(.)m(.)])(.)/[([0/O/o])8/[8/[08/eight]]][h/hour/hours/hr/hrs/hs]([&/-/./:/;])[25/[twenty([-/ ])[5/[05/five]]/25]]([m/min/mins/minute/minutes/ms])(([-/ ])[in morning/in the morning/a(.)m(.)])(.)/[([0/O/o])8/[8/[08/eight]]]([h/hour/hours/hr/hrs/hs])([&/-/./:/;])[25/[twenty([-/ ])[5/[05/five]]/25]]([-/ ])[h/hour/hours/hr/hrs/hs](.)(([-/ ])[in morning/in the morning/a(.)m(.)])(.)/[25/[twenty([-/ ])[5/[05/five]]/25]]([m/min/mins/minute/minutes/ms](.))([-/ ])[past/after]([-/ ])[([0/O/o])8/[8/[08/eight]]]([h/hour/hours/hr/hrs/hs])(.)(([-/ ])[in morning/in the morning/a(.)m(.)])(.)
400004598600167,TELEVID5043_Scanner20,DE004001699864957598400004598600167,01/04/2025,22/03/2025,9986495759,DE004,Germanic,DE,16,8,PAINTINGS,0.7664,--blank--,,NoMatch,D822/03,painting(s)
400004598600167,TELEVID5043_Scanner20,DE0040016998649575915400004598600167,01/04/2025,22/03/2025,9986495759,DE004,Germanic,DE,16,15,A,0.7972,A,,Match,D822/03,A
400004598600167,TELEVID5043_Scanner20,DE0040016998649575918400004598600167,01/04/2025,22/03/2025,9986495759,DE004,Germanic,DE,16,18,A,0.7776,A,,Match,D822/03,A
400004600100201,TELEVID5047_Scanner20,MA0020001696197463916400004600100201,01/04/2025,26/03/2025,6961974639,MA002,Afro-Asiatic,MA,1,16,B,0.7527,B,,Match,D822/03,B
400004605500240,TELEVID5107_Scanner20,BU0010029421336104023400004605500240,02/04/2025,25/03/2025,4213361040,BU001,Burmese-Tibetan,BU,29,23,D,0.7899,D,,Match,D822/03,D
400004605500247,TELEVID5107_Scanner20,BU001003642133610407400004605500247,02/04/2025,25/03/2025,4213361040,BU001,Burmese-Tibetan,BU,36,7,4:00 P.M,0.7749,4:00 P.M,,Match,D822/03,[18/[18/eighteen]/([0/O/o])6/[6/[06/six]]]([h/hour/hours/hr/hrs/hs])([&/-/./:/;])(([0/O/o])[[0/O/o]/[[0/O/o]/[O/nought/o/zero]]])(([-/ ])[in the afternoon/in the evening/p(.)m(.)])(.)/[18/[18/eighteen]/([0/O/o])6/[6/[06/six]]][h/hour/hours/hr/hrs/hs]([&/-/./:/;])(([0/O/o])[[0/O/o]/[[0/O/o]/[O/nought/o/zero]]])([m/min/mins/minute/minutes/ms])(([-/ ])[in the afternoon/in the evening/p(.)m(.)])(.)/[18/[18/eighteen]/([0/O/o])6/[6/[06/six]]]([h/hour/hours/hr/hrs/hs])([&/-/./:/;])(([0/O/o])[[0/O/o]/[[0/O/o]/[O/nought/o/zero]]])([-/ ])[h/hour/hours/hr/hrs/hs](.)(([-/ ])[in the afternoon/in the evening/p(.)m(.)])(.)/[18/[18/eighteen]/([0/O/o])6/[6/[06/six]]]([h/hour/hours/hr/hrs/hs])([&/-/./:/;](([0/O/o])[[0/O/o]/[[0/O/o]/[O/nought/o/zero]]]))(([-/ ])[in the afternoon/in the evening/p(.)m(.)])(.)/[18/[18/eighteen]/([0/O/o])6/[6/[06/six]]]([h/hour/hours/hr/hrs/hs])([&/-/./:/;])(([0/O/o])[[0/O/o]/[[0/O/o]/[O/nought/o/zero]]])([-/ ])[o'clock/o'clock in the afternoon/o'clock in the evening/o'clock in afternoon/o'clock in evening](.)/(([0/O/o])[[0/O/o]/[[0/O/o]/[O/nought/o/zero]]])([m/min/mins/minute/minutes/ms](.))([-/ ])[past/after]([-/ ])[18/[18/eighteen]/([0/O/o])6/[6/[06/six]]]([h/hour/hours/hr/hrs/hs])(.)(([-/ ])[in the afternoon/in the evening/p(.)m(.)])(.)
400004605500292,TELEVID5107_Scanner20,BU0010081421336104020400004605500292,02/04/2025,25/03/2025,4213361040,BU001,Burmese-Tibetan,BU,81,20,B,0.7635,B,,Match,D822/03,B
400004605500424,TELEVID5107_Scanner20,BU0010213421336104010400004605500424,02/04/2025,25/03/2025,4213361040,BU001,Burmese-Tibetan,BU,213,10,01322461755,0.7591,01322461755,,Match,D822/03,[[0/O/o]/[[0/O/o]/[O/nought/o/zero]]] [1/[1/[01/a/one/one~/1/oone]]] [3/[3/[03/three]]] [2/[2/[02/two]]] [2/[2/[02/two]]] [4/[4/[04/four]]] [6/[6/[06/six]]] [1/[1/[01/a/one/one~/1/oone]]] [7/[7/[07/seven]]] [5/[5/[05/five]]] [5/[5/[05/five]]]
400004608700660,TELEVID5105_Scanner20,BU0014033421336104020400004608700660,03/04/2025,25/03/2025,4213361040,BU001,Burmese-Tibetan,BU,4033,20,B,0.7775,B,,Match,D822/03,B
400004608700717,TELEVID5105_Scanner20,BU001409042133610407400004608700717,03/04/2025,25/03/2025,4213361040,BU001,Burmese-Tibetan,BU,4090,7,6,0.7894,6,,Match,D822/03,[18/[18/eighteen]/([0/O/o])6/[6/[06/six]]]([h/hour/hours/hr/hrs/hs])([&/-/./:/;])(([0/O/o])[[0/O/o]/[[0/O/o]/[O/nought/o/zero]]])(([-/ ])[in the afternoon/in the evening/p(.)m(.)])(.)/[18/[18/eighteen]/([0/O/o])6/[6/[06/six]]][h/hour/hours/hr/hrs/hs]([&/-/./:/;])(([0/O/o])[[0/O/o]/[[0/O/o]/[O/nought/o/zero]]])([m/min/mins/minute/minutes/ms])(([-/ ])[in the afternoon/in the evening/p(.)m(.)])(.)/[18/[18/eighteen]/([0/O/o])6/[6/[06/six]]]([h/hour/hours/hr/hrs/hs])([&/-/./:/;])(([0/O/o])[[0/O/o]/[[0/O/o]/[O/nought/o/zero]]])([-/ ])[h/hour/hours/hr/hrs/hs](.)(([-/ ])[in the afternoon/in the evening/p(.)m(.)])(.)/[18/[18/eighteen]/([0/O/o])6/[6/[06/six]]]([h/hour/hours/hr/hrs/hs])([&/-/./:/;](([0/O/o])[[0/O/o]/[[0/O/o]/[O/nought/o/zero]]]))(([-/ ])[in the afternoon/in the evening/p(.)m(.)])(.)/[18/[18/eighteen]/([0/O/o])6/[6/[06/six]]]([h/hour/hours/hr/hrs/hs])([&/-/./:/;])(([0/O/o])[[0/O/o]/[[0/O/o]/[O/nought/o/zero]]])([-/ ])[o'clock/o'clock in the afternoon/o'clock in the evening/o'clock in afternoon/o'clock in evening](.)/(([0/O/o])[[0/O/o]/[[0/O/o]/[O/nought/o/zero]]])([m/min/mins/minute/minutes/ms](.))([-/ ])[past/after]([-/ ])[18/[18/eighteen]/([0/O/o])6/[6/[06/six]]]([h/hour/hours/hr/hrs/hs])(.)(([-/ ])[in the afternoon/in the evening/p(.)m(.)])(.)
400004626300046,TELEVID5163_Scanner20,NP013011441032942747400004626300046,10/04/2025,04/04/2025,4103294274,NP013,Indo-Iranian,NP,114,7,200 LONG,0.7528,200 LONG,,Match,D822/03,[2[0/O/o][0/O/o]/[2/[02/two]]([-/ ])[00/hund/hundred]]
400004626300046,TELEVID5163_Scanner20,NP013011441032942748400004626300046,10/04/2025,04/04/2025,4103294274,NP013,Indo-Iranian,NP,114,8,FRIDAY,0.7849,FRI DAY,,NoMatch,D822/03,[friday/fr/fri]
400004627700355,TELEVID5158_Scanner20,IT0190004696197463910400004627700355,10/04/2025,03/04/2025,6961974639,IT019,Romance,IT,4,10,15TH JUNE,0.7938,15TH JUNE,,Match,D822/03,"(the )[16/16nd/16rd/16st/16th/sixteen/sixteenth]([,/-/./~// of / ])[6/06/6th/Jun/Jun./June/six/sixth/vi](.)/(the )[6/06/6th/Jun/Jun./June/six/sixth/vi]([,/-/./~// /the ])[16/16nd/16rd/16st/16th/sixteen/sixteenth](.)/(the )[16nd/16rd/16st/16th/sixteenth] of the [6th/sixth](.)"
400004755200398,TELEVID5312_1_Scanner20,CN9940001410329427410400004755200398,06/05/2025,26/04/2025,4103294274,CN994,Chinese,CN,1,10,BADGER,0.7742,BADGER,,Match,D822/03,badger
400004853900025,TELEVID5356_SCANNER14,IT2781025696197463910400004853900025,14/05/2025,10/05/2025,6961974639,IT278,Romance,IT,1025,10,17TH JUNE,0.7899,17TH JONE,,NoMatch,D822/03,"(the )[16/16nd/16rd/16st/16th/sixteen/sixteenth]([,/-/./~// of / ])[6/06/6th/Jun/Jun./June/six/sixth/vi](.)/(the )[6/06/6th/Jun/Jun./June/six/sixth/vi]([,/-/./~// /the ])[16/16nd/16rd/16st/16th/sixteen/sixteenth](.)/(the )[16nd/16rd/16st/16th/sixteenth] of the [6th/sixth](.)"
400004868800171,TELEVID5365_SCANNER14,IT308021269619746398400004868800171,15/05/2025,09/05/2025,6961974639,IT308,Romance,IT,212,8,3:25,0.7789,3:25,,Match,D822/03,[15/[15/fifteen]/([0/O/o])3/[3/[03/three]]][h/hour/hours/hr/hrs/hs]([&/-/./:/;])[25/[twenty([-/ ])[5/[05/five]]/25]]([m/min/mins/minute/minutes/ms])(([-/ ])[in the afternoon/in the evening/p(.)m(.)])(.)/[15/[15/fifteen]/([0/O/o])3/[3/[03/three]]]([h/hour/hours/hr/hrs/hs])([&/-/./:/;])[25/[twenty([-/ ])[5/[05/five]]/25]]([-/ ])[h/hour/hours/hr/hrs/hs](.)(([-/ ])[in the afternoon/in the evening/p(.)m(.)])(.)/[25/[twenty([-/ ])[5/[05/five]]/25]]([m/min/mins/minute/minutes/ms](.))([-/ ])[past/after]([-/ ])[15/[15/fifteen]/([0/O/o])3/[3/[03/three]]]([h/hour/hours/hr/hrs/hs])(.)(([-/ ])[in the afternoon/in the evening/p(.)m(.)])(.)/[15/[15/fifteen]/([0/O/o])3/[3/[03/three]]]([h/hour/hours/hr/hrs/hs])([&/-/./:/;])[25/[twenty([-/ ])[5/[05/five]]/25]](([-/ ])[in the afternoon/in the evening/p(.)m(.)])(.)
400004868800687,TELEVID5365_SCANNER14,IT308014369619746393400004868800687,15/05/2025,09/05/2025,6961974639,IT308,Romance,IT,143,3,C,0.7628,C,,Match,D822/03,C
400004868800731,TELEVID5365_SCANNER14,IT3080117696197463910400004868800731,15/05/2025,09/05/2025,6961974639,IT308,Romance,IT,117,10,16 06,0.783,16/06,,NoMatch,D822/03,"(the )[16/16nd/16rd/16st/16th/sixteen/sixteenth]([,/-/./~// of / ])[6/06/6th/Jun/Jun./June/six/sixth/vi](.)/(the )[6/06/6th/Jun/Jun./June/six/sixth/vi]([,/-/./~// /the ])[16/16nd/16rd/16st/16th/sixteen/sixteenth](.)/(the )[16nd/16rd/16st/16th/sixteenth] of the [6th/sixth](.)"
400004869100183,TELEVID5383_SCANNER14,CN519000441032942747400004869100183,15/05/2025,10/05/2025,4103294274,CN519,Chinese,CN,4,7,206,0.79,206,,Match,D822/03,[2[0/O/o][0/O/o]/[2/[02/two]]([-/ ])[00/hund/hundred]]
400004869100184,TELEVID5383_SCANNER14,CN5190005410329427410400004869100184,15/05/2025,10/05/2025,4103294274,CN519,Chinese,CN,5,10,BADGER,0.7724,BADGER,,Match,D822/03,badger
400004869100319,TELEVID5383_SCANNER14,CN5190047410329427420400004869100319,15/05/2025,10/05/2025,4103294274,CN519,Chinese,CN,47,20,B,0.7512,B,,Match,D822/03,B
400004884900535,TELEVID5412_SCANNER14,IT071000869619746393400004884900535,16/05/2025,12/05/2025,6961974639,IT071,Romance,IT,8,3,C,0.7561,--impossible--,,NoMatch,D822/03,C
400004884900535,TELEVID5412_SCANNER14,IT0710008696197463910400004884900535,16/05/2025,12/05/2025,6961974639,IT071,Romance,IT,8,10,16TH JUNE,0.7644,76TH JUNE,,NoMatch,D822/03,"(the )[16/16nd/16rd/16st/16th/sixteen/sixteenth]([,/-/./~// of / ])[6/06/6th/Jun/Jun./June/six/sixth/vi](.)/(the )[6/06/6th/Jun/Jun./June/six/sixth/vi]([,/-/./~// /the ])[16/16nd/16rd/16st/16th/sixteen/sixteenth](.)/(the )[16nd/16rd/16st/16th/sixteenth] of the [6th/sixth](.)"
400004923900017,TELEVID5431_SCANNER14,VN070001769674028496400004923900017,19/05/2025,11/05/2025,6967402849,VN070,Austro-Asiatic,VN,17,6,360,0.7657,360,,Match,D822/03,"[3/[3/[03/three]]]( )([G(.)B(.)P(.)/G(.)B(.)P(.)£(.)/pound/pound./£/£(.)G(.)B(.)P(.)](s))( )[5[0/O/o]/[5[0/O/o]/fifty]]( )([p/pence])( )(.)/[G(.)B(.)P(.)/G(.)B(.)P(.)£(.)/pound/pound./£/£(.)G(.)B(.)P(.)](s)( )[3/[3/[03/three]]]( )([G(.)B(.)P(.)/G(.)B(.)P(.)£(.)/pound/pound./£/£(.)G(.)B(.)P(.)](s))( )[5[0/O/o]/[5[0/O/o]/fifty]]( )[p/pence]( )(.)/([G(.)B(.)P(.)/G(.)B(.)P(.)£(.)/pound/pound./£/£(.)G(.)B(.)P(.)](s))[3/[3/[03/three]]]([G(.)B(.)P(.)/G(.)B(.)P(.)£(.)/pound/pound./£/£(.)G(.)B(.)P(.)](s))[&/+/,/-/./:/;/and/ ][5[(0)/O/o]/[5[0/O/o]/fifty]](.)/[3/[3/[03/three]]][&/+/,/-/./:/;/and/ ][5[(0)/O/o]/[5[0/O/o]/fifty]]([G(.)B(.)P(.)/G(.)B(.)P(.)£(.)/pound/pound./£/£(.)G(.)B(.)P(.)](s))(.)/[3/[3/[03/three]]]( )([G(.)B(.)P(.)/G(.)B(.)P(.)£(.)/pound/pound./£/£(.)G(.)B(.)P(.)](s))[&/+/,/-/./:/;/and/ ][5[0/O/o]/[5[0/O/o]/fifty]]( )(.)/[3/[3/[03/three]]]( )[G(.)B(.)P(.)/G(.)B(.)P(.)£(.)/pound/pound./£/£(.)G(.)B(.)P(.)](s)[&/+/,/-/./:/;/and/ ][5[0/O/o]/[5[0/O/o]/fifty]]( )([p/pence])(.)/([G(.)B(.)P(.)/G(.)B(.)P(.)£(.)/pound/pound./£/£(.)G(.)B(.)P(.)](s))[3/[3/[03/three]]]([G(.)B(.)P(.)/G(.)B(.)P(.)£(.)/pound/pound./£/£(.)G(.)B(.)P(.)](s))([&/+/,/-/./:/;/and/ ])[5[(0)/O/o]/[5[0/O/o]/fifty]]([G(.)B(.)P(.)/G(.)B(.)P(.)£(.)/pound/pound./£/£(.)G(.)B(.)P(.)](s))(.)/[3/[3/[03/three]]][&/+/,/-/./:/;/and/ ][5[0/O/o]/[5[0/O/o]/fifty]]( )(.)/[3/[3/[03/three]]]( )[5[0/O/o]/[5[0/O/o]/fifty]]( )[p/pence](.)/[G(.)B(.)P(.)/G(.)B(.)P(.)£(.)/pound/pound./£/£(.)G(.)B(.)P(.)](s)[3/[3/[03/three]]]([G(.)B(.)P(.)/G(.)B(.)P(.)£(.)/pound/pound./£/£(.)G(.)B(.)P(.)](s))[&/+/,/-/./:/;/and/ ][5[(0)/O/o]/[5[0/O/o]/fifty]]([p/pence])(.)/[G(.)B(.)P(.)/G(.)B(.)P(.)£(.)/pound/pound./£/£(.)G(.)B(.)P(.)](s)[3/[3/[03/three]]]([G(.)B(.)P(.)/G(.)B(.)P(.)£(.)/pound/pound./£/£(.)G(.)B(.)P(.)](s))[&/+/,/-/./:/;/and/ ][5[(0)/O/o]/[5[0/O/o]/fifty]]([p/pence])(.)/[3/[3/[03/three]]]( )([G(.)B(.)P(.)/G(.)B(.)P(.)£(.)/pound/pound./£/£(.)G(.)B(.)P(.)](s))( )([and/&/+/'n'/'n/n'/n])( )[,5/,50/.5/.50/.five/0.5 of/0.5 of a/1~/2/1~/2 a/1~/2 of/1~/2 of 1/1~/2 of a/1~/2 of one/5~/10/5~/10 of/5~/10 of 1/5~/10 of a/5~/10 of one/a 1~/2/a half/a half of/a half of 1/a half of a/a half of one/an half of/an half of 1/an half of a/an half of one/five tenths/five tenths of/five tenths of 1/five tenths of a/five tenths of one/half/half a/half of/half of 1/half of a/half of one/one half of/one half of 1/one half of a/one half of one/point 5/point five/point5](.)"
400004923900211,TELEVID5431_SCANNER14,VN070021169674028496400004923900211,19/05/2025,11/05/2025,6967402849,VN070,Austro-Asiatic,VN,211,6,"4,75",0.7595,4.75,,NoMatch,D822/03,"[3/[3/[03/three]]]( )([G(.)B(.)P(.)/G(.)B(.)P(.)£(.)/pound/pound./£/£(.)G(.)B(.)P(.)](s))( )[5[0/O/o]/[5[0/O/o]/fifty]]( )([p/pence])( )(.)/[G(.)B(.)P(.)/G(.)B(.)P(.)£(.)/pound/pound./£/£(.)G(.)B(.)P(.)](s)( )[3/[3/[03/three]]]( )([G(.)B(.)P(.)/G(.)B(.)P(.)£(.)/pound/pound./£/£(.)G(.)B(.)P(.)](s))( )[5[0/O/o]/[5[0/O/o]/fifty]]( )[p/pence]( )(.)/([G(.)B(.)P(.)/G(.)B(.)P(.)£(.)/pound/pound./£/£(.)G(.)B(.)P(.)](s))[3/[3/[03/three]]]([G(.)B(.)P(.)/G(.)B(.)P(.)£(.)/pound/pound./£/£(.)G(.)B(.)P(.)](s))[&/+/,/-/./:/;/and/ ][5[(0)/O/o]/[5[0/O/o]/fifty]](.)/[3/[3/[03/three]]][&/+/,/-/./:/;/and/ ][5[(0)/O/o]/[5[0/O/o]/fifty]]([G(.)B(.)P(.)/G(.)B(.)P(.)£(.)/pound/pound./£/£(.)G(.)B(.)P(.)](s))(.)/[3/[3/[03/three]]]( )([G(.)B(.)P(.)/G(.)B(.)P(.)£(.)/pound/pound./£/£(.)G(.)B(.)P(.)](s))[&/+/,/-/./:/;/and/ ][5[0/O/o]/[5[0/O/o]/fifty]]( )(.)/[3/[3/[03/three]]]( )[G(.)B(.)P(.)/G(.)B(.)P(.)£(.)/pound/pound./£/£(.)G(.)B(.)P(.)](s)[&/+/,/-/./:/;/and/ ][5[0/O/o]/[5[0/O/o]/fifty]]( )([p/pence])(.)/([G(.)B(.)P(.)/G(.)B(.)P(.)£(.)/pound/pound./£/£(.)G(.)B(.)P(.)](s))[3/[3/[03/three]]]([G(.)B(.)P(.)/G(.)B(.)P(.)£(.)/pound/pound./£/£(.)G(.)B(.)P(.)](s))([&/+/,/-/./:/;/and/ ])[5[(0)/O/o]/[5[0/O/o]/fifty]]([G(.)B(.)P(.)/G(.)B(.)P(.)£(.)/pound/pound./£/£(.)G(.)B(.)P(.)](s))(.)/[3/[3/[03/three]]][&/+/,/-/./:/;/and/ ][5[0/O/o]/[5[0/O/o]/fifty]]( )(.)/[3/[3/[03/three]]]( )[5[0/O/o]/[5[0/O/o]/fifty]]( )[p/pence](.)/[G(.)B(.)P(.)/G(.)B(.)P(.)£(.)/pound/pound./£/£(.)G(.)B(.)P(.)](s)[3/[3/[03/three]]]([G(.)B(.)P(.)/G(.)B(.)P(.)£(.)/pound/pound./£/£(.)G(.)B(.)P(.)](s))[&/+/,/-/./:/;/and/ ][5[(0)/O/o]/[5[0/O/o]/fifty]]([p/pence])(.)/[G(.)B(.)P(.)/G(.)B(.)P(.)£(.)/pound/pound./£/£(.)G(.)B(.)P(.)](s)[3/[3/[03/three]]]([G(.)B(.)P(.)/G(.)B(.)P(.)£(.)/pound/pound./£/£(.)G(.)B(.)P(.)](s))[&/+/,/-/./:/;/and/ ][5[(0)/O/o]/[5[0/O/o]/fifty]]([p/pence])(.)/[3/[3/[03/three]]]( )([G(.)B(.)P(.)/G(.)B(.)P(.)£(.)/pound/pound./£/£(.)G(.)B(.)P(.)](s))( )([and/&/+/'n'/'n/n'/n])( )[,5/,50/.5/.50/.five/0.5 of/0.5 of a/1~/2/1~/2 a/1~/2 of/1~/2 of 1/1~/2 of a/1~/2 of one/5~/10/5~/10 of/5~/10 of 1/5~/10 of a/5~/10 of one/a 1~/2/a half/a half of/a half of 1/a half of a/a half of one/an half of/an half of 1/an half of a/an half of one/five tenths/five tenths of/five tenths of 1/five tenths of a/five tenths of one/half/half a/half of/half of 1/half of a/half of one/one half of/one half of 1/one half of a/one half of one/point 5/point five/point5](.)"
400004923900238,TELEVID5431_SCANNER14,VN070023869674028497400004923900238,19/05/2025,11/05/2025,6967402849,VN070,Austro-Asiatic,VN,238,7,7:45,0.7592,745,,NoMatch,D822/03,[([0/O/o])7/[7/[07/seven]]]([h/hour/hours/hr/hrs/hs])([&/-/./:/;])[45/[forty([-/ ])[5/[05/five]]/45]](([-/ ])[in morning/in the morning/a(.)m(.)])(.)/[([0/O/o])7/[7/[07/seven]]][h/hour/hours/hr/hrs/hs]([&/-/./:/;])[45/[forty([-/ ])[5/[05/five]]/45]]([m/min/mins/minute/minutes/ms])(([-/ ])[in morning/in the morning/a(.)m(.)])(.)/[([0/O/o])7/[7/[07/seven]]]([h/hour/hours/hr/hrs/hs])([&/-/./:/;])[45/[forty([-/ ])[5/[05/five]]/45]]([-/ ])[h/hour/hours/hr/hrs/hs](.)(([-/ ])[in morning/in the morning/a(.)m(.)])(.)/(a([-/ ]))[quarter/1~/4]([-/ ])[to/before/of]([-/ ])[([0/O/o])8/[8/[08/eight]]]([h/hour/hours/hr/hrs/hs])(.)(([-/ ])[in morning/in the morning/a(.)m(.)])(.)/[45/[forty([-/ ])[5/[05/five]]/45]]([m/min/mins/minute/minutes/ms](.))([-/ ])[past/after]([-/ ])[([0/O/o])7/[7/[07/seven]]]([h/hour/hours/hr/hrs/hs])(.)(([-/ ])[in morning/in the morning/a(.)m(.)])(.)/[15/[15/fifteen]]([m/min/mins/minute/minutes/ms](.))([-/ ])[to/before]([-/ ])[([0/O/o])8/[8/[08/eight]]]([h/hour/hours/hr/hrs/hs])(.)(([-/ ])[in morning/in the morning/a(.)m(.)])(.)
400004923900277,TELEVID5431_SCANNER14,VN0700277696740284910400004923900277,19/05/2025,11/05/2025,6967402849,VN070,Austro-Asiatic,VN,277,10,SPARHAWK,0.7826,SPARHAWK,,Match,D822/03,sparhawk
400004923900314,TELEVID5431_SCANNER14,VN070031469674028496400004923900314,19/05/2025,11/05/2025,6967402849,VN070,Austro-Asiatic,VN,314,6,3.50,0.7533,3.50,,Match,D822/03,"[3/[3/[03/three]]]( )([G(.)B(.)P(.)/G(.)B(.)P(.)£(.)/pound/pound./£/£(.)G(.)B(.)P(.)](s))( )[5[0/O/o]/[5[0/O/o]/fifty]]( )([p/pence])( )(.)/[G(.)B(.)P(.)/G(.)B(.)P(.)£(.)/pound/pound./£/£(.)G(.)B(.)P(.)](s)( )[3/[3/[03/three]]]( )([G(.)B(.)P(.)/G(.)B(.)P(.)£(.)/pound/pound./£/£(.)G(.)B(.)P(.)](s))( )[5[0/O/o]/[5[0/O/o]/fifty]]( )[p/pence]( )(.)/([G(.)B(.)P(.)/G(.)B(.)P(.)£(.)/pound/pound./£/£(.)G(.)B(.)P(.)](s))[3/[3/[03/three]]]([G(.)B(.)P(.)/G(.)B(.)P(.)£(.)/pound/pound./£/£(.)G(.)B(.)P(.)](s))[&/+/,/-/./:/;/and/ ][5[(0)/O/o]/[5[0/O/o]/fifty]](.)/[3/[3/[03/three]]][&/+/,/-/./:/;/and/ ][5[(0)/O/o]/[5[0/O/o]/fifty]]([G(.)B(.)P(.)/G(.)B(.)P(.)£(.)/pound/pound./£/£(.)G(.)B(.)P(.)](s))(.)/[3/[3/[03/three]]]( )([G(.)B(.)P(.)/G(.)B(.)P(.)£(.)/pound/pound./£/£(.)G(.)B(.)P(.)](s))[&/+/,/-/./:/;/and/ ][5[0/O/o]/[5[0/O/o]/fifty]]( )(.)/[3/[3/[03/three]]]( )[G(.)B(.)P(.)/G(.)B(.)P(.)£(.)/pound/pound./£/£(.)G(.)B(.)P(.)](s)[&/+/,/-/./:/;/and/ ][5[0/O/o]/[5[0/O/o]/fifty]]( )([p/pence])(.)/([G(.)B(.)P(.)/G(.)B(.)P(.)£(.)/pound/pound./£/£(.)G(.)B(.)P(.)](s))[3/[3/[03/three]]]([G(.)B(.)P(.)/G(.)B(.)P(.)£(.)/pound/pound./£/£(.)G(.)B(.)P(.)](s))([&/+/,/-/./:/;/and/ ])[5[(0)/O/o]/[5[0/O/o]/fifty]]([G(.)B(.)P(.)/G(.)B(.)P(.)£(.)/pound/pound./£/£(.)G(.)B(.)P(.)](s))(.)/[3/[3/[03/three]]][&/+/,/-/./:/;/and/ ][5[0/O/o]/[5[0/O/o]/fifty]]( )(.)/[3/[3/[03/three]]]( )[5[0/O/o]/[5[0/O/o]/fifty]]( )[p/pence](.)/[G(.)B(.)P(.)/G(.)B(.)P(.)£(.)/pound/pound./£/£(.)G(.)B(.)P(.)](s)[3/[3/[03/three]]]([G(.)B(.)P(.)/G(.)B(.)P(.)£(.)/pound/pound./£/£(.)G(.)B(.)P(.)](s))[&/+/,/-/./:/;/and/ ][5[(0)/O/o]/[5[0/O/o]/fifty]]([p/pence])(.)/[G(.)B(.)P(.)/G(.)B(.)P(.)£(.)/pound/pound./£/£(.)G(.)B(.)P(.)](s)[3/[3/[03/three]]]([G(.)B(.)P(.)/G(.)B(.)P(.)£(.)/pound/pound./£/£(.)G(.)B(.)P(.)](s))[&/+/,/-/./:/;/and/ ][5[(0)/O/o]/[5[0/O/o]/fifty]]([p/pence])(.)/[3/[3/[03/three]]]( )([G(.)B(.)P(.)/G(.)B(.)P(.)£(.)/pound/pound./£/£(.)G(.)B(.)P(.)](s))( )([and/&/+/'n'/'n/n'/n])( )[,5/,50/.5/.50/.five/0.5 of/0.5 of a/1~/2/1~/2 a/1~/2 of/1~/2 of 1/1~/2 of a/1~/2 of one/5~/10/5~/10 of/5~/10 of 1/5~/10 of a/5~/10 of one/a 1~/2/a half/a half of/a half of 1/a half of a/a half of one/an half of/an half of 1/an half of a/an half of one/five tenths/five tenths of/five tenths of 1/five tenths of a/five tenths of one/half/half a/half of/half of 1/half of a/half of one/one half of/one half of 1/one half of a/one half of one/point 5/point five/point5](.)"
400004923900343,TELEVID5431_SCANNER14,VN070034369674028497400004923900343,19/05/2025,11/05/2025,6967402849,VN070,Austro-Asiatic,VN,343,7,7:45,0.7671,7:95,,NoMatch,D822/03,[([0/O/o])7/[7/[07/seven]]]([h/hour/hours/hr/hrs/hs])([&/-/./:/;])[45/[forty([-/ ])[5/[05/five]]/45]](([-/ ])[in morning/in the morning/a(.)m(.)])(.)/[([0/O/o])7/[7/[07/seven]]][h/hour/hours/hr/hrs/hs]([&/-/./:/;])[45/[forty([-/ ])[5/[05/five]]/45]]([m/min/mins/minute/minutes/ms])(([-/ ])[in morning/in the morning/a(.)m(.)])(.)/[([0/O/o])7/[7/[07/seven]]]([h/hour/hours/hr/hrs/hs])([&/-/./:/;])[45/[forty([-/ ])[5/[05/five]]/45]]([-/ ])[h/hour/hours/hr/hrs/hs](.)(([-/ ])[in morning/in the morning/a(.)m(.)])(.)/(a([-/ ]))[quarter/1~/4]([-/ ])[to/before/of]([-/ ])[([0/O/o])8/[8/[08/eight]]]([h/hour/hours/hr/hrs/hs])(.)(([-/ ])[in morning/in the morning/a(.)m(.)])(.)/[45/[forty([-/ ])[5/[05/five]]/45]]([m/min/mins/minute/minutes/ms](.))([-/ ])[past/after]([-/ ])[([0/O/o])7/[7/[07/seven]]]([h/hour/hours/hr/hrs/hs])(.)(([-/ ])[in morning/in the morning/a(.)m(.)])(.)/[15/[15/fifteen]]([m/min/mins/minute/minutes/ms](.))([-/ ])[to/before]([-/ ])[([0/O/o])8/[8/[08/eight]]]([h/hour/hours/hr/hrs/hs])(.)(([-/ ])[in morning/in the morning/a(.)m(.)])(.)
400004923900343,TELEVID5431_SCANNER14,VN0700343696740284910400004923900343,19/05/2025,11/05/2025,6967402849,VN070,Austro-Asiatic,VN,343,10,SPARHARK,0.7865,SPAR HARK,,NoMatch,D822/03,sparhawk
400004923900355,TELEVID5431_SCANNER14,VN070035569674028497400004923900355,19/05/2025,11/05/2025,6967402849,VN070,Austro-Asiatic,VN,355,7,7:15,0.7996,7.15,,NoMatch,D822/03,[([0/O/o])7/[7/[07/seven]]]([h/hour/hours/hr/hrs/hs])([&/-/./:/;])[45/[forty([-/ ])[5/[05/five]]/45]](([-/ ])[in morning/in the morning/a(.)m(.)])(.)/[([0/O/o])7/[7/[07/seven]]][h/hour/hours/hr/hrs/hs]([&/-/./:/;])[45/[forty([-/ ])[5/[05/five]]/45]]([m/min/mins/minute/minutes/ms])(([-/ ])[in morning/in the morning/a(.)m(.)])(.)/[([0/O/o])7/[7/[07/seven]]]([h/hour/hours/hr/hrs/hs])([&/-/./:/;])[45/[forty([-/ ])[5/[05/five]]/45]]([-/ ])[h/hour/hours/hr/hrs/hs](.)(([-/ ])[in morning/in the morning/a(.)m(.)])(.)/(a([-/ ]))[quarter/1~/4]([-/ ])[to/before/of]([-/ ])[([0/O/o])8/[8/[08/eight]]]([h/hour/hours/hr/hrs/hs])(.)(([-/ ])[in morning/in the morning/a(.)m(.)])(.)/[45/[forty([-/ ])[5/[05/five]]/45]]([m/min/mins/minute/minutes/ms](.))([-/ ])[past/after]([-/ ])[([0/O/o])7/[7/[07/seven]]]([h/hour/hours/hr/hrs/hs])(.)(([-/ ])[in morning/in the morning/a(.)m(.)])(.)/[15/[15/fifteen]]([m/min/mins/minute/minutes/ms](.))([-/ ])[to/before]([-/ ])[([0/O/o])8/[8/[08/eight]]]([h/hour/hours/hr/hrs/hs])(.)(([-/ ])[in morning/in the morning/a(.)m(.)])(.)
400004923900355,TELEVID5431_SCANNER14,VN0700355696740284921400004923900355,19/05/2025,11/05/2025,6967402849,VN070,Austro-Asiatic,VN,355,21,F,0.7928,"E, F",,NoMatch,D822/03,F
400004951401064,TELEVID5475_SCANNER14,IT006001869619746398400004951401064,21/05/2025,13/05/2025,6961974639,IT006,Romance,IT,18,8,3:25 P.M,0.7926,3:25 P.M,,Match,D822/03,[15/[15/fifteen]/([0/O/o])3/[3/[03/three]]][h/hour/hours/hr/hrs/hs]([&/-/./:/;])[25/[twenty([-/ ])[5/[05/five]]/25]]([m/min/mins/minute/minutes/ms])(([-/ ])[in the afternoon/in the evening/p(.)m(.)])(.)/[15/[15/fifteen]/([0/O/o])3/[3/[03/three]]]([h/hour/hours/hr/hrs/hs])([&/-/./:/;])[25/[twenty([-/ ])[5/[05/five]]/25]]([-/ ])[h/hour/hours/hr/hrs/hs](.)(([-/ ])[in the afternoon/in the evening/p(.)m(.)])(.)/[25/[twenty([-/ ])[5/[05/five]]/25]]([m/min/mins/minute/minutes/ms](.))([-/ ])[past/after]([-/ ])[15/[15/fifteen]/([0/O/o])3/[3/[03/three]]]([h/hour/hours/hr/hrs/hs])(.)(([-/ ])[in the afternoon/in the evening/p(.)m(.)])(.)/[15/[15/fifteen]/([0/O/o])3/[3/[03/three]]]([h/hour/hours/hr/hrs/hs])([&/-/./:/;])[25/[twenty([-/ ])[5/[05/five]]/25]](([-/ ])[in the afternoon/in the evening/p(.)m(.)])(.)
400004964400526,TELEVID5501_SCANNER14,IT028002769619746399400004964400526,22/05/2025,19/05/2025,6961974639,IT028,Romance,IT,27,9,DOCHEITY,0.7782,DOCHEITY,,Match,D822/03,docherty
400004980700451,TELEVID5541_SCANNER14,LY0090016729596956110400004980700451,23/05/2025,10/05/2025,7295969561,LY009,Afro-Asiatic,LY,16,10,TEUSDAY,0.7905,TEUSDAY,,Match,D822/03,[tuesday/tu/tue/tues](s)
400004980700481,TELEVID5541_SCANNER14,LY009002672959695619400004980700481,23/05/2025,10/05/2025,7295969561,LY009,Afro-Asiatic,LY,26,9,THIRTY PAST FOUR,0.7667,THIRTY PAST FOUR,,Match,D822/03,[16/[16/sixteen]/([0/O/o])4/[4/[04/four]]][h/hour/hours/hr/hrs/hs]([&/-/./:/;])[3[0/O/o]/[3[0/O/o]/thirty]]([m/min/mins/minute/minutes/ms])(([-/ ])[in the afternoon/in the evening/p(.)m(.)])(.)/[16/[16/sixteen]/([0/O/o])4/[4/[04/four]]]([h/hour/hours/hr/hrs/hs])([&/-/./:/;])[3[0/O/o]/[3[0/O/o]/thirty]]([-/ ])[h/hour/hours/hr/hrs/hs](.)(([-/ ])[in the afternoon/in the evening/p(.)m(.)])(.)/[3[0/O/o]/[3[0/O/o]/thirty]]([m/min/mins/minute/minutes/ms](.))([-/ ])[past/after]([-/ ])[16/[16/sixteen]/([0/O/o])4/[4/[04/four]]]([h/hour/hours/hr/hrs/hs])(.)(([-/ ])[in the afternoon/in the evening/p(.)m(.)])(.)/[16/[16/sixteen]/([0/O/o])4/[4/[04/four]]]([h/hour/hours/hr/hrs/hs])([&/-/./:/;])[3[0/O/o]/[3[0/O/o]/thirty]](([-/ ])[in the afternoon/in the evening/p(.)m(.)])(.)/[half/1~/2]([-/ ])([past/after/of])([-/ ])[16/[16/sixteen]/([0/O/o])4/[4/[04/four]]]([h/hour/hours/hr/hrs/hs])(.)(([-/ ])[in the afternoon/in the evening/p(.)m(.)])(.)
400004983200552,TELEVID5531_SCANNER14,IT209001769619746398400004983200552,23/05/2025,17/05/2025,6961974639,IT209,Romance,IT,17,8,3:25 P.M.,0.7721,3:25 (P.M.),,NoMatch,D822/03,[15/[15/fifteen]/([0/O/o])3/[3/[03/three]]][h/hour/hours/hr/hrs/hs]([&/-/./:/;])[25/[twenty([-/ ])[5/[05/five]]/25]]([m/min/mins/minute/minutes/ms])(([-/ ])[in the afternoon/in the evening/p(.)m(.)])(.)/[15/[15/fifteen]/([0/O/o])3/[3/[03/three]]]([h/hour/hours/hr/hrs/hs])([&/-/./:/;])[25/[twenty([-/ ])[5/[05/five]]/25]]([-/ ])[h/hour/hours/hr/hrs/hs](.)(([-/ ])[in the afternoon/in the evening/p(.)m(.)])(.)/[25/[twenty([-/ ])[5/[05/five]]/25]]([m/min/mins/minute/minutes/ms](.))([-/ ])[past/after]([-/ ])[15/[15/fifteen]/([0/O/o])3/[3/[03/three]]]([h/hour/hours/hr/hrs/hs])(.)(([-/ ])[in the afternoon/in the evening/p(.)m(.)])(.)/[15/[15/fifteen]/([0/O/o])3/[3/[03/three]]]([h/hour/hours/hr/hrs/hs])([&/-/./:/;])[25/[twenty([-/ ])[5/[05/five]]/25]](([-/ ])[in the afternoon/in the evening/p(.)m(.)])(.)
400004983200552,TELEVID5531_SCANNER14,IT2090017696197463910400004983200552,23/05/2025,17/05/2025,6961974639,IT209,Romance,IT,17,10,16 JUNE,0.7787,(16) JUNE,,NoMatch,D822/03,"(the )[16/16nd/16rd/16st/16th/sixteen/sixteenth]([,/-/./~// of / ])[6/06/6th/Jun/Jun./June/six/sixth/vi](.)/(the )[6/06/6th/Jun/Jun./June/six/sixth/vi]([,/-/./~// /the ])[16/16nd/16rd/16st/16th/sixteen/sixteenth](.)/(the )[16nd/16rd/16st/16th/sixteenth] of the [6th/sixth](.)"
400005034600647,TELEVID5553_SCANNER14,IT032000769619746398400005034600647,27/05/2025,17/05/2025,6961974639,IT032,Romance,IT,7,8,3:35,0.795,3.35,,NoMatch,D822/03,[15/[15/fifteen]/([0/O/o])3/[3/[03/three]]][h/hour/hours/hr/hrs/hs]([&/-/./:/;])[25/[twenty([-/ ])[5/[05/five]]/25]]([m/min/mins/minute/minutes/ms])(([-/ ])[in the afternoon/in the evening/p(.)m(.)])(.)/[15/[15/fifteen]/([0/O/o])3/[3/[03/three]]]([h/hour/hours/hr/hrs/hs])([&/-/./:/;])[25/[twenty([-/ ])[5/[05/five]]/25]]([-/ ])[h/hour/hours/hr/hrs/hs](.)(([-/ ])[in the afternoon/in the evening/p(.)m(.)])(.)/[25/[twenty([-/ ])[5/[05/five]]/25]]([m/min/mins/minute/minutes/ms](.))([-/ ])[past/after]([-/ ])[15/[15/fifteen]/([0/O/o])3/[3/[03/three]]]([h/hour/hours/hr/hrs/hs])(.)(([-/ ])[in the afternoon/in the evening/p(.)m(.)])(.)/[15/[15/fifteen]/([0/O/o])3/[3/[03/three]]]([h/hour/hours/hr/hrs/hs])([&/-/./:/;])[25/[twenty([-/ ])[5/[05/five]]/25]](([-/ ])[in the afternoon/in the evening/p(.)m(.)])(.)
400005044400691,TELEVID5583_SCANNER14,LK001003841032942743400005044400691,28/05/2025,17/05/2025,4103294274,LK001,Indo-Iranian,LK,38,3,B,0.7966,C,,NoMatch,D822/03,B
400005044400743,TELEVID5583_SCANNER14,LK0010090410329427410400005044400743,28/05/2025,17/05/2025,4103294274,LK001,Indo-Iranian,LK,90,10,BADGER,0.7781,BADGER,,Match,D822/03,badger
400005052400127,TELEVID5597_SCANNER14,DE175000569975392726400005052400127,28/05/2025,23/05/2025,6997539272,DE175,Germanic,DE,5,6,BAND,0.7652,IRAND,,NoMatch,D822/03,band(s)
400005052400128,TELEVID5597_SCANNER14,DE175000669975392727400005052400128,28/05/2025,23/05/2025,6997539272,DE175,Germanic,DE,6,7,LAPTOP,0.7538,LANTOP,,NoMatch,D822/03,laptop(s)
400005346500532,TELEVID6027_SCANNER14,IT0870013696197463915400005346500532,13/06/2025,05/06/2025,6961974639,IT087,Romance,IT,13,15,B,0.7772,B,,Match,D822/03,C
60000002248800109,TELEVID4883_SCANNER19,CN418114441032942742060000002248800109,04/03/2025,22/02/2025,4103294274,CN418,Chinese,CN,1144,20,B,0.7597,B,,Match,D822/03,B
60000002248801405,TELEVID4883_SCANNER19,CN41815524103294274860000002248801405,04/03/2025,22/02/2025,4103294274,CN418,Chinese,CN,1552,8,FRIDAY,0.7703,FRIEDAY,,NoMatch,D822/03,[friday/fr/fri]
60000002249300812,TELEVID4884_SCANNER19,CN418101141032942741560000002249300812,04/03/2025,22/02/2025,4103294274,CN418,Chinese,CN,1011,15,--impossible--,0.7575,"B, C",,NoMatch,D822/03,B
60000002249300858,TELEVID4884_SCANNER19,CN418144141032942742060000002249300858,04/03/2025,22/02/2025,4103294274,CN418,Chinese,CN,1441,20,B,0.769,B,,Match,D822/03,B
60000002249301175,TELEVID4884_SCANNER19,CN418155641032942741460000002249301175,04/03/2025,22/02/2025,4103294274,CN418,Chinese,CN,1556,14,C,0.7994,C,,Match,D822/03,C
60000002249301185,TELEVID4884_SCANNER19,CN418156641032942741260000002249301185,04/03/2025,22/02/2025,4103294274,CN418,Chinese,CN,1566,12,B,0.7674,B,,Match,D822/03,A
60000002249301196,TELEVID4884_SCANNER19,CN418157741032942741060000002249301196,04/03/2025,22/02/2025,4103294274,CN418,Chinese,CN,1577,10,FOR,0.7802,FAR,,NoMatch,D822/03,badger
60000002249301360,TELEVID4884_SCANNER19,CN418117441032942741260000002249301360,04/03/2025,22/02/2025,4103294274,CN418,Chinese,CN,1174,12,B,0.7976,B,,Match,D822/03,A
60000002249301365,TELEVID4884_SCANNER19,CN41811794103294274760000002249301365,04/03/2025,22/02/2025,4103294274,CN418,Chinese,CN,1179,7,50,0.7705,JO,,NoMatch,D822/03,[2[0/O/o][0/O/o]/[2/[02/two]]([-/ ])[00/hund/hundred]]
60000002249301410,TELEVID4884_SCANNER19,CN418115241032942742060000002249301410,04/03/2025,22/02/2025,4103294274,CN418,Chinese,CN,1152,20,B,0.789,B,,Match,D822/03,B
60000002249301418,TELEVID4884_SCANNER19,CN41811604103294274760000002249301418,04/03/2025,22/02/2025,4103294274,CN418,Chinese,CN,1160,7,2000,0.768,2000,,Match,D822/03,[2[0/O/o][0/O/o]/[2/[02/two]]([-/ ])[00/hund/hundred]]
60000002249400269,TELEVID4885_SCANNER19,CN41812204103294274360000002249400269,05/03/2025,22/02/2025,4103294274,CN418,Chinese,CN,1220,3,B,0.7797,B,,Match,D822/03,B
60000002249400601,TELEVID4885_SCANNER19,CN41812114103294274360000002249400601,05/03/2025,22/02/2025,4103294274,CN418,Chinese,CN,1211,3,B,0.7932,B,,Match,D822/03,B
60000002249400601,TELEVID4885_SCANNER19,CN418121141032942742060000002249400601,05/03/2025,22/02/2025,4103294274,CN418,Chinese,CN,1211,20,B,0.776,B,,Match,D822/03,B
60000002249400943,TELEVID4885_SCANNER19,CN418161241032942741060000002249400943,05/03/2025,22/02/2025,4103294274,CN418,Chinese,CN,1612,10,BADGER,0.7744,BADGES,,NoMatch,D822/03,badger
60000002249400944,TELEVID4885_SCANNER19,CN418161341032942741460000002249400944,05/03/2025,22/02/2025,4103294274,CN418,Chinese,CN,1613,14,C,0.7771,C,,Match,D822/03,C
60000002249400982,TELEVID4885_SCANNER19,CN41815044103294274260000002249400982,05/03/2025,22/02/2025,4103294274,CN418,Chinese,CN,1504,2,B,0.7906,"A, B",,NoMatch,D822/03,B
60000002249400983,TELEVID4885_SCANNER19,CN418150541032942741960000002249400983,05/03/2025,22/02/2025,4103294274,CN418,Chinese,CN,1505,19,A,0.7996,"A, B",,NoMatch,D822/03,C
60000002249400999,TELEVID4885_SCANNER19,CN418152141032942741660000002249400999,05/03/2025,22/02/2025,4103294274,CN418,Chinese,CN,1521,16,B,0.7929,B,,Match,D822/03,B
60000002249401006,TELEVID4885_SCANNER19,CN418152841032942742460000002249401006,05/03/2025,22/02/2025,4103294274,CN418,Chinese,CN,1528,24,E,0.777,"A, E",,NoMatch,D822/03,C
60000002249401179,TELEVID4885_SCANNER19,CN418141941032942741160000002249401179,05/03/2025,22/02/2025,4103294274,CN418,Chinese,CN,1419,11,B,0.7701,"B, C",,NoMatch,D822/03,B
60000002249401231,TELEVID4885_SCANNER19,CN418135141032942742060000002249401231,05/03/2025,22/02/2025,4103294274,CN418,Chinese,CN,1351,20,B,0.7828,B,,Match,D822/03,B
60000002249401274,TELEVID4885_SCANNER19,CN418132241032942741060000002249401274,05/03/2025,22/02/2025,4103294274,CN418,Chinese,CN,1322,10,BADGER,0.7824,BADGER,,Match,D822/03,badger
60000002252900249,TELEVID4909_SCANNER19,IT275000669619746391260000002252900249,10/03/2025,01/03/2025,6961974639,IT275,Romance,IT,6,12,B,0.7899,"B, C",,NoMatch,D822/03,C
60000002272600435,TELEVID4956_SCANNER19,JP026389522406715131060000002272600435,17/03/2025,10/03/2025,2240671513,JP026,Japanese,JP,3895,10,QUOUK,0.766,QUOUK,,Match,D822/03,quark
60000002272600436,TELEVID4956_SCANNER19,JP02638962240671513860000002272600436,17/03/2025,10/03/2025,2240671513,JP026,Japanese,JP,3896,8,1:45,0.7553,1:45,,Match,D822/03,[13/[13/thirteen]/([0/O/o])1/[1/[01/a/one/one~/1/oone]]]([h/hour/hours/hr/hrs/hs])([&/-/./:/;])[45/[[forty/fourty]([-/ ])[5/[05/five]]/45]](([-/ ])[in the afternoon/in the evening/p(.)m(.)])(.)/[13/[13/thirteen]/([0/O/o])1/[1/[01/a/one/one~/1/oone]]][h/hour/hours/hr/hrs/hs]([&/-/./:/;])[45/[[forty/fourty]([-/ ])[5/[05/five]]/45]]([m/min/mins/minute/minutes/ms])(([-/ ])[in the afternoon/in the evening/p(.)m(.)])(.)/[13/[13/thirteen]/([0/O/o])1/[1/[01/a/one/one~/1/oone]]]([h/hour/hours/hr/hrs/hs])([&/-/./:/;])[45/[[forty/fourty]([-/ ])[5/[05/five]]/45]]([-/ ])[h/hour/hours/hr/hrs/hs](.)(([-/ ])[in the afternoon/in the evening/p(.)m(.)])(.)/(a([-/ ]))[quarter/1~/4]([-/ ])[to/before/of]([-/ ])[14/[14/fourteen]/([0/O/o])2/[2/[02/two]]]([h/hour/hours/hr/hrs/hs])(.)(([-/ ])[in the afternoon/in the evening/p(.)m(.)])(.)/[15/[15/fifteen]]([m/min/mins/minute/minutes/ms](.))([-/ ])[to/before]([-/ ])[14/[14/fourteen]/([0/O/o])2/[2/[02/two]]]([h/hour/hours/hr/hrs/hs])(.)(([-/ ])[in the afternoon/in the evening/p(.)m(.)])(.)/[45/[[forty/fourty]([-/ ])[5/[05/five]]/45]]([m/min/mins/minute/minutes/ms](.))([-/ ])[past/after]([-/ ])[13/[13/thirteen]/([0/O/o])1/[1/[01/a/one/one~/1/oone]]]([h/hour/hours/hr/hrs/hs])(.)(([-/ ])[in the afternoon/in the evening/p(.)m(.)])(.)
60000002272600581,TELEVID4956_SCANNER19,JP02640042240671513660000002272600581,17/03/2025,10/03/2025,2240671513,JP026,Japanese,JP,4004,6,12TH,0.7614,12TH,,Match,D822/03,"[15/[15/fifteen]](th) ([june/jun])/(the )[15/15nd/15rd/15st/15th/fifteen/fifteenth]([,/-/./~// of / ])[6/06/6th/Jun/Jun./June/six/sixth/vi](.)/(the )[6/06/6th/Jun/Jun./June/six/sixth/vi]([,/-/./~// /the ])[15/15nd/15rd/15st/15th/fifteen/fifteenth](.)/(the )[15nd/15rd/15st/15th/fifteenth] of the [6th/sixth](.)"
60000002272600679,TELEVID4956_SCANNER19,JP02639202240671513660000002272600679,17/03/2025,10/03/2025,2240671513,JP026,Japanese,JP,3920,6,12TH,0.7788,12TH,,Match,D822/03,"[15/[15/fifteen]](th) ([june/jun])/(the )[15/15nd/15rd/15st/15th/fifteen/fifteenth]([,/-/./~// of / ])[6/06/6th/Jun/Jun./June/six/sixth/vi](.)/(the )[6/06/6th/Jun/Jun./June/six/sixth/vi]([,/-/./~// /the ])[15/15nd/15rd/15st/15th/fifteen/fifteenth](.)/(the )[15nd/15rd/15st/15th/fifteenth] of the [6th/sixth](.)"
60000002274500239,TELEVID4958_SCANNER19,JP02642312240671513660000002274500239,17/03/2025,10/03/2025,2240671513,JP026,Japanese,JP,4231,6,FIFTEEN,0.7909,FIFTEEN,,Match,D822/03,"[15/[15/fifteen]](th) ([june/jun])/(the )[15/15nd/15rd/15st/15th/fifteen/fifteenth]([,/-/./~// of / ])[6/06/6th/Jun/Jun./June/six/sixth/vi](.)/(the )[6/06/6th/Jun/Jun./June/six/sixth/vi]([,/-/./~// /the ])[15/15nd/15rd/15st/15th/fifteen/fifteenth](.)/(the )[15nd/15rd/15st/15th/fifteenth] of the [6th/sixth](.)"
60000002274500265,TELEVID4958_SCANNER19,JP02641852240671513660000002274500265,17/03/2025,10/03/2025,2240671513,JP026,Japanese,JP,4185,6,12 TH,0.7743,12 TH,,Match,D822/03,"[15/[15/fifteen]](th) ([june/jun])/(the )[15/15nd/15rd/15st/15th/fifteen/fifteenth]([,/-/./~// of / ])[6/06/6th/Jun/Jun./June/six/sixth/vi](.)/(the )[6/06/6th/Jun/Jun./June/six/sixth/vi]([,/-/./~// /the ])[15/15nd/15rd/15st/15th/fifteen/fifteenth](.)/(the )[15nd/15rd/15st/15th/fifteenth] of the [6th/sixth](.)"
60000002274500265,TELEVID4958_SCANNER19,JP02641852240671513860000002274500265,17/03/2025,10/03/2025,2240671513,JP026,Japanese,JP,4185,8,1:45,0.7563,1=45,,NoMatch,D822/03,[13/[13/thirteen]/([0/O/o])1/[1/[01/a/one/one~/1/oone]]]([h/hour/hours/hr/hrs/hs])([&/-/./:/;])[45/[[forty/fourty]([-/ ])[5/[05/five]]/45]](([-/ ])[in the afternoon/in the evening/p(.)m(.)])(.)/[13/[13/thirteen]/([0/O/o])1/[1/[01/a/one/one~/1/oone]]][h/hour/hours/hr/hrs/hs]([&/-/./:/;])[45/[[forty/fourty]([-/ ])[5/[05/five]]/45]]([m/min/mins/minute/minutes/ms])(([-/ ])[in the afternoon/in the evening/p(.)m(.)])(.)/[13/[13/thirteen]/([0/O/o])1/[1/[01/a/one/one~/1/oone]]]([h/hour/hours/hr/hrs/hs])([&/-/./:/;])[45/[[forty/fourty]([-/ ])[5/[05/five]]/45]]([-/ ])[h/hour/hours/hr/hrs/hs](.)(([-/ ])[in the afternoon/in the evening/p(.)m(.)])(.)/(a([-/ ]))[quarter/1~/4]([-/ ])[to/before/of]([-/ ])[14/[14/fourteen]/([0/O/o])2/[2/[02/two]]]([h/hour/hours/hr/hrs/hs])(.)(([-/ ])[in the afternoon/in the evening/p(.)m(.)])(.)/[15/[15/fifteen]]([m/min/mins/minute/minutes/ms](.))([-/ ])[to/before]([-/ ])[14/[14/fourteen]/([0/O/o])2/[2/[02/two]]]([h/hour/hours/hr/hrs/hs])(.)(([-/ ])[in the afternoon/in the evening/p(.)m(.)])(.)/[45/[[forty/fourty]([-/ ])[5/[05/five]]/45]]([m/min/mins/minute/minutes/ms](.))([-/ ])[past/after]([-/ ])[13/[13/thirteen]/([0/O/o])1/[1/[01/a/one/one~/1/oone]]]([h/hour/hours/hr/hrs/hs])(.)(([-/ ])[in the afternoon/in the evening/p(.)m(.)])(.)
60000002275500599,TELEVID4952_SCANNER19,JP02640952240671513760000002275500599,17/03/2025,10/03/2025,2240671513,JP026,Japanese,JP,4095,7,WOULK,0.7974,WOULK,,Match,D822/03,bus/coach
60000002275500610,TELEVID4952_SCANNER19,JP02641062240671513660000002275500610,17/03/2025,10/03/2025,2240671513,JP026,Japanese,JP,4106,6,12TH,0.7966,12TH,,Match,D822/03,"[15/[15/fifteen]](th) ([june/jun])/(the )[15/15nd/15rd/15st/15th/fifteen/fifteenth]([,/-/./~// of / ])[6/06/6th/Jun/Jun./June/six/sixth/vi](.)/(the )[6/06/6th/Jun/Jun./June/six/sixth/vi]([,/-/./~// /the ])[15/15nd/15rd/15st/15th/fifteen/fifteenth](.)/(the )[15nd/15rd/15st/15th/fifteenth] of the [6th/sixth](.)"
60000002275500827,TELEVID4952_SCANNER19,JP026424322406715131160000002275500827,17/03/2025,10/03/2025,2240671513,JP026,Japanese,JP,4243,11,B,0.7943,"A, B",,NoMatch,D822/03,A
60000002276000373,TELEVID4957_SCANNER19,JP026380922406715131460000002276000373,17/03/2025,10/03/2025,2240671513,JP026,Japanese,JP,3809,14,A,0.7819,A,,Match,D822/03,B
60000002276000376,TELEVID4957_SCANNER19,JP026381222406715131160000002276000376,17/03/2025,10/03/2025,2240671513,JP026,Japanese,JP,3812,11,A,0.7852,A,,Match,D822/03,A
60000002277300014,TELEVID4972_SCANNER19,CN41031894103294274560000002277300014,18/03/2025,08/03/2025,4103294274,CN410,Chinese,CN,3189,5,C,0.7686,C,,Match,D822/03,A
60000002277300131,TELEVID4972_SCANNER19,CN41030164103294274860000002277300131,18/03/2025,08/03/2025,4103294274,CN410,Chinese,CN,3016,8,TUESDAY,0.7894,THESDAY,,NoMatch,D822/03,[friday/fr/fri]
60000002277300232,TELEVID4972_SCANNER19,CN410312541032942741660000002277300232,18/03/2025,08/03/2025,4103294274,CN410,Chinese,CN,3125,16,B,0.7669,B,,Match,D822/03,B
60000002277300417,TELEVID4972_SCANNER19,CN41030554103294274860000002277300417,18/03/2025,08/03/2025,4103294274,CN410,Chinese,CN,3055,8,MODAY,0.7818,MODAY,,Match,D822/03,[friday/fr/fri]
60000002277300518,TELEVID4972_SCANNER19,CN41000304103294274960000002277300518,18/03/2025,08/03/2025,4103294274,CN410,Chinese,CN,30,9,37,0.7526,37,,Match,D822/03,[37/[thirty([-/ ])[7/[07/seven]]/37]]
60000002277300566,TELEVID4972_SCANNER19,CN41000014103294274660000002277300566,18/03/2025,08/03/2025,4103294274,CN410,Chinese,CN,1,6,TREES FOR ME,0.7826,TREES FORME,,NoMatch,D822/03,storm
60000002277300807,TELEVID4972_SCANNER19,CN410210541032942741260000002277300807,18/03/2025,08/03/2025,4103294274,CN410,Chinese,CN,2105,12,B,0.7644,B,,Match,D822/03,A
60000002277300844,TELEVID4972_SCANNER19,CN41031614103294274360000002277300844,18/03/2025,08/03/2025,4103294274,CN410,Chinese,CN,3161,3,B,0.7609,B,,Match,D822/03,B
60000002281700073,TELEVID4971_SCANNER19,CN41020994103294274960000002281700073,18/03/2025,08/03/2025,4103294274,CN410,Chinese,CN,2099,9,37,0.7503,31,,NoMatch,D822/03,[37/[thirty([-/ ])[7/[07/seven]]/37]]
60000002281700246,TELEVID4971_SCANNER19,CN41020734103294274960000002281700246,18/03/2025,08/03/2025,4103294274,CN410,Chinese,CN,2073,9,37,0.77,37,,Match,D822/03,[37/[thirty([-/ ])[7/[07/seven]]/37]]
60000002281700292,TELEVID4971_SCANNER19,CN410204441032942741660000002281700292,18/03/2025,08/03/2025,4103294274,CN410,Chinese,CN,2044,16,B,0.793,B,,Match,D822/03,B
60000002281700402,TELEVID4971_SCANNER19,CN410402941032942741660000002281700402,18/03/2025,08/03/2025,4103294274,CN410,Chinese,CN,4029,16,B,0.797,B,,Match,D822/03,B
60000002281700882,TELEVID4971_SCANNER19,CN410400441032942741660000002281700882,18/03/2025,08/03/2025,4103294274,CN410,Chinese,CN,4004,16,B,0.778,B,,Match,D822/03,B
60000002281700926,TELEVID4971_SCANNER19,CN410102341032942741060000002281700926,18/03/2025,08/03/2025,4103294274,CN410,Chinese,CN,1023,10,BADGER,0.7978,BADJER,,NoMatch,D822/03,badger
60000002295500482,TELEVID5124_SCANNER19,IT06100056961974639760000002295500482,03/04/2025,31/03/2025,6961974639,IT061,Romance,IT,5,7,THUSDAY,0.7719,THUSDAY,,Match,D822/03,[Wednesday/We/Wed/Weds/Wendnesday/Wendsday/Wenesday/Wensday]
60000002295500482,TELEVID5124_SCANNER19,IT06100056961974639860000002295500482,03/04/2025,31/03/2025,6961974639,IT061,Romance,IT,5,8,3:25,0.7611,3.25,,NoMatch,D822/03,[15/[15/fifteen]/([0/O/o])3/[3/[03/three]]][h/hour/hours/hr/hrs/hs]([&/-/./:/;])[25/[twenty([-/ ])[5/[05/five]]/25]]([m/min/mins/minute/minutes/ms])(([-/ ])[in the afternoon/in the evening/p(.)m(.)])(.)/[15/[15/fifteen]/([0/O/o])3/[3/[03/three]]]([h/hour/hours/hr/hrs/hs])([&/-/./:/;])[25/[twenty([-/ ])[5/[05/five]]/25]]([-/ ])[h/hour/hours/hr/hrs/hs](.)(([-/ ])[in the afternoon/in the evening/p(.)m(.)])(.)/[25/[twenty([-/ ])[5/[05/five]]/25]]([m/min/mins/minute/minutes/ms](.))([-/ ])[past/after]([-/ ])[15/[15/fifteen]/([0/O/o])3/[3/[03/three]]]([h/hour/hours/hr/hrs/hs])(.)(([-/ ])[in the afternoon/in the evening/p(.)m(.)])(.)/[15/[15/fifteen]/([0/O/o])3/[3/[03/three]]]([h/hour/hours/hr/hrs/hs])([&/-/./:/;])[25/[twenty([-/ ])[5/[05/five]]/25]](([-/ ])[in the afternoon/in the evening/p(.)m(.)])(.)
60000002308800064,TELEVID5183_1_SCANNER19,TN00100106961974639960000002308800064,15/04/2025,09/04/2025,6961974639,TN001,Afro-Asiatic,TN,10,9,DOCHERTY,0.7721,DOCKERTY,,NoMatch,D822/03,docherty
60000002308800115,TELEVID5183_1_SCANNER19,TN00100616961974639860000002308800115,15/04/2025,09/04/2025,6961974639,TN001,Afro-Asiatic,TN,61,8,3:25 P.M,0.7648,3825 P.M,,NoMatch,D822/03,[15/[15/fifteen]/([0/O/o])3/[3/[03/three]]][h/hour/hours/hr/hrs/hs]([&/-/./:/;])[25/[twenty([-/ ])[5/[05/five]]/25]]([m/min/mins/minute/minutes/ms])(([-/ ])[in the afternoon/in the evening/p(.)m(.)])(.)/[15/[15/fifteen]/([0/O/o])3/[3/[03/three]]]([h/hour/hours/hr/hrs/hs])([&/-/./:/;])[25/[twenty([-/ ])[5/[05/five]]/25]]([-/ ])[h/hour/hours/hr/hrs/hs](.)(([-/ ])[in the afternoon/in the evening/p(.)m(.)])(.)/[25/[twenty([-/ ])[5/[05/five]]/25]]([m/min/mins/minute/minutes/ms](.))([-/ ])[past/after]([-/ ])[15/[15/fifteen]/([0/O/o])3/[3/[03/three]]]([h/hour/hours/hr/hrs/hs])(.)(([-/ ])[in the afternoon/in the evening/p(.)m(.)])(.)/[15/[15/fifteen]/([0/O/o])3/[3/[03/three]]]([h/hour/hours/hr/hrs/hs])([&/-/./:/;])[25/[twenty([-/ ])[5/[05/five]]/25]](([-/ ])[in the afternoon/in the evening/p(.)m(.)])(.)
60000002316700221,TELEVID5208_SCANNER19,IT36300296961974639860000002316700221,17/04/2025,14/04/2025,6961974639,IT363,Romance,IT,29,8,3:25 P.M.,0.7924,3:25 P.M.,,Match,D822/03,[15/[15/fifteen]/([0/O/o])3/[3/[03/three]]][h/hour/hours/hr/hrs/hs]([&/-/./:/;])[25/[twenty([-/ ])[5/[05/five]]/25]]([m/min/mins/minute/minutes/ms])(([-/ ])[in the afternoon/in the evening/p(.)m(.)])(.)/[15/[15/fifteen]/([0/O/o])3/[3/[03/three]]]([h/hour/hours/hr/hrs/hs])([&/-/./:/;])[25/[twenty([-/ ])[5/[05/five]]/25]]([-/ ])[h/hour/hours/hr/hrs/hs](.)(([-/ ])[in the afternoon/in the evening/p(.)m(.)])(.)/[25/[twenty([-/ ])[5/[05/five]]/25]]([m/min/mins/minute/minutes/ms](.))([-/ ])[past/after]([-/ ])[15/[15/fifteen]/([0/O/o])3/[3/[03/three]]]([h/hour/hours/hr/hrs/hs])(.)(([-/ ])[in the afternoon/in the evening/p(.)m(.)])(.)/[15/[15/fifteen]/([0/O/o])3/[3/[03/three]]]([h/hour/hours/hr/hrs/hs])([&/-/./:/;])[25/[twenty([-/ ])[5/[05/five]]/25]](([-/ ])[in the afternoon/in the evening/p(.)m(.)])(.)
60000002316700237,TELEVID5208_SCANNER19,IT363004569619746391060000002316700237,17/04/2025,14/04/2025,6961974639,IT363,Romance,IT,45,10,16TH JUNE,0.7716,16TH JUNE,,Match,D822/03,"(the )[16/16nd/16rd/16st/16th/sixteen/sixteenth]([,/-/./~// of / ])[6/06/6th/Jun/Jun./June/six/sixth/vi](.)/(the )[6/06/6th/Jun/Jun./June/six/sixth/vi]([,/-/./~// /the ])[16/16nd/16rd/16st/16th/sixteen/sixteenth](.)/(the )[16nd/16rd/16st/16th/sixteenth] of the [6th/sixth](.)"
60000002318300114,TELEVID5220_SCANNER19,IT310001590841330611760000002318300114,17/04/2025,14/04/2025,9084133061,IT310,Romance,IT,15,17,A,0.7762,A,,Match,D822/03,A
60000002367700091,TELEVID5300_SCANNER19,MA22000026961974639960000002367700091,01/05/2025,27/04/2025,6961974639,MA220,Afro-Asiatic,MA,2,9,MISS DOC HEATY,0.7588,MISS DOC HEATY,,Match,D822/03,docherty
60000002367700092,TELEVID5300_SCANNER19,MA22000036961974639860000002367700092,01/05/2025,27/04/2025,6961974639,MA220,Afro-Asiatic,MA,3,8,"3,46",0.7682,3140,,NoMatch,D822/03,[15/[15/fifteen]/([0/O/o])3/[3/[03/three]]][h/hour/hours/hr/hrs/hs]([&/-/./:/;])[25/[twenty([-/ ])[5/[05/five]]/25]]([m/min/mins/minute/minutes/ms])(([-/ ])[in the afternoon/in the evening/p(.)m(.)])(.)/[15/[15/fifteen]/([0/O/o])3/[3/[03/three]]]([h/hour/hours/hr/hrs/hs])([&/-/./:/;])[25/[twenty([-/ ])[5/[05/five]]/25]]([-/ ])[h/hour/hours/hr/hrs/hs](.)(([-/ ])[in the afternoon/in the evening/p(.)m(.)])(.)/[25/[twenty([-/ ])[5/[05/five]]/25]]([m/min/mins/minute/minutes/ms](.))([-/ ])[past/after]([-/ ])[15/[15/fifteen]/([0/O/o])3/[3/[03/three]]]([h/hour/hours/hr/hrs/hs])(.)(([-/ ])[in the afternoon/in the evening/p(.)m(.)])(.)/[15/[15/fifteen]/([0/O/o])3/[3/[03/three]]]([h/hour/hours/hr/hrs/hs])([&/-/./:/;])[25/[twenty([-/ ])[5/[05/five]]/25]](([-/ ])[in the afternoon/in the evening/p(.)m(.)])(.)
60000002367700096,TELEVID5300_SCANNER19,MA22000076961974639860000002367700096,01/05/2025,27/04/2025,6961974639,MA220,Afro-Asiatic,MA,7,8,3.25 PM,0.7562,3.25 PRM,,NoMatch,D822/03,[15/[15/fifteen]/([0/O/o])3/[3/[03/three]]][h/hour/hours/hr/hrs/hs]([&/-/./:/;])[25/[twenty([-/ ])[5/[05/five]]/25]]([m/min/mins/minute/minutes/ms])(([-/ ])[in the afternoon/in the evening/p(.)m(.)])(.)/[15/[15/fifteen]/([0/O/o])3/[3/[03/three]]]([h/hour/hours/hr/hrs/hs])([&/-/./:/;])[25/[twenty([-/ ])[5/[05/five]]/25]]([-/ ])[h/hour/hours/hr/hrs/hs](.)(([-/ ])[in the afternoon/in the evening/p(.)m(.)])(.)/[25/[twenty([-/ ])[5/[05/five]]/25]]([m/min/mins/minute/minutes/ms](.))([-/ ])[past/after]([-/ ])[15/[15/fifteen]/([0/O/o])3/[3/[03/three]]]([h/hour/hours/hr/hrs/hs])(.)(([-/ ])[in the afternoon/in the evening/p(.)m(.)])(.)/[15/[15/fifteen]/([0/O/o])3/[3/[03/three]]]([h/hour/hours/hr/hrs/hs])([&/-/./:/;])[25/[twenty([-/ ])[5/[05/five]]/25]](([-/ ])[in the afternoon/in the evening/p(.)m(.)])(.)
60000002367700104,TELEVID5300_SCANNER19,MA22000156961974639660000002367700104,01/05/2025,27/04/2025,6961974639,MA220,Afro-Asiatic,MA,15,6,60 STUDENT,0.7563,60,,NoMatch,D822/03,[6[0/O/o]/[6[0/O/o]/sixty]]
60000002367700105,TELEVID5300_SCANNER19,MA22000166961974639860000002367700105,01/05/2025,27/04/2025,6961974639,MA220,Afro-Asiatic,MA,16,8,3:25 P.M.,0.7984,3.25 P.M.,,NoMatch,D822/03,[15/[15/fifteen]/([0/O/o])3/[3/[03/three]]][h/hour/hours/hr/hrs/hs]([&/-/./:/;])[25/[twenty([-/ ])[5/[05/five]]/25]]([m/min/mins/minute/minutes/ms])(([-/ ])[in the afternoon/in the evening/p(.)m(.)])(.)/[15/[15/fifteen]/([0/O/o])3/[3/[03/three]]]([h/hour/hours/hr/hrs/hs])([&/-/./:/;])[25/[twenty([-/ ])[5/[05/five]]/25]]([-/ ])[h/hour/hours/hr/hrs/hs](.)(([-/ ])[in the afternoon/in the evening/p(.)m(.)])(.)/[25/[twenty([-/ ])[5/[05/five]]/25]]([m/min/mins/minute/minutes/ms](.))([-/ ])[past/after]([-/ ])[15/[15/fifteen]/([0/O/o])3/[3/[03/three]]]([h/hour/hours/hr/hrs/hs])(.)(([-/ ])[in the afternoon/in the evening/p(.)m(.)])(.)/[15/[15/fifteen]/([0/O/o])3/[3/[03/three]]]([h/hour/hours/hr/hrs/hs])([&/-/./:/;])[25/[twenty([-/ ])[5/[05/five]]/25]](([-/ ])[in the afternoon/in the evening/p(.)m(.)])(.)
60000002367700107,TELEVID5300_SCANNER19,MA220001869619746391060000002367700107,01/05/2025,27/04/2025,6961974639,MA220,Afro-Asiatic,MA,18,10,27/12/2024,0.7978,27/92/2024,,NoMatch,D822/03,"(the )[16/16nd/16rd/16st/16th/sixteen/sixteenth]([,/-/./~// of / ])[6/06/6th/Jun/Jun./June/six/sixth/vi](.)/(the )[6/06/6th/Jun/Jun./June/six/sixth/vi]([,/-/./~// /the ])[16/16nd/16rd/16st/16th/sixteen/sixteenth](.)/(the )[16nd/16rd/16st/16th/sixteenth] of the [6th/sixth](.)"
60000002367700193,TELEVID5300_SCANNER19,MA22000276961974639860000002367700193,01/05/2025,27/04/2025,6961974639,MA220,Afro-Asiatic,MA,27,8,3:35,0.7845,3:35,,Match,D822/03,[15/[15/fifteen]/([0/O/o])3/[3/[03/three]]][h/hour/hours/hr/hrs/hs]([&/-/./:/;])[25/[twenty([-/ ])[5/[05/five]]/25]]([m/min/mins/minute/minutes/ms])(([-/ ])[in the afternoon/in the evening/p(.)m(.)])(.)/[15/[15/fifteen]/([0/O/o])3/[3/[03/three]]]([h/hour/hours/hr/hrs/hs])([&/-/./:/;])[25/[twenty([-/ ])[5/[05/five]]/25]]([-/ ])[h/hour/hours/hr/hrs/hs](.)(([-/ ])[in the afternoon/in the evening/p(.)m(.)])(.)/[25/[twenty([-/ ])[5/[05/five]]/25]]([m/min/mins/minute/minutes/ms](.))([-/ ])[past/after]([-/ ])[15/[15/fifteen]/([0/O/o])3/[3/[03/three]]]([h/hour/hours/hr/hrs/hs])(.)(([-/ ])[in the afternoon/in the evening/p(.)m(.)])(.)/[15/[15/fifteen]/([0/O/o])3/[3/[03/three]]]([h/hour/hours/hr/hrs/hs])([&/-/./:/;])[25/[twenty([-/ ])[5/[05/five]]/25]](([-/ ])[in the afternoon/in the evening/p(.)m(.)])(.)
60000002367700196,TELEVID5300_SCANNER19,MA22000306961974639960000002367700196,01/05/2025,27/04/2025,6961974639,MA220,Afro-Asiatic,MA,30,9,MISS DOCHIATY,0.7569,MJM DOCHIATY,,NoMatch,D822/03,docherty
60000002367700291,TELEVID5300_SCANNER19,MA22000456961974639960000002367700291,01/05/2025,27/04/2025,6961974639,MA220,Afro-Asiatic,MA,45,9,DOCHAITW,0.7701,DOCHAITW,,Match,D822/03,docherty
60000002412700066,TELEVID5325_SCANNER19,IT20100259084133061760000002412700066,09/05/2025,05/05/2025,9084133061,IT201,Romance,IT,25,7,950,0.7622,950,,Match,D822/03,[95[0/O/o]/[9/[09/nine]]([-/ ])[00/hund/hundred]([-/ ])([and/&/+/'n'/'n/n'/n])([-/ ])[5[0/O/o]/fifty]]
60000002420801328,TELEVID5317_1_SCANNER18,IT304000790841330611060000002420801328,10/05/2025,29/04/2025,9084133061,IT304,Romance,IT,7,10,PHOTOS,0.7823,PHOROS,,NoMatch,D822/03,[photograph/foto/fotograph/photo/photographe](s)
60000002452000130,TELEVID5344_SCANNER18,KH041002369674028491260000002452000130,13/05/2025,04/05/2025,6967402849,KH041,Austro-Asiatic,KH,23,12,B,0.7772,B,,Match,D822/03,B
60000002452000264,TELEVID5344_SCANNER18,KH041003869674028492360000002452000264,13/05/2025,04/05/2025,6967402849,KH041,Austro-Asiatic,KH,38,23,D,0.7845,"D, E",,NoMatch,D822/03,D
60000002452000331,TELEVID5344_SCANNER18,IT38200189084133061760000002452000331,13/05/2025,07/05/2025,9084133061,IT382,Romance,IT,18,7,115,0.7937,775,,NoMatch,D822/03,[95[0/O/o]/[9/[09/nine]]([-/ ])[00/hund/hundred]([-/ ])([and/&/+/'n'/'n/n'/n])([-/ ])[5[0/O/o]/fifty]]
60000002455300100,TELEVID5348_SCANNER18,IT52500106961974639560000002455300100,13/05/2025,07/05/2025,6961974639,IT525,Romance,IT,10,5,C,0.7508,--blank--,,NoMatch,D822/03,C
60000002472800835,TELEVID5358_SCANNER18,IT27800026961974639760000002472800835,14/05/2025,10/05/2025,6961974639,IT278,Romance,IT,2,7,THUSDAY,0.7668,THUSDAY,,Match,D822/03,[Wednesday/We/Wed/Weds/Wendnesday/Wendsday/Wenesday/Wensday]
60000002472800848,TELEVID5358_SCANNER18,IT278001569619746391060000002472800848,14/05/2025,10/05/2025,6961974639,IT278,Romance,IT,15,10,16 6,0.7693,1616,,NoMatch,D822/03,"(the )[16/16nd/16rd/16st/16th/sixteen/sixteenth]([,/-/./~// of / ])[6/06/6th/Jun/Jun./June/six/sixth/vi](.)/(the )[6/06/6th/Jun/Jun./June/six/sixth/vi]([,/-/./~// /the ])[16/16nd/16rd/16st/16th/sixteen/sixteenth](.)/(the )[16nd/16rd/16st/16th/sixteenth] of the [6th/sixth](.)"
60000002509700468,TELEVID5417_SCANNER18,IT42500196961974639860000002509700468,19/05/2025,06/05/2025,6961974639,IT425,Romance,IT,19,8,3:25,0.787,3:25,,Match,D822/03,[15/[15/fifteen]/([0/O/o])3/[3/[03/three]]][h/hour/hours/hr/hrs/hs]([&/-/./:/;])[25/[twenty([-/ ])[5/[05/five]]/25]]([m/min/mins/minute/minutes/ms])(([-/ ])[in the afternoon/in the evening/p(.)m(.)])(.)/[15/[15/fifteen]/([0/O/o])3/[3/[03/three]]]([h/hour/hours/hr/hrs/hs])([&/-/./:/;])[25/[twenty([-/ ])[5/[05/five]]/25]]([-/ ])[h/hour/hours/hr/hrs/hs](.)(([-/ ])[in the afternoon/in the evening/p(.)m(.)])(.)/[25/[twenty([-/ ])[5/[05/five]]/25]]([m/min/mins/minute/minutes/ms](.))([-/ ])[past/after]([-/ ])[15/[15/fifteen]/([0/O/o])3/[3/[03/three]]]([h/hour/hours/hr/hrs/hs])(.)(([-/ ])[in the afternoon/in the evening/p(.)m(.)])(.)/[15/[15/fifteen]/([0/O/o])3/[3/[03/three]]]([h/hour/hours/hr/hrs/hs])([&/-/./:/;])[25/[twenty([-/ ])[5/[05/five]]/25]](([-/ ])[in the afternoon/in the evening/p(.)m(.)])(.)
60000002720200475,TELEVID5578_SCANNER18,LK00102564103294274860000002720200475,28/05/2025,17/05/2025,4103294274,LK001,Indo-Iranian,LK,256,8,FRIDAY,0.7547,FRIDAY,,Match,D822/03,[friday/fr/fri]
60000002720200475,TELEVID5578_SCANNER18,LK00102564103294274960000002720200475,28/05/2025,17/05/2025,4103294274,LK001,Indo-Iranian,LK,256,9,47 CLASSROOM,0.7984,47 CLASSROOM,,Match,D822/03,[37/[thirty([-/ ])[7/[07/seven]]/37]]
60000002720200513,TELEVID5578_SCANNER18,LK00102354103294274760000002720200513,28/05/2025,17/05/2025,4103294274,LK001,Indo-Iranian,LK,235,7,200 WORDS,0.7601,200WORDS,,NoMatch,D822/03,[2[0/O/o][0/O/o]/[2/[02/two]]([-/ ])[00/hund/hundred]]
60000002750100332,TELEVID5642_SCANNER18,IT01745936961974639760000002750100332,30/05/2025,24/05/2025,6961974639,IT017,Romance,IT,4593,7,WEDNESDAY,0.7984,WEDNESDAY,,Match,D822/03,[Wednesday/We/Wed/Weds/Wendnesday/Wendsday/Wenesday/Wensday]
60000002750700084,TELEVID5681_SCANNER18,IT22300106961974639660000002750700084,30/05/2025,21/05/2025,6961974639,IT223,Romance,IT,10,6,45,0.7522,45,,Match,D822/03,[6[0/O/o]/[6[0/O/o]/sixty]]
60000002828800788,TELEVID5798_SCANNER18,GR118400741032942741060000002828800788,04/06/2025,31/05/2025,4103294274,GR118,Greek,GR,4007,10,BADGER,0.7982,BADGER,,Match,D822/03,badger
60000002828800812,TELEVID5798_SCANNER18,GR118409541032942742060000002828800812,04/06/2025,31/05/2025,4103294274,GR118,Greek,GR,4095,20,B,0.7552,B,,Match,D822/03,B
60000002828900015,TELEVID5809_SCANNER19,GR118404541032942741460000002828900015,04/06/2025,31/05/2025,4103294274,GR118,Greek,GR,4045,14,B,0.7883,B,,Match,D822/03,C
60000002828900015,TELEVID5809_SCANNER19,GR118404541032942742060000002828900015,04/06/2025,31/05/2025,4103294274,GR118,Greek,GR,4045,20,--impossible--,0.795,C,,NoMatch,D822/03,B
60000002828900037,TELEVID5809_SCANNER19,GR118406741032942741060000002828900037,04/06/2025,31/05/2025,4103294274,GR118,Greek,GR,4067,10,BADJIR,0.7949,BADJIR,,Match,D822/03,badger
60000002850500209,TELEVID5853_SCANNER18,IT036002469619746391160000002850500209,06/06/2025,29/05/2025,6961974639,IT036,Romance,IT,24,11,B,0.7714,C,,NoMatch,D822/03,B
60000002850500409,TELEVID5853_SCANNER18,IT03600066961974639860000002850500409,06/06/2025,29/05/2025,6961974639,IT036,Romance,IT,6,8,3:50 P.M.,0.7949,3:50 P.M.,,Match,D822/03,[15/[15/fifteen]/([0/O/o])3/[3/[03/three]]][h/hour/hours/hr/hrs/hs]([&/-/./:/;])[25/[twenty([-/ ])[5/[05/five]]/25]]([m/min/mins/minute/minutes/ms])(([-/ ])[in the afternoon/in the evening/p(.)m(.)])(.)/[15/[15/fifteen]/([0/O/o])3/[3/[03/three]]]([h/hour/hours/hr/hrs/hs])([&/-/./:/;])[25/[twenty([-/ ])[5/[05/five]]/25]]([-/ ])[h/hour/hours/hr/hrs/hs](.)(([-/ ])[in the afternoon/in the evening/p(.)m(.)])(.)/[25/[twenty([-/ ])[5/[05/five]]/25]]([m/min/mins/minute/minutes/ms](.))([-/ ])[past/after]([-/ ])[15/[15/fifteen]/([0/O/o])3/[3/[03/three]]]([h/hour/hours/hr/hrs/hs])(.)(([-/ ])[in the afternoon/in the evening/p(.)m(.)])(.)/[15/[15/fifteen]/([0/O/o])3/[3/[03/three]]]([h/hour/hours/hr/hrs/hs])([&/-/./:/;])[25/[twenty([-/ ])[5/[05/five]]/25]](([-/ ])[in the afternoon/in the evening/p(.)m(.)])(.)
60000002850500412,TELEVID5853_SCANNER18,IT03600096961974639860000002850500412,06/06/2025,29/05/2025,6961974639,IT036,Romance,IT,9,8,3:25,0.7971,3:25,,Match,D822/03,[15/[15/fifteen]/([0/O/o])3/[3/[03/three]]][h/hour/hours/hr/hrs/hs]([&/-/./:/;])[25/[twenty([-/ ])[5/[05/five]]/25]]([m/min/mins/minute/minutes/ms])(([-/ ])[in the afternoon/in the evening/p(.)m(.)])(.)/[15/[15/fifteen]/([0/O/o])3/[3/[03/three]]]([h/hour/hours/hr/hrs/hs])([&/-/./:/;])[25/[twenty([-/ ])[5/[05/five]]/25]]([-/ ])[h/hour/hours/hr/hrs/hs](.)(([-/ ])[in the afternoon/in the evening/p(.)m(.)])(.)/[25/[twenty([-/ ])[5/[05/five]]/25]]([m/min/mins/minute/minutes/ms](.))([-/ ])[past/after]([-/ ])[15/[15/fifteen]/([0/O/o])3/[3/[03/three]]]([h/hour/hours/hr/hrs/hs])(.)(([-/ ])[in the afternoon/in the evening/p(.)m(.)])(.)/[15/[15/fifteen]/([0/O/o])3/[3/[03/three]]]([h/hour/hours/hr/hrs/hs])([&/-/./:/;])[25/[twenty([-/ ])[5/[05/five]]/25]](([-/ ])[in the afternoon/in the evening/p(.)m(.)])(.)
60000002850900483,TELEVID5845_SCANNER18,IT06009186961974639860000002850900483,06/06/2025,24/05/2025,6961974639,IT060,Romance,IT,918,8,3:25,0.7635,3:25,,Match,D822/03,[15/[15/fifteen]/([0/O/o])3/[3/[03/three]]][h/hour/hours/hr/hrs/hs]([&/-/./:/;])[25/[twenty([-/ ])[5/[05/five]]/25]]([m/min/mins/minute/minutes/ms])(([-/ ])[in the afternoon/in the evening/p(.)m(.)])(.)/[15/[15/fifteen]/([0/O/o])3/[3/[03/three]]]([h/hour/hours/hr/hrs/hs])([&/-/./:/;])[25/[twenty([-/ ])[5/[05/five]]/25]]([-/ ])[h/hour/hours/hr/hrs/hs](.)(([-/ ])[in the afternoon/in the evening/p(.)m(.)])(.)/[25/[twenty([-/ ])[5/[05/five]]/25]]([m/min/mins/minute/minutes/ms](.))([-/ ])[past/after]([-/ ])[15/[15/fifteen]/([0/O/o])3/[3/[03/three]]]([h/hour/hours/hr/hrs/hs])(.)(([-/ ])[in the afternoon/in the evening/p(.)m(.)])(.)/[15/[15/fifteen]/([0/O/o])3/[3/[03/three]]]([h/hour/hours/hr/hrs/hs])([&/-/./:/;])[25/[twenty([-/ ])[5/[05/five]]/25]](([-/ ])[in the afternoon/in the evening/p(.)m(.)])(.)
60000002850900483,TELEVID5845_SCANNER18,IT060091869619746391060000002850900483,06/06/2025,24/05/2025,6961974639,IT060,Romance,IT,918,10,JUNE 16TH,0.7626,JUNE 76TH,,NoMatch,D822/03,"(the )[16/16nd/16rd/16st/16th/sixteen/sixteenth]([,/-/./~// of / ])[6/06/6th/Jun/Jun./June/six/sixth/vi](.)/(the )[6/06/6th/Jun/Jun./June/six/sixth/vi]([,/-/./~// /the ])[16/16nd/16rd/16st/16th/sixteen/sixteenth](.)/(the )[16nd/16rd/16st/16th/sixteenth] of the [6th/sixth](.)"
60000002850900511,TELEVID5845_SCANNER18,IT060094669619746391060000002850900511,06/06/2025,24/05/2025,6961974639,IT060,Romance,IT,946,10,16 8,0.7729,16/8,,NoMatch,D822/03,"(the )[16/16nd/16rd/16st/16th/sixteen/sixteenth]([,/-/./~// of / ])[6/06/6th/Jun/Jun./June/six/sixth/vi](.)/(the )[6/06/6th/Jun/Jun./June/six/sixth/vi]([,/-/./~// /the ])[16/16nd/16rd/16st/16th/sixteen/sixteenth](.)/(the )[16nd/16rd/16st/16th/sixteenth] of the [6th/sixth](.)"
60000002850900547,TELEVID5845_SCANNER18,IT06009836961974639860000002850900547,06/06/2025,24/05/2025,6961974639,IT060,Romance,IT,983,8,3:25,0.7511,3:25,,Match,D822/03,[15/[15/fifteen]/([0/O/o])3/[3/[03/three]]][h/hour/hours/hr/hrs/hs]([&/-/./:/;])[25/[twenty([-/ ])[5/[05/five]]/25]]([m/min/mins/minute/minutes/ms])(([-/ ])[in the afternoon/in the evening/p(.)m(.)])(.)/[15/[15/fifteen]/([0/O/o])3/[3/[03/three]]]([h/hour/hours/hr/hrs/hs])([&/-/./:/;])[25/[twenty([-/ ])[5/[05/five]]/25]]([-/ ])[h/hour/hours/hr/hrs/hs](.)(([-/ ])[in the afternoon/in the evening/p(.)m(.)])(.)/[25/[twenty([-/ ])[5/[05/five]]/25]]([m/min/mins/minute/minutes/ms](.))([-/ ])[past/after]([-/ ])[15/[15/fifteen]/([0/O/o])3/[3/[03/three]]]([h/hour/hours/hr/hrs/hs])(.)(([-/ ])[in the afternoon/in the evening/p(.)m(.)])(.)/[15/[15/fifteen]/([0/O/o])3/[3/[03/three]]]([h/hour/hours/hr/hrs/hs])([&/-/./:/;])[25/[twenty([-/ ])[5/[05/five]]/25]](([-/ ])[in the afternoon/in the evening/p(.)m(.)])(.)
60000002851400154,TELEVID5843_SCANNER18,IT06000016961974639860000002851400154,06/06/2025,24/05/2025,6961974639,IT060,Romance,IT,1,8,5:00 PM,0.7972,5:00 PM,,Match,D822/03,[15/[15/fifteen]/([0/O/o])3/[3/[03/three]]][h/hour/hours/hr/hrs/hs]([&/-/./:/;])[25/[twenty([-/ ])[5/[05/five]]/25]]([m/min/mins/minute/minutes/ms])(([-/ ])[in the afternoon/in the evening/p(.)m(.)])(.)/[15/[15/fifteen]/([0/O/o])3/[3/[03/three]]]([h/hour/hours/hr/hrs/hs])([&/-/./:/;])[25/[twenty([-/ ])[5/[05/five]]/25]]([-/ ])[h/hour/hours/hr/hrs/hs](.)(([-/ ])[in the afternoon/in the evening/p(.)m(.)])(.)/[25/[twenty([-/ ])[5/[05/five]]/25]]([m/min/mins/minute/minutes/ms](.))([-/ ])[past/after]([-/ ])[15/[15/fifteen]/([0/O/o])3/[3/[03/three]]]([h/hour/hours/hr/hrs/hs])(.)(([-/ ])[in the afternoon/in the evening/p(.)m(.)])(.)/[15/[15/fifteen]/([0/O/o])3/[3/[03/three]]]([h/hour/hours/hr/hrs/hs])([&/-/./:/;])[25/[twenty([-/ ])[5/[05/five]]/25]](([-/ ])[in the afternoon/in the evening/p(.)m(.)])(.)
60000002851400174,TELEVID5843_SCANNER18,IT060002169619746391060000002851400174,06/06/2025,24/05/2025,6961974639,IT060,Romance,IT,21,10,16TH JUNE,0.7742,16TH JUNE,,Match,D822/03,"(the )[16/16nd/16rd/16st/16th/sixteen/sixteenth]([,/-/./~// of / ])[6/06/6th/Jun/Jun./June/six/sixth/vi](.)/(the )[6/06/6th/Jun/Jun./June/six/sixth/vi]([,/-/./~// /the ])[16/16nd/16rd/16st/16th/sixteen/sixteenth](.)/(the )[16nd/16rd/16st/16th/sixteenth] of the [6th/sixth](.)"
60000002902601072,TELEVID5883_SCANNER19,IT06005406961974639860000002902601072,10/06/2025,24/05/2025,6961974639,IT060,Romance,IT,540,8,3:25,0.7599,3:25,,Match,D822/03,[15/[15/fifteen]/([0/O/o])3/[3/[03/three]]][h/hour/hours/hr/hrs/hs]([&/-/./:/;])[25/[twenty([-/ ])[5/[05/five]]/25]]([m/min/mins/minute/minutes/ms])(([-/ ])[in the afternoon/in the evening/p(.)m(.)])(.)/[15/[15/fifteen]/([0/O/o])3/[3/[03/three]]]([h/hour/hours/hr/hrs/hs])([&/-/./:/;])[25/[twenty([-/ ])[5/[05/five]]/25]]([-/ ])[h/hour/hours/hr/hrs/hs](.)(([-/ ])[in the afternoon/in the evening/p(.)m(.)])(.)/[25/[twenty([-/ ])[5/[05/five]]/25]]([m/min/mins/minute/minutes/ms](.))([-/ ])[past/after]([-/ ])[15/[15/fifteen]/([0/O/o])3/[3/[03/three]]]([h/hour/hours/hr/hrs/hs])(.)(([-/ ])[in the afternoon/in the evening/p(.)m(.)])(.)/[15/[15/fifteen]/([0/O/o])3/[3/[03/three]]]([h/hour/hours/hr/hrs/hs])([&/-/./:/;])[25/[twenty([-/ ])[5/[05/five]]/25]](([-/ ])[in the afternoon/in the evening/p(.)m(.)])(.)
60000002902601072,TELEVID5883_SCANNER19,IT06005406961974639960000002902601072,10/06/2025,24/05/2025,6961974639,IT060,Romance,IT,540,9,DOCHEATY,0.7813,DOCHEATY,,Match,D822/03,docherty
60000002902601077,TELEVID5883_SCANNER19,IT06005456961974639960000002902601077,10/06/2025,24/05/2025,6961974639,IT060,Romance,IT,545,9,DOCHIATY,0.7687,DOCHIATY,,Match,D822/03,docherty
60000002918500028,TELEVID5914_SCANNER18,MM025001242133610401060000002918500028,10/06/2025,19/05/2025,4213361040,MM025,Burmese-Tibetan,MM,12,10,01322461755,0.7543,01377461755,,NoMatch,D822/03,[[0/O/o]/[[0/O/o]/[O/nought/o/zero]]] [1/[1/[01/a/one/one~/1/oone]]] [3/[3/[03/three]]] [2/[2/[02/two]]] [2/[2/[02/two]]] [4/[4/[04/four]]] [6/[6/[06/six]]] [1/[1/[01/a/one/one~/1/oone]]] [7/[7/[07/seven]]] [5/[5/[05/five]]] [5/[5/[05/five]]]
60000002918500039,TELEVID5914_SCANNER18,MM025002342133610401060000002918500039,10/06/2025,19/05/2025,4213361040,MM025,Burmese-Tibetan,MM,23,10,01322461755,0.7817,01322461755,,Match,D822/03,[[0/O/o]/[[0/O/o]/[O/nought/o/zero]]] [1/[1/[01/a/one/one~/1/oone]]] [3/[3/[03/three]]] [2/[2/[02/two]]] [2/[2/[02/two]]] [4/[4/[04/four]]] [6/[6/[06/six]]] [1/[1/[01/a/one/one~/1/oone]]] [7/[7/[07/seven]]] [5/[5/[05/five]]] [5/[5/[05/five]]]
60000002918500041,TELEVID5914_SCANNER18,MM02500254213361040760000002918500041,10/06/2025,19/05/2025,4213361040,MM025,Burmese-Tibetan,MM,25,7,6,0.7909,6,,Match,D822/03,[18/[18/eighteen]/([0/O/o])6/[6/[06/six]]]([h/hour/hours/hr/hrs/hs])([&/-/./:/;])(([0/O/o])[[0/O/o]/[[0/O/o]/[O/nought/o/zero]]])(([-/ ])[in the afternoon/in the evening/p(.)m(.)])(.)/[18/[18/eighteen]/([0/O/o])6/[6/[06/six]]][h/hour/hours/hr/hrs/hs]([&/-/./:/;])(([0/O/o])[[0/O/o]/[[0/O/o]/[O/nought/o/zero]]])([m/min/mins/minute/minutes/ms])(([-/ ])[in the afternoon/in the evening/p(.)m(.)])(.)/[18/[18/eighteen]/([0/O/o])6/[6/[06/six]]]([h/hour/hours/hr/hrs/hs])([&/-/./:/;])(([0/O/o])[[0/O/o]/[[0/O/o]/[O/nought/o/zero]]])([-/ ])[h/hour/hours/hr/hrs/hs](.)(([-/ ])[in the afternoon/in the evening/p(.)m(.)])(.)/[18/[18/eighteen]/([0/O/o])6/[6/[06/six]]]([h/hour/hours/hr/hrs/hs])([&/-/./:/;](([0/O/o])[[0/O/o]/[[0/O/o]/[O/nought/o/zero]]]))(([-/ ])[in the afternoon/in the evening/p(.)m(.)])(.)/[18/[18/eighteen]/([0/O/o])6/[6/[06/six]]]([h/hour/hours/hr/hrs/hs])([&/-/./:/;])(([0/O/o])[[0/O/o]/[[0/O/o]/[O/nought/o/zero]]])([-/ ])[o'clock/o'clock in the afternoon/o'clock in the evening/o'clock in afternoon/o'clock in evening](.)/(([0/O/o])[[0/O/o]/[[0/O/o]/[O/nought/o/zero]]])([m/min/mins/minute/minutes/ms](.))([-/ ])[past/after]([-/ ])[18/[18/eighteen]/([0/O/o])6/[6/[06/six]]]([h/hour/hours/hr/hrs/hs])(.)(([-/ ])[in the afternoon/in the evening/p(.)m(.)])(.)
60000002918500042,TELEVID5914_SCANNER18,MM02500264213361040760000002918500042,10/06/2025,19/05/2025,4213361040,MM025,Burmese-Tibetan,MM,26,7,6 P.M,0.7875,6 P.M,,Match,D822/03,[18/[18/eighteen]/([0/O/o])6/[6/[06/six]]]([h/hour/hours/hr/hrs/hs])([&/-/./:/;])(([0/O/o])[[0/O/o]/[[0/O/o]/[O/nought/o/zero]]])(([-/ ])[in the afternoon/in the evening/p(.)m(.)])(.)/[18/[18/eighteen]/([0/O/o])6/[6/[06/six]]][h/hour/hours/hr/hrs/hs]([&/-/./:/;])(([0/O/o])[[0/O/o]/[[0/O/o]/[O/nought/o/zero]]])([m/min/mins/minute/minutes/ms])(([-/ ])[in the afternoon/in the evening/p(.)m(.)])(.)/[18/[18/eighteen]/([0/O/o])6/[6/[06/six]]]([h/hour/hours/hr/hrs/hs])([&/-/./:/;])(([0/O/o])[[0/O/o]/[[0/O/o]/[O/nought/o/zero]]])([-/ ])[h/hour/hours/hr/hrs/hs](.)(([-/ ])[in the afternoon/in the evening/p(.)m(.)])(.)/[18/[18/eighteen]/([0/O/o])6/[6/[06/six]]]([h/hour/hours/hr/hrs/hs])([&/-/./:/;](([0/O/o])[[0/O/o]/[[0/O/o]/[O/nought/o/zero]]]))(([-/ ])[in the afternoon/in the evening/p(.)m(.)])(.)/[18/[18/eighteen]/([0/O/o])6/[6/[06/six]]]([h/hour/hours/hr/hrs/hs])([&/-/./:/;])(([0/O/o])[[0/O/o]/[[0/O/o]/[O/nought/o/zero]]])([-/ ])[o'clock/o'clock in the afternoon/o'clock in the evening/o'clock in afternoon/o'clock in evening](.)/(([0/O/o])[[0/O/o]/[[0/O/o]/[O/nought/o/zero]]])([m/min/mins/minute/minutes/ms](.))([-/ ])[past/after]([-/ ])[18/[18/eighteen]/([0/O/o])6/[6/[06/six]]]([h/hour/hours/hr/hrs/hs])(.)(([-/ ])[in the afternoon/in the evening/p(.)m(.)])(.)
60000002918500043,TELEVID5914_SCANNER18,MM02500274213361040660000002918500043,10/06/2025,19/05/2025,4213361040,MM025,Burmese-Tibetan,MM,27,6,10.50,0.7673,10.50,,Match,D822/03,"[1[0/O/o]/[1[0/O/o]/ten]]( )([G(.)B(.)P(.)/G(.)B(.)P(.)£(.)/pound/pound./pounde/£/£(.)G(.)B(.)P(.)](s))( )[5[0/O/o]/[5[0/O/o]/fifty]]( )([p/pence/pense])( )(.)/[G(.)B(.)P(.)/G(.)B(.)P(.)£(.)/pound/pound./pounde/£/£(.)G(.)B(.)P(.)](s)( )[1[0/O/o]/[1[0/O/o]/ten]]( )([G(.)B(.)P(.)/G(.)B(.)P(.)£(.)/pound/pound./pounde/£/£(.)G(.)B(.)P(.)](s))( )[5[0/O/o]/[5[0/O/o]/fifty]]( )[p/pence/pense]( )(.)/[G(.)B(.)P(.)/G(.)B(.)P(.)£(.)/pound/pound./pounde/£/£(.)G(.)B(.)P(.)](s)[1[0/O/o]/[1[0/O/o]/ten]]([G(.)B(.)P(.)/G(.)B(.)P(.)£(.)/pound/pound./pounde/£/£(.)G(.)B(.)P(.)](s))[&/+/,/-/./:/;/and/ ][5[(0)/O/o]/[5[0/O/o]/fifty]]([p/pence/pense])(.)/([G(.)B(.)P(.)/G(.)B(.)P(.)£(.)/pound/pound./pounde/£/£(.)G(.)B(.)P(.)](s))[1[0/O/o]/[1[0/O/o]/ten]]([G(.)B(.)P(.)/G(.)B(.)P(.)£(.)/pound/pound./pounde/£/£(.)G(.)B(.)P(.)](s))[&/+/,/-/./:/;/and/ ][5[(0)/O/o]/[5[0/O/o]/fifty]](.)/[G(.)B(.)P(.)/G(.)B(.)P(.)£(.)/pound/pound./pounde/£/£(.)G(.)B(.)P(.)](s)[1[0/O/o]/[1[0/O/o]/ten]]([G(.)B(.)P(.)/G(.)B(.)P(.)£(.)/pound/pound./pounde/£/£(.)G(.)B(.)P(.)](s))[&/+/,/-/./:/;/and/ ][5[(0)/O/o]/[5[0/O/o]/fifty]]([p/pence/pense])(.)/[1[0/O/o]/[1[0/O/o]/ten]][&/+/,/-/./:/;/and/ ][5[(0)/O/o]/[5[0/O/o]/fifty]]([G(.)B(.)P(.)/G(.)B(.)P(.)£(.)/pound/pound./pounde/£/£(.)G(.)B(.)P(.)](s))(.)/[1[0/O/o]/[1[0/O/o]/ten]]( )([G(.)B(.)P(.)/G(.)B(.)P(.)£(.)/pound/pound./pounde/£/£(.)G(.)B(.)P(.)](s))[&/+/,/-/./:/;/and/ ][5[0/O/o]/[5[0/O/o]/fifty]]( )(.)/[1[0/O/o]/[1[0/O/o]/ten]]( )[G(.)B(.)P(.)/G(.)B(.)P(.)£(.)/pound/pound./pounde/£/£(.)G(.)B(.)P(.)](s)[&/+/,/-/./:/;/and/ ][5[0/O/o]/[5[0/O/o]/fifty]]( )([p/pence/pense])(.)/([G(.)B(.)P(.)/G(.)B(.)P(.)£(.)/pound/pound./pounde/£/£(.)G(.)B(.)P(.)](s))[1[0/O/o]/[1[0/O/o]/ten]]([G(.)B(.)P(.)/G(.)B(.)P(.)£(.)/pound/pound./pounde/£/£(.)G(.)B(.)P(.)](s))([&/+/,/-/./:/;/and/ ])[5[(0)/O/o]/[5[0/O/o]/fifty]]([G(.)B(.)P(.)/G(.)B(.)P(.)£(.)/pound/pound./pounde/£/£(.)G(.)B(.)P(.)](s))(.)/[1[0/O/o]/[1[0/O/o]/ten]][&/+/,/-/./:/;/and/ ][5[0/O/o]/[5[0/O/o]/fifty]]( )(.)/[1[0/O/o]/[1[0/O/o]/ten]]( )[5[0/O/o]/[5[0/O/o]/fifty]]( )[p/pence/pense](.)/[1[0/O/o]/[1[0/O/o]/ten]]( )([G(.)B(.)P(.)/G(.)B(.)P(.)£(.)/pound/pound./pounde/£/£(.)G(.)B(.)P(.)](s))( )([and/&/+/'n'/'n/n'/n])( )[,5/,50/.5/.50/.five/0.5 of/0.5 of a/1~/2/1~/2 a/1~/2 of/1~/2 of 1/1~/2 of a/1~/2 of one/5~/10/5~/10 of/5~/10 of 1/5~/10 of a/5~/10 of one/a 1~/2/a half/a half of/a half of 1/a half of a/a half of one/an half of/an half of 1/an half of a/an half of one/five tenths/five tenths of/five tenths of 1/five tenths of a/five tenths of one/half/half a/half of/half of 1/half of a/half of one/one half of/one half of 1/one half of a/one half of one/point 5/point five/point5/½](.)"
60000002918500048,TELEVID5914_SCANNER18,MM02500324213361040960000002918500048,10/06/2025,19/05/2025,4213361040,MM025,Burmese-Tibetan,MM,32,9,FILM STARS,0.7772,FILM STARS,,Match,D822/03,[photograph/foto/fotograph/photo/photographe](s)/[photo/foto](s)
60000002918500051,TELEVID5914_SCANNER18,MM02500354213361040660000002918500051,10/06/2025,19/05/2025,4213361040,MM025,Burmese-Tibetan,MM,35,6,10.50,0.7747,10.50,,Match,D822/03,"[1[0/O/o]/[1[0/O/o]/ten]]( )([G(.)B(.)P(.)/G(.)B(.)P(.)£(.)/pound/pound./pounde/£/£(.)G(.)B(.)P(.)](s))( )[5[0/O/o]/[5[0/O/o]/fifty]]( )([p/pence/pense])( )(.)/[G(.)B(.)P(.)/G(.)B(.)P(.)£(.)/pound/pound./pounde/£/£(.)G(.)B(.)P(.)](s)( )[1[0/O/o]/[1[0/O/o]/ten]]( )([G(.)B(.)P(.)/G(.)B(.)P(.)£(.)/pound/pound./pounde/£/£(.)G(.)B(.)P(.)](s))( )[5[0/O/o]/[5[0/O/o]/fifty]]( )[p/pence/pense]( )(.)/[G(.)B(.)P(.)/G(.)B(.)P(.)£(.)/pound/pound./pounde/£/£(.)G(.)B(.)P(.)](s)[1[0/O/o]/[1[0/O/o]/ten]]([G(.)B(.)P(.)/G(.)B(.)P(.)£(.)/pound/pound./pounde/£/£(.)G(.)B(.)P(.)](s))[&/+/,/-/./:/;/and/ ][5[(0)/O/o]/[5[0/O/o]/fifty]]([p/pence/pense])(.)/([G(.)B(.)P(.)/G(.)B(.)P(.)£(.)/pound/pound./pounde/£/£(.)G(.)B(.)P(.)](s))[1[0/O/o]/[1[0/O/o]/ten]]([G(.)B(.)P(.)/G(.)B(.)P(.)£(.)/pound/pound./pounde/£/£(.)G(.)B(.)P(.)](s))[&/+/,/-/./:/;/and/ ][5[(0)/O/o]/[5[0/O/o]/fifty]](.)/[G(.)B(.)P(.)/G(.)B(.)P(.)£(.)/pound/pound./pounde/£/£(.)G(.)B(.)P(.)](s)[1[0/O/o]/[1[0/O/o]/ten]]([G(.)B(.)P(.)/G(.)B(.)P(.)£(.)/pound/pound./pounde/£/£(.)G(.)B(.)P(.)](s))[&/+/,/-/./:/;/and/ ][5[(0)/O/o]/[5[0/O/o]/fifty]]([p/pence/pense])(.)/[1[0/O/o]/[1[0/O/o]/ten]][&/+/,/-/./:/;/and/ ][5[(0)/O/o]/[5[0/O/o]/fifty]]([G(.)B(.)P(.)/G(.)B(.)P(.)£(.)/pound/pound./pounde/£/£(.)G(.)B(.)P(.)](s))(.)/[1[0/O/o]/[1[0/O/o]/ten]]( )([G(.)B(.)P(.)/G(.)B(.)P(.)£(.)/pound/pound./pounde/£/£(.)G(.)B(.)P(.)](s))[&/+/,/-/./:/;/and/ ][5[0/O/o]/[5[0/O/o]/fifty]]( )(.)/[1[0/O/o]/[1[0/O/o]/ten]]( )[G(.)B(.)P(.)/G(.)B(.)P(.)£(.)/pound/pound./pounde/£/£(.)G(.)B(.)P(.)](s)[&/+/,/-/./:/;/and/ ][5[0/O/o]/[5[0/O/o]/fifty]]( )([p/pence/pense])(.)/([G(.)B(.)P(.)/G(.)B(.)P(.)£(.)/pound/pound./pounde/£/£(.)G(.)B(.)P(.)](s))[1[0/O/o]/[1[0/O/o]/ten]]([G(.)B(.)P(.)/G(.)B(.)P(.)£(.)/pound/pound./pounde/£/£(.)G(.)B(.)P(.)](s))([&/+/,/-/./:/;/and/ ])[5[(0)/O/o]/[5[0/O/o]/fifty]]([G(.)B(.)P(.)/G(.)B(.)P(.)£(.)/pound/pound./pounde/£/£(.)G(.)B(.)P(.)](s))(.)/[1[0/O/o]/[1[0/O/o]/ten]][&/+/,/-/./:/;/and/ ][5[0/O/o]/[5[0/O/o]/fifty]]( )(.)/[1[0/O/o]/[1[0/O/o]/ten]]( )[5[0/O/o]/[5[0/O/o]/fifty]]( )[p/pence/pense](.)/[1[0/O/o]/[1[0/O/o]/ten]]( )([G(.)B(.)P(.)/G(.)B(.)P(.)£(.)/pound/pound./pounde/£/£(.)G(.)B(.)P(.)](s))( )([and/&/+/'n'/'n/n'/n])( )[,5/,50/.5/.50/.five/0.5 of/0.5 of a/1~/2/1~/2 a/1~/2 of/1~/2 of 1/1~/2 of a/1~/2 of one/5~/10/5~/10 of/5~/10 of 1/5~/10 of a/5~/10 of one/a 1~/2/a half/a half of/a half of 1/a half of a/a half of one/an half of/an half of 1/an half of a/an half of one/five tenths/five tenths of/five tenths of 1/five tenths of a/five tenths of one/half/half a/half of/half of 1/half of a/half of one/one half of/one half of 1/one half of a/one half of one/point 5/point five/point5/½](.)"
60000002919300392,TELEVID5924_SCANNER18,IT57600049084133061860000002919300392,10/06/2025,30/05/2025,9084133061,IT576,Romance,IT,4,8,21 07,0.771,21/07,,NoMatch,D822/03,"(the )[7/07/7th/Jul/Jul./July/seven/seventh/vii]([,/-/./~// /the ])[11/11th/eleven/eleventh](.)/(the )[11th/eleventh] of the [7th/seventh](.)/(the )[11/11th/eleven/eleventh]([,/-/./~// of / ])[7/07/7th/Jul/Jul./July/seven/seventh/vii](.)"
60000002922900329,TELEVID5918_SCANNER19,ES81000106961974639860000002922900329,11/06/2025,31/05/2025,6961974639,ES810,Romance,ES,10,8,3:25 P.M.,0.7751,3:25 H.M.,,NoMatch,D822/03,[15/[15/fifteen]/([0/O/o])3/[3/[03/three]]][h/hour/hours/hr/hrs/hs]([&/-/./:/;])[25/[twenty([-/ ])[5/[05/five]]/25]]([m/min/mins/minute/minutes/ms])(([-/ ])[in the afternoon/in the evening/p(.)m(.)])(.)/[15/[15/fifteen]/([0/O/o])3/[3/[03/three]]]([h/hour/hours/hr/hrs/hs])([&/-/./:/;])[25/[twenty([-/ ])[5/[05/five]]/25]]([-/ ])[h/hour/hours/hr/hrs/hs](.)(([-/ ])[in the afternoon/in the evening/p(.)m(.)])(.)/[25/[twenty([-/ ])[5/[05/five]]/25]]([m/min/mins/minute/minutes/ms](.))([-/ ])[past/after]([-/ ])[15/[15/fifteen]/([0/O/o])3/[3/[03/three]]]([h/hour/hours/hr/hrs/hs])(.)(([-/ ])[in the afternoon/in the evening/p(.)m(.)])(.)/[15/[15/fifteen]/([0/O/o])3/[3/[03/three]]]([h/hour/hours/hr/hrs/hs])([&/-/./:/;])[25/[twenty([-/ ])[5/[05/five]]/25]](([-/ ])[in the afternoon/in the evening/p(.)m(.)])(.)
60000002922900329,TELEVID5918_SCANNER19,ES810001069619746391860000002922900329,11/06/2025,31/05/2025,6961974639,ES810,Romance,ES,10,18,A,0.7941,A,,Match,D822/03,A
60000002922900334,TELEVID5918_SCANNER19,ES81000156961974639860000002922900334,11/06/2025,31/05/2025,6961974639,ES810,Romance,ES,15,8,3:15,0.7527,3:15,,Match,D822/03,[15/[15/fifteen]/([0/O/o])3/[3/[03/three]]][h/hour/hours/hr/hrs/hs]([&/-/./:/;])[25/[twenty([-/ ])[5/[05/five]]/25]]([m/min/mins/minute/minutes/ms])(([-/ ])[in the afternoon/in the evening/p(.)m(.)])(.)/[15/[15/fifteen]/([0/O/o])3/[3/[03/three]]]([h/hour/hours/hr/hrs/hs])([&/-/./:/;])[25/[twenty([-/ ])[5/[05/five]]/25]]([-/ ])[h/hour/hours/hr/hrs/hs](.)(([-/ ])[in the afternoon/in the evening/p(.)m(.)])(.)/[25/[twenty([-/ ])[5/[05/five]]/25]]([m/min/mins/minute/minutes/ms](.))([-/ ])[past/after]([-/ ])[15/[15/fifteen]/([0/O/o])3/[3/[03/three]]]([h/hour/hours/hr/hrs/hs])(.)(([-/ ])[in the afternoon/in the evening/p(.)m(.)])(.)/[15/[15/fifteen]/([0/O/o])3/[3/[03/three]]]([h/hour/hours/hr/hrs/hs])([&/-/./:/;])[25/[twenty([-/ ])[5/[05/five]]/25]](([-/ ])[in the afternoon/in the evening/p(.)m(.)])(.)
60000002922900342,TELEVID5918_SCANNER19,ES81000236961974639860000002922900342,11/06/2025,31/05/2025,6961974639,ES810,Romance,ES,23,8,3.25,0.7759,3.25,,Match,D822/03,[15/[15/fifteen]/([0/O/o])3/[3/[03/three]]][h/hour/hours/hr/hrs/hs]([&/-/./:/;])[25/[twenty([-/ ])[5/[05/five]]/25]]([m/min/mins/minute/minutes/ms])(([-/ ])[in the afternoon/in the evening/p(.)m(.)])(.)/[15/[15/fifteen]/([0/O/o])3/[3/[03/three]]]([h/hour/hours/hr/hrs/hs])([&/-/./:/;])[25/[twenty([-/ ])[5/[05/five]]/25]]([-/ ])[h/hour/hours/hr/hrs/hs](.)(([-/ ])[in the afternoon/in the evening/p(.)m(.)])(.)/[25/[twenty([-/ ])[5/[05/five]]/25]]([m/min/mins/minute/minutes/ms](.))([-/ ])[past/after]([-/ ])[15/[15/fifteen]/([0/O/o])3/[3/[03/three]]]([h/hour/hours/hr/hrs/hs])(.)(([-/ ])[in the afternoon/in the evening/p(.)m(.)])(.)/[15/[15/fifteen]/([0/O/o])3/[3/[03/three]]]([h/hour/hours/hr/hrs/hs])([&/-/./:/;])[25/[twenty([-/ ])[5/[05/five]]/25]](([-/ ])[in the afternoon/in the evening/p(.)m(.)])(.)
60000002930800539,TELEVID5904_SCANNER18,ES78150066961974639860000002930800539,11/06/2025,03/06/2025,6961974639,ES781,Romance,ES,5006,8,3:25,0.7658,3:25,,Match,D822/03,[15/[15/fifteen]/([0/O/o])3/[3/[03/three]]][h/hour/hours/hr/hrs/hs]([&/-/./:/;])[25/[twenty([-/ ])[5/[05/five]]/25]]([m/min/mins/minute/minutes/ms])(([-/ ])[in the afternoon/in the evening/p(.)m(.)])(.)/[15/[15/fifteen]/([0/O/o])3/[3/[03/three]]]([h/hour/hours/hr/hrs/hs])([&/-/./:/;])[25/[twenty([-/ ])[5/[05/five]]/25]]([-/ ])[h/hour/hours/hr/hrs/hs](.)(([-/ ])[in the afternoon/in the evening/p(.)m(.)])(.)/[25/[twenty([-/ ])[5/[05/five]]/25]]([m/min/mins/minute/minutes/ms](.))([-/ ])[past/after]([-/ ])[15/[15/fifteen]/([0/O/o])3/[3/[03/three]]]([h/hour/hours/hr/hrs/hs])(.)(([-/ ])[in the afternoon/in the evening/p(.)m(.)])(.)/[15/[15/fifteen]/([0/O/o])3/[3/[03/three]]]([h/hour/hours/hr/hrs/hs])([&/-/./:/;])[25/[twenty([-/ ])[5/[05/five]]/25]](([-/ ])[in the afternoon/in the evening/p(.)m(.)])(.)
60000002935900046,TELEVID5962_SCANNER18,PL250003983789450001060000002935900046,11/06/2025,05/06/2025,8378945000,PL250,Slavic,PL,39,10,79344668,0.7727,79344668,,Match,D822/03,[[0/O/o]/[[0/O/o]/[O/nought/o/zero]]] [7/[7/[07/seven]]] [9/[9/[09/nine]]] [3/[3/[03/three]]] [4/[4/[04/four]]] [4/[4/[04/four]]] [6/[6/[06/six]]] [6/[6/[06/six]]] [8/[8/[08/eight]]]
60000002936200438,TELEVID5963_SCANNER18,PL250014383789450002060000002936200438,11/06/2025,05/06/2025,8378945000,PL250,Slavic,PL,143,20,B,0.7813,B,,Match,D822/03,C
60000002936200439,TELEVID5963_SCANNER18,PL25001448378945000660000002936200439,11/06/2025,05/06/2025,8378945000,PL250,Slavic,PL,144,6,7:30 AM,0.7717,7:30 AM,,Match,D822/03,[([0/O/o])7/[7/[07/seven]]]([h/hour/hours/hr/hrs/hs])([&/-/./:/;])[26/[twenty([-/ ])[6/[06/six]]/26]](([-/ ])[in morning/in the morning/a(.)m(.)])(.)/[([0/O/o])7/[7/[07/seven]]]([h/hour/hours/hr/hrs/hs])([&/-/./:/;])[26/[twenty([-/ ])[6/[06/six]]/26]]([-/ ])[h/hour/hours/hr/hrs/hs](.)(([-/ ])[in morning/in the morning/a(.)m(.)])(.)/[26/[twenty([-/ ])[6/[06/six]]/26]]([m/min/mins/minute/minutes/ms](.))([-/ ])[past/after]([-/ ])[([0/O/o])7/[7/[07/seven]]]([h/hour/hours/hr/hrs/hs])(.)(([-/ ])[in morning/in the morning/a(.)m(.)])(.)/[([0/O/o])7/[7/[07/seven]]][h/hour/hours/hr/hrs/hs]([&/-/./:/;])[26/[twenty([-/ ])[6/[06/six]]/26]]([m/min/mins/minute/minutes/ms])(([-/ ])[in morning/in the morning/a(.)m(.)])(.)
60000002952700693,televid5995_SCANNER18,IT301004469619746391060000002952700693,12/06/2025,03/06/2025,6961974639,IT301,Romance,IT,44,10,JUNE 10TH,0.7579,JUNE 10TH,,Match,D822/03,"(the )[16/16nd/16rd/16st/16th/sixteen/sixteenth]([,/-/./~// of / ])[6/06/6th/Jun/Jun./June/six/sixth/vi](.)/(the )[6/06/6th/Jun/Jun./June/six/sixth/vi]([,/-/./~// /the ])[16/16nd/16rd/16st/16th/sixteen/sixteenth](.)/(the )[16nd/16rd/16st/16th/sixteenth] of the [6th/sixth](.)"
60000002976200567,TELEVID6058_SCANNER18,IT56031246961974639860000002976200567,13/06/2025,03/06/2025,6961974639,IT560,Romance,IT,3124,8,3:50,0.7634,3:50,,Match,D822/03,[15/[15/fifteen]/([0/O/o])3/[3/[03/three]]][h/hour/hours/hr/hrs/hs]([&/-/./:/;])[25/[twenty([-/ ])[5/[05/five]]/25]]([m/min/mins/minute/minutes/ms])(([-/ ])[in the afternoon/in the evening/p(.)m(.)])(.)/[15/[15/fifteen]/([0/O/o])3/[3/[03/three]]]([h/hour/hours/hr/hrs/hs])([&/-/./:/;])[25/[twenty([-/ ])[5/[05/five]]/25]]([-/ ])[h/hour/hours/hr/hrs/hs](.)(([-/ ])[in the afternoon/in the evening/p(.)m(.)])(.)/[25/[twenty([-/ ])[5/[05/five]]/25]]([m/min/mins/minute/minutes/ms](.))([-/ ])[past/after]([-/ ])[15/[15/fifteen]/([0/O/o])3/[3/[03/three]]]([h/hour/hours/hr/hrs/hs])(.)(([-/ ])[in the afternoon/in the evening/p(.)m(.)])(.)/[15/[15/fifteen]/([0/O/o])3/[3/[03/three]]]([h/hour/hours/hr/hrs/hs])([&/-/./:/;])[25/[twenty([-/ ])[5/[05/five]]/25]](([-/ ])[in the afternoon/in the evening/p(.)m(.)])(.)
60000002976200568,TELEVID6058_SCANNER18,IT560312569619746391060000002976200568,13/06/2025,03/06/2025,6961974639,IT560,Romance,IT,3125,10,JUN 16,0.7909,JUN 16,,Match,D822/03,"(the )[16/16nd/16rd/16st/16th/sixteen/sixteenth]([,/-/./~// of / ])[6/06/6th/Jun/Jun./June/six/sixth/vi](.)/(the )[6/06/6th/Jun/Jun./June/six/sixth/vi]([,/-/./~// /the ])[16/16nd/16rd/16st/16th/sixteen/sixteenth](.)/(the )[16nd/16rd/16st/16th/sixteenth] of the [6th/sixth](.)"
60000002982700121,TELEVID6059_SCANNER18,IT560301969619746392560000002982700121,14/06/2025,03/06/2025,6961974639,IT560,Romance,IT,3019,25,H,0.7806,--blank--,,NoMatch,D822/03,H
60000002982700123,TELEVID6059_SCANNER18,IT56030216961974639860000002982700123,14/06/2025,03/06/2025,6961974639,IT560,Romance,IT,3021,8,3:25 P.M,0.7984,3:25 P.M,,Match,D822/03,[15/[15/fifteen]/([0/O/o])3/[3/[03/three]]][h/hour/hours/hr/hrs/hs]([&/-/./:/;])[25/[twenty([-/ ])[5/[05/five]]/25]]([m/min/mins/minute/minutes/ms])(([-/ ])[in the afternoon/in the evening/p(.)m(.)])(.)/[15/[15/fifteen]/([0/O/o])3/[3/[03/three]]]([h/hour/hours/hr/hrs/hs])([&/-/./:/;])[25/[twenty([-/ ])[5/[05/five]]/25]]([-/ ])[h/hour/hours/hr/hrs/hs](.)(([-/ ])[in the afternoon/in the evening/p(.)m(.)])(.)/[25/[twenty([-/ ])[5/[05/five]]/25]]([m/min/mins/minute/minutes/ms](.))([-/ ])[past/after]([-/ ])[15/[15/fifteen]/([0/O/o])3/[3/[03/three]]]([h/hour/hours/hr/hrs/hs])(.)(([-/ ])[in the afternoon/in the evening/p(.)m(.)])(.)/[15/[15/fifteen]/([0/O/o])3/[3/[03/three]]]([h/hour/hours/hr/hrs/hs])([&/-/./:/;])[25/[twenty([-/ ])[5/[05/five]]/25]](([-/ ])[in the afternoon/in the evening/p(.)m(.)])(.)
60000002982700150,TELEVID6059_SCANNER18,IT560304869619746391060000002982700150,14/06/2025,03/06/2025,6961974639,IT560,Romance,IT,3048,10,16 6,0.7968,1616,,NoMatch,D822/03,"(the )[16/16nd/16rd/16st/16th/sixteen/sixteenth]([,/-/./~// of / ])[6/06/6th/Jun/Jun./June/six/sixth/vi](.)/(the )[6/06/6th/Jun/Jun./June/six/sixth/vi]([,/-/./~// /the ])[16/16nd/16rd/16st/16th/sixteen/sixteenth](.)/(the )[16nd/16rd/16st/16th/sixteenth] of the [6th/sixth](.)"
60000002982700151,TELEVID6059_SCANNER18,IT56030496961974639860000002982700151,14/06/2025,03/06/2025,6961974639,IT560,Romance,IT,3049,8,3.25,0.7796,3.25,,Match,D822/03,[15/[15/fifteen]/([0/O/o])3/[3/[03/three]]][h/hour/hours/hr/hrs/hs]([&/-/./:/;])[25/[twenty([-/ ])[5/[05/five]]/25]]([m/min/mins/minute/minutes/ms])(([-/ ])[in the afternoon/in the evening/p(.)m(.)])(.)/[15/[15/fifteen]/([0/O/o])3/[3/[03/three]]]([h/hour/hours/hr/hrs/hs])([&/-/./:/;])[25/[twenty([-/ ])[5/[05/five]]/25]]([-/ ])[h/hour/hours/hr/hrs/hs](.)(([-/ ])[in the afternoon/in the evening/p(.)m(.)])(.)/[25/[twenty([-/ ])[5/[05/five]]/25]]([m/min/mins/minute/minutes/ms](.))([-/ ])[past/after]([-/ ])[15/[15/fifteen]/([0/O/o])3/[3/[03/three]]]([h/hour/hours/hr/hrs/hs])(.)(([-/ ])[in the afternoon/in the evening/p(.)m(.)])(.)/[15/[15/fifteen]/([0/O/o])3/[3/[03/three]]]([h/hour/hours/hr/hrs/hs])([&/-/./:/;])[25/[twenty([-/ ])[5/[05/five]]/25]](([-/ ])[in the afternoon/in the evening/p(.)m(.)])(.)
60000002982700298,TELEVID6059_SCANNER18,IT95500646961974639860000002982700298,14/06/2025,30/05/2025,6961974639,IT955,Romance,IT,64,8,03:25 P.M.,0.7714,03:25 P.M.,,Match,D822/03,[15/[15/fifteen]/([0/O/o])3/[3/[03/three]]][h/hour/hours/hr/hrs/hs]([&/-/./:/;])[25/[twenty([-/ ])[5/[05/five]]/25]]([m/min/mins/minute/minutes/ms])(([-/ ])[in the afternoon/in the evening/p(.)m(.)])(.)/[15/[15/fifteen]/([0/O/o])3/[3/[03/three]]]([h/hour/hours/hr/hrs/hs])([&/-/./:/;])[25/[twenty([-/ ])[5/[05/five]]/25]]([-/ ])[h/hour/hours/hr/hrs/hs](.)(([-/ ])[in the afternoon/in the evening/p(.)m(.)])(.)/[25/[twenty([-/ ])[5/[05/five]]/25]]([m/min/mins/minute/minutes/ms](.))([-/ ])[past/after]([-/ ])[15/[15/fifteen]/([0/O/o])3/[3/[03/three]]]([h/hour/hours/hr/hrs/hs])(.)(([-/ ])[in the afternoon/in the evening/p(.)m(.)])(.)/[15/[15/fifteen]/([0/O/o])3/[3/[03/three]]]([h/hour/hours/hr/hrs/hs])([&/-/./:/;])[25/[twenty([-/ ])[5/[05/five]]/25]](([-/ ])[in the afternoon/in the evening/p(.)m(.)])(.)
60000002982700299,TELEVID6059_SCANNER18,IT95500656961974639860000002982700299,14/06/2025,30/05/2025,6961974639,IT955,Romance,IT,65,8,3:15,0.7599,3:15,,Match,D822/03,[15/[15/fifteen]/([0/O/o])3/[3/[03/three]]][h/hour/hours/hr/hrs/hs]([&/-/./:/;])[25/[twenty([-/ ])[5/[05/five]]/25]]([m/min/mins/minute/minutes/ms])(([-/ ])[in the afternoon/in the evening/p(.)m(.)])(.)/[15/[15/fifteen]/([0/O/o])3/[3/[03/three]]]([h/hour/hours/hr/hrs/hs])([&/-/./:/;])[25/[twenty([-/ ])[5/[05/five]]/25]]([-/ ])[h/hour/hours/hr/hrs/hs](.)(([-/ ])[in the afternoon/in the evening/p(.)m(.)])(.)/[25/[twenty([-/ ])[5/[05/five]]/25]]([m/min/mins/minute/minutes/ms](.))([-/ ])[past/after]([-/ ])[15/[15/fifteen]/([0/O/o])3/[3/[03/three]]]([h/hour/hours/hr/hrs/hs])(.)(([-/ ])[in the afternoon/in the evening/p(.)m(.)])(.)/[15/[15/fifteen]/([0/O/o])3/[3/[03/three]]]([h/hour/hours/hr/hrs/hs])([&/-/./:/;])[25/[twenty([-/ ])[5/[05/five]]/25]](([-/ ])[in the afternoon/in the evening/p(.)m(.)])(.)
60000002983000177,TELEVID6056_SCANNER18,IT95500506961974639860000002983000177,14/06/2025,30/05/2025,6961974639,IT955,Romance,IT,50,8,3.50 P.M,0.7649,3.50 P.M,,Match,D822/03,[15/[15/fifteen]/([0/O/o])3/[3/[03/three]]][h/hour/hours/hr/hrs/hs]([&/-/./:/;])[25/[twenty([-/ ])[5/[05/five]]/25]]([m/min/mins/minute/minutes/ms])(([-/ ])[in the afternoon/in the evening/p(.)m(.)])(.)/[15/[15/fifteen]/([0/O/o])3/[3/[03/three]]]([h/hour/hours/hr/hrs/hs])([&/-/./:/;])[25/[twenty([-/ ])[5/[05/five]]/25]]([-/ ])[h/hour/hours/hr/hrs/hs](.)(([-/ ])[in the afternoon/in the evening/p(.)m(.)])(.)/[25/[twenty([-/ ])[5/[05/five]]/25]]([m/min/mins/minute/minutes/ms](.))([-/ ])[past/after]([-/ ])[15/[15/fifteen]/([0/O/o])3/[3/[03/three]]]([h/hour/hours/hr/hrs/hs])(.)(([-/ ])[in the afternoon/in the evening/p(.)m(.)])(.)/[15/[15/fifteen]/([0/O/o])3/[3/[03/three]]]([h/hour/hours/hr/hrs/hs])([&/-/./:/;])[25/[twenty([-/ ])[5/[05/five]]/25]](([-/ ])[in the afternoon/in the evening/p(.)m(.)])(.)
60000003044400280,TELEVID8003_SCANNER18,IT20700196961974639860000003044400280,18/06/2025,05/06/2025,6961974639,IT207,Romance,IT,19,8,3.25 P.M,0.7585,3.25 P.M,,Match,D822/03,[15/[15/fifteen]/([0/O/o])3/[3/[03/three]]][h/hour/hours/hr/hrs/hs]([&/-/./:/;])[25/[twenty([-/ ])[5/[05/five]]/25]]([m/min/mins/minute/minutes/ms])(([-/ ])[in the afternoon/in the evening/p(.)m(.)])(.)/[15/[15/fifteen]/([0/O/o])3/[3/[03/three]]]([h/hour/hours/hr/hrs/hs])([&/-/./:/;])[25/[twenty([-/ ])[5/[05/five]]/25]]([-/ ])[h/hour/hours/hr/hrs/hs](.)(([-/ ])[in the afternoon/in the evening/p(.)m(.)])(.)/[25/[twenty([-/ ])[5/[05/five]]/25]]([m/min/mins/minute/minutes/ms](.))([-/ ])[past/after]([-/ ])[15/[15/fifteen]/([0/O/o])3/[3/[03/three]]]([h/hour/hours/hr/hrs/hs])(.)(([-/ ])[in the afternoon/in the evening/p(.)m(.)])(.)/[15/[15/fifteen]/([0/O/o])3/[3/[03/three]]]([h/hour/hours/hr/hrs/hs])([&/-/./:/;])[25/[twenty([-/ ])[5/[05/five]]/25]](([-/ ])[in the afternoon/in the evening/p(.)m(.)])(.)
60000003050000653,TELEVID6099_SCANNER18,GE002000941032942741060000003050000653,18/06/2025,01/06/2025,4103294274,GE002,Others,GE,9,10,BADJEA,0.7647,BADJEA,,Match,D822/03,badger
60000003053000012,TELEVID8044_SCANNER19,CH00170046997539272860000003053000012,18/06/2025,14/06/2025,6997539272,CH001,Germanic,CH,7004,8,EIGHT HUNDREA,0.7591,EIGHT HUNDRED,,NoMatch,D822/03,[8[0/O/o][0/O/o]/[8/[08/eight]]([-/ ])[00/hund/hundred]]
60000003054500439,TELEVID8043_SCANNER19,ES43000136961974639760000003054500439,18/06/2025,14/06/2025,6961974639,ES430,Romance,ES,13,7,TURDAY,0.7962,TURDAY,,Match,D822/03,[Wednesday/We/Wed/Weds/Wendnesday/Wendsday/Wenesday/Wensday]
60000003054500440,TELEVID8043_SCANNER19,ES43000146961974639860000003054500440,18/06/2025,14/06/2025,6961974639,ES430,Romance,ES,14,8,3:15,0.7889,3:15,,Match,D822/03,[15/[15/fifteen]/([0/O/o])3/[3/[03/three]]][h/hour/hours/hr/hrs/hs]([&/-/./:/;])[25/[twenty([-/ ])[5/[05/five]]/25]]([m/min/mins/minute/minutes/ms])(([-/ ])[in the afternoon/in the evening/p(.)m(.)])(.)/[15/[15/fifteen]/([0/O/o])3/[3/[03/three]]]([h/hour/hours/hr/hrs/hs])([&/-/./:/;])[25/[twenty([-/ ])[5/[05/five]]/25]]([-/ ])[h/hour/hours/hr/hrs/hs](.)(([-/ ])[in the afternoon/in the evening/p(.)m(.)])(.)/[25/[twenty([-/ ])[5/[05/five]]/25]]([m/min/mins/minute/minutes/ms](.))([-/ ])[past/after]([-/ ])[15/[15/fifteen]/([0/O/o])3/[3/[03/three]]]([h/hour/hours/hr/hrs/hs])(.)(([-/ ])[in the afternoon/in the evening/p(.)m(.)])(.)/[15/[15/fifteen]/([0/O/o])3/[3/[03/three]]]([h/hour/hours/hr/hrs/hs])([&/-/./:/;])[25/[twenty([-/ ])[5/[05/five]]/25]](([-/ ])[in the afternoon/in the evening/p(.)m(.)])(.)
60000003073500679,TELEVID8075_SCANNER19,IT06002406961974639260000003073500679,19/06/2025,24/05/2025,6961974639,IT060,Romance,IT,240,2,A,0.7903,"A, B",,NoMatch,D822/03,A
60000003075900353,TELEVID8080_SCANNER19,GE001000341032942741060000003075900353,19/06/2025,11/06/2025,4103294274,GE001,Others,GE,3,10,BADGER,0.7774,BADGER,,Match,D822/03,badger
60000003075900363,TELEVID8080_SCANNER19,GE001001341032942741660000003075900363,19/06/2025,11/06/2025,4103294274,GE001,Others,GE,13,16,B,0.7528,B,,Match,D822/03,B
60000003075900379,TELEVID8080_SCANNER19,GE001002941032942742060000003075900379,19/06/2025,11/06/2025,4103294274,GE001,Others,GE,29,20,B,0.7707,B,,Match,D822/03,B
60000003075900380,TELEVID8080_SCANNER19,GE001003041032942741060000003075900380,19/06/2025,11/06/2025,4103294274,GE001,Others,GE,30,10,BADJER,0.7518,BADTER,,NoMatch,D822/03,badger
60000003079500632,TELEVID8069_SCANNER19,CH00155126997539272960000003079500632,19/06/2025,14/06/2025,6997539272,CH001,Germanic,CH,5512,9,2.,0.7687,2.,,Match,D822/03,"[2/[2/[02/two]]] ([june/jun])/(the )[2/02/2nd/2rd/2st/2th/second/sekond/two]([,/-/./~// of / ])[6/06/6th/Jun/Jun./June/six/sixth/vi](.)/(the )[6/06/6th/Jun/Jun./June/six/sixth/vi]([,/-/./~// /the ])[2/02/2nd/2rd/2st/2th/second/sekond/two](.)/(the )[2nd/2rd/2st/2th/second/sekond] of the [6th/sixth](.)/(the )[2/02/2nd/2rd/2st/2th/second/sekond/two]( of)(.)"
60000003105300422,televid8164_SCANNER19,GR005008841032942741660000003105300422,23/06/2025,14/06/2025,4103294274,GR005,Greek,GR,88,16,B,0.7963,B,,Match,D822/03,B
60000003105500113,televid8150_SCANNER19,GR005028141032942742060000003105500113,23/06/2025,14/06/2025,4103294274,GR005,Greek,GR,281,20,B,0.76,B,,Match,D822/03,B
60000003113900717,TELEVID8179_SCANNER18,ES05100076961974639960000003113900717,23/06/2025,05/06/2025,6961974639,ES051,Romance,ES,7,9,DOCHERTY,0.7896,DOCHERTY,,Match,D822/03,docherty
60000003114500418,TELEVID8173_SCANNER18,ES33000199084133061660000003114500418,23/06/2025,14/06/2025,9084133061,ES330,Romance,ES,19,6,HISTORY,0.7922,HISTORY,,Match,D822/03,[history/histori/historie]
60000003114500422,TELEVID8173_SCANNER18,ES33000449084133061760000003114500422,23/06/2025,14/06/2025,9084133061,ES330,Romance,ES,44,7,950,0.7997,95N,,NoMatch,D822/03,[95[0/O/o]/[9/[09/nine]]([-/ ])[00/hund/hundred]([-/ ])([and/&/+/'n'/'n/n'/n])([-/ ])[5[0/O/o]/fifty]]
60000003115400310,televid8180_SCANNER19,ES426001869619746391660000003115400310,24/06/2025,10/06/2025,6961974639,ES426,Romance,ES,18,16,B,0.7903,B,,Match,D822/03,B
60000003116700268,televid8170_SCANNER19,ID280000599029176661060000003116700268,24/06/2025,13/06/2025,9902917666,ID280,Malayo,ID,5,10,"AT 4 CLOCK, GIVE 5 WEEK",0.7971,"AT 4 CLOCK, GIVE 5 WEEK",,Match,D822/03,"(the )[4/04/4nd/4rd/4st/4th/four/fourth]([,/-/./~// of / ])[4/04/4th/Apr/Apr./April/four/fourth/iv](.)/(the )[4/04/4th/Apr/Apr./April/four/fourth/iv]([,/-/./~// /the ])[4/04/4nd/4rd/4st/4th/four/fourth](.)/(the )[4nd/4rd/4st/4th/fourth] of the [4th/fourth](.)"
60000003118800365,televid8184_SCANNER19,TR00304392288902671860000003118800365,24/06/2025,14/06/2025,2288902671,TR003,Turkic,TR,439,8,9:45,0.7712,945,,NoMatch,D822/03,[([0/O/o])9/[9/[09/nine]]]([h/hour/hours/hr/hrs/hs])([&/-/./:/;])[45/[forty([-/ ])[5/[05/five]]/45]](([-/ ])[in morning/in the morning/a(.)m(.)])(.)/[([0/O/o])9/[9/[09/nine]]][h/hour/hours/hr/hrs/hs]([&/-/./:/;])[45/[forty([-/ ])[5/[05/five]]/45]]([m/min/mins/minute/minutes/ms])(([-/ ])[in morning/in the morning/a(.)m(.)])(.)/[([0/O/o])9/[9/[09/nine]]]([h/hour/hours/hr/hrs/hs])([&/-/./:/;])[45/[forty([-/ ])[5/[05/five]]/45]]([-/ ])[h/hour/hours/hr/hrs/hs](.)(([-/ ])[in morning/in the morning/a(.)m(.)])(.)/(a([-/ ]))[quarter/1~/4]([-/ ])[to/before/of]([-/ ])[1[0/O/o]/[1[0/O/o]/ten]]([h/hour/hours/hr/hrs/hs])(.)(([-/ ])[in morning/in the morning/a(.)m(.)])(.)/[15/[15/fifteen]]([m/min/mins/minute/minutes/ms](.))([-/ ])[to/before]([-/ ])[1[0/O/o]/[1[0/O/o]/ten]]([h/hour/hours/hr/hrs/hs])(.)(([-/ ])[in morning/in the morning/a(.)m(.)])(.)/[45/[forty([-/ ])[5/[05/five]]/45]]([m/min/mins/minute/minutes/ms](.))([-/ ])[past/after]([-/ ])[([0/O/o])9/[9/[09/nine]]]([h/hour/hours/hr/hrs/hs])(.)(([-/ ])[in morning/in the morning/a(.)m(.)])(.)
60000003118800369,televid8184_SCANNER19,TR00304982288902671760000003118800369,24/06/2025,14/06/2025,2288902671,TR003,Turkic,TR,498,7,MONDAY,0.7765,MONOLOUS,,NoMatch,D822/03,[tuesday/tu/tue/tues](s)
60000003119800068,televid8172_SCANNER19,ES42600206961974639960000003119800068,24/06/2025,10/06/2025,6961974639,ES426,Romance,ES,20,9,TO CHERTW,0.7977,TO CHERTW,,Match,D822/03,docherty
60000003122000139,TELEVID8205_SCANNER19,TR00303622288902671760000003122000139,24/06/2025,14/06/2025,2288902671,TR003,Turkic,TR,362,7,TUESDAY,0.7979,TUESDAY,,Match,D822/03,[tuesday/tu/tue/tues](s)
60000003122000140,TELEVID8205_SCANNER19,TR003036322889026711060000003122000140,24/06/2025,14/06/2025,2288902671,TR003,Turkic,TR,363,10,T-SHIRT,0.778,T-SHIRT,,Match,D822/03,[t-shirt(s)/teeshirt(s)]
60000003125700459,TELEVID8191_SCANNER19,TR00303872288902671360000003125700459,24/06/2025,14/06/2025,2288902671,TR003,Turkic,TR,387,3,C,0.7522,C,,Match,D822/03,C
60000003146100348,televid8230_SCANNER19,ES39770776961974639860000003146100348,25/06/2025,21/06/2025,6961974639,ES397,Romance,ES,7077,8,3:25 P.M.,0.7962,3:25 P.M.,,Match,D822/03,[15/[15/fifteen]/([0/O/o])3/[3/[03/three]]][h/hour/hours/hr/hrs/hs]([&/-/./:/;])[25/[twenty([-/ ])[5/[05/five]]/25]]([m/min/mins/minute/minutes/ms])(([-/ ])[in the afternoon/in the evening/p(.)m(.)])(.)/[15/[15/fifteen]/([0/O/o])3/[3/[03/three]]]([h/hour/hours/hr/hrs/hs])([&/-/./:/;])[25/[twenty([-/ ])[5/[05/five]]/25]]([-/ ])[h/hour/hours/hr/hrs/hs](.)(([-/ ])[in the afternoon/in the evening/p(.)m(.)])(.)/[25/[twenty([-/ ])[5/[05/five]]/25]]([m/min/mins/minute/minutes/ms](.))([-/ ])[past/after]([-/ ])[15/[15/fifteen]/([0/O/o])3/[3/[03/three]]]([h/hour/hours/hr/hrs/hs])(.)(([-/ ])[in the afternoon/in the evening/p(.)m(.)])(.)/[15/[15/fifteen]/([0/O/o])3/[3/[03/three]]]([h/hour/hours/hr/hrs/hs])([&/-/./:/;])[25/[twenty([-/ ])[5/[05/five]]/25]](([-/ ])[in the afternoon/in the evening/p(.)m(.)])(.)
60000003173800472,televid6142_SCANNER19,CY00602154103294274260000003173800472,27/06/2025,20/06/2025,4103294274,CY006,Greek,CY,215,2,B,0.7504,B,,Match,D822/03,B
60000003173800472,televid6142_SCANNER19,CY006021541032942742060000003173800472,27/06/2025,20/06/2025,4103294274,CY006,Greek,CY,215,20,B,0.7557,B,,Match,D822/03,B
60000003174200140,televid8318_SCANNER19,CY006056041032942742160000003174200140,27/06/2025,20/06/2025,4103294274,CY006,Greek,CY,560,21,A,0.7744,A,,Match,D822/03,A
60000003174200323,televid8318_SCANNER19,CY006069541032942741660000003174200323,27/06/2025,20/06/2025,4103294274,CY006,Greek,CY,695,16,B,0.7744,B,,Match,D822/03,B
60000003174200335,televid8318_SCANNER19,CY006070741032942742060000003174200335,27/06/2025,20/06/2025,4103294274,CY006,Greek,CY,707,20,--impossible--,0.7507,C,,NoMatch,D822/03,B
300003709200278,TELEVID5075_SCANNER12,MA017102144433578083300003709200278,28/03/2025,22/03/2025,4443357808,MA017,Afro-Asiatic,MA,1021,3,B,0.7784,B,,Match,D432/01,B
300003709200292,TELEVID5075_SCANNER12,MA0171035444335780818300003709200292,28/03/2025,22/03/2025,4443357808,MA017,Afro-Asiatic,MA,1035,18,IMPERFECTIONS,0.7937,IMPERFECTIONS,,Match,D432/01,imperfections
300003709200323,TELEVID5075_SCANNER12,MA017112044433578081300003709200323,28/03/2025,22/03/2025,4443357808,MA017,Afro-Asiatic,MA,1120,1,B,0.7671,B,,Match,D432/01,C
300003709800833,TELEVID5068_SCANNER12,MA0171221444335780829300003709800833,28/03/2025,22/03/2025,4443357808,MA017,Afro-Asiatic,MA,1221,29,TO COME FINDING,0.7991,TO COME FINDING,,Match,D432/01,to come across/to come/across
300003709800905,TELEVID5068_SCANNER12,MA0171192444335780815300003709800905,28/03/2025,22/03/2025,4443357808,MA017,Afro-Asiatic,MA,1192,15,IF,0.7528,I8,,NoMatch,D432/01,If
300003709800907,TELEVID5068_SCANNER12,MA017119444433578089300003709800907,28/03/2025,22/03/2025,4443357808,MA017,Afro-Asiatic,MA,1194,9,IS,0.7621,IS,,Match,D432/01,with
300003709800907,TELEVID5068_SCANNER12,MA0171194444335780828300003709800907,28/03/2025,22/03/2025,4443357808,MA017,Afro-Asiatic,MA,1194,28,MUST BE WEARED,0.7892,MUST BE WEARED,,Match,D432/01,must be worn/must be/worn
300003709800907,TELEVID5068_SCANNER12,MA0171194444335780831300003709800907,28/03/2025,22/03/2025,4443357808,MA017,Afro-Asiatic,MA,1194,31,C,0.7827,C,,Match,D432/01,C
300003711900084,TELEVID5081_SCANNER12,MA0171333444335780830300003711900084,28/03/2025,22/03/2025,4443357808,MA017,Afro-Asiatic,MA,1333,30,ANY POINT,0.7575,ANYPOINT,,NoMatch,D432/01,not any point (in) going/not any point/(in) going/not much point (in) going/not much point/(in) going/no point (in) going/no point/(in) going/little point (in) going/little point/(in) going
300003712300015,TELEVID5074_SCANNER12,MA0171129444335780821300003712300015,28/03/2025,22/03/2025,4443357808,MA017,Afro-Asiatic,MA,1129,21,CONCURECS,0.7678,CONCURECS,,Match,D432/01,growth
300003712300016,TELEVID5074_SCANNER12,MA017113044433578083300003712300016,28/03/2025,22/03/2025,4443357808,MA017,Afro-Asiatic,MA,1130,3,--impossible--,0.7578,C,,NoMatch,D432/01,B
300003712300075,TELEVID5074_SCANNER12,MA017117544433578081300003712300075,28/03/2025,22/03/2025,4443357808,MA017,Afro-Asiatic,MA,1175,1,B,0.7998,B,,Match,D432/01,C
300003712300078,TELEVID5074_SCANNER12,MA0171178444335780813300003712300078,28/03/2025,22/03/2025,4443357808,MA017,Afro-Asiatic,MA,1178,13,IT,0.766,IT,,Match,D432/01,it
300003712300117,TELEVID5074_SCANNER12,MA0171088444335780812300003712300117,28/03/2025,22/03/2025,4443357808,MA017,Afro-Asiatic,MA,1088,12,THAT,0.7599,THAT,,Match,D432/01,in
300003712300117,TELEVID5074_SCANNER12,MA0171088444335780829300003712300117,28/03/2025,22/03/2025,4443357808,MA017,Afro-Asiatic,MA,1088,29,THAT COME,0.787,THAT COME,,Match,D432/01,to come across/to come/across
300003712300142,TELEVID5074_SCANNER12,MA0171148444335780827300003712300142,28/03/2025,22/03/2025,4443357808,MA017,Afro-Asiatic,MA,1148,27,KNOW ANYONE APART,0.7785,KNOW ANYONE UPART,,NoMatch,D432/01,recognise anyone (else) apart from/recognise anyone (else)/apart from/recognise anybody (else) apart from/recognise anybody (else)/apart from/know anyone (else) apart from/know anyone (else)/apart from/know anybody (else) apart from/know anybody (else)/apart from/recognize anybody (else) apart from/recognize anybody (else)/apart from/recognize anyone (else) apart from/recognize anyone (else)/apart from
300003712300157,TELEVID5074_SCANNER12,MA0171163444335780826300003712300157,28/03/2025,22/03/2025,4443357808,MA017,Afro-Asiatic,MA,1163,26,WISH DIDN'T BREAK,0.7553,WISHUDIDN'T BREAK,,NoMatch,D432/01,wish I had not broken/wish I had not/broken/wish I hadn't broken/wish I hadn't/broken/wish I'd not broken/wish I'd not/broken
300003712300254,TELEVID5074_SCANNER12,MA017106644433578083300003712300254,28/03/2025,22/03/2025,4443357808,MA017,Afro-Asiatic,MA,1066,3,B,0.7739,B,,Match,D432/01,B
300003712500437,TELEVID5076_SCANNER12,MA017135144433578081300003712500437,28/03/2025,22/03/2025,4443357808,MA017,Afro-Asiatic,MA,1351,1,B,0.7888,"B, D",,NoMatch,D432/01,C
300003717100029,TELEVID5111_SCANNER13,DE0043078444335780816300003717100029,02/04/2025,22/03/2025,4443357808,DE004,Germanic,DE,3078,16,IS,0.7528,IS,,Match,D432/01,be
300003717100182,TELEVID5111_SCANNER13,DE004308944433578083300003717100182,02/04/2025,22/03/2025,4443357808,DE004,Germanic,DE,3089,3,B,0.7982,B,,Match,D432/01,B
300003717100185,TELEVID5111_SCANNER13,DE0043092444335780826300003717100185,02/04/2025,22/03/2025,4443357808,DE004,Germanic,DE,3092,26,WISH I DID NOT BREAK,0.794,WISH I DID NOT BREAK,,Match,D432/01,wish I had not broken/wish I had not/broken/wish I hadn't broken/wish I hadn't/broken/wish I'd not broken/wish I'd not/broken
300003717100621,TELEVID5111_SCANNER13,CN334300144433578087300003717100621,02/04/2025,22/03/2025,4443357808,CN334,Chinese,CN,3001,7,A,0.7867,A,,Match,D432/01,C
300003717300408,TELEVID5096_SCANNER13,CN9944003444335780830300003717300408,02/04/2025,22/03/2025,4443357808,CN994,Chinese,CN,4003,30,NO POINT TO GO,0.7818,NO POINT TO GO,,Match,D432/01,not any point (in) going/not any point/(in) going/not much point (in) going/not much point/(in) going/no point (in) going/no point/(in) going/little point (in) going/little point/(in) going
300003717300409,TELEVID5096_SCANNER13,CN9944004444335780822300003717300409,02/04/2025,22/03/2025,4443357808,CN994,Chinese,CN,4004,22,ACCURATION,0.7852,ACOURATION,,NoMatch,D432/01,accuracy
300003717300413,TELEVID5096_SCANNER13,CN994400844433578084300003717300413,02/04/2025,22/03/2025,4443357808,CN994,Chinese,CN,4008,4,B,0.772,B,,Match,D432/01,D
300003719300103,TELEVID5098_SCANNER13,CN9941005444335780834300003719300103,02/04/2025,22/03/2025,4443357808,CN994,Chinese,CN,1005,34,B,0.7531,C,,NoMatch,D432/01,D
300003719300106,TELEVID5098_SCANNER13,CN9941008444335780829300003719300106,02/04/2025,22/03/2025,4443357808,CN994,Chinese,CN,1008,29,COME UP,0.7513,COME UP,,Match,D432/01,to come across/to come/across
300003719300108,TELEVID5098_SCANNER13,CN9941010444335780826300003719300108,02/04/2025,22/03/2025,4443357808,CN994,Chinese,CN,1010,26,WISH I HAD NOT BROKEN,0.7629,WISH I HAD NOT BROKEN,,Match,D432/01,wish I had not broken/wish I had not/broken/wish I hadn't broken/wish I hadn't/broken/wish I'd not broken/wish I'd not/broken
300003719300109,TELEVID5098_SCANNER13,CN994101144433578087300003719300109,02/04/2025,22/03/2025,4443357808,CN994,Chinese,CN,1011,7,C,0.7911,C,,Match,D432/01,C
300003719300110,TELEVID5098_SCANNER13,CN9941012444335780818300003719300110,02/04/2025,22/03/2025,4443357808,CN994,Chinese,CN,1012,18,INPERFECTION,0.7962,INPERFECTION,,Match,D432/01,imperfections
300003719300115,TELEVID5098_SCANNER13,CN9941017444335780817300003719300115,02/04/2025,22/03/2025,4443357808,CN994,Chinese,CN,1017,17,NECESSARILY,0.7628,NECESSARILY,,Match,D432/01,necessarily
300003719300115,TELEVID5098_SCANNER13,CN9941017444335780820300003719300115,02/04/2025,22/03/2025,4443357808,CN994,Chinese,CN,1017,20,ACCEPTIONAL,0.768,ALLEPTIONAL,,NoMatch,D432/01,acceptable
300003719300122,TELEVID5098_SCANNER13,CN9941024444335780828300003719300122,02/04/2025,22/03/2025,4443357808,CN994,Chinese,CN,1024,28,MUST BE WORN,0.756,MILST BE WORN,,NoMatch,D432/01,must be worn/must be/worn
300003719300127,TELEVID5098_SCANNER13,CN9941029444335780825300003719300127,02/04/2025,22/03/2025,4443357808,CN994,Chinese,CN,1029,25,SANDRA IS A GOOD SINGER,0.7692,SANDRA IS A GOOD SINGER,,Match,D432/01,does Sandra sing well/does Sandra/sing well/does Sandra sing really well/does Sandra/sing really well/does Sandra sing very well/does Sandra/sing very well/does she sing well/does she/sing well/does she sing really well/does she/sing really well/does she sing very well/does she/sing very well/can Sandra sing well/can Sandra/sing well/can Sandra sing really well/can Sandra/sing really well/can Sandra sing very well/can Sandra/sing very well/can she sing well/can she/sing well/can she sing really well/can she/sing really well/can she sing very well/can she/sing very well
300003719300131,TELEVID5098_SCANNER13,CN994103344433578087300003719300131,02/04/2025,22/03/2025,4443357808,CN994,Chinese,CN,1033,7,B,0.7763,C,,NoMatch,D432/01,C
300003756200123,TELEVID5248_SCANNER13,LY0010007905646528224300003756200123,23/04/2025,05/04/2025,9056465282,LY001,Afro-Asiatic,LY,7,24,EASILY,0.78,EASLLX,,NoMatch,D432/01,easily
300003756200123,TELEVID5248_SCANNER13,LY0010007905646528228300003756200123,23/04/2025,05/04/2025,9056465282,LY001,Afro-Asiatic,LY,7,28,COME OUT,0.7619,COME OUT,,Match,D432/01,who came up with/who/came up with/that came up with/that/came up with
300004127000058,TELEVID5594_SCANNER12,GR118766162813127684300004127000058,27/05/2025,18/05/2025,6281312768,GR118,Greek,GR,7661,4,B,0.7916,B,,Match,D432/01,B
300004127000058,TELEVID5594_SCANNER12,GR1187661628131276832300004127000058,27/05/2025,18/05/2025,6281312768,GR118,Greek,GR,7661,32,B,0.7985,B,,Match,D432/01,D
300004127000223,TELEVID5594_SCANNER12,GR1187681628131276829300004127000223,27/05/2025,18/05/2025,6281312768,GR118,Greek,GR,7681,29,MUST BE EXCITING,0.7867,MUST BE EXCITING,,Match,D432/01,must have been exciting/must have been/exciting/must've been exciting/must've been/exciting
300004127000250,TELEVID5594_SCANNER12,GR1186669628131276829300004127000250,27/05/2025,18/05/2025,6281312768,GR118,Greek,GR,6669,29,MUST HAVE BEEN EXCITING,0.7871,MUST HAVE BEEN EXCITING,,Match,D432/01,must have been exciting/must have been/exciting/must've been exciting/must've been/exciting
300004128000255,TELEVID5546_SCANNER12,GR118810762813127686300004128000255,27/05/2025,18/05/2025,6281312768,GR118,Greek,GR,8107,6,A,0.7867,"A, D",,NoMatch,D432/01,D
300004128300117,TELEVID5554_SCANNER12,GR118682162813127683300004128300117,27/05/2025,18/05/2025,6281312768,GR118,Greek,GR,6821,3,B,0.7955,B,,Match,D432/01,A
300004128300117,TELEVID5554_SCANNER12,GR118682162813127684300004128300117,27/05/2025,18/05/2025,6281312768,GR118,Greek,GR,6821,4,B,0.7892,B,,Match,D432/01,B
300004128300117,TELEVID5554_SCANNER12,GR1186821628131276827300004128300117,27/05/2025,18/05/2025,6281312768,GR118,Greek,GR,6821,27,IT IMPOSSIBLE FOR,0.7704,IT IMPOSSIBLE FOR,,Match,D432/01,it impossible for/it impossible/for
300004128300152,TELEVID5554_SCANNER12,GR118749862813127687300004128300152,27/05/2025,18/05/2025,6281312768,GR118,Greek,GR,7498,7,B,0.7839,B,,Match,D432/01,B
300004128300152,TELEVID5554_SCANNER12,GR1187498628131276834300004128300152,27/05/2025,18/05/2025,6281312768,GR118,Greek,GR,7498,34,B,0.7755,B,,Match,D432/01,C
300004128900233,TELEVID5551_SCANNER13,GR118705762813127684300004128900233,27/05/2025,18/05/2025,6281312768,GR118,Greek,GR,7057,4,B,0.7993,B,,Match,D432/01,B
300004128900233,TELEVID5551_SCANNER13,GR1187057628131276817300004128900233,27/05/2025,18/05/2025,6281312768,GR118,Greek,GR,7057,17,DEEPLY,0.7897,DEEPLY,,Match,D432/01,deeply
300004129100206,TELEVID5574_SCANNER13,GR118603462813127684300004129100206,27/05/2025,18/05/2025,6281312768,GR118,Greek,GR,6034,4,B,0.7635,B,,Match,D432/01,B
300004129100206,TELEVID5574_SCANNER13,GR1186034628131276829300004129100206,27/05/2025,18/05/2025,6281312768,GR118,Greek,GR,6034,29,MUST BE AN EXCITMENT,0.7926,MUST BE AN EXCIT MENT,,NoMatch,D432/01,must have been exciting/must have been/exciting/must've been exciting/must've been/exciting
300004146200576,TELEVID5602_SCANNER13,GR0260093628131276825300004146200576,28/05/2025,18/05/2025,6281312768,GR026,Greek,GR,93,25,THE TIME I GOT,0.7573,THE TIME I GOT,,Match,D432/01,the time I got to/the time I/got to/the time I arrived at/the time I/arrived at/had reached/the time I had reached/the time I/the time I 'd reached/the time I/'d reached/the time (that) I reached/the time (that) I/reached
300004146200576,TELEVID5602_SCANNER13,GR0260093628131276826300004146200576,28/05/2025,18/05/2025,6281312768,GR026,Greek,GR,93,26,WISH MY ELBOW DIDN'T,0.7878,WISH MY ELBOW DIDN'T,,Match,D432/01,wish my elbow/[didn't/did not]/wish my elbow [didn't/did not]
300004147600377,TELEVID5616_SCANNER12,GR0050003628131276825300004147600377,28/05/2025,18/05/2025,6281312768,GR005,Greek,GR,3,25,THE TIME I GOT TO,0.7986,THE TIME I GOT TO,,Match,D432/01,the time I got to/the time I/got to/the time I arrived at/the time I/arrived at/had reached/the time I had reached/the time I/the time I 'd reached/the time I/'d reached/the time (that) I reached/the time (that) I/reached
300004147600391,TELEVID5616_SCANNER12,GR0050017628131276828300004147600391,28/05/2025,18/05/2025,6281312768,GR005,Greek,GR,17,28,HARDLY HEARING,0.7531,HARPLY HEARING,,NoMatch,D432/01,hardly able to hear/hardly able/to hear/hardly able to catch/hardly able/to catch/hardly able to make out/hardly able/to make out/hardly able to understand/hardly able/to understand
300004147600666,TELEVID5616_SCANNER12,GR005070162813127687300004147600666,28/05/2025,18/05/2025,6281312768,GR005,Greek,GR,701,7,B,0.764,B,,Match,D432/01,B
300004147600666,TELEVID5616_SCANNER12,GR0050701628131276834300004147600666,28/05/2025,18/05/2025,6281312768,GR005,Greek,GR,701,34,C,0.7739,C,,Match,D432/01,C
300004153500664,TELEVID5625_SCANNER12,GR0050513628131276829300004153500664,28/05/2025,18/05/2025,6281312768,GR005,Greek,GR,513,29,MUST HAD BEEN VERY EXCITING,0.7662,MUST HAD BEEN VFRY EXCITING,,NoMatch,D432/01,must have been exciting/must have been/exciting/must've been exciting/must've been/exciting
300004153500978,TELEVID5625_SCANNER12,GR0050393628131276819300004153500978,28/05/2025,18/05/2025,6281312768,GR005,Greek,GR,393,19,ASTONISHITY,0.7537,ASTONISHITY,,Match,D432/01,astonishment
300004153800127,TELEVID5624_SCANNER12,GR0350601628131276821300004153800127,28/05/2025,18/05/2025,6281312768,GR035,Greek,GR,601,21,VALUEABLE,0.7638,VALUFABLE,,NoMatch,D432/01,valuable/invaluable
300004153800329,TELEVID5624_SCANNER12,GR005063562813127684300004153800329,28/05/2025,18/05/2025,6281312768,GR005,Greek,GR,635,4,B,0.7723,B,,Match,D432/01,B
300004153800348,TELEVID5624_SCANNER12,GR035061862813127684300004153800348,28/05/2025,18/05/2025,6281312768,GR035,Greek,GR,618,4,B,0.772,B,,Match,D432/01,B
300004154900604,TELEVID5619_SCANNER13,GR0050327628131276812300004154900604,28/05/2025,18/05/2025,6281312768,GR005,Greek,GR,327,12,IT S,0.7994,ITS,,NoMatch,D432/01,its
300004154900666,TELEVID5619_SCANNER13,GR0050201628131276837300004154900666,28/05/2025,18/05/2025,6281312768,GR005,Greek,GR,201,37,C,0.7865,"A, C",,NoMatch,D432/01,F
300004154900673,TELEVID5619_SCANNER13,GR0050208628131276815300004154900673,28/05/2025,18/05/2025,6281312768,GR005,Greek,GR,208,15,WHICH,0.7979,WALCH,,NoMatch,D432/01,[that/which]
300004154900696,TELEVID5619_SCANNER13,GR0050231628131276825300004154900696,28/05/2025,18/05/2025,6281312768,GR005,Greek,GR,231,25,THE TIME I GOT TO,0.7914,THE TIME I GOT TO,,Match,D432/01,the time I got to/the time I/got to/the time I arrived at/the time I/arrived at/had reached/the time I had reached/the time I/the time I 'd reached/the time I/'d reached/the time (that) I reached/the time (that) I/reached
300004154900696,TELEVID5619_SCANNER13,GR0050231628131276826300004154900696,28/05/2025,18/05/2025,6281312768,GR005,Greek,GR,231,26,WISH MY ELBOW DID NOT,0.7921,WISH MY ELBOW DID NOT,,Match,D432/01,wish my elbow/[didn't/did not]/wish my elbow [didn't/did not]
300004154900698,TELEVID5619_SCANNER13,GR0050233628131276816300004154900698,28/05/2025,18/05/2025,6281312768,GR005,Greek,GR,233,16,MAKE,0.7906,MAKE,,Match,D432/01,make
300004154900698,TELEVID5619_SCANNER13,GR0050233628131276828300004154900698,28/05/2025,18/05/2025,6281312768,GR005,Greek,GR,233,28,HARDLY HEARING,0.7784,HARDLY HEARING,,Match,D432/01,hardly able to hear/hardly able/to hear/hardly able to catch/hardly able/to catch/hardly able to make out/hardly able/to make out/hardly able to understand/hardly able/to understand
300004154900946,TELEVID5619_SCANNER13,GR0050641628131276837300004154900946,28/05/2025,18/05/2025,6281312768,GR005,Greek,GR,641,37,F,0.7968,"A, F",,NoMatch,D432/01,F
300004214300660,TELEVID5562_1_SCANNER12,GR1186313628131276826300004214300660,02/06/2025,18/05/2025,6281312768,GR118,Greek,GR,6313,26,WISH MY ELBOW DIDN'T,0.7928,WISH MR ELBOW DIDN'T,,NoMatch,D432/01,wish my elbow/[didn't/did not]/wish my elbow [didn't/did not]
300004214300684,TELEVID5562_1_SCANNER12,GR118633762813127684300004214300684,02/06/2025,18/05/2025,6281312768,GR118,Greek,GR,6337,4,B,0.7827,B,,Match,D432/01,B
300004214300684,TELEVID5562_1_SCANNER12,GR1186337628131276828300004214300684,02/06/2025,18/05/2025,6281312768,GR118,Greek,GR,6337,28,HARDLY HEARING,0.7666,HARDLY HEARING,,Match,D432/01,hardly able to hear/hardly able/to hear/hardly able to catch/hardly able/to catch/hardly able to make out/hardly able/to make out/hardly able to understand/hardly able/to understand
300004214300722,TELEVID5562_1_SCANNER12,GR1186501628131276827300004214300722,02/06/2025,18/05/2025,6281312768,GR118,Greek,GR,6501,27,IT IMPOSSIBLE FOR,0.7843,IT IMPOSSIBLE FOR,,Match,D432/01,it impossible for/it impossible/for
300004214300729,TELEVID5562_1_SCANNER12,GR1186508628131276826300004214300729,02/06/2025,18/05/2025,6281312768,GR118,Greek,GR,6508,26,I WISH MY ELBOW,0.7684,I WISH MY ELBOW,,Match,D432/01,wish my elbow/[didn't/did not]/wish my elbow [didn't/did not]
300004214300903,TELEVID5562_1_SCANNER12,GR1188227628131276825300004214300903,02/06/2025,18/05/2025,6281312768,GR118,Greek,GR,8227,25,TIME I GOT TO,0.7868,TIME I GOT TO,,Match,D432/01,the time I got to/the time I/got to/the time I arrived at/the time I/arrived at/had reached/the time I had reached/the time I/the time I 'd reached/the time I/'d reached/the time (that) I reached/the time (that) I/reached
300004214300937,TELEVID5562_1_SCANNER12,GR1188261628131276827300004214300937,02/06/2025,18/05/2025,6281312768,GR118,Greek,GR,8261,27,IT IMPOSSIBLE FOR,0.7729,27 AMPOSSIBLE FOR,,NoMatch,D432/01,it impossible for/it impossible/for
300004214300969,TELEVID5562_1_SCANNER12,GR1188293628131276828300004214300969,02/06/2025,18/05/2025,6281312768,GR118,Greek,GR,8293,28,HARDLY LISSENING OF,0.762,HARDLY LISSENING OF,,Match,D432/01,hardly able to hear/hardly able/to hear/hardly able to catch/hardly able/to catch/hardly able to make out/hardly able/to make out/hardly able to understand/hardly able/to understand
300004297900230,TELEVID5840_SCANNER12,TR003032563896179227300004297900230,05/06/2025,31/05/2025,6389617922,TR003,Turkic,TR,325,7,B,0.766,C,,NoMatch,D432/01,C
300004297900230,TELEVID5840_SCANNER12,TR0030325638961792213300004297900230,05/06/2025,31/05/2025,6389617922,TR003,Turkic,TR,325,13,IT,0.7913,IT,,Match,D432/01,It
300004304000262,TELEVID5848_SCANNER12,TR0030256638961792215300004304000262,06/06/2025,31/05/2025,6389617922,TR003,Turkic,TR,256,15,NOT,0.752,NOT,,Match,D432/01,not
300004304000262,TELEVID5848_SCANNER12,TR0030256638961792229300004304000262,06/06/2025,31/05/2025,6389617922,TR003,Turkic,TR,256,29,SO MUCH NOISY PARTY IN,0.7549,SO MUCH NOISY PARTY IN,,Match,D432/01,such a noisy party/such/a noisy party
300004304000264,TELEVID5848_SCANNER12,TR0030258638961792228300004304000264,06/06/2025,31/05/2025,6389617922,TR003,Turkic,TR,258,28,IS CONFIDENT TO,0.7559,15 CONFIDENT TO,,NoMatch,D432/01,was confident (that) we would/was confident/(that) we would/was confident (that) we'd/was confident/(that) we'd/was confident (that) we could/was confident/(that) we could/felt confident (that) we would/felt confident/(that) we would/felt confident (that) we'd/felt confident/(that) we'd/felt confident (that) we could/felt confident/(that) we could
300004304700524,TELEVID5849_SCANNER12,TR0030106638961792229300004304700524,06/06/2025,31/05/2025,6389617922,TR003,Turkic,TR,106,29,A NOISY PARTY,0.7568,A NOISY PARTY,,Match,D432/01,such a noisy party/such/a noisy party
300004345900727,TELEVID5879_SCANNER13,TR0221082638961792246300004345900727,09/06/2025,31/05/2025,6389617922,TR022,Turkic,TR,1082,46,C,0.7684,C,,Match,D432/01,C
300004386200810,TELEVID5985_SCANNER12,TR003006263896179221300004386200810,12/06/2025,31/05/2025,6389617922,TR003,Turkic,TR,62,1,B,0.7767,B,,Match,D432/01,D
300004386200810,TELEVID5985_SCANNER12,TR003006263896179224300004386200810,12/06/2025,31/05/2025,6389617922,TR003,Turkic,TR,62,4,--impossible--,0.7979,C,,NoMatch,D432/01,A
300004393100077,TELEVID6001_SCANNER13,TR0201034638961792212300004393100077,12/06/2025,31/05/2025,6389617922,TR020,Turkic,TR,1034,12,WHICH,0.7536,WMICH,,NoMatch,D432/01,which
300004393100106,TELEVID6001_SCANNER13,TR0201055638961792217300004393100106,12/06/2025,31/05/2025,6389617922,TR020,Turkic,TR,1055,17,TENDENCY,0.7621,TENDENCY,,Match,D432/01,tendency
300004393100106,TELEVID6001_SCANNER13,TR0201055638961792225300004393100106,12/06/2025,31/05/2025,6389617922,TR020,Turkic,TR,1055,25,ARE TALL ENOUGH,0.7984,ARE TALL ENOUGH,,Match,D432/01,is tall enough to/is/tall enough to/is sufficiently tall to/is/sufficiently tall to
300004393100117,TELEVID6001_SCANNER13,TR0201056638961792229300004393100117,12/06/2025,31/05/2025,6389617922,TR020,Turkic,TR,1056,29,SO NOISY BECAUSE OF THE,0.7713,SO NOISY BECAUSE OF THE,,Match,D432/01,such a noisy party/such/a noisy party
300004394700278,TELEVID5990_SCANNER12,GR118003225893117294300004394700278,12/06/2025,07/06/2025,2589311729,GR118,Greek,GR,32,4,B,0.7937,B,,Match,D432/01,B
300004394900005,TELEVID5999_SCANNER13,GR1186301258931172930300004394900005,12/06/2025,07/06/2025,2589311729,GR118,Greek,GR,6301,30,WHETHER MY TEACHER IS IN,0.7983,WHETHER MY TEACHER IS IN,,Match,D432/01,whether my teacher is in/whether my teacher/is in/whether my teacher 's in/whether my teacher/'s in
300004395000618,TELEVID5987_SCANNER12,TR0201001638961792228300004395000618,12/06/2025,31/05/2025,6389617922,TR020,Turkic,TR,1001,28,HE WAS CONFIDANT THAT WE WOULD,0.7844,HE WAS CONFIDANT THAT WE WOULD,,Match,D432/01,was confident (that) we would/was confident/(that) we would/was confident (that) we'd/was confident/(that) we'd/was confident (that) we could/was confident/(that) we could/felt confident (that) we would/felt confident/(that) we would/felt confident (that) we'd/felt confident/(that) we'd/felt confident (that) we could/felt confident/(that) we could
300004395000620,TELEVID5987_SCANNER12,TR0201003638961792216300004395000620,12/06/2025,31/05/2025,6389617922,TR020,Turkic,TR,1003,16,AT,0.7966,AT,,Match,D432/01,at
300004503100020,TELEVID8008_SCANNER12,TR003000463896179224300004503100020,19/06/2025,31/05/2025,6389617922,TR003,Turkic,TR,4,4,B,0.7712,B,,Match,D432/01,A
300004503100024,TELEVID8008_SCANNER12,TR0030008638961792226300004503100024,19/06/2025,31/05/2025,6389617922,TR003,Turkic,TR,8,26,LOOK CARE OF,0.7664,LOOK CARE OF,,Match,D432/01,for taking/for taking care of/care of
300004503100026,TELEVID8008_SCANNER12,TR0030010638961792227300004503100026,19/06/2025,31/05/2025,6389617922,TR003,Turkic,TR,10,27,WERE BELIEVED AS,0.7946,WERE BELIEVED AS,,Match,D432/01,are believed to be/are believed/to be
300004503100028,TELEVID8008_SCANNER12,TR0030012638961792230300004503100028,19/06/2025,31/05/2025,6389617922,TR003,Turkic,TR,12,30,SHORT TIME BEFORE DANGET,0.7836,SHORT TIME BEFORE DANGET,,Match,D432/01,by the time Dan arrived/by the time/Dan arrived/by the time Dan was/by the time/Dan was/by the time he arrived/by the time/he arrived/by the time he was/by the time/he was/by the time she arrived/by the time/she arrived/by the time she was/by the time/she was/by the time they arrived/by the time/they arrived/by the time they were/by the time/they were
300004504500826,TELEVID8006_SCANNER12,TR003023563896179223300004504500826,19/06/2025,31/05/2025,6389617922,TR003,Turkic,TR,235,3,B,0.7916,C,,NoMatch,D432/01,B
300004504500827,TELEVID8006_SCANNER12,TR0030236638961792219300004504500827,19/06/2025,31/05/2025,6389617922,TR003,Turkic,TR,236,19,PROBLEMATIC,0.7987,PROBLEMOTIC,,NoMatch,D432/01,problematical/problematic
300004504500863,TELEVID8006_SCANNER12,TR0030216638961792229300004504500863,19/06/2025,31/05/2025,6389617922,TR003,Turkic,TR,216,29,A NOISY PARTY AT,0.785,ANOISY PARTY AT,,NoMatch,D432/01,such a noisy party/such/a noisy party
300004504500868,TELEVID8006_SCANNER12,TR0030221638961792220300004504500868,19/06/2025,31/05/2025,6389617922,TR003,Turkic,TR,221,20,TEND,0.7917,TENO,,NoMatch,D432/01,solution
300004504500870,TELEVID8006_SCANNER12,TR0030223638961792226300004504500870,19/06/2025,31/05/2025,6389617922,TR003,Turkic,TR,223,26,FOR TAKING CARE OF,0.791,FOR TAKING CARE OF,,Match,D432/01,for taking/for taking care of/care of
300004504900347,TELEVID6102_SCANNER12,GE002000325893117294300004504900347,19/06/2025,07/06/2025,2589311729,GE002,Others,GE,3,4,B,0.7674,B,,Match,D432/01,B
300004504900350,TELEVID6102_SCANNER12,GE0020006258931172928300004504900350,19/06/2025,07/06/2025,2589311729,GE002,Others,GE,6,28,COUNT ON HER BEST FRIEND,0.7925,COUNT ON HER BEST FRIEND,,Match,D432/01,count on her (best) friend/count on/her (best) friend
300004504900351,TELEVID6102_SCANNER12,GE0020007258931172952300004504900351,19/06/2025,07/06/2025,2589311729,GE002,Others,GE,7,52,B,0.7591,B,,Match,D432/01,B
300004504900353,TELEVID6102_SCANNER12,GE002000925893117294300004504900353,19/06/2025,07/06/2025,2589311729,GE002,Others,GE,9,4,B,0.7601,B,,Match,D432/01,B
300004504900353,TELEVID6102_SCANNER12,GE0020009258931172920300004504900353,19/06/2025,07/06/2025,2589311729,GE002,Others,GE,9,20,INJURIES,0.7639,INJURIES,,Match,D432/01,injuries/injury
300004504900364,TELEVID6102_SCANNER12,GE0020020258931172930300004504900364,19/06/2025,07/06/2025,2589311729,GE002,Others,GE,20,30,WHETHER MY TEACHER IS IN,0.7584,WHITHER MY TEACHER IS IN,,NoMatch,D432/01,whether my teacher is in/whether my teacher/is in/whether my teacher 's in/whether my teacher/'s in
300004556900374,TELEVID8211_SCANNER13,ES452000572771257684300004556900374,24/06/2025,21/06/2025,7277125768,ES452,Romance,ES,5,4,B,0.7798,B,,Match,D432/01,B
300004556900455,TELEVID8211_SCANNER13,ES098402172771257684300004556900455,24/06/2025,21/06/2025,7277125768,ES098,Romance,ES,4021,4,B,0.7785,B,,Match,D432/01,B
300004556900455,TELEVID8211_SCANNER13,ES0984021727712576830300004556900455,24/06/2025,21/06/2025,7277125768,ES098,Romance,ES,4021,30,WISH I HAD TOLD,0.7558,WISH I HAD TOLD,,Match,D432/01,wish I had not told/wish I had not/told/wish I hadn't told/wish I hadn't/told/wish I'd not told/wish I'd not/told/wish I had not informed/wish I had not/informed/wish I hadn't informed/wish I hadn't/informed/wish I'd not informed/wish I'd not/informed/wish I had never told/wish I had never/told/wish I'd never told/wish I'd never/told/wish I had never informed/wish I had never/informed/wish I'd never informed/wish I'd never/informed
300004556900479,TELEVID8211_SCANNER13,ES0984045727712576818300004556900479,24/06/2025,21/06/2025,7277125768,ES098,Romance,ES,4045,18,THIRD,0.7685,THIRD,,Match,D432/01,third
300004557000231,TELEVID8223_SCANNER12,ES0984104727712576814300004557000231,24/06/2025,21/06/2025,7277125768,ES098,Romance,ES,4104,14,IF,0.7701,1F,,NoMatch,D432/01,though/if
300004559800401,TELEVID8226_SCANNER13,PL0041007727712576814300004559800401,25/06/2025,21/06/2025,7277125768,PL004,Slavic,PL,1007,14,iF,0.7779,1F,,NoMatch,D432/01,though/if
300004559800415,TELEVID8226_SCANNER13,PL0041021727712576830300004559800415,25/06/2025,21/06/2025,7277125768,PL004,Slavic,PL,1021,30,WISH I DIDN'T TELL,0.7708,WISH I DIDN'T TELL,,Match,D432/01,wish I had not told/wish I had not/told/wish I hadn't told/wish I hadn't/told/wish I'd not told/wish I'd not/told/wish I had not informed/wish I had not/informed/wish I hadn't informed/wish I hadn't/informed/wish I'd not informed/wish I'd not/informed/wish I had never told/wish I had never/told/wish I'd never told/wish I'd never/told/wish I had never informed/wish I had never/informed/wish I'd never informed/wish I'd never/informed
300004559800448,TELEVID8226_SCANNER13,PL0041054727712576821300004559800448,25/06/2025,21/06/2025,7277125768,PL004,Slavic,PL,1054,21,SIGNIFICLLY,0.783,SIGNIFICLLY,,Match,D432/01,Significantly
300004559800448,TELEVID8226_SCANNER13,PL0041054727712576824300004559800448,25/06/2025,21/06/2025,7277125768,PL004,Slavic,PL,1054,24,VIRAL,0.7989,VIRAL,,Match,D432/01,viral
300004560100493,TELEVID8225_SCANNER13,ES3830173727712576828300004560100493,25/06/2025,21/06/2025,7277125768,ES383,Romance,ES,173,28,MADE IT IMPOSSIBLE FOR,0.7703,MADE IT IMPOSSIBLE FOR,,Match,D432/01,made it impossible for/made it/impossible for/meant it was/meant it was impossible for/impossible for
300004560100530,TELEVID8225_SCANNER13,ES3830210727712576835300004560100530,25/06/2025,21/06/2025,7277125768,ES383,Romance,ES,210,35,C,0.7558,"C, D",,NoMatch,D432/01,C
300004560100572,TELEVID8225_SCANNER13,ES383025272771257687300004560100572,25/06/2025,21/06/2025,7277125768,ES383,Romance,ES,252,7,B,0.7757,C,,NoMatch,D432/01,C
300004560100572,TELEVID8225_SCANNER13,ES3830252727712576834300004560100572,25/06/2025,21/06/2025,7277125768,ES383,Romance,ES,252,34,A,0.7991,A,,Match,D432/01,D
300004560500081,TELEVID8235_SCANNER13,ES3973016727712576821300004560500081,25/06/2025,21/06/2025,7277125768,ES397,Romance,ES,3016,21,SIGNIFYCALLY,0.7728,SIGNIFYCALLY,,Match,D432/01,Significantly
300004561500548,TELEVID8218_SCANNER13,ES0200200727712576814300004561500548,25/06/2025,21/06/2025,7277125768,ES020,Romance,ES,200,14,IF,0.7622,IF,,Match,D432/01,though/if
300004561600022,TELEVID8242_SCANNER13,IT2500012727712576814300004561600022,25/06/2025,21/06/2025,7277125768,IT250,Romance,IT,12,14,IF,0.7906,1F,,NoMatch,D432/01,though/if
300004561600025,TELEVID8242_SCANNER13,IT2500015727712576827300004561600025,25/06/2025,21/06/2025,7277125768,IT250,Romance,IT,15,27,TO AVOID TO GET,0.7912,TO AVOID TO GET,,Match,D432/01,to AVOID (us) [getting/being]/to AVOID/(us) [getting/being]
300004561700198,TELEVID8240_SCANNER13,ES2520107727712576834300004561700198,25/06/2025,21/06/2025,7277125768,ES252,Romance,ES,107,34,--blank--,0.77,--blank--,,Match,D432/01,D
300004561700295,TELEVID8240_SCANNER13,ES6420020727712576827300004561700295,25/06/2025,21/06/2025,7277125768,ES642,Romance,ES,20,27,TO AVOID GETTING,0.7909,TO AVOID GEITING,,NoMatch,D432/01,to AVOID (us) [getting/being]/to AVOID/(us) [getting/being]
300004561700295,TELEVID8240_SCANNER13,ES6420020727712576834300004561700295,25/06/2025,21/06/2025,7277125768,ES642,Romance,ES,20,34,--impossible--,0.7639,C,,NoMatch,D432/01,D
300004561700421,TELEVID8240_SCANNER13,ES6420049727712576828300004561700421,25/06/2025,21/06/2025,7277125768,ES642,Romance,ES,49,28,MAKE IMPOSSIBLE FOR,0.7939,MAKE IMPOSSIBLE TOR,,NoMatch,D432/01,made it impossible for/made it/impossible for/meant it was/meant it was impossible for/impossible for
300004561700520,TELEVID8240_SCANNER13,IT1110007727712576840300004561700520,25/06/2025,21/06/2025,7277125768,IT111,Romance,IT,7,40,--impossible--,0.7887,C,,NoMatch,D432/01,A
300004561700522,TELEVID8240_SCANNER13,IT1110009727712576826300004561700522,25/06/2025,21/06/2025,7277125768,IT111,Romance,IT,9,26,SO GOOD AT PLAYING CHESS,0.773,SO GOOD AT PLAYING CHESS,,Match,D432/01,as good at (playing) chess/as good/at (playing) chess/so good at (playing) chess/so good/at (playing) chess/as good a chess player/as good/a chess player/so good a chess player/so good/a chess player
300004570600015,TELEVID8264_SCANNER13,IT2404053727712576822300004570600015,25/06/2025,21/06/2025,7277125768,IT240,Romance,IT,4053,22,DISLIKED,0.7534,DISLIKED,,Match,D432/01,disliked
300004571000189,TELEVID8255_SCANNER12,IT017600572771257684300004571000189,25/06/2025,21/06/2025,7277125768,IT017,Romance,IT,6005,4,B,0.7595,B,,Match,D432/01,B
300004571000189,TELEVID8255_SCANNER12,IT0176005727712576829300004571000189,25/06/2025,21/06/2025,7277125768,IT017,Romance,IT,6005,29,NOT BE BROUGHT,0.7885,NOT BE BROUGHT,,Match,D432/01,never be brought/never/be brought/not (ever) be brought/not (ever)/be brought/n't (ever) be brought/n't (ever)/be brought
300004571000323,TELEVID8255_SCANNER12,ES2910146727712576827300004571000323,25/06/2025,21/06/2025,7277125768,ES291,Romance,ES,146,27,TO AVOID THE,0.7622,70 AVOID THE,,NoMatch,D432/01,to AVOID (us) [getting/being]/to AVOID/(us) [getting/being]
300004571000355,TELEVID8255_SCANNER12,ES291031572771257684300004571000355,25/06/2025,21/06/2025,7277125768,ES291,Romance,ES,315,4,B,0.7594,B,,Match,D432/01,B
300004571000374,TELEVID8255_SCANNER12,IT0176015727712576830300004571000374,25/06/2025,21/06/2025,7277125768,IT017,Romance,IT,6015,30,WISH I WILL TELL,0.7949,WISH WILL TELL,,NoMatch,D432/01,wish I had not told/wish I had not/told/wish I hadn't told/wish I hadn't/told/wish I'd not told/wish I'd not/told/wish I had not informed/wish I had not/informed/wish I hadn't informed/wish I hadn't/informed/wish I'd not informed/wish I'd not/informed/wish I had never told/wish I had never/told/wish I'd never told/wish I'd never/told/wish I had never informed/wish I had never/informed/wish I'd never informed/wish I'd never/informed
300004571000379,TELEVID8255_SCANNER12,IT0176020727712576810300004571000379,25/06/2025,21/06/2025,7277125768,IT017,Romance,IT,6020,10,WAS,0.7932,WAS,,Match,D432/01,having
300004571000379,TELEVID8255_SCANNER12,IT0176020727712576832300004571000379,25/06/2025,21/06/2025,7277125768,IT017,Romance,IT,6020,32,B,0.7738,B,,Match,D432/01,B
300004571100936,TELEVID8250_SCANNER13,ES0720104727712576821300004571100936,25/06/2025,21/06/2025,7277125768,ES072,Romance,ES,104,21,SIGNIFYCALY,0.7768,SIGNIFYCALY,,Match,D432/01,Significantly
300004571100936,TELEVID8250_SCANNER13,ES0720104727712576828300004571100936,25/06/2025,21/06/2025,7277125768,ES072,Romance,ES,104,28,HAS MADE IMPOSSIBLE TO,0.7556,HAS MADE IMPOSSIBLE TO,,Match,D432/01,made it impossible for/made it/impossible for/meant it was/meant it was impossible for/impossible for
300004571100978,TELEVID8250_SCANNER13,ES0720146727712576830300004571100978,25/06/2025,21/06/2025,7277125768,ES072,Romance,ES,146,30,WISH I HADN'T TOLD,0.7739,WISH I HADN'T TOLD,,Match,D432/01,wish I had not told/wish I had not/told/wish I hadn't told/wish I hadn't/told/wish I'd not told/wish I'd not/told/wish I had not informed/wish I had not/informed/wish I hadn't informed/wish I hadn't/informed/wish I'd not informed/wish I'd not/informed/wish I had never told/wish I had never/told/wish I'd never told/wish I'd never/told/wish I had never informed/wish I had never/informed/wish I'd never informed/wish I'd never/informed
300004571100984,TELEVID8250_SCANNER13,ES0720152727712576819300004571100984,25/06/2025,21/06/2025,7277125768,ES072,Romance,ES,152,19,LONGUEST,0.7756,LONGUEST,,Match,D432/01,length
300004571100997,TELEVID8250_SCANNER13,ES0720166727712576825300004571100997,25/06/2025,21/06/2025,7277125768,ES072,Romance,ES,166,25,NO INTENTION OF HITING,0.7572,NO INTENTION OF HITING,,Match,D432/01,(absolutely) no intention of hitting/(absolutely) no intention/of hitting
300004571101002,TELEVID8250_SCANNER13,ES072017172771257684300004571101002,25/06/2025,21/06/2025,7277125768,ES072,Romance,ES,171,4,B,0.7651,B,,Match,D432/01,B
300004571101002,TELEVID8250_SCANNER13,ES0720171727712576821300004571101002,25/06/2025,21/06/2025,7277125768,ES072,Romance,ES,171,21,SIGNIFICALLY,0.7995,SIGNIFICALLY,,Match,D432/01,Significantly
300004571300533,TELEVID8249_SCANNER12,ES2910797727712576814300004571300533,25/06/2025,21/06/2025,7277125768,ES291,Romance,ES,797,14,IF,0.7996,1F,,NoMatch,D432/01,though/if
300004571500070,TELEVID8258_SCANNER13,IT2404033727712576820300004571500070,25/06/2025,21/06/2025,7277125768,IT240,Romance,IT,4033,20,UNCOVER,0.7842,UNCOVER,,Match,D432/01,uncover
300004571500076,TELEVID8258_SCANNER13,IT2404039727712576834300004571500076,25/06/2025,21/06/2025,7277125768,IT240,Romance,IT,4039,34,B,0.7726,B,,Match,D432/01,D
300004571500082,TELEVID8258_SCANNER13,IT2404045727712576828300004571500082,25/06/2025,21/06/2025,7277125768,IT240,Romance,IT,4045,28,MADE IMPOSSIBLE FOR,0.761,NADE INPOSSIBLE FOR,,NoMatch,D432/01,made it impossible for/made it/impossible for/meant it was/meant it was impossible for/impossible for
300004571500148,TELEVID8258_SCANNER13,ES4340069727712576830300004571500148,25/06/2025,21/06/2025,7277125768,ES434,Romance,ES,69,30,WISH I HAD NOT TELL,0.7928,WISH I HAD NOT TELL,,Match,D432/01,wish I had not told/wish I had not/told/wish I hadn't told/wish I hadn't/told/wish I'd not told/wish I'd not/told/wish I had not informed/wish I had not/informed/wish I hadn't informed/wish I hadn't/informed/wish I'd not informed/wish I'd not/informed/wish I had never told/wish I had never/told/wish I'd never told/wish I'd never/told/wish I had never informed/wish I had never/informed/wish I'd never informed/wish I'd never/informed
300004571500438,TELEVID8258_SCANNER13,ES4230026727712576830300004571500438,25/06/2025,21/06/2025,7277125768,ES423,Romance,ES,26,30,WISH I HADN'T TOLD,0.7736,WISH I HADN'T TOLD,,Match,D432/01,wish I had not told/wish I had not/told/wish I hadn't told/wish I hadn't/told/wish I'd not told/wish I'd not/told/wish I had not informed/wish I had not/informed/wish I hadn't informed/wish I hadn't/informed/wish I'd not informed/wish I'd not/informed/wish I had never told/wish I had never/told/wish I'd never told/wish I'd never/told/wish I had never informed/wish I had never/informed/wish I'd never informed/wish I'd never/informed
300004571900392,TELEVID8263_SCANNER13,ES0720331727712576821300004571900392,25/06/2025,21/06/2025,7277125768,ES072,Romance,ES,331,21,SIGNIFICANTLY,0.7639,SIGNIFICANTLY,,Match,D432/01,Significantly
300004572100002,TELEVID8257_SCANNER12,IT303000272771257684300004572100002,25/06/2025,21/06/2025,7277125768,IT303,Romance,IT,2,4,B,0.7943,B,,Match,D432/01,B
300004572100006,TELEVID8257_SCANNER12,IT3030006727712576814300004572100006,25/06/2025,21/06/2025,7277125768,IT303,Romance,IT,6,14,IF,0.7694,1F,,NoMatch,D432/01,though/if
300004572100015,TELEVID8257_SCANNER12,IT3030016727712576811300004572100015,25/06/2025,21/06/2025,7277125768,IT303,Romance,IT,16,11,IT,0.7911,IT,,Match,D432/01,something/anything
300004572100015,TELEVID8257_SCANNER12,IT3030016727712576828300004572100015,25/06/2025,21/06/2025,7277125768,IT303,Romance,IT,16,28,MADE IT IMPOSSIBLE FOR,0.7536,MADE IT IMPOSSIBLE FOR,,Match,D432/01,made it impossible for/made it/impossible for/meant it was/meant it was impossible for/impossible for
300004572100020,TELEVID8257_SCANNER12,IT3030021727712576832300004572100020,25/06/2025,21/06/2025,7277125768,IT303,Romance,IT,21,32,B,0.7554,B,,Match,D432/01,B
300004572100024,TELEVID8257_SCANNER12,IT3030025727712576823300004572100024,25/06/2025,21/06/2025,7277125768,IT303,Romance,IT,25,23,APPEARANCE,0.7794,APPEARANCE,,Match,D432/01,appearance
300004572100028,TELEVID8257_SCANNER12,IT3030029727712576810300004572100028,25/06/2025,21/06/2025,7277125768,IT303,Romance,IT,29,10,IT,0.7581,IT,,Match,D432/01,having
300004572100028,TELEVID8257_SCANNER12,IT3030029727712576830300004572100028,25/06/2025,21/06/2025,7277125768,IT303,Romance,IT,29,30,WISH I HAD TOLD,0.762,WISH I HAD TOLD,,Match,D432/01,wish I had not told/wish I had not/told/wish I hadn't told/wish I hadn't/told/wish I'd not told/wish I'd not/told/wish I had not informed/wish I had not/informed/wish I hadn't informed/wish I hadn't/informed/wish I'd not informed/wish I'd not/informed/wish I had never told/wish I had never/told/wish I'd never told/wish I'd never/told/wish I had never informed/wish I had never/informed/wish I'd never informed/wish I'd never/informed
300004572100030,TELEVID8257_SCANNER12,IT3030031727712576814300004572100030,25/06/2025,21/06/2025,7277125768,IT303,Romance,IT,31,14,IF,0.7696,1F,,NoMatch,D432/01,though/if
300004572100367,TELEVID8257_SCANNER12,ES072035472771257684300004572100367,25/06/2025,21/06/2025,7277125768,ES072,Romance,ES,354,4,B,0.7693,B,,Match,D432/01,B
300004572300778,TELEVID8254_SCANNER13,IT240405072771257684300004572300778,25/06/2025,21/06/2025,7277125768,IT240,Romance,IT,4050,4,B,0.7636,B,,Match,D432/01,B
300004572300778,TELEVID8254_SCANNER13,IT2404050727712576826300004572300778,25/06/2025,21/06/2025,7277125768,IT240,Romance,IT,4050,26,AS GOOD IT PLAYING CHESS,0.784,AS GOOD IT PLAYING CHESS,,Match,D432/01,as good at (playing) chess/as good/at (playing) chess/so good at (playing) chess/so good/at (playing) chess/as good a chess player/as good/a chess player/so good a chess player/so good/a chess player
300004572300779,TELEVID8254_SCANNER13,IT2404051727712576827300004572300779,25/06/2025,21/06/2025,7277125768,IT240,Romance,IT,4051,27,TO AVOID GETTING,0.7779,TO AVOID GETTING,,Match,D432/01,to AVOID (us) [getting/being]/to AVOID/(us) [getting/being]
300004572300780,TELEVID8254_SCANNER13,IT2404052727712576818300004572300780,25/06/2025,21/06/2025,7277125768,IT240,Romance,IT,4052,18,THREESOME,0.7676,THREESOME,,Match,D432/01,third
300004572300804,TELEVID8254_SCANNER13,ES0720213727712576814300004572300804,25/06/2025,21/06/2025,7277125768,ES072,Romance,ES,213,14,IF,0.7958,1F,,NoMatch,D432/01,though/if
300004572500628,TELEVID8253_SCANNER13,ES3780053727712576821300004572500628,25/06/2025,21/06/2025,7277125768,ES378,Romance,ES,53,21,SIGNIFICATIVE,0.7906,SIGNIFICATIVE,,Match,D432/01,Significantly
300004572500628,TELEVID8253_SCANNER13,ES3780053727712576828300004572500628,25/06/2025,21/06/2025,7277125768,ES378,Romance,ES,53,28,SO IS IMPOSSIBLE FOR,0.7794,50 IS IMPOSSIBLE FOR,,NoMatch,D432/01,made it impossible for/made it/impossible for/meant it was/meant it was impossible for/impossible for
300004573300002,TELEVID8262_SCANNER12,IT2404002727712576834300004573300002,25/06/2025,21/06/2025,7277125768,IT240,Romance,IT,4002,34,A,0.79,A,,Match,D432/01,D
300004573300005,TELEVID8262_SCANNER12,IT2404005727712576830300004573300005,25/06/2025,21/06/2025,7277125768,IT240,Romance,IT,4005,30,WISH I DID NOT TELL,0.7981,WISH I DID NOT TELL,,Match,D432/01,wish I had not told/wish I had not/told/wish I hadn't told/wish I hadn't/told/wish I'd not told/wish I'd not/told/wish I had not informed/wish I had not/informed/wish I hadn't informed/wish I hadn't/informed/wish I'd not informed/wish I'd not/informed/wish I had never told/wish I had never/told/wish I'd never told/wish I'd never/told/wish I had never informed/wish I had never/informed/wish I'd never informed/wish I'd never/informed
300004573300006,TELEVID8262_SCANNER12,IT2404006727712576816300004573300006,25/06/2025,21/06/2025,7277125768,IT240,Romance,IT,4006,16,NO,0.7719,NO,,Match,D432/01,no/little
300004573300011,TELEVID8262_SCANNER12,IT2404011727712576821300004573300011,25/06/2025,21/06/2025,7277125768,IT240,Romance,IT,4011,21,SIGNIFICANTLY,0.7545,SIGNIFICANTLY,,Match,D432/01,Significantly
300004573300016,TELEVID8262_SCANNER12,IT2404016727712576822300004573300016,25/06/2025,21/06/2025,7277125768,IT240,Romance,IT,4016,22,UNLIKED,0.7599,UNLIKED,,Match,D432/01,disliked
300004573300016,TELEVID8262_SCANNER12,IT2404016727712576834300004573300016,25/06/2025,21/06/2025,7277125768,IT240,Romance,IT,4016,34,B,0.772,B,,Match,D432/01,D
300004573300021,TELEVID8262_SCANNER12,IT2404021727712576828300004573300021,25/06/2025,21/06/2025,7277125768,IT240,Romance,IT,4021,28,MADE IT IMPOSSIBLE TO,0.7933,MADE IT IMPOSSIBLE TO,,Match,D432/01,made it impossible for/made it/impossible for/meant it was/meant it was impossible for/impossible for
300004573700601,TELEVID8256_SCANNER12,ES291002372771257684300004573700601,25/06/2025,21/06/2025,7277125768,ES291,Romance,ES,23,4,B,0.797,B,,Match,D432/01,B
300004574100227,TELEVID8259_SCANNER13,IT0176010727712576828300004574100227,25/06/2025,21/06/2025,7277125768,IT017,Romance,IT,6010,28,MADE IMPOSSIBLE FOR,0.7818,MADE IMPOSSIBLE FOR,,Match,D432/01,made it impossible for/made it/impossible for/meant it was/meant it was impossible for/impossible for
300004574100229,TELEVID8259_SCANNER13,IT0176012727712576828300004574100229,25/06/2025,21/06/2025,7277125768,IT017,Romance,IT,6012,28,MADE IMPOSSIBLE FOR,0.7973,MADE IMPOSSIBLE FOR,,Match,D432/01,made it impossible for/made it/impossible for/meant it was/meant it was impossible for/impossible for
300004574700248,TELEVID8261_SCANNER13,ES3010028727712576825300004574700248,25/06/2025,21/06/2025,7277125768,ES301,Romance,ES,28,25,NO INTENTION TO HIT,0.7852,NO INTENTION TO HIT,,Match,D432/01,(absolutely) no intention of hitting/(absolutely) no intention/of hitting
300004574700287,TELEVID8261_SCANNER13,ES301006772771257681300004574700287,25/06/2025,21/06/2025,7277125768,ES301,Romance,ES,67,1,B,0.794,B,,Match,D432/01,D
300004574700346,TELEVID8261_SCANNER13,ES3010126727712576830300004574700346,25/06/2025,21/06/2025,7277125768,ES301,Romance,ES,126,30,WISH I HAVEN'T SAID,0.7623,WISH I HAVEN'T SAID,,Match,D432/01,wish I had not told/wish I had not/told/wish I hadn't told/wish I hadn't/told/wish I'd not told/wish I'd not/told/wish I had not informed/wish I had not/informed/wish I hadn't informed/wish I hadn't/informed/wish I'd not informed/wish I'd not/informed/wish I had never told/wish I had never/told/wish I'd never told/wish I'd never/told/wish I had never informed/wish I had never/informed/wish I'd never informed/wish I'd never/informed
300004574700365,TELEVID8261_SCANNER13,ES3010145727712576811300004574700365,25/06/2025,21/06/2025,7277125768,ES301,Romance,ES,145,11,SOMETHING,0.7948,SOMETHING,,Match,D432/01,something/anything
300004575400224,TELEVID8268_SCANNER13,IT4600042727712576836300004575400224,25/06/2025,21/06/2025,7277125768,IT460,Romance,IT,42,36,D,0.7653,D,,Match,D432/01,D
300004575400225,TELEVID8268_SCANNER13,IT4600043727712576823300004575400225,25/06/2025,21/06/2025,7277125768,IT460,Romance,IT,43,23,APPEARENCE,0.7905,APPEARENCE,,Match,D432/01,appearance
300004575400225,TELEVID8268_SCANNER13,IT4600043727712576825300004575400225,25/06/2025,21/06/2025,7277125768,IT460,Romance,IT,43,25,THE INTENTION TO NOT,0.7589,THE INTENTION TO NOT,,Match,D432/01,(absolutely) no intention of hitting/(absolutely) no intention/of hitting
300004575400295,TELEVID8268_SCANNER13,IT2170002727712576814300004575400295,25/06/2025,21/06/2025,7277125768,IT217,Romance,IT,2,14,IF,0.7579,IF,,Match,D432/01,though/if
300004575400307,TELEVID8268_SCANNER13,IT2170014727712576815300004575400307,25/06/2025,21/06/2025,7277125768,IT217,Romance,IT,14,15,TO,0.7533,TR,,NoMatch,D432/01,on
300004575400307,TELEVID8268_SCANNER13,IT2170014727712576822300004575400307,25/06/2025,21/06/2025,7277125768,IT217,Romance,IT,14,22,DISLIKED,0.7926,LISLIKED,,NoMatch,D432/01,disliked
300004575400375,TELEVID8268_SCANNER13,IT2170037727712576821300004575400375,25/06/2025,21/06/2025,7277125768,IT217,Romance,IT,37,21,SIGNIFICALLY,0.7764,SIGNIFICALLY,,Match,D432/01,Significantly
300004575900524,TELEVID8274_SCANNER12,ES4380001727712576834300004575900524,25/06/2025,21/06/2025,7277125768,ES438,Romance,ES,1,34,B,0.7925,B,,Match,D432/01,D
300004575900570,TELEVID8274_SCANNER12,ES4380047727712576852300004575900570,25/06/2025,21/06/2025,7277125768,ES438,Romance,ES,47,52,B,0.774,B,,Match,D432/01,C
300004576600411,TELEVID8260_SCANNER13,ES4300012727712576815300004576600411,25/06/2025,21/06/2025,7277125768,ES430,Romance,ES,12,15,ON,0.786,ON,,Match,D432/01,on
300004589700568,TELEVID8279_SCANNER12,CZ003100872771257684300004589700568,26/06/2025,21/06/2025,7277125768,CZ003,Slavic,CZ,1008,4,B,0.7799,B,,Match,D432/01,B
300004589700568,TELEVID8279_SCANNER12,CZ0031008727712576810300004589700568,26/06/2025,21/06/2025,7277125768,CZ003,Slavic,CZ,1008,10,IT,0.7921,IT,,Match,D432/01,having
300004589700568,TELEVID8279_SCANNER12,CZ0031008727712576830300004589700568,26/06/2025,21/06/2025,7277125768,CZ003,Slavic,CZ,1008,30,WISH I HAVEN'T TOLD,0.7839,WISH I HAVEN'T TOLD,,Match,D432/01,wish I had not told/wish I had not/told/wish I hadn't told/wish I hadn't/told/wish I'd not told/wish I'd not/told/wish I had not informed/wish I had not/informed/wish I hadn't informed/wish I hadn't/informed/wish I'd not informed/wish I'd not/informed/wish I had never told/wish I had never/told/wish I'd never told/wish I'd never/told/wish I had never informed/wish I had never/informed/wish I'd never informed/wish I'd never/informed
300004590100240,TELEVID8272_SCANNER12,ES2910757727712576821300004590100240,26/06/2025,21/06/2025,7277125768,ES291,Romance,ES,757,21,SIGNIFICALLY,0.7877,SIGNIFICALLY,,Match,D432/01,Significantly
300004590100242,TELEVID8272_SCANNER12,ES291075972771257684300004590100242,26/06/2025,21/06/2025,7277125768,ES291,Romance,ES,759,4,B,0.7695,B,,Match,D432/01,B
300004590100242,TELEVID8272_SCANNER12,ES291075972771257687300004590100242,26/06/2025,21/06/2025,7277125768,ES291,Romance,ES,759,7,B,0.7848,B,,Match,D432/01,C
300004590400728,TELEVID8305_SCANNER13,ES0030002727712576834300004590400728,26/06/2025,21/06/2025,7277125768,ES003,Romance,ES,2,34,--impossible--,0.7597,C,,NoMatch,D432/01,D
300004590500767,TELEVID8300_SCANNER12,PL0170007727712576848300004590500767,26/06/2025,21/06/2025,7277125768,PL017,Slavic,PL,7,48,--impossible--,0.7824,C,,NoMatch,D432/01,D
300004590700064,TELEVID6123_SCANNER13,LK001019572771257683300004590700064,26/06/2025,21/06/2025,7277125768,LK001,Indo-Iranian,LK,195,3,B,0.759,B,,Match,D432/01,C
300004590700066,TELEVID6123_SCANNER13,LK0010197727712576830300004590700066,26/06/2025,21/06/2025,7277125768,LK001,Indo-Iranian,LK,197,30,I WISH I COULD FELL,0.7778,I WISH I COULD FELL,,Match,D432/01,wish I had not told/wish I had not/told/wish I hadn't told/wish I hadn't/told/wish I'd not told/wish I'd not/told/wish I had not informed/wish I had not/informed/wish I hadn't informed/wish I hadn't/informed/wish I'd not informed/wish I'd not/informed/wish I had never told/wish I had never/told/wish I'd never told/wish I'd never/told/wish I had never informed/wish I had never/informed/wish I'd never informed/wish I'd never/informed
300004590700230,TELEVID6123_SCANNER13,ES2910597727712576827300004590700230,26/06/2025,21/06/2025,7277125768,ES291,Romance,ES,597,27,TO AVOID BEING,0.7932,TO AVOID BEING,,Match,D432/01,to AVOID (us) [getting/being]/to AVOID/(us) [getting/being]
300004590700233,TELEVID6123_SCANNER13,ES291060072771257684300004590700233,26/06/2025,21/06/2025,7277125768,ES291,Romance,ES,600,4,B,0.7555,B,,Match,D432/01,B
300004590700233,TELEVID6123_SCANNER13,ES2910600727712576825300004590700233,26/06/2025,21/06/2025,7277125768,ES291,Romance,ES,600,25,NO INTENTION TO HIT,0.785,NO INTENTION TC 417,,NoMatch,D432/01,(absolutely) no intention of hitting/(absolutely) no intention/of hitting
300004590900449,TELEVID8301_SCANNER12,PL0170018727712576814300004590900449,26/06/2025,21/06/2025,7277125768,PL017,Slavic,PL,18,14,IF,0.7559,1F,,NoMatch,D432/01,though/if
300004591100116,TELEVID6134_SCANNER13,ES0656116727712576825300004591100116,26/06/2025,21/06/2025,7277125768,ES065,Romance,ES,6116,25,THE INTENTION NOT TO HIT,0.7521,THE INTENTION NOT TO HIT,,Match,D432/01,(absolutely) no intention of hitting/(absolutely) no intention/of hitting
300004591100391,TELEVID6134_SCANNER13,TN001000772771257687300004591100391,26/06/2025,21/06/2025,7277125768,TN001,Afro-Asiatic,TN,7,7,B,0.762,B,,Match,D432/01,C
300004591100392,TELEVID6134_SCANNER13,TN0010008727712576828300004591100392,26/06/2025,21/06/2025,7277125768,TN001,Afro-Asiatic,TN,8,28,MADE IT IMPOSSIBLE: FOR,0.7903,MADE IT IMPOSSIBLE: FOR,,Match,D432/01,made it impossible for/made it/impossible for/meant it was/meant it was impossible for/impossible for
300004591100397,TELEVID6134_SCANNER13,TN001001372771257683300004591100397,26/06/2025,21/06/2025,7277125768,TN001,Afro-Asiatic,TN,13,3,B,0.7783,B,,Match,D432/01,C
300004591100401,TELEVID6134_SCANNER13,TN001001772771257683300004591100401,26/06/2025,21/06/2025,7277125768,TN001,Afro-Asiatic,TN,17,3,B,0.7879,B,,Match,D432/01,C
300004591100401,TELEVID6134_SCANNER13,TN0010017727712576821300004591100401,26/06/2025,21/06/2025,7277125768,TN001,Afro-Asiatic,TN,17,21,SIGNIFILLY,0.7516,SIGNIFILLY,,Match,D432/01,Significantly
300004591100402,TELEVID6134_SCANNER13,TN001001872771257687300004591100402,26/06/2025,21/06/2025,7277125768,TN001,Afro-Asiatic,TN,18,7,B,0.7709,C,,NoMatch,D432/01,C
300004591100412,TELEVID6134_SCANNER13,TN001002872771257684300004591100412,26/06/2025,21/06/2025,7277125768,TN001,Afro-Asiatic,TN,28,4,--impossible--,0.7924,C,,NoMatch,D432/01,B
300004591100414,TELEVID6134_SCANNER13,TN0010030727712576817300004591100414,26/06/2025,21/06/2025,7277125768,TN001,Afro-Asiatic,TN,30,17,WIDLY,0.7531,WINLY,,NoMatch,D432/01,widen
300004591100427,TELEVID6134_SCANNER13,TN0010043727712576829300004591100427,26/06/2025,21/06/2025,7277125768,TN001,Afro-Asiatic,TN,43,29,NOT BE BROUGHT,0.7784,NOT BE BROUGHT,,Match,D432/01,never be brought/never/be brought/not (ever) be brought/not (ever)/be brought/n't (ever) be brought/n't (ever)/be brought
300004591100440,TELEVID6134_SCANNER13,TN0010056727712576828300004591100440,26/06/2025,21/06/2025,7277125768,TN001,Afro-Asiatic,TN,56,28,MAKES IT IMPOSSIBLE FOR,0.7946,MAKES IT IMPOSSIBLE FOR,,Match,D432/01,made it impossible for/made it/impossible for/meant it was/meant it was impossible for/impossible for
300004591100441,TELEVID6134_SCANNER13,TN0010057727712576821300004591100441,26/06/2025,21/06/2025,7277125768,TN001,Afro-Asiatic,TN,57,21,SIGNIFICALLY,0.792,SIGNIFICALLY,,Match,D432/01,Significantly
300004591100441,TELEVID6134_SCANNER13,TN0010057727712576824300004591100441,26/06/2025,21/06/2025,7277125768,TN001,Afro-Asiatic,TN,57,24,VARUSING,0.7752,VARUSING,,Match,D432/01,viral
300004591100441,TELEVID6134_SCANNER13,TN0010057727712576826300004591100441,26/06/2025,21/06/2025,7277125768,TN001,Afro-Asiatic,TN,57,26,AS GOOD,0.7858,AS GOOD,,Match,D432/01,as good at (playing) chess/as good/at (playing) chess/so good at (playing) chess/so good/at (playing) chess/as good a chess player/as good/a chess player/so good a chess player/so good/a chess player
300004591100454,TELEVID6134_SCANNER13,TN001007072771257687300004591100454,26/06/2025,21/06/2025,7277125768,TN001,Afro-Asiatic,TN,70,7,--impossible--,0.7979,C,,NoMatch,D432/01,C
300004591100455,TELEVID6134_SCANNER13,TN0010071727712576813300004591100455,26/06/2025,21/06/2025,7277125768,TN001,Afro-Asiatic,TN,71,13,WHO,0.775,WHO,,Match,D432/01,who/that
300004591100650,TELEVID6134_SCANNER13,ES4240015727712576810300004591100650,26/06/2025,21/06/2025,7277125768,ES424,Romance,ES,15,10,AND,0.7572,AND,,Match,D432/01,having
300004591100650,TELEVID6134_SCANNER13,ES4240015727712576830300004591100650,26/06/2025,21/06/2025,7277125768,ES424,Romance,ES,15,30,WISH TELLING SOMETHING TO,0.777,WISH TELLING SOMETHING TO,,Match,D432/01,wish I had not told/wish I had not/told/wish I hadn't told/wish I hadn't/told/wish I'd not told/wish I'd not/told/wish I had not informed/wish I had not/informed/wish I hadn't informed/wish I hadn't/informed/wish I'd not informed/wish I'd not/informed/wish I had never told/wish I had never/told/wish I'd never told/wish I'd never/told/wish I had never informed/wish I had never/informed/wish I'd never informed/wish I'd never/informed
300004591300555,TELEVID8302_SCANNER12,GE0090016727712576813300004591300555,26/06/2025,21/06/2025,7277125768,GE009,Others,GE,16,13,WHO,0.7656,WHO,,Match,D432/01,who/that
300004591300556,TELEVID8302_SCANNER12,GE0090017727712576814300004591300556,26/06/2025,21/06/2025,7277125768,GE009,Others,GE,17,14,IF,0.7614,IF,,Match,D432/01,though/if
300004591300562,TELEVID8302_SCANNER12,GE009002372771257684300004591300562,26/06/2025,21/06/2025,7277125768,GE009,Others,GE,23,4,B,0.7711,B,,Match,D432/01,B
300004591300564,TELEVID8302_SCANNER12,GE009002572771257684300004591300564,26/06/2025,21/06/2025,7277125768,GE009,Others,GE,25,4,B,0.763,B,,Match,D432/01,B
300004591300623,TELEVID8302_SCANNER12,ES0402008727712576814300004591300623,26/06/2025,21/06/2025,7277125768,ES040,Romance,ES,2008,14,IF,0.7651,1F,,NoMatch,D432/01,though/if
300004591300637,TELEVID8302_SCANNER12,ES0402022727712576827300004591300637,26/06/2025,21/06/2025,7277125768,ES040,Romance,ES,2022,27,TO AVOID GETTING,0.7966,TO GETTING,,NoMatch,D432/01,to AVOID (us) [getting/being]/to AVOID/(us) [getting/being]
300004591300712,TELEVID8302_SCANNER12,ES0402097727712576814300004591300712,26/06/2025,21/06/2025,7277125768,ES040,Romance,ES,2097,14,WELL,0.7958,NELL,,NoMatch,D432/01,though/if
300004591300712,TELEVID8302_SCANNER12,ES0402097727712576841300004591300712,26/06/2025,21/06/2025,7277125768,ES040,Romance,ES,2097,41,A,0.7523,A,,Match,D432/01,C
300004591300714,TELEVID8302_SCANNER12,ES0402099727712576834300004591300714,26/06/2025,21/06/2025,7277125768,ES040,Romance,ES,2099,34,D,0.7646,D,,Match,D432/01,D
300004591300729,TELEVID8302_SCANNER12,ES0402114727712576814300004591300729,26/06/2025,21/06/2025,7277125768,ES040,Romance,ES,2114,14,IF,0.7616,1F,,NoMatch,D432/01,though/if
300004591300729,TELEVID8302_SCANNER12,ES0402114727712576827300004591300729,26/06/2025,21/06/2025,7277125768,ES040,Romance,ES,2114,27,TO AVOID GETTING,0.7906,TC AVOID GETTING,,NoMatch,D432/01,to AVOID (us) [getting/being]/to AVOID/(us) [getting/being]
300004591300852,TELEVID8302_SCANNER12,ES0402237727712576830300004591300852,26/06/2025,21/06/2025,7277125768,ES040,Romance,ES,2237,30,WISH I HAVE NOT TOLD,0.7852,WISH I HAVE NOT TOLD,,Match,D432/01,wish I had not told/wish I had not/told/wish I hadn't told/wish I hadn't/told/wish I'd not told/wish I'd not/told/wish I had not informed/wish I had not/informed/wish I hadn't informed/wish I hadn't/informed/wish I'd not informed/wish I'd not/informed/wish I had never told/wish I had never/told/wish I'd never told/wish I'd never/told/wish I had never informed/wish I had never/informed/wish I'd never informed/wish I'd never/informed
300004591500037,TELEVID6124_SCANNER13,ES445003772771257684300004591500037,26/06/2025,21/06/2025,7277125768,ES445,Romance,ES,37,4,--impossible--,0.798,C,,NoMatch,D432/01,B
300004591500466,TELEVID6124_SCANNER13,ES4110015727712576818300004591500466,26/06/2025,21/06/2025,7277125768,ES411,Romance,ES,15,18,THIRD,0.7528,THIRD,,Match,D432/01,third
300004591500468,TELEVID6124_SCANNER13,ES4110017727712576826300004591500468,26/06/2025,21/06/2025,7277125768,ES411,Romance,ES,17,26,AS GOOD PLAYING CHESS,0.7969,AS GOOD PLAYING CUESS,,NoMatch,D432/01,as good at (playing) chess/as good/at (playing) chess/so good at (playing) chess/so good/at (playing) chess/as good a chess player/as good/a chess player/so good a chess player/so good/a chess player
300004591500480,TELEVID6124_SCANNER13,ES4110029727712576810300004591500480,26/06/2025,21/06/2025,7277125768,ES411,Romance,ES,29,10,HE,0.7839,HE,,Match,D432/01,having
300004591500480,TELEVID6124_SCANNER13,ES4110029727712576840300004591500480,26/06/2025,21/06/2025,7277125768,ES411,Romance,ES,29,40,A,0.771,"A, B",,NoMatch,D432/01,A
300004591900070,TELEVID6133_SCANNER12,ES424022172771257687300004591900070,26/06/2025,21/06/2025,7277125768,ES424,Romance,ES,221,7,B,0.7738,B,,Match,D432/01,C
300004591900070,TELEVID6133_SCANNER12,ES4240221727712576834300004591900070,26/06/2025,21/06/2025,7277125768,ES424,Romance,ES,221,34,B,0.7811,C,,NoMatch,D432/01,D
300004591900539,TELEVID6133_SCANNER12,LK0010003727712576848300004591900539,26/06/2025,21/06/2025,7277125768,LK001,Indo-Iranian,LK,3,48,B,0.7701,B,,Match,D432/01,D
300004591900548,TELEVID6133_SCANNER12,LK0010012727712576813300004591900548,26/06/2025,21/06/2025,7277125768,LK001,Indo-Iranian,LK,12,13,WHO,0.7614,WHO,,Match,D432/01,who/that
300004591900579,TELEVID6133_SCANNER12,LK0010043727712576823300004591900579,26/06/2025,21/06/2025,7277125768,LK001,Indo-Iranian,LK,43,23,APPEARANCE,0.7537,APPEARANCE,,Match,D432/01,appearance
300004591900592,TELEVID6133_SCANNER12,LK0010056727712576818300004591900592,26/06/2025,21/06/2025,7277125768,LK001,Indo-Iranian,LK,56,18,THREEPERCENT,0.7578,THREEPERCENT,,Match,D432/01,third
300004591900599,TELEVID6133_SCANNER12,LK0010063727712576815300004591900599,26/06/2025,21/06/2025,7277125768,LK001,Indo-Iranian,LK,63,15,ON,0.7888,CN,,NoMatch,D432/01,on
300004591900610,TELEVID6133_SCANNER12,LK0010074727712576825300004591900610,26/06/2025,21/06/2025,7277125768,LK001,Indo-Iranian,LK,74,25,NO INTENTION OF HITTING HITTING,0.7566,NO INTENTION OF HITTING HISTIANG,,NoMatch,D432/01,(absolutely) no intention of hitting/(absolutely) no intention/of hitting
300004591900610,TELEVID6133_SCANNER12,LK0010074727712576828300004591900610,26/06/2025,21/06/2025,7277125768,LK001,Indo-Iranian,LK,74,28,MAKES IT IMPOSSIBLE FOR,0.7754,MAKES IT IMPOSSIBLE FOR,,Match,D432/01,made it impossible for/made it/impossible for/meant it was/meant it was impossible for/impossible for
300004591900625,TELEVID6133_SCANNER12,LK0010089727712576827300004591900625,26/06/2025,21/06/2025,7277125768,LK001,Indo-Iranian,LK,89,27,TO AVOID BIENG,0.7584,TO AVOID BIENA,,NoMatch,D432/01,to AVOID (us) [getting/being]/to AVOID/(us) [getting/being]
300004591900625,TELEVID6133_SCANNER12,LK0010089727712576830300004591900625,26/06/2025,21/06/2025,7277125768,LK001,Indo-Iranian,LK,89,30,WISH I HAD NEVER TOLD,0.7616,WISH I HAD NEVER TOLD,,Match,D432/01,wish I had not told/wish I had not/told/wish I hadn't told/wish I hadn't/told/wish I'd not told/wish I'd not/told/wish I had not informed/wish I had not/informed/wish I hadn't informed/wish I hadn't/informed/wish I'd not informed/wish I'd not/informed/wish I had never told/wish I had never/told/wish I'd never told/wish I'd never/told/wish I had never informed/wish I had never/informed/wish I'd never informed/wish I'd never/informed
300004591900630,TELEVID6133_SCANNER12,LK0010094727712576826300004591900630,26/06/2025,21/06/2025,7277125768,LK001,Indo-Iranian,LK,94,26,AS GOOD,0.7728,AS GOOD,,Match,D432/01,as good at (playing) chess/as good/at (playing) chess/so good at (playing) chess/so good/at (playing) chess/as good a chess player/as good/a chess player/so good a chess player/so good/a chess player
300004592200373,TELEVID8271_SCANNER12,IT4210007727712576811300004592200373,26/06/2025,21/06/2025,7277125768,IT421,Romance,IT,7,11,IT,0.7607,IT,,Match,D432/01,something/anything
300004592200375,TELEVID8271_SCANNER12,IT4210009727712576814300004592200375,26/06/2025,21/06/2025,7277125768,IT421,Romance,IT,9,14,IF,0.7796,IF,,Match,D432/01,though/if
300004592200375,TELEVID8271_SCANNER12,IT4210009727712576825300004592200375,26/06/2025,21/06/2025,7277125768,IT421,Romance,IT,9,25,NO INTENTION TO HIT,0.7948,NO INTENTION TO HIT,,Match,D432/01,(absolutely) no intention of hitting/(absolutely) no intention/of hitting
300004592200453,TELEVID8271_SCANNER12,IT4210019727712576848300004592200453,26/06/2025,21/06/2025,7277125768,IT421,Romance,IT,19,48,--impossible--,0.7856,E,,NoMatch,D432/01,D
300004592200457,TELEVID8271_SCANNER12,IT421002372771257684300004592200457,26/06/2025,21/06/2025,7277125768,IT421,Romance,IT,23,4,B,0.7811,B,,Match,D432/01,B
300004592200457,TELEVID8271_SCANNER12,IT4210023727712576825300004592200457,26/06/2025,21/06/2025,7277125768,IT421,Romance,IT,23,25,NO INTENTION OF HITTING,0.7577,NO INTENTION OF HIMING,,NoMatch,D432/01,(absolutely) no intention of hitting/(absolutely) no intention/of hitting
300004592200467,TELEVID8271_SCANNER12,IT4210033727712576834300004592200467,26/06/2025,21/06/2025,7277125768,IT421,Romance,IT,33,34,B,0.7878,B,,Match,D432/01,D
300004592200472,TELEVID8271_SCANNER12,IT4210003727712576813300004592200472,26/06/2025,21/06/2025,7277125768,IT421,Romance,IT,3,13,THAT,0.7862,THAT,,Match,D432/01,who/that
300004592500039,TELEVID8307_SCANNER12,PL0021031727712576826300004592500039,26/06/2025,21/06/2025,7277125768,PL002,Slavic,PL,1031,26,AS GOOD AT CHESS,0.7532,AS GOOD AT CHESS,,Match,D432/01,as good at (playing) chess/as good/at (playing) chess/so good at (playing) chess/so good/at (playing) chess/as good a chess player/as good/a chess player/so good a chess player/so good/a chess player
300004592500046,TELEVID8307_SCANNER12,PL0021038727712576824300004592500046,26/06/2025,21/06/2025,7277125768,PL002,Slavic,PL,1038,24,VIRUSED,0.7991,VIRUSED,,Match,D432/01,viral
300004592500046,TELEVID8307_SCANNER12,PL0021038727712576829300004592500046,26/06/2025,21/06/2025,7277125768,PL002,Slavic,PL,1038,29,NOT HAVE BEEN BROUGHT,0.7953,NOT HAVE BEEN BROUGHT,,Match,D432/01,never be brought/never/be brought/not (ever) be brought/not (ever)/be brought/n't (ever) be brought/n't (ever)/be brought
300004592800412,TELEVID8290_SCANNER13,PL2770009727712576821300004592800412,26/06/2025,21/06/2025,7277125768,PL277,Slavic,PL,9,21,SIGNIFICANTELLY,0.7779,SIGNIFICANTELLY,,Match,D432/01,Significantly
300004592800413,TELEVID8290_SCANNER13,PL2770010727712576825300004592800413,26/06/2025,21/06/2025,7277125768,PL277,Slavic,PL,10,25,NO INTENTION IN HITTING,0.7515,"NO, NTENTION IN HITTING",,NoMatch,D432/01,(absolutely) no intention of hitting/(absolutely) no intention/of hitting
300004592800413,TELEVID8290_SCANNER13,PL2770010727712576848300004592800413,26/06/2025,21/06/2025,7277125768,PL277,Slavic,PL,10,48,--impossible--,0.7722,C,,NoMatch,D432/01,D
300004592800415,TELEVID8290_SCANNER13,PL2770012727712576834300004592800415,26/06/2025,21/06/2025,7277125768,PL277,Slavic,PL,12,34,D,0.7513,D,,Match,D432/01,D
300004592800416,TELEVID8290_SCANNER13,PL2770013727712576828300004592800416,26/06/2025,21/06/2025,7277125768,PL277,Slavic,PL,13,28,IS IMPOSIBLE TO,0.7508,15 IMPOSIBLE TO,,NoMatch,D432/01,made it impossible for/made it/impossible for/meant it was/meant it was impossible for/impossible for
300004592800433,TELEVID8290_SCANNER13,PL277003072771257684300004592800433,26/06/2025,21/06/2025,7277125768,PL277,Slavic,PL,30,4,--impossible--,0.7948,C,,NoMatch,D432/01,B
300004592800458,TELEVID8290_SCANNER13,PL277005572771257687300004592800458,26/06/2025,21/06/2025,7277125768,PL277,Slavic,PL,55,7,B,0.7809,C,,NoMatch,D432/01,C
300004592800509,TELEVID8290_SCANNER13,PL2770069727712576830300004592800509,26/06/2025,21/06/2025,7277125768,PL277,Slavic,PL,69,30,WISH I DIDN'T TELL,0.788,WISH I DIDN'T TELL,,Match,D432/01,wish I had not told/wish I had not/told/wish I hadn't told/wish I hadn't/told/wish I'd not told/wish I'd not/told/wish I had not informed/wish I had not/informed/wish I hadn't informed/wish I hadn't/informed/wish I'd not informed/wish I'd not/informed/wish I had never told/wish I had never/told/wish I'd never told/wish I'd never/told/wish I had never informed/wish I had never/informed/wish I'd never informed/wish I'd never/informed
300004592800549,TELEVID8290_SCANNER13,ES2910238727712576829300004592800549,26/06/2025,21/06/2025,7277125768,ES291,Romance,ES,238,29,NOT BE BROUGHT,0.7721,NOT RE BROUGHT,,NoMatch,D432/01,never be brought/never/be brought/not (ever) be brought/not (ever)/be brought/n't (ever) be brought/n't (ever)/be brought
300004593100203,TELEVID6122_SCANNER12,ES071013572771257684300004593100203,26/06/2025,21/06/2025,7277125768,ES071,Romance,ES,135,4,B,0.7583,B,,Match,D432/01,B
300004593200184,TELEVID8265_SCANNER13,PL0061024727712576830300004593200184,26/06/2025,21/06/2025,7277125768,PL006,Slavic,PL,1024,30,WISH I DID NOT TELL,0.7522,WISH I DID NOT TELL,,Match,D432/01,wish I had not told/wish I had not/told/wish I hadn't told/wish I hadn't/told/wish I'd not told/wish I'd not/told/wish I had not informed/wish I had not/informed/wish I hadn't informed/wish I hadn't/informed/wish I'd not informed/wish I'd not/informed/wish I had never told/wish I had never/told/wish I'd never told/wish I'd never/told/wish I had never informed/wish I had never/informed/wish I'd never informed/wish I'd never/informed
300004593200186,TELEVID8265_SCANNER13,PL0061026727712576814300004593200186,26/06/2025,21/06/2025,7277125768,PL006,Slavic,PL,1026,14,IF,0.7856,1F,,NoMatch,D432/01,though/if
300004593200190,TELEVID8265_SCANNER13,PL0061030727712576830300004593200190,26/06/2025,21/06/2025,7277125768,PL006,Slavic,PL,1030,30,WISH I HAD NOT TOLD,0.7707,WISH I HAD NOT TOLD,,Match,D432/01,wish I had not told/wish I had not/told/wish I hadn't told/wish I hadn't/told/wish I'd not told/wish I'd not/told/wish I had not informed/wish I had not/informed/wish I hadn't informed/wish I hadn't/informed/wish I'd not informed/wish I'd not/informed/wish I had never told/wish I had never/told/wish I'd never told/wish I'd never/told/wish I had never informed/wish I had never/informed/wish I'd never informed/wish I'd never/informed
300004593200301,TELEVID8265_SCANNER13,IT4600002727712576837300004593200301,26/06/2025,21/06/2025,7277125768,IT460,Romance,IT,2,37,E,0.7536,E,,Match,D432/01,G
300004593200312,TELEVID8265_SCANNER13,IT4600013727712576810300004593200312,26/06/2025,21/06/2025,7277125768,IT460,Romance,IT,13,10,TO,0.7717,TO,,Match,D432/01,having
300004593200316,TELEVID8265_SCANNER13,IT4600017727712576827300004593200316,26/06/2025,21/06/2025,7277125768,IT460,Romance,IT,17,27,TO AVOID BEING,0.7968,TO AVOID BEING,,Match,D432/01,to AVOID (us) [getting/being]/to AVOID/(us) [getting/being]
300004593200316,TELEVID8265_SCANNER13,IT4600017727712576838300004593200316,26/06/2025,21/06/2025,7277125768,IT460,Romance,IT,17,38,E,0.7509,E,,Match,D432/01,E
300004593200316,TELEVID8265_SCANNER13,IT4600017727712576848300004593200316,26/06/2025,21/06/2025,7277125768,IT460,Romance,IT,17,48,B,0.7549,"B, C",,NoMatch,D432/01,D
300004593200318,TELEVID8265_SCANNER13,IT460001972771257684300004593200318,26/06/2025,21/06/2025,7277125768,IT460,Romance,IT,19,4,B,0.7985,B,,Match,D432/01,B
300004593200328,TELEVID8265_SCANNER13,IT4600029727712576822300004593200328,26/06/2025,21/06/2025,7277125768,IT460,Romance,IT,29,22,DIDN'TLIKED,0.7815,DIDN'T LIKED,,NoMatch,D432/01,disliked
300004593200369,TELEVID8265_SCANNER13,ES3850081727712576830300004593200369,26/06/2025,21/06/2025,7277125768,ES385,Romance,ES,81,30,WISH I HADN'T TOLD,0.7668,WISH I HADN'T TOLD,,Match,D432/01,wish I had not told/wish I had not/told/wish I hadn't told/wish I hadn't/told/wish I'd not told/wish I'd not/told/wish I had not informed/wish I had not/informed/wish I hadn't informed/wish I hadn't/informed/wish I'd not informed/wish I'd not/informed/wish I had never told/wish I had never/told/wish I'd never told/wish I'd never/told/wish I had never informed/wish I had never/informed/wish I'd never informed/wish I'd never/informed
300004593200656,TELEVID8265_SCANNER13,ES0070536727712576822300004593200656,26/06/2025,21/06/2025,7277125768,ES007,Romance,ES,536,22,DISLIKED,0.7876,DISLIKED,,Match,D432/01,disliked
300004593900085,TELEVID8276_SCANNER12,IT3100007727712576813300004593900085,26/06/2025,21/06/2025,7277125768,IT310,Romance,IT,7,13,WHO,0.7744,UHO,,NoMatch,D432/01,who/that
300004593900085,TELEVID8276_SCANNER12,IT3100007727712576824300004593900085,26/06/2025,21/06/2025,7277125768,IT310,Romance,IT,7,24,VIRAL,0.7887,VIRAL,,Match,D432/01,viral
300004593900218,TELEVID8276_SCANNER12,ES0070104727712576822300004593900218,26/06/2025,21/06/2025,7277125768,ES007,Romance,ES,104,22,DESLIKED,0.7517,DESLIKED,,Match,D432/01,disliked
300004593900218,TELEVID8276_SCANNER12,ES0070104727712576828300004593900218,26/06/2025,21/06/2025,7277125768,ES007,Romance,ES,104,28,MADES IMPOSSIBLE TO,0.7905,MADES IMPOSSIBLE TO MADES IMPOSSIBLE TO,,NoMatch,D432/01,made it impossible for/made it/impossible for/meant it was/meant it was impossible for/impossible for
300004593900218,TELEVID8276_SCANNER12,ES0070104727712576829300004593900218,26/06/2025,21/06/2025,7277125768,ES007,Romance,ES,104,29,NOT BE BROUGHT,0.7625,NOT BE BROUGHT NOT BE BROUGHT,,NoMatch,D432/01,never be brought/never/be brought/not (ever) be brought/not (ever)/be brought/n't (ever) be brought/n't (ever)/be brought
300004593900218,TELEVID8276_SCANNER12,ES0070104727712576848300004593900218,26/06/2025,21/06/2025,7277125768,ES007,Romance,ES,104,48,--impossible--,0.7836,D,,NoMatch,D432/01,D
300004593900269,TELEVID8276_SCANNER12,ES0070156727712576851300004593900269,26/06/2025,21/06/2025,7277125768,ES007,Romance,ES,156,51,D,0.7662,"D, E",,NoMatch,D432/01,D
300004593900305,TELEVID8276_SCANNER12,ES0070192727712576822300004593900305,26/06/2025,21/06/2025,7277125768,ES007,Romance,ES,192,22,DISLIKED,0.7848,DISLTKED,,NoMatch,D432/01,disliked
300004593900344,TELEVID8276_SCANNER12,ES007023172771257683300004593900344,26/06/2025,21/06/2025,7277125768,ES007,Romance,ES,231,3,B,0.7915,B,,Match,D432/01,C
300004593900371,TELEVID8276_SCANNER12,ES007025872771257681300004593900371,26/06/2025,21/06/2025,7277125768,ES007,Romance,ES,258,1,B,0.7995,B,,Match,D432/01,D
300004593900371,TELEVID8276_SCANNER12,ES0070258727712576814300004593900371,26/06/2025,21/06/2025,7277125768,ES007,Romance,ES,258,14,IF,0.7658,1F,,NoMatch,D432/01,though/if
300004593900481,TELEVID8276_SCANNER12,ES0070368727712576814300004593900481,26/06/2025,21/06/2025,7277125768,ES007,Romance,ES,368,14,IF,0.7589,IF,,Match,D432/01,though/if
300004593900605,TELEVID8276_SCANNER12,ES0070492727712576815300004593900605,26/06/2025,21/06/2025,7277125768,ES007,Romance,ES,492,15,ABOUT,0.7694,ABOOT,,NoMatch,D432/01,on
300004594700385,TELEVID6129_SCANNER12,PL0021101727712576814300004594700385,26/06/2025,21/06/2025,7277125768,PL002,Slavic,PL,1101,14,IF,0.7536,1F,,NoMatch,D432/01,though/if
300004594700440,TELEVID6129_SCANNER12,PL0021156727712576814300004594700440,26/06/2025,21/06/2025,7277125768,PL002,Slavic,PL,1156,14,IF,0.7834,1F,,NoMatch,D432/01,though/if
300004594700499,TELEVID6129_SCANNER12,ES4380355727712576830300004594700499,26/06/2025,21/06/2025,7277125768,ES438,Romance,ES,355,30,WISH I HADN'T TELL,0.7686,WISH I HADN'T TELL,,Match,D432/01,wish I had not told/wish I had not/told/wish I hadn't told/wish I hadn't/told/wish I'd not told/wish I'd not/told/wish I had not informed/wish I had not/informed/wish I hadn't informed/wish I hadn't/informed/wish I'd not informed/wish I'd not/informed/wish I had never told/wish I had never/told/wish I'd never told/wish I'd never/told/wish I had never informed/wish I had never/informed/wish I'd never informed/wish I'd never/informed
300004594800009,TELEVID6138_SCANNER13,LK0010217727712576830300004594800009,26/06/2025,21/06/2025,7277125768,LK001,Indo-Iranian,LK,217,30,DON'T WISH TOTELL,0.7596,DON'T WISH TOTELL,,Match,D432/01,wish I had not told/wish I had not/told/wish I hadn't told/wish I hadn't/told/wish I'd not told/wish I'd not/told/wish I had not informed/wish I had not/informed/wish I hadn't informed/wish I hadn't/informed/wish I'd not informed/wish I'd not/informed/wish I had never told/wish I had never/told/wish I'd never told/wish I'd never/told/wish I had never informed/wish I had never/informed/wish I'd never informed/wish I'd never/informed
300004594800010,TELEVID6138_SCANNER13,LK0010218727712576830300004594800010,26/06/2025,21/06/2025,7277125768,LK001,Indo-Iranian,LK,218,30,WISH I HAD NOT TOLD,0.7627,WIGH I HAD NOT TOLD,,NoMatch,D432/01,wish I had not told/wish I had not/told/wish I hadn't told/wish I hadn't/told/wish I'd not told/wish I'd not/told/wish I had not informed/wish I had not/informed/wish I hadn't informed/wish I hadn't/informed/wish I'd not informed/wish I'd not/informed/wish I had never told/wish I had never/told/wish I'd never told/wish I'd never/told/wish I had never informed/wish I had never/informed/wish I'd never informed/wish I'd never/informed
300004594800014,TELEVID6138_SCANNER13,LK001022272771257683300004594800014,26/06/2025,21/06/2025,7277125768,LK001,Indo-Iranian,LK,222,3,B,0.7947,B,,Match,D432/01,C
300004594800021,TELEVID6138_SCANNER13,LK001020672771257684300004594800021,26/06/2025,21/06/2025,7277125768,LK001,Indo-Iranian,LK,206,4,B,0.7869,B,,Match,D432/01,B
300004595100058,TELEVID8309_SCANNER12,PL0021073727712576817300004595100058,26/06/2025,21/06/2025,7277125768,PL002,Slavic,PL,1073,17,WIDE,0.7896,WIDE,,Match,D432/01,widen
300004595100060,TELEVID8309_SCANNER12,PL0021075727712576827300004595100060,26/06/2025,21/06/2025,7277125768,PL002,Slavic,PL,1075,27,TO AVOID BEEING,0.7781,TO AVOID BEEING,,Match,D432/01,to AVOID (us) [getting/being]/to AVOID/(us) [getting/being]
300004595100062,TELEVID8309_SCANNER12,PL0021077727712576814300004595100062,26/06/2025,21/06/2025,7277125768,PL002,Slavic,PL,1077,14,IF,0.79,1F,,NoMatch,D432/01,though/if
300004595100068,TELEVID8309_SCANNER12,PL0021083727712576814300004595100068,26/06/2025,21/06/2025,7277125768,PL002,Slavic,PL,1083,14,IF,0.7657,1F,,NoMatch,D432/01,though/if
300004595100068,TELEVID8309_SCANNER12,PL0021083727712576830300004595100068,26/06/2025,21/06/2025,7277125768,PL002,Slavic,PL,1083,30,WISH I HADN'T TOLD,0.7714,WISH J HADN'T TOLD,,NoMatch,D432/01,wish I had not told/wish I had not/told/wish I hadn't told/wish I hadn't/told/wish I'd not told/wish I'd not/told/wish I had not informed/wish I had not/informed/wish I hadn't informed/wish I hadn't/informed/wish I'd not informed/wish I'd not/informed/wish I had never told/wish I had never/told/wish I'd never told/wish I'd never/told/wish I had never informed/wish I had never/informed/wish I'd never informed/wish I'd never/informed
300004595100467,TELEVID8309_SCANNER12,PL1610003727712576818300004595100467,26/06/2025,21/06/2025,7277125768,PL161,Slavic,PL,3,18,IHIRTY,0.7631,IMIRTY,,NoMatch,D432/01,third
300004595500034,TELEVID8308_SCANNER12,ES4310010727712576821300004595500034,26/06/2025,21/06/2025,7277125768,ES431,Romance,ES,10,21,SIGNIFICALLY,0.7589,SIGNIFICALLY,,Match,D432/01,Significantly
300004595500117,TELEVID8308_SCANNER12,PL1610012727712576830300004595500117,26/06/2025,21/06/2025,7277125768,PL161,Slavic,PL,12,30,WISH I HADN'T TOLD,0.7672,WISH I HADN'T TOLD,,Match,D432/01,wish I had not told/wish I had not/told/wish I hadn't told/wish I hadn't/told/wish I'd not told/wish I'd not/told/wish I had not informed/wish I had not/informed/wish I hadn't informed/wish I hadn't/informed/wish I'd not informed/wish I'd not/informed/wish I had never told/wish I had never/told/wish I'd never told/wish I'd never/told/wish I had never informed/wish I had never/informed/wish I'd never informed/wish I'd never/informed
300004595500120,TELEVID8308_SCANNER12,PL1610015727712576832300004595500120,26/06/2025,21/06/2025,7277125768,PL161,Slavic,PL,15,32,B,0.7502,B,,Match,D432/01,B
300004597000129,TELEVID6141_SCANNER13,ES2520216727712576811300004597000129,27/06/2025,21/06/2025,7277125768,ES252,Romance,ES,216,11,SOMETHING,0.7515,SOMETHING,,Match,D432/01,something/anything
300004597000247,TELEVID6141_SCANNER13,ES4830070727712576822300004597000247,27/06/2025,21/06/2025,7277125768,ES483,Romance,ES,70,22,UNLIKED,0.7909,UNLIKED,,Match,D432/01,disliked
300004597000474,TELEVID6141_SCANNER13,IT2690004727712576830300004597000474,27/06/2025,21/06/2025,7277125768,IT269,Romance,IT,4,30,WISH I HADN'T TELL,0.7879,WISH I HADN'T TELL,,Match,D432/01,wish I had not told/wish I had not/told/wish I hadn't told/wish I hadn't/told/wish I'd not told/wish I'd not/told/wish I had not informed/wish I had not/informed/wish I hadn't informed/wish I hadn't/informed/wish I'd not informed/wish I'd not/informed/wish I had never told/wish I had never/told/wish I'd never told/wish I'd never/told/wish I had never informed/wish I had never/informed/wish I'd never informed/wish I'd never/informed
300004597200287,TELEVID8306_SCANNER13,PL002101972771257685300004597200287,27/06/2025,21/06/2025,7277125768,PL002,Slavic,PL,1019,5,B,0.7615,B,,Match,D432/01,D
300004597200287,TELEVID8306_SCANNER13,PL0021019727712576810300004597200287,27/06/2025,21/06/2025,7277125768,PL002,Slavic,PL,1019,10,THAN,0.7671,THON,,NoMatch,D432/01,having
300004597200294,TELEVID8306_SCANNER13,PL0021026727712576830300004597200294,27/06/2025,21/06/2025,7277125768,PL002,Slavic,PL,1026,30,WISH I DID NOT TELL,0.7819,WISH J DID NOT TELL,,NoMatch,D432/01,wish I had not told/wish I had not/told/wish I hadn't told/wish I hadn't/told/wish I'd not told/wish I'd not/told/wish I had not informed/wish I had not/informed/wish I hadn't informed/wish I hadn't/informed/wish I'd not informed/wish I'd not/informed/wish I had never told/wish I had never/told/wish I'd never told/wish I'd never/told/wish I had never informed/wish I had never/informed/wish I'd never informed/wish I'd never/informed
300004597200296,TELEVID8306_SCANNER13,PL0021028727712576824300004597200296,27/06/2025,21/06/2025,7277125768,PL002,Slavic,PL,1028,24,VIRUSED,0.7639,VIRUSED,,Match,D432/01,viral
300004597200296,TELEVID8306_SCANNER13,PL0021028727712576829300004597200296,27/06/2025,21/06/2025,7277125768,PL002,Slavic,PL,1028,29,NOT BE BROUGHT,0.7872,NOT BE BROUGHT,,Match,D432/01,never be brought/never/be brought/not (ever) be brought/not (ever)/be brought/n't (ever) be brought/n't (ever)/be brought
300004597200349,TELEVID8306_SCANNER13,PL0021003727712576826300004597200349,27/06/2025,21/06/2025,7277125768,PL002,Slavic,PL,1003,26,AS GOOD AT CHESS,0.7589,AS GOOD AT CHESS,,Match,D432/01,as good at (playing) chess/as good/at (playing) chess/so good at (playing) chess/so good/at (playing) chess/as good a chess player/as good/a chess player/so good a chess player/so good/a chess player
300004597200353,TELEVID8306_SCANNER13,PL002100772771257684300004597200353,27/06/2025,21/06/2025,7277125768,PL002,Slavic,PL,1007,4,B,0.7993,B,,Match,D432/01,B
300004597200359,TELEVID8306_SCANNER13,PL002101372771257681300004597200359,27/06/2025,21/06/2025,7277125768,PL002,Slavic,PL,1013,1,A,0.7783,"A, D",,NoMatch,D432/01,D
300004597200364,TELEVID8306_SCANNER13,PL0021096727712576846300004597200364,27/06/2025,21/06/2025,7277125768,PL002,Slavic,PL,1096,46,E,0.7831,E,,Match,D432/01,E
300004597200403,TELEVID8306_SCANNER13,PL002105072771257689300004597200403,27/06/2025,21/06/2025,7277125768,PL002,Slavic,PL,1050,9,IN,0.7574,IV,,NoMatch,D432/01,at
300004597300533,TELEVID8304_SCANNER13,GE0090027727712576825300004597300533,27/06/2025,21/06/2025,7277125768,GE009,Others,GE,27,25,NO INTENTION OF HITTING,0.7628,NO INTENTION OF HITTING,,Match,D432/01,(absolutely) no intention of hitting/(absolutely) no intention/of hitting
300004597300533,TELEVID8304_SCANNER13,GE0090027727712576830300004597300533,27/06/2025,21/06/2025,7277125768,GE009,Others,GE,27,30,WISH I HADN'T TOLD,0.7777,WISH I HADN'T TOLD,,Match,D432/01,wish I had not told/wish I had not/told/wish I hadn't told/wish I hadn't/told/wish I'd not told/wish I'd not/told/wish I had not informed/wish I had not/informed/wish I hadn't informed/wish I hadn't/informed/wish I'd not informed/wish I'd not/informed/wish I had never told/wish I had never/told/wish I'd never told/wish I'd never/told/wish I had never informed/wish I had never/informed/wish I'd never informed/wish I'd never/informed
300004597300554,TELEVID8304_SCANNER13,GE009004872771257684300004597300554,27/06/2025,21/06/2025,7277125768,GE009,Others,GE,48,4,B,0.7671,B,,Match,D432/01,B
300004597300607,TELEVID8304_SCANNER13,GE0090004727712576817300004597300607,27/06/2025,21/06/2025,7277125768,GE009,Others,GE,4,17,WIDTHEN,0.7826,WIDTHEN,,Match,D432/01,widen
300004597300608,TELEVID8304_SCANNER13,GE009000572771257684300004597300608,27/06/2025,21/06/2025,7277125768,GE009,Others,GE,5,4,--impossible--,0.7996,C,,NoMatch,D432/01,B
300004597400296,TELEVID8310_SCANNER13,PL0021065727712576819300004597400296,27/06/2025,21/06/2025,7277125768,PL002,Slavic,PL,1065,19,LENGTH,0.7584,LINGTH,,NoMatch,D432/01,length
300004597400296,TELEVID8310_SCANNER13,PL0021065727712576827300004597400296,27/06/2025,21/06/2025,7277125768,PL002,Slavic,PL,1065,27,TO AVOID GETTING,0.7724,10 AVOID GETTING,,NoMatch,D432/01,to AVOID (us) [getting/being]/to AVOID/(us) [getting/being]
300004597600252,TELEVID6126_SCANNER13,ES0710280727712576830300004597600252,27/06/2025,21/06/2025,7277125768,ES071,Romance,ES,280,30,WISH ANYONE TOLD,0.7835,WISH ANYONE TOLD,,Match,D432/01,wish I had not told/wish I had not/told/wish I hadn't told/wish I hadn't/told/wish I'd not told/wish I'd not/told/wish I had not informed/wish I had not/informed/wish I hadn't informed/wish I hadn't/informed/wish I'd not informed/wish I'd not/informed/wish I had never told/wish I had never/told/wish I'd never told/wish I'd never/told/wish I had never informed/wish I had never/informed/wish I'd never informed/wish I'd never/informed
300004597600465,TELEVID6126_SCANNER13,ES0710165727712576829300004597600465,27/06/2025,21/06/2025,7277125768,ES071,Romance,ES,165,29,NOT BEING BROUGHT,0.7775,NOT BEING BROUGHT,,Match,D432/01,never be brought/never/be brought/not (ever) be brought/not (ever)/be brought/n't (ever) be brought/n't (ever)/be brought
300004597800017,TELEVID6135_SCANNER13,PL0021179727712576814300004597800017,27/06/2025,21/06/2025,7277125768,PL002,Slavic,PL,1179,14,IF,0.7852,IF,,Match,D432/01,though/if
300004597900095,TELEVID6136_SCANNER13,ES0400076727712576830300004597900095,27/06/2025,21/06/2025,7277125768,ES040,Romance,ES,76,30,WISH I HAD TOLD,0.7665,WISH I HAD TOLD,,Match,D432/01,wish I had not told/wish I had not/told/wish I hadn't told/wish I hadn't/told/wish I'd not told/wish I'd not/told/wish I had not informed/wish I had not/informed/wish I hadn't informed/wish I hadn't/informed/wish I'd not informed/wish I'd not/informed/wish I had never told/wish I had never/told/wish I'd never told/wish I'd never/told/wish I had never informed/wish I had never/informed/wish I'd never informed/wish I'd never/informed
300004598100315,TELEVID8316_SCANNER13,ES4090006727712576830300004598100315,27/06/2025,21/06/2025,7277125768,ES409,Romance,ES,6,30,I WISH I COULD TELL,0.7805,1 WISH 1 COULD TELL,,NoMatch,D432/01,wish I had not told/wish I had not/told/wish I hadn't told/wish I hadn't/told/wish I'd not told/wish I'd not/told/wish I had not informed/wish I had not/informed/wish I hadn't informed/wish I hadn't/informed/wish I'd not informed/wish I'd not/informed/wish I had never told/wish I had never/told/wish I'd never told/wish I'd never/told/wish I had never informed/wish I had never/informed/wish I'd never informed/wish I'd never/informed
300004599300507,TELEVID6127_SCANNER13,LK0010103727712576828300004599300507,27/06/2025,21/06/2025,7277125768,LK001,Indo-Iranian,LK,103,28,MADE IT IMPOSSIPLE FOR,0.7925,MADE IT IMPOSSIPLE FOR,,Match,D432/01,made it impossible for/made it/impossible for/meant it was/meant it was impossible for/impossible for
300004599300517,TELEVID6127_SCANNER13,LK0010113727712576825300004599300517,27/06/2025,21/06/2025,7277125768,LK001,Indo-Iranian,LK,113,25,NO INTENTION TO HIT,0.7624,NO INTENTION TO H2T,,NoMatch,D432/01,(absolutely) no intention of hitting/(absolutely) no intention/of hitting
300004599300520,TELEVID6127_SCANNER13,LK0010116727712576823300004599300520,27/06/2025,21/06/2025,7277125768,LK001,Indo-Iranian,LK,116,23,APPEARANCE,0.7802,ADPEARANCE,,NoMatch,D432/01,appearance
300004599300521,TELEVID6127_SCANNER13,LK0010117727712576821300004599300521,27/06/2025,21/06/2025,7277125768,LK001,Indo-Iranian,LK,117,21,SIGNIFICANT,0.7503,51 GNIFICANT,,NoMatch,D432/01,Significantly
300004599300526,TELEVID6127_SCANNER13,LK0010122727712576821300004599300526,27/06/2025,21/06/2025,7277125768,LK001,Indo-Iranian,LK,122,21,SIGNIFICATLY,0.7652,SIGNIFICATLY,,Match,D432/01,Significantly
300004599300554,TELEVID6127_SCANNER13,LK0010150727712576816300004599300554,27/06/2025,21/06/2025,7277125768,LK001,Indo-Iranian,LK,150,16,SAME,0.7816,--blank--,,NoMatch,D432/01,no/little
300004599300556,TELEVID6127_SCANNER13,LK0010152727712576815300004599300556,27/06/2025,21/06/2025,7277125768,LK001,Indo-Iranian,LK,152,15,TO,0.7634,TO,,Match,D432/01,on
300004599300557,TELEVID6127_SCANNER13,LK0010153727712576830300004599300557,27/06/2025,21/06/2025,7277125768,LK001,Indo-Iranian,LK,153,30,WISH I DID NOT TELL,0.7868,WISH I DID NOT TELL,,Match,D432/01,wish I had not told/wish I had not/told/wish I hadn't told/wish I hadn't/told/wish I'd not told/wish I'd not/told/wish I had not informed/wish I had not/informed/wish I hadn't informed/wish I hadn't/informed/wish I'd not informed/wish I'd not/informed/wish I had never told/wish I had never/told/wish I'd never told/wish I'd never/told/wish I had never informed/wish I had never/informed/wish I'd never informed/wish I'd never/informed
300004599500138,TELEVID6148_SCANNER13,ES4120317727712576818300004599500138,27/06/2025,21/06/2025,7277125768,ES412,Romance,ES,317,18,THREELS,0.7522,THREELS,,Match,D432/01,third
300004605100259,TELEVID6139_SCANNER13,ES030103272771257684300004605100259,30/06/2025,21/06/2025,7277125768,ES030,Romance,ES,1032,4,B,0.7695,B,,Match,D432/01,B
300004605100264,TELEVID6139_SCANNER13,ES0301037727712576822300004605100264,30/06/2025,21/06/2025,7277125768,ES030,Romance,ES,1037,22,UNLIKED,0.7549,UNCIKED,,NoMatch,D432/01,disliked
300004605500007,TELEVID8317_SCANNER13,PL0900013727712576848300004605500007,30/06/2025,21/06/2025,7277125768,PL090,Slavic,PL,13,48,B,0.7859,--blank--,,NoMatch,D432/01,D
300004605700274,TELEVID8320_SCANNER13,PL0900024727712576814300004605700274,30/06/2025,21/06/2025,7277125768,PL090,Slavic,PL,24,14,IF,0.7545,1F,,NoMatch,D432/01,though/if
300004605900239,TELEVID8312_SCANNER13,TN0010105727712576811300004605900239,30/06/2025,21/06/2025,7277125768,TN001,Afro-Asiatic,TN,105,11,SOMEBODY,0.7546,SOMEBODY,,Match,D432/01,something/anything
300004605900239,TELEVID8312_SCANNER13,TN0010105727712576847300004605900239,30/06/2025,21/06/2025,7277125768,TN001,Afro-Asiatic,TN,105,47,A,0.7786,A,,Match,D432/01,A
300004605900242,TELEVID8312_SCANNER13,TN001010872771257687300004605900242,30/06/2025,21/06/2025,7277125768,TN001,Afro-Asiatic,TN,108,7,B,0.7529,B,,Match,D432/01,C
300004605900250,TELEVID8312_SCANNER13,TN0010116727712576828300004605900250,30/06/2025,21/06/2025,7277125768,TN001,Afro-Asiatic,TN,116,28,MADE IF IMPOSSIBLE FOR,0.7821,MODE IF EMPOSSIBLE FOR,,NoMatch,D432/01,made it impossible for/made it/impossible for/meant it was/meant it was impossible for/impossible for
300004606600517,TELEVID6162_SCANNER13,IT3260005727712576817300004606600517,30/06/2025,21/06/2025,7277125768,IT326,Romance,IT,5,17,WIDTH,0.7977,WIDTHALLY,,NoMatch,D432/01,widen
300004606600522,TELEVID6162_SCANNER13,IT3260010727712576827300004606600522,30/06/2025,21/06/2025,7277125768,IT326,Romance,IT,10,27,TO AVOI,0.7928,TO AVOI,,Match,D432/01,to AVOID (us) [getting/being]/to AVOID/(us) [getting/being]
300004607100478,TELEVID6163_SCANNER13,PE5060010727712576824300004607100478,30/06/2025,21/06/2025,7277125768,PE506,Romance,PE,10,24,VIRAL,0.7523,VIRAL,,Match,D432/01,viral
300004607100479,TELEVID6163_SCANNER13,PE5060011727712576827300004607100479,30/06/2025,21/06/2025,7277125768,PE506,Romance,PE,11,27,TO AVOID GETTING,0.7919,TO AVOID GETTING,,Match,D432/01,to AVOID (us) [getting/being]/to AVOID/(us) [getting/being]
300004607100503,TELEVID6163_SCANNER13,ES636001972771257687300004607100503,30/06/2025,21/06/2025,7277125768,ES636,Romance,ES,19,7,--impossible--,0.7558,C,,NoMatch,D432/01,C
300004607100503,TELEVID6163_SCANNER13,ES6360019727712576825300004607100503,30/06/2025,21/06/2025,7277125768,ES636,Romance,ES,19,25,NOT THE INTENTION TO HIT,0.7886,NOT THE INTENTION TO HIT,,Match,D432/01,(absolutely) no intention of hitting/(absolutely) no intention/of hitting
300004608300018,TELEVID6175_SCANNER13,IT087000872771257684300004608300018,01/07/2025,21/06/2025,7277125768,IT087,Romance,IT,8,4,B,0.7622,B,,Match,D432/01,B
300004608300021,TELEVID6175_SCANNER13,IT0870011727712576827300004608300021,01/07/2025,21/06/2025,7277125768,IT087,Romance,IT,11,27,TO AVOID TO,0.7975,TO AVOID TO,,Match,D432/01,to AVOID (us) [getting/being]/to AVOID/(us) [getting/being]
300004608300021,TELEVID6175_SCANNER13,IT0870011727712576828300004608300021,01/07/2025,21/06/2025,7277125768,IT087,Romance,IT,11,28,MADE IMPOSSIBLE TO,0.7806,MADE IMPOSSIBLE TO,,Match,D432/01,made it impossible for/made it/impossible for/meant it was/meant it was impossible for/impossible for
300004608300021,TELEVID6175_SCANNER13,IT0870011727712576835300004608300021,01/07/2025,21/06/2025,7277125768,IT087,Romance,IT,11,35,C,0.7507,C,,Match,D432/01,C
300004608300072,TELEVID6175_SCANNER13,DE004000972771257684300004608300072,01/07/2025,21/06/2025,7277125768,DE004,Germanic,DE,9,4,B,0.7834,B,,Match,D432/01,B
300004608300128,TELEVID6175_SCANNER13,ES850520872771257684300004608300128,01/07/2025,21/06/2025,7277125768,ES850,Romance,ES,5208,4,B,0.766,B,,Match,D432/01,B
300004608500330,TELEVID6172_SCANNER13,ES5890022727712576828300004608500330,01/07/2025,21/06/2025,7277125768,ES589,Romance,ES,22,28,MAKE IMPOSSIBLE TO,0.7571,MAKE IMPOSSIBLE TO,,Match,D432/01,made it impossible for/made it/impossible for/meant it was/meant it was impossible for/impossible for
300004609400498,TELEVID6177_SCANNER13,ES2910617727712576827300004609400498,01/07/2025,21/06/2025,7277125768,ES291,Romance,ES,617,27,TO AVOID UNTIL GET STUCK,0.7567,TO AVOID UNTIL GET STUCK,,Match,D432/01,to AVOID (us) [getting/being]/to AVOID/(us) [getting/being]
300004611000276,TELEVID6207_SCANNER12,ES4970131857122788617300004611000276,01/07/2025,28/06/2025,8571227886,ES497,Romance,ES,131,17,BENEFFICIAL,0.7936,BENEFFICIAL,,Match,D432/01,beneficial
300004611000320,TELEVID6207_SCANNER12,ES4970175857122788615300004611000320,01/07/2025,28/06/2025,8571227886,ES497,Romance,ES,175,15,THOUGH,0.7616,THOUGH,,Match,D432/01,though
300004611000320,TELEVID6207_SCANNER12,ES4970175857122788625300004611000320,01/07/2025,28/06/2025,8571227886,ES497,Romance,ES,175,25,WAS MADE OUT BY,0.7601,WAS MADE OUR BY,,NoMatch,D432/01,got made up by/got made/up by/was made up by/was made/up by
300004613400179,TELEVID6195_SCANNER13,ES4399124727712576821300004613400179,02/07/2025,21/06/2025,7277125768,ES439,Romance,ES,9124,21,SIGNIFICATLY,0.7859,STGNIFICATLY,,NoMatch,D432/01,Significantly
300004613400179,TELEVID6195_SCANNER13,ES4399124727712576834300004613400179,02/07/2025,21/06/2025,7277125768,ES439,Romance,ES,9124,34,B,0.797,B,,Match,D432/01,D
300004613400422,TELEVID6195_SCANNER13,ES3300189727712576830300004613400422,02/07/2025,21/06/2025,7277125768,ES330,Romance,ES,189,30,WISH I DIDNT HAVE TOLD,0.7902,WISH I OIDNT HAVE TOLD,,NoMatch,D432/01,wish I had not told/wish I had not/told/wish I hadn't told/wish I hadn't/told/wish I'd not told/wish I'd not/told/wish I had not informed/wish I had not/informed/wish I hadn't informed/wish I hadn't/informed/wish I'd not informed/wish I'd not/informed/wish I had never told/wish I had never/told/wish I'd never told/wish I'd never/told/wish I had never informed/wish I had never/informed/wish I'd never informed/wish I'd never/informed
300004614300310,TELEVID6204_SCANNER13,ES2910034857122788630300004614300310,02/07/2025,28/06/2025,8571227886,ES291,Romance,ES,34,30,TAKE AN EYE TO,0.7674,TAKE AN EYE TO,,Match,D432/01,keep an eye on/keep/an eye on/keep your eye on/keep/your eye on
300004617300352,televid6240_SCANNER12,IT1230016857122788629300004617300352,03/07/2025,28/06/2025,8571227886,IT123,Romance,IT,16,29,PAY ATTENTION TO,0.7553,DAY ATTENTION TO,,NoMatch,D432/01,pay (close) attention to/pay (close) attention/to/pay (careful) attention to/pay (careful) attention/to
300004617600066,TELEVID6237_SCANNER12,ES4470009727712576836300004617600066,03/07/2025,21/06/2025,7277125768,ES447,Romance,ES,9,36,D,0.7794,"C, D",,NoMatch,D432/01,D
300004617600100,TELEVID6237_SCANNER12,ES4470043727712576834300004617600100,03/07/2025,21/06/2025,7277125768,ES447,Romance,ES,43,34,B,0.7812,C,,NoMatch,D432/01,D
300004617600150,TELEVID6237_SCANNER12,ES447009372771257687300004617600150,03/07/2025,21/06/2025,7277125768,ES447,Romance,ES,93,7,B,0.7952,C,,NoMatch,D432/01,C
300004617600297,TELEVID6237_SCANNER12,ES421001772771257681300004617600297,03/07/2025,21/06/2025,7277125768,ES421,Romance,ES,17,1,B,0.7985,B,,Match,D432/01,D
300004618100001,TELEVID6234_SCANNER12,ES4210165727712576812300004618100001,03/07/2025,21/06/2025,7277125768,ES421,Romance,ES,165,12,WHY,0.758,WHY,,Match,D432/01,when
300004618100008,TELEVID6234_SCANNER12,ES421017272771257684300004618100008,03/07/2025,21/06/2025,7277125768,ES421,Romance,ES,172,4,A,0.7583,A,,Match,D432/01,B
300004618300149,TELEVID6245_SCANNER12,PL1620006727712576830300004618300149,03/07/2025,21/06/2025,7277125768,PL162,Slavic,PL,6,30,WISH I DIDN'T TELL,0.7542,WISH I DIDNT TELL,,NoMatch,D432/01,wish I had not told/wish I had not/told/wish I hadn't told/wish I hadn't/told/wish I'd not told/wish I'd not/told/wish I had not informed/wish I had not/informed/wish I hadn't informed/wish I hadn't/informed/wish I'd not informed/wish I'd not/informed/wish I had never told/wish I had never/told/wish I'd never told/wish I'd never/told/wish I had never informed/wish I had never/informed/wish I'd never informed/wish I'd never/informed
300004618300155,TELEVID6245_SCANNER12,PL162002172771257687300004618300155,03/07/2025,21/06/2025,7277125768,PL162,Slavic,PL,21,7,B,0.7674,B,,Match,D432/01,C
300004618300162,TELEVID6245_SCANNER12,PL1620029727712576849300004618300162,03/07/2025,21/06/2025,7277125768,PL162,Slavic,PL,29,49,E,0.7569,E,,Match,D432/01,B
300004618900608,TELEVID6241_SCANNER12,ES1035785857122788620300004618900608,03/07/2025,28/06/2025,8571227886,ES103,Romance,ES,5785,20,UNREALISTIC,0.7996,UNREALISTIC,,Match,D432/01,unrealistic
300004618900614,TELEVID6241_SCANNER12,ES1035791857122788611300004618900614,03/07/2025,28/06/2025,8571227886,ES103,Romance,ES,5791,11,THEM,0.7718,THEM,,Match,D432/01,them
300004619300405,TELEVID6246_SCANNER12,ES0400705857122788649300004619300405,03/07/2025,28/06/2025,8571227886,ES040,Romance,ES,705,49,C,0.7778,C,,Match,D432/01,C
300004619500287,TELEVID6242_SCANNER12,IT1230004857122788628300004619500287,03/07/2025,28/06/2025,8571227886,IT123,Romance,IT,4,28,TIM NOBODY HAS,0.7793,TIM NOBODY HAS,,Match,D432/01,from Tim nobody/from Tim/nobody/from Tim nobody else/from Tim/nobody else/from Tim nobody has/from Tim/nobody has/from Tim nobody's/from Tim/nobody's/from Tim nobody else has/from Tim/nobody else has/from him nobody/from him/nobody/from him nobody else/from him/nobody else/from him nobody has/from him/nobody has/from him nobody's/from him/nobody's/from him nobody else has/from him/nobody else has/from her nobody/from her/nobody/from her nobody else/from her/nobody else/from her nobody has/from her/nobody has/from her nobody's/from her/nobody's/from her nobody else has/from her/nobody else has/from them nobody/from them/nobody/from them nobody else/from them/nobody else/from them nobody has/from them/nobody has/from them nobody's/from them/nobody's/from them nobody else has/from them/nobody else has
300004619500287,TELEVID6242_SCANNER12,IT1230004857122788630300004619500287,03/07/2025,28/06/2025,8571227886,IT123,Romance,IT,4,30,HAVE A EYE ON,0.7722,HAVE A EYE ON,,Match,D432/01,keep an eye on/keep/an eye on/keep your eye on/keep/your eye on
300004619700277,TELEVID6243_SCANNER12,ES421005672771257684300004619700277,03/07/2025,21/06/2025,7277125768,ES421,Romance,ES,56,4,B,0.7813,B,,Match,D432/01,B
300004620600583,TELEVID6251_SCANNER12,ES0301139857122788634300004620600583,03/07/2025,28/06/2025,8571227886,ES030,Romance,ES,1139,34,B,0.7729,B,,Match,D432/01,B
300004620600690,TELEVID6251_SCANNER12,IT1600002727712576821300004620600690,03/07/2025,21/06/2025,7277125768,IT160,Romance,IT,2,21,SIGNIFICATELLY,0.7968,SIGNIFICATELLY,,Match,D432/01,Significantly
300004620600699,TELEVID6251_SCANNER12,IT1600011727712576830300004620600699,03/07/2025,21/06/2025,7277125768,IT160,Romance,IT,11,30,WISH I HADN'T TOLD,0.7769,WISH I HADN'T TOLD,,Match,D432/01,wish I had not told/wish I had not/told/wish I hadn't told/wish I hadn't/told/wish I'd not told/wish I'd not/told/wish I had not informed/wish I had not/informed/wish I hadn't informed/wish I hadn't/informed/wish I'd not informed/wish I'd not/informed/wish I had never told/wish I had never/told/wish I'd never told/wish I'd never/told/wish I had never informed/wish I had never/informed/wish I'd never informed/wish I'd never/informed
300004620600702,TELEVID6251_SCANNER12,IT1600014727712576825300004620600702,03/07/2025,21/06/2025,7277125768,IT160,Romance,IT,14,25,NO INTENTION IN HITTING,0.7899,NO INTENTION IN MILLING,,NoMatch,D432/01,(absolutely) no intention of hitting/(absolutely) no intention/of hitting
300004620600703,TELEVID6251_SCANNER12,IT160001572771257684300004620600703,03/07/2025,21/06/2025,7277125768,IT160,Romance,IT,15,4,B,0.7652,B,,Match,D432/01,B
300004620600706,TELEVID6251_SCANNER12,IT1600018727712576827300004620600706,03/07/2025,21/06/2025,7277125768,IT160,Romance,IT,18,27,AVOID BEING,0.786,AVOID BEING,,Match,D432/01,to AVOID (us) [getting/being]/to AVOID/(us) [getting/being]
300004620800573,TELEVID6250_SCANNER12,ES3783020857122788625300004620800573,03/07/2025,28/06/2025,8571227886,ES378,Romance,ES,3020,25,HAD BEEN MADE BY,0.7927,HAD BEEN MADE BY,,Match,D432/01,got made up by/got made/up by/was made up by/was made/up by
300004620800620,TELEVID6250_SCANNER12,ES637001285712278863300004620800620,03/07/2025,28/06/2025,8571227886,ES637,Romance,ES,12,3,B,0.7813,C,,NoMatch,D432/01,A
300004621500571,TELEVID6256_SCANNER12,ES438000185712278861300004621500571,03/07/2025,28/06/2025,8571227886,ES438,Romance,ES,1,1,B,0.7503,B,,Match,D432/01,B
300004621500576,TELEVID6256_SCANNER12,ES4380006857122788634300004621500576,03/07/2025,28/06/2025,8571227886,ES438,Romance,ES,6,34,--impossible--,0.7776,C,,NoMatch,D432/01,B
300004621500577,TELEVID6256_SCANNER12,ES4380007857122788617300004621500577,03/07/2025,28/06/2025,8571227886,ES438,Romance,ES,7,17,BENEFITABLE,0.7771,BENEFITABLE,,Match,D432/01,beneficial
300004621500611,TELEVID6256_SCANNER12,ES438004185712278863300004621500611,03/07/2025,28/06/2025,8571227886,ES438,Romance,ES,41,3,B,0.7548,B,,Match,D432/01,A
300004621500611,TELEVID6256_SCANNER12,ES4380041857122788618300004621500611,03/07/2025,28/06/2025,8571227886,ES438,Romance,ES,41,18,CONSUMPTION,0.7965,CONSUMPTION,,Match,D432/01,consumption
300004621500653,TELEVID6256_SCANNER12,ES4380083857122788628300004621500653,03/07/2025,28/06/2025,8571227886,ES438,Romance,ES,83,28,FROM TIM NOBODY ELSE,0.753,FROM TIM NOBODY ELSE,,Match,D432/01,from Tim nobody/from Tim/nobody/from Tim nobody else/from Tim/nobody else/from Tim nobody has/from Tim/nobody has/from Tim nobody's/from Tim/nobody's/from Tim nobody else has/from Tim/nobody else has/from him nobody/from him/nobody/from him nobody else/from him/nobody else/from him nobody has/from him/nobody has/from him nobody's/from him/nobody's/from him nobody else has/from him/nobody else has/from her nobody/from her/nobody/from her nobody else/from her/nobody else/from her nobody has/from her/nobody has/from her nobody's/from her/nobody's/from her nobody else has/from her/nobody else has/from them nobody/from them/nobody/from them nobody else/from them/nobody else/from them nobody has/from them/nobody has/from them nobody's/from them/nobody's/from them nobody else has/from them/nobody else has
300004621700168,TELEVID6247_SCANNER12,ES4450079857122788620300004621700168,03/07/2025,28/06/2025,8571227886,ES445,Romance,ES,79,20,UNREAL,0.7923,UNREAL,,Match,D432/01,unrealistic
300004621700236,TELEVID6247_SCANNER12,ES1035835857122788621300004621700236,03/07/2025,28/06/2025,8571227886,ES103,Romance,ES,5835,21,AFFORDABLE,0.7771,AFFORDABLE,,Match,D432/01,affordable
300004621700236,TELEVID6247_SCANNER12,ES1035835857122788625300004621700236,03/07/2025,28/06/2025,8571227886,ES103,Romance,ES,5835,25,WAS MADE UP BY,0.7649,WAS MADE UP BY,,Match,D432/01,got made up by/got made/up by/was made up by/was made/up by
300004621900387,TELEVID6254_SCANNER12,ES3890021857122788628300004621900387,03/07/2025,28/06/2025,8571227886,ES389,Romance,ES,21,28,FROM TIM NOBODY HAS,0.7537,FROM TIM NOBODY HAS,,Match,D432/01,from Tim nobody/from Tim/nobody/from Tim nobody else/from Tim/nobody else/from Tim nobody has/from Tim/nobody has/from Tim nobody's/from Tim/nobody's/from Tim nobody else has/from Tim/nobody else has/from him nobody/from him/nobody/from him nobody else/from him/nobody else/from him nobody has/from him/nobody has/from him nobody's/from him/nobody's/from him nobody else has/from him/nobody else has/from her nobody/from her/nobody/from her nobody else/from her/nobody else/from her nobody has/from her/nobody has/from her nobody's/from her/nobody's/from her nobody else has/from her/nobody else has/from them nobody/from them/nobody/from them nobody else/from them/nobody else/from them nobody has/from them/nobody has/from them nobody's/from them/nobody's/from them nobody else has/from them/nobody else has
300004621900581,TELEVID6254_SCANNER12,IT2170006857122788628300004621900581,03/07/2025,28/06/2025,8571227886,IT217,Romance,IT,6,28,TIM NOBODY HAS,0.7835,TIM NOBODY HAS,,Match,D432/01,from Tim nobody/from Tim/nobody/from Tim nobody else/from Tim/nobody else/from Tim nobody has/from Tim/nobody has/from Tim nobody's/from Tim/nobody's/from Tim nobody else has/from Tim/nobody else has/from him nobody/from him/nobody/from him nobody else/from him/nobody else/from him nobody has/from him/nobody has/from him nobody's/from him/nobody's/from him nobody else has/from him/nobody else has/from her nobody/from her/nobody/from her nobody else/from her/nobody else/from her nobody has/from her/nobody has/from her nobody's/from her/nobody's/from her nobody else has/from her/nobody else has/from them nobody/from them/nobody/from them nobody else/from them/nobody else/from them nobody has/from them/nobody has/from them nobody's/from them/nobody's/from them nobody else has/from them/nobody else has
300004621900583,TELEVID6254_SCANNER12,IT217000885712278864300004621900583,03/07/2025,28/06/2025,8571227886,IT217,Romance,IT,8,4,B,0.7702,B,,Match,D432/01,B
300004621900599,TELEVID6254_SCANNER12,IT2170024857122788628300004621900599,03/07/2025,28/06/2025,8571227886,IT217,Romance,IT,24,28,FROM TIM NOBODY,0.7751,FROM TIR NOBODY,,NoMatch,D432/01,from Tim nobody/from Tim/nobody/from Tim nobody else/from Tim/nobody else/from Tim nobody has/from Tim/nobody has/from Tim nobody's/from Tim/nobody's/from Tim nobody else has/from Tim/nobody else has/from him nobody/from him/nobody/from him nobody else/from him/nobody else/from him nobody has/from him/nobody has/from him nobody's/from him/nobody's/from him nobody else has/from him/nobody else has/from her nobody/from her/nobody/from her nobody else/from her/nobody else/from her nobody has/from her/nobody has/from her nobody's/from her/nobody's/from her nobody else has/from her/nobody else has/from them nobody/from them/nobody/from them nobody else/from them/nobody else/from them nobody has/from them/nobody has/from them nobody's/from them/nobody's/from them nobody else has/from them/nobody else has
300004621900602,TELEVID6254_SCANNER12,IT2170027857122788622300004621900602,03/07/2025,28/06/2025,8571227886,IT217,Romance,IT,27,22,PLEASEMENT,0.78,PLEASEMENT,,Match,D432/01,pleasure
300004621900604,TELEVID6254_SCANNER12,IT2170029857122788627300004621900604,03/07/2025,28/06/2025,8571227886,IT217,Romance,IT,29,27,NOT WORTH,0.7978,NOT WORTH,,Match,D432/01,not WORTH worrying [about/over]/not WORTH/worrying [about/over]
300004622300171,TELEVID6258_SCANNER12,ES4380126857122788629300004622300171,03/07/2025,28/06/2025,8571227886,ES438,Romance,ES,126,29,PUT ATTENTION TO,0.7562,PPUT ATTENTION TO,,NoMatch,D432/01,pay (close) attention to/pay (close) attention/to/pay (careful) attention to/pay (careful) attention/to
300004622300860,TELEVID6258_SCANNER12,ES4420031857122788621300004622300860,03/07/2025,28/06/2025,8571227886,ES442,Romance,ES,31,21,AFFORDABLE,0.768,AIFORDABLE,,NoMatch,D432/01,affordable
300004622300884,TELEVID6258_SCANNER12,ES4420055857122788630300004622300884,03/07/2025,28/06/2025,8571227886,ES442,Romance,ES,55,30,KEEP AN EYE ON,0.7818,KEEP AN EYE ON,,Match,D432/01,keep an eye on/keep/an eye on/keep your eye on/keep/your eye on
300004622500997,TELEVID6264_SCANNER12,ES391703085712278867300004622500997,03/07/2025,28/06/2025,8571227886,ES391,Romance,ES,7030,7,D,0.7868,D,,Match,D432/01,D
300004622500997,TELEVID6264_SCANNER12,ES3917030857122788618300004622500997,03/07/2025,28/06/2025,8571227886,ES391,Romance,ES,7030,18,CONSUMITION,0.7506,CONSUMITSON,,NoMatch,D432/01,consumption
300004622501023,TELEVID6264_SCANNER12,ES3917056857122788616300004622501023,03/07/2025,28/06/2025,8571227886,ES391,Romance,ES,7056,16,IT,0.7556,IT,,Match,D432/01,which
300004622501048,TELEVID6264_SCANNER12,ES391708185712278861300004622501048,03/07/2025,28/06/2025,8571227886,ES391,Romance,ES,7081,1,B,0.7728,B,,Match,D432/01,B
300004622501064,TELEVID6264_SCANNER12,ES3917097857122788618300004622501064,03/07/2025,28/06/2025,8571227886,ES391,Romance,ES,7097,18,CONSUMATION,0.7943,CONSUMATION,,Match,D432/01,consumption
300004622501085,TELEVID6264_SCANNER12,ES3917118857122788615300004622501085,03/07/2025,28/06/2025,8571227886,ES391,Romance,ES,7118,15,IF,0.7905,1F,,NoMatch,D432/01,though
300004622501100,TELEVID6264_SCANNER12,ES3917133857122788625300004622501100,03/07/2025,28/06/2025,8571227886,ES391,Romance,ES,7133,25,WAS NOT MADE BY,0.7561,WAS NOT HADE BY,,NoMatch,D432/01,got made up by/got made/up by/was made up by/was made/up by
300004622501107,TELEVID6264_SCANNER12,ES3917140857122788627300004622501107,03/07/2025,28/06/2025,8571227886,ES391,Romance,ES,7140,27,NOT WORTH TO,0.7917,NOT WORTH TO,,Match,D432/01,not WORTH worrying [about/over]/not WORTH/worrying [about/over]
300004622501197,TELEVID6264_SCANNER12,ES3917230857122788613300004622501197,03/07/2025,28/06/2025,8571227886,ES391,Romance,ES,7230,13,THE,0.7845,THE,,Match,D432/01,many
300004622501226,TELEVID6264_SCANNER12,ES391725985712278863300004622501226,03/07/2025,28/06/2025,8571227886,ES391,Romance,ES,7259,3,B,0.7966,B,,Match,D432/01,A
300004622501226,TELEVID6264_SCANNER12,ES391725985712278864300004622501226,03/07/2025,28/06/2025,8571227886,ES391,Romance,ES,7259,4,A,0.7936,A,,Match,D432/01,B
300004622501226,TELEVID6264_SCANNER12,ES3917259857122788640300004622501226,03/07/2025,28/06/2025,8571227886,ES391,Romance,ES,7259,40,A,0.7704,A,,Match,D432/01,A
300004622501248,TELEVID6264_SCANNER12,ES391728185712278861300004622501248,03/07/2025,28/06/2025,8571227886,ES391,Romance,ES,7281,1,B,0.7704,B,,Match,D432/01,B
300004622501248,TELEVID6264_SCANNER12,ES3917281857122788610300004622501248,03/07/2025,28/06/2025,8571227886,ES391,Romance,ES,7281,10,ONE,0.783,ONE,,Match,D432/01,because
300004622700402,TELEVID6262_SCANNER12,ES7500521857122788618300004622700402,03/07/2025,28/06/2025,8571227886,ES750,Romance,ES,521,18,CONSUMES,0.7742,CONSOMES,,NoMatch,D432/01,consumption
300004623000571,TELEVID6270_SCANNER13,IT2820031857122788630300004623000571,04/07/2025,28/06/2025,8571227886,IT282,Romance,IT,31,30,KEEP AN EYE ON,0.7834,KEEP AN EXF ON,,NoMatch,D432/01,keep an eye on/keep/an eye on/keep your eye on/keep/your eye on
300004623000575,TELEVID6270_SCANNER13,IT2820035857122788634300004623000575,04/07/2025,28/06/2025,8571227886,IT282,Romance,IT,35,34,B,0.75,B,,Match,D432/01,B
300004623200321,TELEVID6261_SCANNER13,ES7500137857122788618300004623200321,04/07/2025,28/06/2025,8571227886,ES750,Romance,ES,137,18,CONSUMISM,0.7502,CONSUMISM,,Match,D432/01,consumption
300004623200347,TELEVID6261_SCANNER13,ES7500163857122788628300004623200347,04/07/2025,28/06/2025,8571227886,ES750,Romance,ES,163,28,FROM TIM NOBODY HAS,0.7892,FROM TIM NOBODY HAS,,Match,D432/01,from Tim nobody/from Tim/nobody/from Tim nobody else/from Tim/nobody else/from Tim nobody has/from Tim/nobody has/from Tim nobody's/from Tim/nobody's/from Tim nobody else has/from Tim/nobody else has/from him nobody/from him/nobody/from him nobody else/from him/nobody else/from him nobody has/from him/nobody has/from him nobody's/from him/nobody's/from him nobody else has/from him/nobody else has/from her nobody/from her/nobody/from her nobody else/from her/nobody else/from her nobody has/from her/nobody has/from her nobody's/from her/nobody's/from her nobody else has/from her/nobody else has/from them nobody/from them/nobody/from them nobody else/from them/nobody else/from them nobody has/from them/nobody has/from them nobody's/from them/nobody's/from them nobody else has/from them/nobody else has
300004623200360,TELEVID6261_SCANNER13,ES7500176857122788620300004623200360,04/07/2025,28/06/2025,8571227886,ES750,Romance,ES,176,20,IRREALISTIC,0.7507,IRREALISTIC,,Match,D432/01,unrealistic
300004623200420,TELEVID6261_SCANNER13,ES7500256857122788628300004623200420,04/07/2025,28/06/2025,8571227886,ES750,Romance,ES,256,28,"FROM TIM, NOBODY",0.7677,"FROM TIM, NOBODY",,Match,D432/01,from Tim nobody/from Tim/nobody/from Tim nobody else/from Tim/nobody else/from Tim nobody has/from Tim/nobody has/from Tim nobody's/from Tim/nobody's/from Tim nobody else has/from Tim/nobody else has/from him nobody/from him/nobody/from him nobody else/from him/nobody else/from him nobody has/from him/nobody has/from him nobody's/from him/nobody's/from him nobody else has/from him/nobody else has/from her nobody/from her/nobody/from her nobody else/from her/nobody else/from her nobody has/from her/nobody has/from her nobody's/from her/nobody's/from her nobody else has/from her/nobody else has/from them nobody/from them/nobody/from them nobody else/from them/nobody else/from them nobody has/from them/nobody has/from them nobody's/from them/nobody's/from them nobody else has/from them/nobody else has
300004623200421,TELEVID6261_SCANNER13,ES750025785712278863300004623200421,04/07/2025,28/06/2025,8571227886,ES750,Romance,ES,257,3,B,0.7824,B,,Match,D432/01,A
300004623200495,TELEVID6261_SCANNER13,ES750035785712278861300004623200495,04/07/2025,28/06/2025,8571227886,ES750,Romance,ES,357,1,B,0.7963,B,,Match,D432/01,B
300004623400535,TELEVID6265_SCANNER13,IT2820054857122788620300004623400535,04/07/2025,28/06/2025,8571227886,IT282,Romance,IT,54,20,UNREALISTIC,0.7657,UNREALISTIE,,NoMatch,D432/01,unrealistic
300004623400539,TELEVID6265_SCANNER13,IT2820058857122788627300004623400539,04/07/2025,28/06/2025,8571227886,IT282,Romance,IT,58,27,NOT WORTH  WORRING ABOUT,0.7589,NOT WORTH WORTH WORTH WORRING ABOUT,,NoMatch,D432/01,not WORTH worrying [about/over]/not WORTH/worrying [about/over]
300004623600353,TELEVID6263_SCANNER13,ES7500214857122788629300004623600353,04/07/2025,28/06/2025,8571227886,ES750,Romance,ES,214,29,PAY ATTENTION TO,0.7921,DAY ATTENTION TO,,NoMatch,D432/01,pay (close) attention to/pay (close) attention/to/pay (careful) attention to/pay (careful) attention/to
300004627300428,TELEVID6304_SCANNER13,ES850540385712278864300004627300428,08/07/2025,28/06/2025,8571227886,ES850,Romance,ES,5403,4,B,0.7807,B,,Match,D432/01,B
300004627300440,TELEVID6304_SCANNER13,ES850541585712278864300004627300440,08/07/2025,28/06/2025,8571227886,ES850,Romance,ES,5415,4,B,0.7941,B,,Match,D432/01,B
300004627300599,TELEVID6304_SCANNER13,ES3300084857122788619300004627300599,08/07/2025,28/06/2025,8571227886,ES330,Romance,ES,84,19,FLYSNGS,0.7733,ELYSNGS,,NoMatch,D432/01,flights
300004627300599,TELEVID6304_SCANNER13,ES3300084857122788620300004627300599,08/07/2025,28/06/2025,8571227886,ES330,Romance,ES,84,20,UNREALISTIC,0.7796,UNREALISTIC,,Match,D432/01,unrealistic
300004627800077,TELEVID6312_SCANNER13,ES8154203857122788628300004627800077,08/07/2025,28/06/2025,8571227886,ES815,Romance,ES,4203,28,"FROM TIM, NOBODY",0.7954,"FROM TIM, NOBODY",,Match,D432/01,from Tim nobody/from Tim/nobody/from Tim nobody else/from Tim/nobody else/from Tim nobody has/from Tim/nobody has/from Tim nobody's/from Tim/nobody's/from Tim nobody else has/from Tim/nobody else has/from him nobody/from him/nobody/from him nobody else/from him/nobody else/from him nobody has/from him/nobody has/from him nobody's/from him/nobody's/from him nobody else has/from him/nobody else has/from her nobody/from her/nobody/from her nobody else/from her/nobody else/from her nobody has/from her/nobody has/from her nobody's/from her/nobody's/from her nobody else has/from her/nobody else has/from them nobody/from them/nobody/from them nobody else/from them/nobody else/from them nobody has/from them/nobody has/from them nobody's/from them/nobody's/from them nobody else has/from them/nobody else has
300004627800150,TELEVID6312_SCANNER13,ES8150513857122788612300004627800150,08/07/2025,28/06/2025,8571227886,ES815,Romance,ES,513,12,DID,0.7897,DID,,Match,D432/01,was
300004627800187,TELEVID6312_SCANNER13,ES8150550857122788616300004627800187,08/07/2025,28/06/2025,8571227886,ES815,Romance,ES,550,16,IT,0.7552,IT,,Match,D432/01,which
300004627800187,TELEVID6312_SCANNER13,ES8150550857122788626300004627800187,08/07/2025,28/06/2025,8571227886,ES815,Romance,ES,550,26,OF JOHN HAVING EATEN,0.7757,OF JOHN HAVING LATEN,,NoMatch,D432/01,having eaten/John of eating/John of/eating/John of having eaten/John of/having eaten/him of eating/him of/eating/him of having eaten/him of/having eaten/her of eating/her of/eating/her of having eaten/her of/having eaten/them of eating/them of/eating/them of having eaten/them of
300004627800187,TELEVID6312_SCANNER13,ES8150550857122788634300004627800187,08/07/2025,28/06/2025,8571227886,ES815,Romance,ES,550,34,D,0.7839,D,,Match,D432/01,B
300004627800214,TELEVID6312_SCANNER13,ES8150577857122788620300004627800214,08/07/2025,28/06/2025,8571227886,ES815,Romance,ES,577,20,UNREALISTIC,0.7882,UNREALISTIC,,Match,D432/01,unrealistic
300004627800214,TELEVID6312_SCANNER13,ES8150577857122788628300004627800214,08/07/2025,28/06/2025,8571227886,ES815,Romance,ES,577,28,OF TIM NOBODY HAD,0.7556,OF TIM NOBODY HAD,,Match,D432/01,from Tim nobody/from Tim/nobody/from Tim nobody else/from Tim/nobody else/from Tim nobody has/from Tim/nobody has/from Tim nobody's/from Tim/nobody's/from Tim nobody else has/from Tim/nobody else has/from him nobody/from him/nobody/from him nobody else/from him/nobody else/from him nobody has/from him/nobody has/from him nobody's/from him/nobody's/from him nobody else has/from him/nobody else has/from her nobody/from her/nobody/from her nobody else/from her/nobody else/from her nobody has/from her/nobody has/from her nobody's/from her/nobody's/from her nobody else has/from her/nobody else has/from them nobody/from them/nobody/from them nobody else/from them/nobody else/from them nobody has/from them/nobody has/from them nobody's/from them/nobody's/from them nobody else has/from them/nobody else has
300004627800223,TELEVID6312_SCANNER13,ES8150586857122788610300004627800223,08/07/2025,28/06/2025,8571227886,ES815,Romance,ES,586,10,BEACUSE,0.7872,BEACULE,,NoMatch,D432/01,because
300004627800223,TELEVID6312_SCANNER13,ES8150586857122788615300004627800223,08/07/2025,28/06/2025,8571227886,ES815,Romance,ES,586,15,IF,0.7988,1F,,NoMatch,D432/01,though
300004629100709,TELEVID8337_SCANNER12,IT0240012727712576814300004629100709,10/07/2025,21/06/2025,7277125768,IT024,Romance,IT,12,14,IF,0.7595,1F,,NoMatch,D432/01,though/if
300004629100710,TELEVID8337_SCANNER12,IT0240013727712576838300004629100710,10/07/2025,21/06/2025,7277125768,IT024,Romance,IT,13,38,B,0.7984,B,,Match,D432/01,E
300004629100712,TELEVID8337_SCANNER12,IT0240015727712576834300004629100712,10/07/2025,21/06/2025,7277125768,IT024,Romance,IT,15,34,D,0.7644,D,,Match,D432/01,D
300004631800721,TELEVID6337_SCANNER12,ES436601985712278864300004631800721,10/07/2025,28/06/2025,8571227886,ES436,Romance,ES,6019,4,B,0.7624,B,,Match,D432/01,B
300004631800722,TELEVID6337_SCANNER12,ES436602085712278867300004631800722,10/07/2025,28/06/2025,8571227886,ES436,Romance,ES,6020,7,B,0.7976,B,,Match,D432/01,D
300004631800781,TELEVID6337_SCANNER12,ES4366064857122788625300004631800781,10/07/2025,28/06/2025,8571227886,ES436,Romance,ES,6064,25,WAS MADE OUT BY,0.7743,WAS MADE OUT BY,,Match,D432/01,got made up by/got made/up by/was made up by/was made/up by
300004632100524,TELEVID6344_SCANNER12,IT2810003857122788628300004632100524,10/07/2025,28/06/2025,8571227886,IT281,Romance,IT,3,28,TIM NOBODY ELSE,0.7873,TIM NOBODY ELSE,,Match,D432/01,from Tim nobody/from Tim/nobody/from Tim nobody else/from Tim/nobody else/from Tim nobody has/from Tim/nobody has/from Tim nobody's/from Tim/nobody's/from Tim nobody else has/from Tim/nobody else has/from him nobody/from him/nobody/from him nobody else/from him/nobody else/from him nobody has/from him/nobody has/from him nobody's/from him/nobody's/from him nobody else has/from him/nobody else has/from her nobody/from her/nobody/from her nobody else/from her/nobody else/from her nobody has/from her/nobody has/from her nobody's/from her/nobody's/from her nobody else has/from her/nobody else has/from them nobody/from them/nobody/from them nobody else/from them/nobody else/from them nobody has/from them/nobody has/from them nobody's/from them/nobody's/from them nobody else has/from them/nobody else has
300004632100524,TELEVID6344_SCANNER12,IT2810003857122788630300004632100524,10/07/2025,28/06/2025,8571227886,IT281,Romance,IT,3,30,KEEP AN EYE ON,0.7936,KEEP AN EYE ON,,Match,D432/01,keep an eye on/keep/an eye on/keep your eye on/keep/your eye on
300004632300016,TELEVID8328_SCANNER12,ES378008185712278861300004632300016,10/07/2025,28/06/2025,8571227886,ES378,Romance,ES,81,1,B,0.7558,C,,NoMatch,D432/01,B
300004632300016,TELEVID8328_SCANNER12,ES3780081857122788615300004632300016,10/07/2025,28/06/2025,8571227886,ES378,Romance,ES,81,15,IF,0.7665,1F,,NoMatch,D432/01,though
300004632300016,TELEVID8328_SCANNER12,ES3780081857122788618300004632300016,10/07/2025,28/06/2025,8571227886,ES378,Romance,ES,81,18,CONSUMICION,0.7504,CONSUMICION,,Match,D432/01,consumption
300004632300041,TELEVID8328_SCANNER12,ES3780067857122788630300004632300041,10/07/2025,28/06/2025,8571227886,ES378,Romance,ES,67,30,PUT AN EYE ON,0.7874,PUT AN EYE ON,,Match,D432/01,keep an eye on/keep/an eye on/keep your eye on/keep/your eye on
300004632300052,TELEVID8328_SCANNER12,ES3780122857122788624300004632300052,10/07/2025,28/06/2025,8571227886,ES378,Romance,ES,122,24,ADVENTURABLE,0.7793,ADVENTURABLE,,Match,D432/01,adventurous/adventuresome
300004632300210,TELEVID8328_SCANNER12,IT9550003857122788626300004632300210,10/07/2025,28/06/2025,8571227886,IT955,Romance,IT,3,26,"OF JOHN, HE PROBABLY ATE",0.7503,"OF SOTIN, HE PROBABLY ATE",,NoMatch,D432/01,having eaten/John of eating/John of/eating/John of having eaten/John of/having eaten/him of eating/him of/eating/him of having eaten/him of/having eaten/her of eating/her of/eating/her of having eaten/her of/having eaten/them of eating/them of/eating/them of having eaten/them of
300004632300223,TELEVID8328_SCANNER12,IT9550016857122788628300004632300223,10/07/2025,28/06/2025,8571227886,IT955,Romance,IT,16,28,TIM NOBADY HAS,0.7984,TIM NOBADY HAS,,Match,D432/01,from Tim nobody/from Tim/nobody/from Tim nobody else/from Tim/nobody else/from Tim nobody has/from Tim/nobody has/from Tim nobody's/from Tim/nobody's/from Tim nobody else has/from Tim/nobody else has/from him nobody/from him/nobody/from him nobody else/from him/nobody else/from him nobody has/from him/nobody has/from him nobody's/from him/nobody's/from him nobody else has/from him/nobody else has/from her nobody/from her/nobody/from her nobody else/from her/nobody else/from her nobody has/from her/nobody has/from her nobody's/from her/nobody's/from her nobody else has/from her/nobody else has/from them nobody/from them/nobody/from them nobody else/from them/nobody else/from them nobody has/from them/nobody has/from them nobody's/from them/nobody's/from them nobody else has/from them/nobody else has
300004632300224,TELEVID8328_SCANNER12,IT9550017857122788616300004632300224,10/07/2025,28/06/2025,8571227886,IT955,Romance,IT,17,16,THAT,0.7515,THAT,,Match,D432/01,which
300004632300227,TELEVID8328_SCANNER12,IT9550020857122788618300004632300227,10/07/2025,28/06/2025,8571227886,IT955,Romance,IT,20,18,COMSUPTION,0.765,CONSUPTION,,NoMatch,D432/01,consumption
300004632300227,TELEVID8328_SCANNER12,IT9550020857122788634300004632300227,10/07/2025,28/06/2025,8571227886,IT955,Romance,IT,20,34,B,0.7881,B,,Match,D432/01,B
300004632300321,TELEVID8328_SCANNER12,IT9550036857122788628300004632300321,10/07/2025,28/06/2025,8571227886,IT955,Romance,IT,36,28,"TIM, NO BODY",0.7806,"TIM, NO BODY",,Match,D432/01,from Tim nobody/from Tim/nobody/from Tim nobody else/from Tim/nobody else/from Tim nobody has/from Tim/nobody has/from Tim nobody's/from Tim/nobody's/from Tim nobody else has/from Tim/nobody else has/from him nobody/from him/nobody/from him nobody else/from him/nobody else/from him nobody has/from him/nobody has/from him nobody's/from him/nobody's/from him nobody else has/from him/nobody else has/from her nobody/from her/nobody/from her nobody else/from her/nobody else/from her nobody has/from her/nobody has/from her nobody's/from her/nobody's/from her nobody else has/from her/nobody else has/from them nobody/from them/nobody/from them nobody else/from them/nobody else/from them nobody has/from them/nobody has/from them nobody's/from them/nobody's/from them nobody else has/from them/nobody else has
300004632300321,TELEVID8328_SCANNER12,IT9550036857122788646300004632300321,10/07/2025,28/06/2025,8571227886,IT955,Romance,IT,36,46,B,0.7649,B,,Match,D432/01,C
300004633100351,TELEVID6342_SCANNER12,ES2119301857122788641300004633100351,10/07/2025,28/06/2025,8571227886,ES211,Romance,ES,9301,41,A,0.7524,A,,Match,D432/01,F
400004589600244,TELEVID5025_Scanner20,MA0130134444335780825400004589600244,26/03/2025,22/03/2025,4443357808,MA013,Afro-Asiatic,MA,134,25,THAT SANDRA SING WELL,0.7679,THAT SANDRA SING WELL,,Match,D432/01,does Sandra sing well/does Sandra/sing well/does Sandra sing really well/does Sandra/sing really well/does Sandra sing very well/does Sandra/sing very well/does she sing well/does she/sing well/does she sing really well/does she/sing really well/does she sing very well/does she/sing very well/can Sandra sing well/can Sandra/sing well/can Sandra sing really well/can Sandra/sing really well/can Sandra sing very well/can Sandra/sing very well/can she sing well/can she/sing well/can she sing really well/can she/sing really well/can she sing very well/can she/sing very well
400004589600315,TELEVID5025_Scanner20,MA0130109444335780818400004589600315,26/03/2025,22/03/2025,4443357808,MA013,Afro-Asiatic,MA,109,18,DERSPECTIVE,0.758,DERSPECTIVE,,Match,D432/01,imperfections
400004589600315,TELEVID5025_Scanner20,MA0130109444335780828400004589600315,26/03/2025,22/03/2025,4443357808,MA013,Afro-Asiatic,MA,109,28,MUST BE PRACTICE,0.7814,MUST BE PRACTICE,,Match,D432/01,must be worn/must be/worn
400004589600318,TELEVID5025_Scanner20,MA0130112444335780830400004589600318,26/03/2025,22/03/2025,4443357808,MA013,Afro-Asiatic,MA,112,30,NO POINT TO GO,0.7658,NO POINT TO GO,,Match,D432/01,not any point (in) going/not any point/(in) going/not much point (in) going/not much point/(in) going/no point (in) going/no point/(in) going/little point (in) going/little point/(in) going
400004589600321,TELEVID5025_Scanner20,MA0130115444335780813400004589600321,26/03/2025,22/03/2025,4443357808,MA013,Afro-Asiatic,MA,115,13,IT,0.7847,IT,,Match,D432/01,it
400004589600365,TELEVID5025_Scanner20,MA0130087444335780824400004589600365,26/03/2025,22/03/2025,4443357808,MA013,Afro-Asiatic,MA,87,24,CONFIDENT,0.7749,CONFIDENT,,Match,D432/01,confidence
400004589600487,TELEVID5025_Scanner20,MA0130253444335780825400004589600487,26/03/2025,22/03/2025,4443357808,MA013,Afro-Asiatic,MA,253,25,DOES SHE SING,0.7702,DOES SHE SING,,Match,D432/01,does Sandra sing well/does Sandra/sing well/does Sandra sing really well/does Sandra/sing really well/does Sandra sing very well/does Sandra/sing very well/does she sing well/does she/sing well/does she sing really well/does she/sing really well/does she sing very well/does she/sing very well/can Sandra sing well/can Sandra/sing well/can Sandra sing really well/can Sandra/sing really well/can Sandra sing very well/can Sandra/sing very well/can she sing well/can she/sing well/can she sing really well/can she/sing really well/can she sing very well/can she/sing very well
400004589600487,TELEVID5025_Scanner20,MA0130253444335780826400004589600487,26/03/2025,22/03/2025,4443357808,MA013,Afro-Asiatic,MA,253,26,WISH I DIDN'T BREAK,0.7856,WISH I DIDN'T BREAK,,Match,D432/01,wish I had not broken/wish I had not/broken/wish I hadn't broken/wish I hadn't/broken/wish I'd not broken/wish I'd not/broken
400004589800032,TELEVID5030_Scanner20,CH055030744433578083400004589800032,26/03/2025,22/03/2025,4443357808,CH055,Germanic,CH,307,3,B,0.7923,B,,Match,D432/01,B
400004589800032,TELEVID5030_Scanner20,CH0550307444335780818400004589800032,26/03/2025,22/03/2025,4443357808,CH055,Germanic,CH,307,18,IMPERFECTION,0.7936,IMPERFECTION,,Match,D432/01,imperfections
400004589800050,TELEVID5030_Scanner20,CH055032644433578083400004589800050,26/03/2025,22/03/2025,4443357808,CH055,Germanic,CH,326,3,B,0.7973,B,,Match,D432/01,B
400004589800054,TELEVID5030_Scanner20,CH0550330444335780836400004589800054,26/03/2025,22/03/2025,4443357808,CH055,Germanic,CH,330,36,B,0.7645,B,,Match,D432/01,A
400004589800259,TELEVID5030_Scanner20,CH0550003444335780813400004589800259,26/03/2025,22/03/2025,4443357808,CH055,Germanic,CH,3,13,IT,0.7571,IT,,Match,D432/01,it
400004589800259,TELEVID5030_Scanner20,CH0550003444335780826400004589800259,26/03/2025,22/03/2025,4443357808,CH055,Germanic,CH,3,26,WISH I DIDN'T BROKE,0.7956,WISH I DIDN'T BROKE,,Match,D432/01,wish I had not broken/wish I had not/broken/wish I hadn't broken/wish I hadn't/broken/wish I'd not broken/wish I'd not/broken
400004589800264,TELEVID5030_Scanner20,CH0550008444335780846400004589800264,26/03/2025,22/03/2025,4443357808,CH055,Germanic,CH,8,46,--impossible--,0.7954,C,,NoMatch,D432/01,C
400004589800280,TELEVID5030_Scanner20,CH0550024444335780811400004589800280,26/03/2025,22/03/2025,4443357808,CH055,Germanic,CH,24,11,SAYINGS,0.7992,SAYINGS,,Match,D432/01,words
400004589800286,TELEVID5030_Scanner20,CH0550030444335780841400004589800286,26/03/2025,22/03/2025,4443357808,CH055,Germanic,CH,30,41,A,0.7542,A,,Match,D432/01,G
400004590000511,TELEVID5023_Scanner20,DE0731008444335780826400004590000511,26/03/2025,22/03/2025,4443357808,DE073,Germanic,DE,1008,26,WISH I DIDNT BREAK,0.7961,WISHI DIDNT BREAK,,NoMatch,D432/01,wish I had not broken/wish I had not/broken/wish I hadn't broken/wish I hadn't/broken/wish I'd not broken/wish I'd not/broken
400004590000511,TELEVID5023_Scanner20,DE0731008444335780829400004590000511,26/03/2025,22/03/2025,4443357808,DE073,Germanic,DE,1008,29,COMING TO FIND,0.7515,COMING TO FIND,,Match,D432/01,to come across/to come/across
400004590000516,TELEVID5023_Scanner20,DE0731013444335780846400004590000516,26/03/2025,22/03/2025,4443357808,DE073,Germanic,DE,1013,46,--impossible--,0.766,D,,NoMatch,D432/01,C
400004590000765,TELEVID5023_Scanner20,DE073102744433578082400004590000765,26/03/2025,22/03/2025,4443357808,DE073,Germanic,DE,1027,2,C,0.7976,"C, D",,NoMatch,D432/01,D
400004590300229,TELEVID5026_Scanner20,CH0014303444335780815400004590300229,26/03/2025,22/03/2025,4443357808,CH001,Germanic,CH,4303,15,IF,0.7538,1F,,NoMatch,D432/01,If
400004590300230,TELEVID5026_Scanner20,CH0014304444335780811400004590300230,26/03/2025,22/03/2025,4443357808,CH001,Germanic,CH,4304,11,TERM,0.7897,TERM,,Match,D432/01,words
400004592500225,TELEVID5024_Scanner20,CH0012506444335780822400004592500225,26/03/2025,22/03/2025,4443357808,CH001,Germanic,CH,2506,22,ACCURATION,0.7536,ACCURATION,,Match,D432/01,accuracy
400004592500231,TELEVID5024_Scanner20,CH001251244433578084400004592500231,26/03/2025,22/03/2025,4443357808,CH001,Germanic,CH,2512,4,B,0.7706,B,,Match,D432/01,D
400004592500231,TELEVID5024_Scanner20,CH0012512444335780822400004592500231,26/03/2025,22/03/2025,4443357808,CH001,Germanic,CH,2512,22,ACCURATION,0.7695,ACCURATION,,Match,D432/01,accuracy
400004592500236,TELEVID5024_Scanner20,CH001251744433578081400004592500236,26/03/2025,22/03/2025,4443357808,CH001,Germanic,CH,2517,1,B,0.7628,B,,Match,D432/01,C
400004592700287,TELEVID5029_Scanner20,CH188000244433578081400004592700287,26/03/2025,22/03/2025,4443357808,CH188,Germanic,CH,2,1,B,0.7754,B,,Match,D432/01,C
400004592700289,TELEVID5029_Scanner20,CH1880004444335780827400004592700289,26/03/2025,22/03/2025,4443357808,CH188,Germanic,CH,4,27,KNOW ANYONE APART OF,0.7698,KNOW ANYONE APART OF,,Match,D432/01,recognise anyone (else) apart from/recognise anyone (else)/apart from/recognise anybody (else) apart from/recognise anybody (else)/apart from/know anyone (else) apart from/know anyone (else)/apart from/know anybody (else) apart from/know anybody (else)/apart from/recognize anybody (else) apart from/recognize anybody (else)/apart from/recognize anyone (else) apart from/recognize anyone (else)/apart from
400004592700294,TELEVID5029_Scanner20,CH188000944433578081400004592700294,26/03/2025,22/03/2025,4443357808,CH188,Germanic,CH,9,1,B,0.7965,B,,Match,D432/01,C
400004592700295,TELEVID5029_Scanner20,CH1880010444335780826400004592700295,26/03/2025,22/03/2025,4443357808,CH188,Germanic,CH,10,26,WISH I DID NOT BREAK,0.7816,WISH I DID NOT BREAK,,Match,D432/01,wish I had not broken/wish I had not/broken/wish I hadn't broken/wish I hadn't/broken/wish I'd not broken/wish I'd not/broken
400004592700298,TELEVID5029_Scanner20,CH1880013444335780815400004592700298,26/03/2025,22/03/2025,4443357808,CH188,Germanic,CH,13,15,IF,0.7585,1F,,NoMatch,D432/01,If
400004592700298,TELEVID5029_Scanner20,CH1880013444335780825400004592700298,26/03/2025,22/03/2025,4443357808,CH188,Germanic,CH,13,25,DOES SHE SING GREAT,0.7993,DOES SHF SING GREAT,,NoMatch,D432/01,does Sandra sing well/does Sandra/sing well/does Sandra sing really well/does Sandra/sing really well/does Sandra sing very well/does Sandra/sing very well/does she sing well/does she/sing well/does she sing really well/does she/sing really well/does she sing very well/does she/sing very well/can Sandra sing well/can Sandra/sing well/can Sandra sing really well/can Sandra/sing really well/can Sandra sing very well/can Sandra/sing very well/can she sing well/can she/sing well/can she sing really well/can she/sing really well/can she sing very well/can she/sing very well
400004592700300,TELEVID5029_Scanner20,CH1880015444335780826400004592700300,26/03/2025,22/03/2025,4443357808,CH188,Germanic,CH,15,26,WISH I NEVER BROKE,0.779,WISH I NEVER BROKE,,Match,D432/01,wish I had not broken/wish I had not/broken/wish I hadn't broken/wish I hadn't/broken/wish I'd not broken/wish I'd not/broken
400004592700303,TELEVID5029_Scanner20,CH1880018444335780827400004592700303,26/03/2025,22/03/2025,4443357808,CH188,Germanic,CH,18,27,KNOW ANYBODY APART FROM,0.786,KNOW ANYBODY APART FROM,,Match,D432/01,recognise anyone (else) apart from/recognise anyone (else)/apart from/recognise anybody (else) apart from/recognise anybody (else)/apart from/know anyone (else) apart from/know anyone (else)/apart from/know anybody (else) apart from/know anybody (else)/apart from/recognize anybody (else) apart from/recognize anybody (else)/apart from/recognize anyone (else) apart from/recognize anyone (else)/apart from
400004592700307,TELEVID5029_Scanner20,CH1880022444335780813400004592700307,26/03/2025,22/03/2025,4443357808,CH188,Germanic,CH,22,13,IT,0.7864,IT,,Match,D432/01,it
400004592700315,TELEVID5029_Scanner20,CH1880030444335780825400004592700315,26/03/2025,22/03/2025,4443357808,CH188,Germanic,CH,30,25,DOES SANDRA SING GOOD,0.7782,DOFS SANDRA SING GOOD,,NoMatch,D432/01,does Sandra sing well/does Sandra/sing well/does Sandra sing really well/does Sandra/sing really well/does Sandra sing very well/does Sandra/sing very well/does she sing well/does she/sing well/does she sing really well/does she/sing really well/does she sing very well/does she/sing very well/can Sandra sing well/can Sandra/sing well/can Sandra sing really well/can Sandra/sing really well/can Sandra sing very well/can Sandra/sing very well/can she sing well/can she/sing well/can she sing really well/can she/sing really well/can she sing very well/can she/sing very well
400004594500758,TELEVID5048_Scanner20,CN418321544433578084400004594500758,31/03/2025,22/03/2025,4443357808,CN418,Chinese,CN,3215,4,A,0.7815,A,,Match,D432/01,D
400004594500761,TELEVID5048_Scanner20,CN418321844433578081400004594500761,31/03/2025,22/03/2025,4443357808,CN418,Chinese,CN,3218,1,B,0.7956,B,,Match,D432/01,C
400004594500766,TELEVID5048_Scanner20,CN418322344433578083400004594500766,31/03/2025,22/03/2025,4443357808,CN418,Chinese,CN,3223,3,B,0.7532,B,,Match,D432/01,B
400004594500774,TELEVID5048_Scanner20,CN4183231444335780822400004594500774,31/03/2025,22/03/2025,4443357808,CN418,Chinese,CN,3231,22,ACCURATEION,0.77,ACCURATEION,,Match,D432/01,accuracy
400004594500776,TELEVID5048_Scanner20,CN4183233444335780815400004594500776,31/03/2025,22/03/2025,4443357808,CN418,Chinese,CN,3233,15,IF,0.7861,IF,,Match,D432/01,If
400004594500805,TELEVID5048_Scanner20,CN4183011444335780828400004594500805,31/03/2025,22/03/2025,4443357808,CN418,Chinese,CN,3011,28,MUST BE WEAR,0.7886,MUST BE WEAR,,Match,D432/01,must be worn/must be/worn
400004594500810,TELEVID5048_Scanner20,CN4183016444335780827400004594500810,31/03/2025,22/03/2025,4443357808,CN418,Chinese,CN,3016,27,--blank--,0.755,--blank--,,Match,D432/01,recognise anyone (else) apart from/recognise anyone (else)/apart from/recognise anybody (else) apart from/recognise anybody (else)/apart from/know anyone (else) apart from/know anyone (else)/apart from/know anybody (else) apart from/know anybody (else)/apart from/recognize anybody (else) apart from/recognize anybody (else)/apart from/recognize anyone (else) apart from/recognize anyone (else)/apart from
400004594500817,TELEVID5048_Scanner20,CN4183023444335780822400004594500817,31/03/2025,22/03/2025,4443357808,CN418,Chinese,CN,3023,22,ACCURATEMENT,0.7784,ACCURATEMENT,,Match,D432/01,accuracy
400004594700464,TELEVID5055_Scanner20,DE106103044433578087400004594700464,31/03/2025,22/03/2025,4443357808,DE106,Germanic,DE,1030,7,B,0.7552,B,,Match,D432/01,C
400004597400518,TELEVID5091_Scanner20,TN001000444433578087400004597400518,01/04/2025,22/03/2025,4443357808,TN001,Afro-Asiatic,TN,4,7,B,0.7704,C,,NoMatch,D432/01,C
400004597400518,TELEVID5091_Scanner20,TN0010004444335780826400004597400518,01/04/2025,22/03/2025,4443357808,TN001,Afro-Asiatic,TN,4,26,WISH I HADN'T BROKE,0.7575,MISH I HADN'T BROKE,,NoMatch,D432/01,wish I had not broken/wish I had not/broken/wish I hadn't broken/wish I hadn't/broken/wish I'd not broken/wish I'd not/broken
400004597600116,TELEVID5049_Scanner20,MA0171301444335780822400004597600116,01/04/2025,22/03/2025,4443357808,MA017,Afro-Asiatic,MA,1301,22,ACCARACIE,0.7733,ACCARACIE,,Match,D432/01,accuracy
400004597600736,TELEVID5049_Scanner20,CN418305744433578081400004597600736,01/04/2025,22/03/2025,4443357808,CN418,Chinese,CN,3057,1,B,0.7715,B,,Match,D432/01,C
400004597600739,TELEVID5049_Scanner20,CN4183060444335780834400004597600739,01/04/2025,22/03/2025,4443357808,CN418,Chinese,CN,3060,34,B,0.7833,C,,NoMatch,D432/01,D
400004597600740,TELEVID5049_Scanner20,CN4183061444335780817400004597600740,01/04/2025,22/03/2025,4443357808,CN418,Chinese,CN,3061,17,NECESSARYLY,0.7718,NECESSARYLY,,Match,D432/01,necessarily
400004597600751,TELEVID5049_Scanner20,CN418307244433578084400004597600751,01/04/2025,22/03/2025,4443357808,CN418,Chinese,CN,3072,4,B,0.7934,B,,Match,D432/01,D
400004598600610,TELEVID5043_Scanner20,DE0043098444335780818400004598600610,01/04/2025,22/03/2025,4443357808,DE004,Germanic,DE,3098,18,IMPERFECTIONS,0.7818,IMPERIECTIONS,,NoMatch,D432/01,imperfections
400004598600611,TELEVID5043_Scanner20,DE0043099444335780813400004598600611,01/04/2025,22/03/2025,4443357808,DE004,Germanic,DE,3099,13,IT,0.7582,IT,,Match,D432/01,it
400004598600611,TELEVID5043_Scanner20,DE0043099444335780826400004598600611,01/04/2025,22/03/2025,4443357808,DE004,Germanic,DE,3099,26,I WISH I HADNT BROKEN,0.7792,I WISH I HADN'T BROKEN,,NoMatch,D432/01,wish I had not broken/wish I had not/broken/wish I hadn't broken/wish I hadn't/broken/wish I'd not broken/wish I'd not/broken
400004598600617,TELEVID5043_Scanner20,DE0043105444335780813400004598600617,01/04/2025,22/03/2025,4443357808,DE004,Germanic,DE,3105,13,IT,0.7514,IT,,Match,D432/01,it
400004598600617,TELEVID5043_Scanner20,DE0043105444335780818400004598600617,01/04/2025,22/03/2025,4443357808,DE004,Germanic,DE,3105,18,UNPERFECTIONS,0.7599,UNPERFECTIONS,,Match,D432/01,imperfections
400004598600621,TELEVID5043_Scanner20,DE0043059444335780819400004598600621,01/04/2025,22/03/2025,4443357808,DE004,Germanic,DE,3059,19,COMBINATON,0.7586,COMBINATON,,Match,D432/01,combination
400004601100515,TELEVID5054_Scanner20,DE1061036444335780811400004601100515,01/04/2025,22/03/2025,4443357808,DE106,Germanic,DE,1036,11,SITUATIONS,0.7858,SITUATIONS,,Match,D432/01,words
400004601100520,TELEVID5054_Scanner20,DE1061041444335780813400004601100520,01/04/2025,22/03/2025,4443357808,DE106,Germanic,DE,1041,13,IT,0.7674,IT,,Match,D432/01,it
400004601900410,TELEVID5090_Scanner20,TW002000844433578084400004601900410,01/04/2025,22/03/2025,4443357808,TW002,Chinese,TW,8,4,A,0.7734,A,,Match,D432/01,D
400004601900412,TELEVID5090_Scanner20,TW0020010444335780812400004601900412,01/04/2025,22/03/2025,4443357808,TW002,Chinese,TW,10,12,DO,0.761,DO,,Match,D432/01,in
400004601900413,TELEVID5090_Scanner20,TW0020011444335780827400004601900413,01/04/2025,22/03/2025,4443357808,TW002,Chinese,TW,11,27,KNOW ANYONE APART FROM,0.7863,RNDW ANYONE APART FROM,,NoMatch,D432/01,recognise anyone (else) apart from/recognise anyone (else)/apart from/recognise anybody (else) apart from/recognise anybody (else)/apart from/know anyone (else) apart from/know anyone (else)/apart from/know anybody (else) apart from/know anybody (else)/apart from/recognize anybody (else) apart from/recognize anybody (else)/apart from/recognize anyone (else) apart from/recognize anyone (else)/apart from
400004601900418,TELEVID5090_Scanner20,TW0020016444335780848400004601900418,01/04/2025,22/03/2025,4443357808,TW002,Chinese,TW,16,48,B,0.7749,B,,Match,D432/01,B
400004601900422,TELEVID5090_Scanner20,TW0020020444335780825400004601900422,01/04/2025,22/03/2025,4443357808,TW002,Chinese,TW,20,25,SANDRA SINGS WELL,0.798,SANDRA SINGS WELL,,Match,D432/01,does Sandra sing well/does Sandra/sing well/does Sandra sing really well/does Sandra/sing really well/does Sandra sing very well/does Sandra/sing very well/does she sing well/does she/sing well/does she sing really well/does she/sing really well/does she sing very well/does she/sing very well/can Sandra sing well/can Sandra/sing well/can Sandra sing really well/can Sandra/sing really well/can Sandra sing very well/can Sandra/sing very well/can she sing well/can she/sing well/can she sing really well/can she/sing really well/can she sing very well/can she/sing very well
400004601900422,TELEVID5090_Scanner20,TW0020020444335780848400004601900422,01/04/2025,22/03/2025,4443357808,TW002,Chinese,TW,20,48,--impossible--,0.7689,C,,NoMatch,D432/01,B
400004601900427,TELEVID5090_Scanner20,TW002002544433578081400004601900427,01/04/2025,22/03/2025,4443357808,TW002,Chinese,TW,25,1,B,0.7934,B,,Match,D432/01,C
400004601900433,TELEVID5090_Scanner20,TW0020031444335780825400004601900433,01/04/2025,22/03/2025,4443357808,TW002,Chinese,TW,31,25,SANDRA CAN SING WELL,0.7843,SANDRA CAN SING WELL,,Match,D432/01,does Sandra sing well/does Sandra/sing well/does Sandra sing really well/does Sandra/sing really well/does Sandra sing very well/does Sandra/sing very well/does she sing well/does she/sing well/does she sing really well/does she/sing really well/does she sing very well/does she/sing very well/can Sandra sing well/can Sandra/sing well/can Sandra sing really well/can Sandra/sing really well/can Sandra sing very well/can Sandra/sing very well/can she sing well/can she/sing well/can she sing really well/can she/sing really well/can she sing very well/can she/sing very well
400004601900442,TELEVID5090_Scanner20,TW002004044433578084400004601900442,01/04/2025,22/03/2025,4443357808,TW002,Chinese,TW,40,4,A,0.7712,A,,Match,D432/01,D
400004601900443,TELEVID5090_Scanner20,TW0020041444335780817400004601900443,01/04/2025,22/03/2025,4443357808,TW002,Chinese,TW,41,17,NECESSARY,0.7731,NELESSARY,,NoMatch,D432/01,necessarily
400004601900450,TELEVID5090_Scanner20,TW0020048444335780828400004601900450,01/04/2025,22/03/2025,4443357808,TW002,Chinese,TW,48,28,MUST BE WEAR. EXPECT,0.7634,MUST BE WEAR. EXPECT,,Match,D432/01,must be worn/must be/worn
400004601900461,TELEVID5090_Scanner20,TW0020059444335780820400004601900461,01/04/2025,22/03/2025,4443357808,TW002,Chinese,TW,59,20,ACCEPTABLE,0.7839,ACCEPTABLE,,Match,D432/01,acceptable
400004601900472,TELEVID5090_Scanner20,TW0020070444335780820400004601900472,01/04/2025,22/03/2025,4443357808,TW002,Chinese,TW,70,20,ACCEPTED,0.7831,ALLEPTED,,NoMatch,D432/01,acceptable
400004601900472,TELEVID5090_Scanner20,TW0020070444335780827400004601900472,01/04/2025,22/03/2025,4443357808,TW002,Chinese,TW,70,27,BE APART BUT,0.7585,BE APART BUT,,Match,D432/01,recognise anyone (else) apart from/recognise anyone (else)/apart from/recognise anybody (else) apart from/recognise anybody (else)/apart from/know anyone (else) apart from/know anyone (else)/apart from/know anybody (else) apart from/know anybody (else)/apart from/recognize anybody (else) apart from/recognize anybody (else)/apart from/recognize anyone (else) apart from/recognize anyone (else)/apart from
400004601900476,TELEVID5090_Scanner20,TW0020074444335780834400004601900476,01/04/2025,22/03/2025,4443357808,TW002,Chinese,TW,74,34,B,0.755,B,,Match,D432/01,D
400004601900486,TELEVID5090_Scanner20,TW0020084444335780829400004601900486,01/04/2025,22/03/2025,4443357808,TW002,Chinese,TW,84,29,TO COME UP,0.78,TO COME UP,,Match,D432/01,to come across/to come/across
400004601900509,TELEVID5090_Scanner20,TW0020107444335780827400004601900509,01/04/2025,22/03/2025,4443357808,TW002,Chinese,TW,107,27,KNOW ANYONE EXCEPT,0.7718,KNOW ANTONE EXCEPT,,NoMatch,D432/01,recognise anyone (else) apart from/recognise anyone (else)/apart from/recognise anybody (else) apart from/recognise anybody (else)/apart from/know anyone (else) apart from/know anyone (else)/apart from/know anybody (else) apart from/know anybody (else)/apart from/recognize anybody (else) apart from/recognize anybody (else)/apart from/recognize anyone (else) apart from/recognize anyone (else)/apart from
400004601900511,TELEVID5090_Scanner20,TW002010944433578083400004601900511,01/04/2025,22/03/2025,4443357808,TW002,Chinese,TW,109,3,B,0.7978,B,,Match,D432/01,B
400004601900520,TELEVID5090_Scanner20,TW002011844433578081400004601900520,01/04/2025,22/03/2025,4443357808,TW002,Chinese,TW,118,1,B,0.7845,B,,Match,D432/01,C
400004601900524,TELEVID5090_Scanner20,TW0020122444335780813400004601900524,01/04/2025,22/03/2025,4443357808,TW002,Chinese,TW,122,13,IT,0.797,IT,,Match,D432/01,it
400004601900524,TELEVID5090_Scanner20,TW0020122444335780846400004601900524,01/04/2025,22/03/2025,4443357808,TW002,Chinese,TW,122,46,C,0.7583,C,,Match,D432/01,C
400004601900528,TELEVID5090_Scanner20,TW0020126444335780829400004601900528,01/04/2025,22/03/2025,4443357808,TW002,Chinese,TW,126,29,THAT HERE COME,0.7958,THAT HERE COME,,Match,D432/01,to come across/to come/across
400004601900528,TELEVID5090_Scanner20,TW0020126444335780846400004601900528,01/04/2025,22/03/2025,4443357808,TW002,Chinese,TW,126,46,B,0.7915,B,,Match,D432/01,C
400004601900533,TELEVID5090_Scanner20,TW0020131444335780834400004601900533,01/04/2025,22/03/2025,4443357808,TW002,Chinese,TW,131,34,B,0.7728,B,,Match,D432/01,D
400004601900533,TELEVID5090_Scanner20,TW0020131444335780846400004601900533,01/04/2025,22/03/2025,4443357808,TW002,Chinese,TW,131,46,--impossible--,0.7856,C,,NoMatch,D432/01,C
400004602800256,TELEVID5052_Scanner20,CN4183171444335780817400004602800256,01/04/2025,22/03/2025,4443357808,CN418,Chinese,CN,3171,17,NECESSARYLY,0.7588,NECESSARYLY,,Match,D432/01,necessarily
400004602800268,TELEVID5052_Scanner20,CN4183183444335780828400004602800268,01/04/2025,22/03/2025,4443357808,CN418,Chinese,CN,3183,28,MUST BEEN WEARINR,0.7882,MUST BEEN WEARINR,,Match,D432/01,must be worn/must be/worn
400004602800270,TELEVID5052_Scanner20,CN4183185444335780834400004602800270,01/04/2025,22/03/2025,4443357808,CN418,Chinese,CN,3185,34,D,0.7545,"A, D",,NoMatch,D432/01,D
400004602800270,TELEVID5052_Scanner20,CN4183185444335780846400004602800270,01/04/2025,22/03/2025,4443357808,CN418,Chinese,CN,3185,46,C,0.7821,C,,Match,D432/01,C
400004602800274,TELEVID5052_Scanner20,CN4183189444335780818400004602800274,01/04/2025,22/03/2025,4443357808,CN418,Chinese,CN,3189,18,PERFECTIONALY,0.7852,PERFECTIONALY,,Match,D432/01,imperfections
400004602800275,TELEVID5052_Scanner20,CN4183190444335780829400004602800275,01/04/2025,22/03/2025,4443357808,CN418,Chinese,CN,3190,29,IT COMES OUT,0.7609,IT COMES OUT,,Match,D432/01,to come across/to come/across
400004602800295,TELEVID5052_Scanner20,CN418316244433578083400004602800295,01/04/2025,22/03/2025,4443357808,CN418,Chinese,CN,3162,3,B,0.7951,B,,Match,D432/01,B
400004602800301,TELEVID5052_Scanner20,CN418316844433578081400004602800301,01/04/2025,22/03/2025,4443357808,CN418,Chinese,CN,3168,1,B,0.762,B,,Match,D432/01,C
400004602800301,TELEVID5052_Scanner20,CN4183168444335780816400004602800301,01/04/2025,22/03/2025,4443357808,CN418,Chinese,CN,3168,16,TO,0.7869,7D,,NoMatch,D432/01,be
400004602800310,TELEVID5052_Scanner20,CN4183129444335780825400004602800310,01/04/2025,22/03/2025,4443357808,CN418,Chinese,CN,3129,25,SANDRA LOVE TO SING,0.7901,SANDRA LOVE TO SING,,Match,D432/01,does Sandra sing well/does Sandra/sing well/does Sandra sing really well/does Sandra/sing really well/does Sandra sing very well/does Sandra/sing very well/does she sing well/does she/sing well/does she sing really well/does she/sing really well/does she sing very well/does she/sing very well/can Sandra sing well/can Sandra/sing well/can Sandra sing really well/can Sandra/sing really well/can Sandra sing very well/can Sandra/sing very well/can she sing well/can she/sing well/can she sing really well/can she/sing really well/can she sing very well/can she/sing very well
400004602800320,TELEVID5052_Scanner20,CN4183139444335780825400004602800320,01/04/2025,22/03/2025,4443357808,CN418,Chinese,CN,3139,25,A GOOD SINGER SHE IS,0.7543,A GOOD SINGER SHE IS,,Match,D432/01,does Sandra sing well/does Sandra/sing well/does Sandra sing really well/does Sandra/sing really well/does Sandra sing very well/does Sandra/sing very well/does she sing well/does she/sing well/does she sing really well/does she/sing really well/does she sing very well/does she/sing very well/can Sandra sing well/can Sandra/sing well/can Sandra sing really well/can Sandra/sing really well/can Sandra sing very well/can Sandra/sing very well/can she sing well/can she/sing well/can she sing really well/can she/sing really well/can she sing very well/can she/sing very well
400004602800353,TELEVID5052_Scanner20,CN4183076444335780826400004602800353,01/04/2025,22/03/2025,4443357808,CN418,Chinese,CN,3076,26,WISH I HAD NOT BROKEN,0.7897,WISH I HAD NOT BRCKEN,,NoMatch,D432/01,wish I had not broken/wish I had not/broken/wish I hadn't broken/wish I hadn't/broken/wish I'd not broken/wish I'd not/broken
400004602800355,TELEVID5052_Scanner20,CN4183078444335780828400004602800355,01/04/2025,22/03/2025,4443357808,CN418,Chinese,CN,3078,28,SHOUD BE WEARING,0.7808,SHOUD BE WEARING,,Match,D432/01,must be worn/must be/worn
400004602800529,TELEVID5052_Scanner20,CN4183104444335780813400004602800529,01/04/2025,22/03/2025,4443357808,CN418,Chinese,CN,3104,13,IT,0.753,IT,,Match,D432/01,it
400004602800531,TELEVID5052_Scanner20,CN4183106444335780830400004602800531,01/04/2025,22/03/2025,4443357808,CN418,Chinese,CN,3106,30,NO POINT GOING,0.7984,NO POINT GOING,,Match,D432/01,not any point (in) going/not any point/(in) going/not much point (in) going/not much point/(in) going/no point (in) going/no point/(in) going/little point (in) going/little point/(in) going
400004602800544,TELEVID5052_Scanner20,CN4183119444335780817400004602800544,01/04/2025,22/03/2025,4443357808,CN418,Chinese,CN,3119,17,ENECESSARY,0.7624,ENECESSARY,,Match,D432/01,necessarily
400004607900387,TELEVID5109_Scanner20,DE0080010444335780826400004607900387,03/04/2025,22/03/2025,4443357808,DE008,Germanic,DE,10,26,WISH I HAD NOT BROKEN,0.7811,WISH I HAD NOT BROKEN,,Match,D432/01,wish I had not broken/wish I had not/broken/wish I hadn't broken/wish I hadn't/broken/wish I'd not broken/wish I'd not/broken
400004625900237,TELEVID5161_Scanner20,MA0040006905646528230400004625900237,10/04/2025,05/04/2025,9056465282,MA004,Afro-Asiatic,MA,6,30,BE UP TO DATE ON,0.7965,BE UP TO DATE ON,,Match,D432/01,[keep/be/stay] up to DATE/[keep/be/stay] up to DATE with/with
400004979000041,TELEVID5515_SCANNER14,GR8061072628131276823400004979000041,23/05/2025,18/05/2025,6281312768,GR806,Greek,GR,1072,23,WIDEOUT,0.7926,WIDEOUT,,Match,D432/01,widen
400005032100647,TELEVID5559_SCANNER14,GR1187431628131276825400005032100647,27/05/2025,18/05/2025,6281312768,GR118,Greek,GR,7431,25,THE TIME I GOT TO,0.7839,THE TIME I GOT TO,,Match,D432/01,the time I got to/the time I/got to/the time I arrived at/the time I/arrived at/had reached/the time I had reached/the time I/the time I 'd reached/the time I/'d reached/the time (that) I reached/the time (that) I/reached
400005032100845,TELEVID5559_SCANNER14,GR1187381628131276852400005032100845,27/05/2025,18/05/2025,6281312768,GR118,Greek,GR,7381,52,A,0.755,A,,Match,D432/01,A
400005032100864,TELEVID5559_SCANNER14,GR118740062813127683400005032100864,27/05/2025,18/05/2025,6281312768,GR118,Greek,GR,7400,3,B,0.7948,B,,Match,D432/01,A
400005032200607,TELEVID5558_SCANNER14,GR1188039628131276830400005032200607,27/05/2025,18/05/2025,6281312768,GR118,Greek,GR,8039,30,DO YOU WANT ME TO,0.7935,2011 WANT ME TO,,NoMatch,D432/01,do you want/me to/do you want me to/did you want me to/did you want/me to
400005032200607,TELEVID5558_SCANNER14,GR1188039628131276834400005032200607,27/05/2025,18/05/2025,6281312768,GR118,Greek,GR,8039,34,B,0.7936,B,,Match,D432/01,C
400005033800065,TELEVID5549_SCANNER14,GR1186631628131276825400005033800065,27/05/2025,18/05/2025,6281312768,GR118,Greek,GR,6631,25,THE TIME I ARRIVED TO,0.7632,THE TIME I ARRIVED TO,,Match,D432/01,the time I got to/the time I/got to/the time I arrived at/the time I/arrived at/had reached/the time I had reached/the time I/the time I 'd reached/the time I/'d reached/the time (that) I reached/the time (that) I/reached
400005033800544,TELEVID5549_SCANNER14,GR118691362813127683400005033800544,27/05/2025,18/05/2025,6281312768,GR118,Greek,GR,6913,3,B,0.7686,B,,Match,D432/01,A
400005034700051,TELEVID5556_SCANNER14,GR1187245628131276827400005034700051,27/05/2025,18/05/2025,6281312768,GR118,Greek,GR,7245,27,IT IMPOSSIMBLE FOR,0.7659,IT IMPOSSIMBLE FOR,,Match,D432/01,it impossible for/it impossible/for
400005035000203,TELEVID5571_SCANNER14,GR8010035628131276830400005035000203,27/05/2025,18/05/2025,6281312768,GR801,Greek,GR,35,30,DO YOU WANT ME TO,0.7983,DO YOU WANT ME TO,,Match,D432/01,do you want/me to/do you want me to/did you want me to/did you want/me to
400005052100676,TELEVID5606_SCANNER14,GR0350380628131276827400005052100676,28/05/2025,18/05/2025,6281312768,GR035,Greek,GR,380,27,IT IMPOSSIBLE FOR,0.7588,11 IMPOSSIBLE FOR,,NoMatch,D432/01,it impossible for/it impossible/for
400005064100698,TELEVID5621_SCANNER14,GR005012062813127684400005064100698,29/05/2025,18/05/2025,6281312768,GR005,Greek,GR,120,4,B,0.7659,B,,Match,D432/01,B
400005180700407,TELEVID5846_SCANNER14,TR0030304638961792236400005180700407,05/06/2025,31/05/2025,6389617922,TR003,Turkic,TR,304,36,D,0.7927,D,,Match,D432/01,C
400005180700466,TELEVID5846_SCANNER14,TR0030274638961792217400005180700466,05/06/2025,31/05/2025,6389617922,TR003,Turkic,TR,274,17,TEND,0.7941,TEND,,Match,D432/01,tendency
400005230800973,TELEVID5875_SCANNER14,TR0221012638961792241400005230800973,09/06/2025,31/05/2025,6389617922,TR022,Turkic,TR,1012,41,D,0.7584,"B, D",,NoMatch,D432/01,D
400005346800527,TELEVID6029_SCANNER14,GE001000225893117297400005346800527,13/06/2025,07/06/2025,2589311729,GE001,Others,GE,2,7,D,0.7533,D,,Match,D432/01,C
400005346800527,TELEVID6029_SCANNER14,GE0010002258931172920400005346800527,13/06/2025,07/06/2025,2589311729,GE001,Others,GE,2,20,INJURIES,0.7687,INJURIES,,Match,D432/01,injuries/injury
400005346800527,TELEVID6029_SCANNER14,GE0010002258931172929400005346800527,13/06/2025,07/06/2025,2589311729,GE001,Others,GE,2,29,NO INTENTION GETTING,0.7826,NO INTENTION GETTING,,Match,D432/01,[n't/not] any intention/of getting/no intention of getting/no intention/of getting/[n't/not] any intention of getting/got no intention of getting/got no intention/of getting
400005346800533,TELEVID6029_SCANNER14,GE0010008258931172928400005346800533,13/06/2025,07/06/2025,2589311729,GE001,Others,GE,8,28,COUNT ON HER BEST FRIEND,0.7545,COUNT ON HER BEST FRIEND,,Match,D432/01,count on her (best) friend/count on/her (best) friend
400005346800539,TELEVID6029_SCANNER14,GE0010014258931172927400005346800539,13/06/2025,07/06/2025,2589311729,GE001,Others,GE,14,27,I WOULD HAVE BEEN,0.7528,I WOULD HAVE BEEN,,Match,D432/01,I would have been/I would/have been/I would 've been/I would/'ve been/I would have arrived/I would/have arrived/I would 've arrived/I would/'ve arrived
400005346800541,TELEVID6029_SCANNER14,GE0010016258931172916400005346800541,13/06/2025,07/06/2025,2589311729,GE001,Others,GE,16,16,NOTHING,0.7877,XOIHING,,NoMatch,D432/01,nothing
400005346800555,TELEVID6029_SCANNER14,GE001003025893117294400005346800555,13/06/2025,07/06/2025,2589311729,GE001,Others,GE,30,4,B,0.7815,B,,Match,D432/01,B
400005346800557,TELEVID6029_SCANNER14,GE0010032258931172929400005346800557,13/06/2025,07/06/2025,2589311729,GE001,Others,GE,32,29,NO INTENTION ON GETTING,0.7878,NO INTENTION ON GETTING,,Match,D432/01,[n't/not] any intention/of getting/no intention of getting/no intention/of getting/[n't/not] any intention of getting/got no intention of getting/got no intention/of getting
400005346800559,TELEVID6029_SCANNER14,GE001003425893117294400005346800559,13/06/2025,07/06/2025,2589311729,GE001,Others,GE,34,4,B,0.7898,B,,Match,D432/01,B
400005346800567,TELEVID6029_SCANNER14,GE001004225893117294400005346800567,13/06/2025,07/06/2025,2589311729,GE001,Others,GE,42,4,B,0.7976,B,,Match,D432/01,B
400005346800567,TELEVID6029_SCANNER14,GE0010042258931172910400005346800567,13/06/2025,07/06/2025,2589311729,GE001,Others,GE,42,10,LITTLE,0.7788,LITTLE,,Match,D432/01,little
400005346800567,TELEVID6029_SCANNER14,GE0010042258931172952400005346800567,13/06/2025,07/06/2025,2589311729,GE001,Others,GE,42,52,B,0.7521,"B, C",,NoMatch,D432/01,B
400005346800568,TELEVID6029_SCANNER14,GE0010043258931172926400005346800568,13/06/2025,07/06/2025,2589311729,GE001,Others,GE,43,26,WAS UNFAMILIAR TO,0.7616,WAS UNFAMILIAR TO,,Match,D432/01,(there) were unfamiliar to/(there) were unfamiliar/to/(there) seemed unfamiliar to/(there) seemed unfamiliar/to/(there) looked unfamiliar to/(there) looked unfamiliar/to/(there) appeared unfamiliar to/(there) appeared unfamiliar/to
400005346800570,TELEVID6029_SCANNER14,GE0010045258931172910400005346800570,13/06/2025,07/06/2025,2589311729,GE001,Others,GE,45,10,NO,0.76,NO,,Match,D432/01,little
400005346800571,TELEVID6029_SCANNER14,GE0010046258931172926400005346800571,13/06/2025,07/06/2025,2589311729,GE001,Others,GE,46,26,WERE UNFAMILIAR TO,0.7735,WERE UNFAMILIAR TO,,Match,D432/01,(there) were unfamiliar to/(there) were unfamiliar/to/(there) seemed unfamiliar to/(there) seemed unfamiliar/to/(there) looked unfamiliar to/(there) looked unfamiliar/to/(there) appeared unfamiliar to/(there) appeared unfamiliar/to
400005346800577,TELEVID6029_SCANNER14,GE0010052258931172915400005346800577,13/06/2025,07/06/2025,2589311729,GE001,Others,GE,52,15,WELL,0.7763,WELL,,Match,D432/01,long
400005346800580,TELEVID6029_SCANNER14,GE0010055258931172918400005346800580,13/06/2025,07/06/2025,2589311729,GE001,Others,GE,55,18,VALUABLE,0.7689,VAZYABLE,,NoMatch,D432/01,valuable/invaluable
400005346800585,TELEVID6029_SCANNER14,GE001006025893117291400005346800585,13/06/2025,07/06/2025,2589311729,GE001,Others,GE,60,1,B,0.7974,B,,Match,D432/01,B
400005346800588,TELEVID6029_SCANNER14,GE0010063258931172918400005346800588,13/06/2025,07/06/2025,2589311729,GE001,Others,GE,63,18,VALUABLE,0.7597,VALUABLE,,Match,D432/01,valuable/invaluable
400005346800596,TELEVID6029_SCANNER14,GE001007125893117294400005346800596,13/06/2025,07/06/2025,2589311729,GE001,Others,GE,71,4,B,0.7761,B,,Match,D432/01,B
400005346800600,TELEVID6029_SCANNER14,GE0010075258931172917400005346800600,13/06/2025,07/06/2025,2589311729,GE001,Others,GE,75,17,MISTAKEN,0.7596,MISTAKEN,,Match,D432/01,mistaken
400005346800600,TELEVID6029_SCANNER14,GE0010075258931172925400005346800600,13/06/2025,07/06/2025,2589311729,GE001,Others,GE,75,25,PREVENTED ME FROM TAKING,0.7844,PREVENTED ME FROM TAKING,,Match,D432/01,prevented me (from) taking/prevented me/(from) taking
400005346800602,TELEVID6029_SCANNER14,GE0010077258931172916400005346800602,13/06/2025,07/06/2025,2589311729,GE001,Others,GE,77,16,NOTHING,0.7824,NOTHING,,Match,D432/01,nothing
400005346800604,TELEVID6029_SCANNER14,GE0010079258931172912400005346800604,13/06/2025,07/06/2025,2589311729,GE001,Others,GE,79,12,SO,0.7674,SO,,Match,D432/01,so
400005346800612,TELEVID6029_SCANNER14,GE0010087258931172924400005346800612,13/06/2025,07/06/2025,2589311729,GE001,Others,GE,87,24,MISUNDERSTANDING,0.7513,MISUNDERSIANDING,,NoMatch,D432/01,understanding
400005346800616,TELEVID6029_SCANNER14,GE001009125893117294400005346800616,13/06/2025,07/06/2025,2589311729,GE001,Others,GE,91,4,B,0.7982,B,,Match,D432/01,B
400005346800619,TELEVID6029_SCANNER14,GE0010094258931172918400005346800619,13/06/2025,07/06/2025,2589311729,GE001,Others,GE,94,18,VALUABLE,0.785,VALUABLE,,Match,D432/01,valuable/invaluable
400005346800622,TELEVID6029_SCANNER14,GE0010097258931172928400005346800622,13/06/2025,07/06/2025,2589311729,GE001,Others,GE,97,28,COUNT HER BEST FRIEND TRUSTFUL,0.7759,COUNT MER BEST FRIEND TRUSTFUL,,NoMatch,D432/01,count on her (best) friend/count on/her (best) friend
400005346800623,TELEVID6029_SCANNER14,GE0010098258931172916400005346800623,13/06/2025,07/06/2025,2589311729,GE001,Others,GE,98,16,NOTHING,0.7675,NOTHING,,Match,D432/01,nothing
400005346800623,TELEVID6029_SCANNER14,GE0010098258931172929400005346800623,13/06/2025,07/06/2025,2589311729,GE001,Others,GE,98,29,NO INTENIION OF GETTING,0.7688,NO INTENIION OF GETTING,,Match,D432/01,[n't/not] any intention/of getting/no intention of getting/no intention/of getting/[n't/not] any intention of getting/got no intention of getting/got no intention/of getting
400005346800624,TELEVID6029_SCANNER14,GE001009925893117294400005346800624,13/06/2025,07/06/2025,2589311729,GE001,Others,GE,99,4,B,0.7896,B,,Match,D432/01,B
400005346800627,TELEVID6029_SCANNER14,GE001010225893117295400005346800627,13/06/2025,07/06/2025,2589311729,GE001,Others,GE,102,5,B,0.7789,"B, D",,NoMatch,D432/01,D
400005346800627,TELEVID6029_SCANNER14,GE0010102258931172925400005346800627,13/06/2025,07/06/2025,2589311729,GE001,Others,GE,102,25,PREVENTED ME FROM TAKING,0.7525,PREVENTED ME FROM TALLING,,NoMatch,D432/01,prevented me (from) taking/prevented me/(from) taking
400005346800635,TELEVID6029_SCANNER14,GE001011025893117297400005346800635,13/06/2025,07/06/2025,2589311729,GE001,Others,GE,110,7,B,0.7866,B,,Match,D432/01,C
400005346800637,TELEVID6029_SCANNER14,GE0010112258931172928400005346800637,13/06/2025,07/06/2025,2589311729,GE001,Others,GE,112,28,COUNT ON HER BEST FRIEND,0.7894,COUNT ON MER BEST FRIEND,,NoMatch,D432/01,count on her (best) friend/count on/her (best) friend
400005346800637,TELEVID6029_SCANNER14,GE0010112258931172930400005346800637,13/06/2025,07/06/2025,2589311729,GE001,Others,GE,112,30,WHETHER MY TEACHER LIKES THE,0.7778,WHETHER MY TEACHER LIKES THE,,Match,D432/01,whether my teacher is in/whether my teacher/is in/whether my teacher 's in/whether my teacher/'s in
400005349900740,TELEVID6039_SCANNER14,NP013005985672766751400005349900740,13/06/2025,04/06/2025,8567276675,NP013,Indo-Iranian,NP,59,1,A,0.7816,A,,Match,D432/01,C
400005349900741,TELEVID6039_SCANNER14,NP0130060856727667530400005349900741,13/06/2025,04/06/2025,8567276675,NP013,Indo-Iranian,NP,60,30,IT MAY,0.787,IT MAY,,Match,D432/01,(just) in case it/(just) in case/it
400005349900783,TELEVID6039_SCANNER14,NP0130079856727667525400005349900783,13/06/2025,04/06/2025,8567276675,NP013,Indo-Iranian,NP,79,25,LONG AS I DON'T,0.7897,LONG AS I DON'T,,Match,D432/01,long as/I [don't/do not]/long as I [don't/do not]
400005349900795,TELEVID6039_SCANNER14,NP0130091856727667520400005349900795,13/06/2025,04/06/2025,8567276675,NP013,Indo-Iranian,NP,91,20,DRAMAS,0.7694,PRAMAS,,NoMatch,D432/01,dramatically
400005349900795,TELEVID6039_SCANNER14,NP0130091856727667529400005349900795,13/06/2025,04/06/2025,8567276675,NP013,Indo-Iranian,NP,91,29,TO GET RID OF,0.7667,TOGET RID OF,,NoMatch,D432/01,to get rid of/to/get rid of/to rid yourself of/to/rid yourself of
400005349900820,TELEVID6039_SCANNER14,NP013009685672766757400005349900820,13/06/2025,04/06/2025,8567276675,NP013,Indo-Iranian,NP,96,7,--impossible--,0.78,C,,NoMatch,D432/01,B
400005349900831,TELEVID6039_SCANNER14,NP0130107856727667522400005349900831,13/06/2025,04/06/2025,8567276675,NP013,Indo-Iranian,NP,107,22,FASCINATE,0.7919,FASCINATE,,Match,D432/01,significant
400005349900831,TELEVID6039_SCANNER14,NP0130107856727667527400005349900831,13/06/2025,04/06/2025,8567276675,NP013,Indo-Iranian,NP,107,27,WAS BEING PLAYED BY,0.7879,WAS BEING PLAYED BY,,Match,D432/01,was being played by/was being/played by
400005415200387,TELEVID6068_SCANNER14,TR0030040638961792225400005415200387,16/06/2025,31/05/2025,6389617922,TR003,Turkic,TR,40,25,ARE TALL ENOUGH,0.7996,ARE TALL ENOUGH,,Match,D432/01,is tall enough to/is/tall enough to/is sufficiently tall to/is/sufficiently tall to
400005636900666,TELEVID6357_SCANNER14,IT1600024857122788615400005636900666,11/07/2025,28/06/2025,8571227886,IT160,Romance,IT,24,15,IF,0.7874,1F,,NoMatch,D432/01,though
400005636900669,TELEVID6357_SCANNER14,IT160002785712278861400005636900669,11/07/2025,28/06/2025,8571227886,IT160,Romance,IT,27,1,B,0.7991,B,,Match,D432/01,B
400005636900669,TELEVID6357_SCANNER14,IT1600027857122788628400005636900669,11/07/2025,28/06/2025,8571227886,IT160,Romance,IT,27,28,"FROM TIM, NOBODY HAS",0.7968,"FROM TIM, NOBODY HAS",,Match,D432/01,from Tim nobody/from Tim/nobody/from Tim nobody else/from Tim/nobody else/from Tim nobody has/from Tim/nobody has/from Tim nobody's/from Tim/nobody's/from Tim nobody else has/from Tim/nobody else has/from him nobody/from him/nobody/from him nobody else/from him/nobody else/from him nobody has/from him/nobody has/from him nobody's/from him/nobody's/from him nobody else has/from him/nobody else has/from her nobody/from her/nobody/from her nobody else/from her/nobody else/from her nobody has/from her/nobody has/from her nobody's/from her/nobody's/from her nobody else has/from her/nobody else has/from them nobody/from them/nobody/from them nobody else/from them/nobody else/from them nobody has/from them/nobody has/from them nobody's/from them/nobody's/from them nobody else has/from them/nobody else has
400005637700610,TELEVID6359_1_Scanner20,IT6920001857122788630400005637700610,14/07/2025,28/06/2025,8571227886,IT692,Romance,IT,1,30,EYE-SEEK,0.7694,EYE-SEEK,,Match,D432/01,keep an eye on/keep/an eye on/keep your eye on/keep/your eye on
400005637700617,TELEVID6359_1_Scanner20,IT6920008857122788615400005637700617,14/07/2025,28/06/2025,8571227886,IT692,Romance,IT,8,15,IF,0.7697,1F,,NoMatch,D432/01,though
400005637700620,TELEVID6359_1_Scanner20,IT6920011857122788615400005637700620,14/07/2025,28/06/2025,8571227886,IT692,Romance,IT,11,15,THOUGH,0.77,THOUGH,,Match,D432/01,though
400005637700620,TELEVID6359_1_Scanner20,IT6920011857122788617400005637700620,14/07/2025,28/06/2025,8571227886,IT692,Romance,IT,11,17,BENEFICIAL,0.7762,BENEFICIAL,,Match,D432/01,beneficial
60000002708600619,TELEVID5561_SCANNER18,GR11800516281312768460000002708600619,27/05/2025,18/05/2025,6281312768,GR118,Greek,GR,51,4,B,0.7941,B,,Match,D432/01,B
60000002708600619,TELEVID5561_SCANNER18,GR118005162813127682560000002708600619,27/05/2025,18/05/2025,6281312768,GR118,Greek,GR,51,25,THE TIME I GOT AT,0.7939,THE TIME 1 GOT J AT,,NoMatch,D432/01,the time I got to/the time I/got to/the time I arrived at/the time I/arrived at/had reached/the time I had reached/the time I/the time I 'd reached/the time I/'d reached/the time (that) I reached/the time (that) I/reached
60000002708600619,TELEVID5561_SCANNER18,GR118005162813127682660000002708600619,27/05/2025,18/05/2025,6281312768,GR118,Greek,GR,51,26,WISH MY ELBOW WOULD NOT,0.7889,WISH MY WELBOW WOULD NOT,,NoMatch,D432/01,wish my elbow/[didn't/did not]/wish my elbow [didn't/did not]
60000002708600623,TELEVID5561_SCANNER18,GR118005562813127683060000002708600623,27/05/2025,18/05/2025,6281312768,GR118,Greek,GR,55,30,DO YOU WANT ME TO,0.7984,DO YOU WANT ME TO,,Match,D432/01,do you want/me to/do you want me to/did you want me to/did you want/me to
60000002708600817,TELEVID5561_SCANNER18,GR118782962813127681560000002708600817,27/05/2025,18/05/2025,6281312768,GR118,Greek,GR,7829,15,OFTEN,0.7955,OFTEN,,Match,D432/01,[that/which]
60000002708601050,TELEVID5561_SCANNER18,GR118839162813127682560000002708601050,27/05/2025,18/05/2025,6281312768,GR118,Greek,GR,8391,25,THE TIME I WENT TO,0.7993,THE TIME I WENT TO,,Match,D432/01,the time I got to/the time I/got to/the time I arrived at/the time I/arrived at/had reached/the time I had reached/the time I/the time I 'd reached/the time I/'d reached/the time (that) I reached/the time (that) I/reached
60000002710200748,TELEVID5552_SCANNER18,GR118687462813127682560000002710200748,27/05/2025,18/05/2025,6281312768,GR118,Greek,GR,6874,25,THE TIME I GOT TO,0.7562,THE TIME I GOT TO,,Match,D432/01,the time I got to/the time I/got to/the time I arrived at/the time I/arrived at/had reached/the time I had reached/the time I/the time I 'd reached/the time I/'d reached/the time (that) I reached/the time (that) I/reached
60000002734200575,TELEVID5622_SCANNER18,GR026012662813127682260000002734200575,29/05/2025,18/05/2025,6281312768,GR026,Greek,GR,126,22,DISAPPROVE,0.7976,DISAPPROVE,,Match,D432/01,disapprove
60000002734500092,TELEVID5615_SCANNER18,GR005046162813127682160000002734500092,29/05/2025,18/05/2025,6281312768,GR005,Greek,GR,461,21,VALUEABLE,0.774,VALUEABLE,,Match,D432/01,valuable/invaluable
60000002734500093,TELEVID5615_SCANNER18,GR00504626281312768660000002734500093,29/05/2025,18/05/2025,6281312768,GR005,Greek,GR,462,6,D,0.7841,"C, D",,NoMatch,D432/01,D
60000002734500093,TELEVID5615_SCANNER18,GR00504626281312768760000002734500093,29/05/2025,18/05/2025,6281312768,GR005,Greek,GR,462,7,A,0.796,A,,Match,D432/01,B
60000002734500535,TELEVID5615_SCANNER18,GR00504206281312768760000002734500535,29/05/2025,18/05/2025,6281312768,GR005,Greek,GR,420,7,B,0.7837,C,,NoMatch,D432/01,B
60000002734500884,TELEVID5615_SCANNER18,GR005048762813127682060000002734500884,29/05/2025,18/05/2025,6281312768,GR005,Greek,GR,487,20,INTRODUCTION,0.7623,INTRODUCTION,,Match,D432/01,introducing/introduction
60000002734500903,TELEVID5615_SCANNER18,GR00505066281312768760000002734500903,29/05/2025,18/05/2025,6281312768,GR005,Greek,GR,506,7,B,0.7823,C,,NoMatch,D432/01,B
60000002902800313,TELEVID5877_SCANNER19,TR02210506389617922760000002902800313,10/06/2025,31/05/2025,6389617922,TR022,Turkic,TR,1050,7,--impossible--,0.7941,C,,NoMatch,D432/01,C
60000002902800314,TELEVID5877_SCANNER19,TR022105163896179222960000002902800314,10/06/2025,31/05/2025,6389617922,TR022,Turkic,TR,1051,29,ANOISY PARTY,0.7602,ANOISY PARTY,,Match,D432/01,such a noisy party/such/a noisy party
60000002902800377,TELEVID5877_SCANNER19,TR02210216389617922760000002902800377,10/06/2025,31/05/2025,6389617922,TR022,Turkic,TR,1021,7,B,0.7799,B,,Match,D432/01,C
60000002902800528,TELEVID5877_SCANNER19,TR022102863896179221360000002902800528,10/06/2025,31/05/2025,6389617922,TR022,Turkic,TR,1028,13,IT,0.7949,IT,,Match,D432/01,It
60000002902800531,TELEVID5877_SCANNER19,TR022103163896179221860000002902800531,10/06/2025,31/05/2025,6389617922,TR022,Turkic,TR,1031,18,PROBLEMS,0.7701,PREBLEMS,,NoMatch,D432/01,overfamiliarity/familiarity
60000002902800538,TELEVID5877_SCANNER19,TR022103863896179223060000002902800538,10/06/2025,31/05/2025,6389617922,TR022,Turkic,TR,1038,30,AT THE TIME DAN ARRIVED,0.7893,AT THE TIME DAN ARRIVED,,Match,D432/01,by the time Dan arrived/by the time/Dan arrived/by the time Dan was/by the time/Dan was/by the time he arrived/by the time/he arrived/by the time he was/by the time/he was/by the time she arrived/by the time/she arrived/by the time she was/by the time/she was/by the time they arrived/by the time/they arrived/by the time they were/by the time/they were
60000002902800542,TELEVID5877_SCANNER19,TR02210426389617922460000002902800542,10/06/2025,31/05/2025,6389617922,TR022,Turkic,TR,1042,4,B,0.7866,B,,Match,D432/01,A
60000002930500319,TELEVID5935_SCANNER18,TR096000163896179221360000002930500319,11/06/2025,31/05/2025,6389617922,TR096,Turkic,TR,1,13,IT,0.7624,IT,,Match,D432/01,It
60000002930500319,TELEVID5935_SCANNER18,TR096000163896179222560000002930500319,11/06/2025,31/05/2025,6389617922,TR096,Turkic,TR,1,25,TALL ENOUGH TO,0.7518,TALLENOUGH TO,,NoMatch,D432/01,is tall enough to/is/tall enough to/is sufficiently tall to/is/sufficiently tall to
60000002930500325,TELEVID5935_SCANNER18,TR096000663896179223060000002930500325,11/06/2025,31/05/2025,6389617922,TR096,Turkic,TR,6,30,JUST AS DAN ARRIVED,0.7762,JUST AS DON ARRIVED,,NoMatch,D432/01,by the time Dan arrived/by the time/Dan arrived/by the time Dan was/by the time/Dan was/by the time he arrived/by the time/he arrived/by the time he was/by the time/he was/by the time she arrived/by the time/she arrived/by the time she was/by the time/she was/by the time they arrived/by the time/they arrived/by the time they were/by the time/they were
60000002931200526,TELEVID5933_SCANNER18,TR156000563896179224860000002931200526,11/06/2025,31/05/2025,6389617922,TR156,Turkic,TR,5,48,B,0.767,"B, C",,NoMatch,D432/01,D
60000002931200532,TELEVID5933_SCANNER18,TR156001163896179222660000002931200532,11/06/2025,31/05/2025,6389617922,TR156,Turkic,TR,11,26,TO CARE FOR,0.7898,TOCARE FOR,,NoMatch,D432/01,for taking/for taking care of/care of
60000002931200549,TELEVID5933_SCANNER18,TR156001263896179221360000002931200549,11/06/2025,31/05/2025,6389617922,TR156,Turkic,TR,12,13,IT,0.7784,IT,,Match,D432/01,It
60000002931200552,TELEVID5933_SCANNER18,TR15600156389617922360000002931200552,11/06/2025,31/05/2025,6389617922,TR156,Turkic,TR,15,3,B,0.7776,B,,Match,D432/01,B
60000002937700568,TELEVID5949_SCANNER18,TR031000363896179223060000002937700568,11/06/2025,31/05/2025,6389617922,TR031,Turkic,TR,3,30,AT THE TIME WHEN MIKE WAS JUST,0.78,AT THE TIME WHEN MIKE WAS JUST,,Match,D432/01,by the time Dan arrived/by the time/Dan arrived/by the time Dan was/by the time/Dan was/by the time he arrived/by the time/he arrived/by the time he was/by the time/he was/by the time she arrived/by the time/she arrived/by the time she was/by the time/she was/by the time they arrived/by the time/they arrived/by the time they were/by the time/they were
60000002950600443,TELEVID5952_SCANNER18,TR031001863896179223060000002950600443,12/06/2025,31/05/2025,6389617922,TR031,Turkic,TR,18,30,JUST ON TIME,0.771,JUST ON TIME,,Match,D432/01,by the time Dan arrived/by the time/Dan arrived/by the time Dan was/by the time/Dan was/by the time he arrived/by the time/he arrived/by the time he was/by the time/he was/by the time she arrived/by the time/she arrived/by the time she was/by the time/she was/by the time they arrived/by the time/they arrived/by the time they were/by the time/they were
60000002950600541,TELEVID5952_SCANNER18,TR031001063896179222660000002950600541,12/06/2025,31/05/2025,6389617922,TR031,Turkic,TR,10,26,FOR TAKING CARE OF,0.7563,FOR TAKING CARE OF,,Match,D432/01,for taking/for taking care of/care of
60000002960300413,TELEVID6018_SCANNER18,TR020104263896179222060000002960300413,12/06/2025,31/05/2025,6389617922,TR020,Turkic,TR,1042,20,SOLUTION,0.7659,SOLVTION,,NoMatch,D432/01,solution
60000002971100613,TELEVID6041_SCANNER18,NP013013085672766752560000002971100613,13/06/2025,04/06/2025,8567276675,NP013,Indo-Iranian,NP,130,25,LONG IF I WOULD,0.7776,LONG IF I WOULD,,Match,D432/01,long as/I [don't/do not]/long as I [don't/do not]
60000002971100613,TELEVID6041_SCANNER18,NP013013085672766752760000002971100613,13/06/2025,04/06/2025,8567276675,NP013,Indo-Iranian,NP,130,27,HAS BEING PLAYED BY,0.7886,HAS BEING PLAYED BY,,Match,D432/01,was being played by/was being/played by
60000002972000285,TELEVID6040_SCANNER18,NP013000585672766751460000002972000285,13/06/2025,04/06/2025,8567276675,NP013,Indo-Iranian,NP,5,14,THIS,0.774,THIS,,Match,D432/01,[anything/much]
60000002972000285,TELEVID6040_SCANNER18,NP013000585672766751660000002972000285,13/06/2025,04/06/2025,8567276675,NP013,Indo-Iranian,NP,5,16,THE,0.7769,THE,,Match,D432/01,[rather/more]
60000002972000285,TELEVID6040_SCANNER18,NP013000585672766752560000002972000285,13/06/2025,04/06/2025,8567276675,NP013,Indo-Iranian,NP,5,25,LONG I WANT,0.7921,LONG I WANT,,Match,D432/01,long as/I [don't/do not]/long as I [don't/do not]
60000002972000292,TELEVID6040_SCANNER18,NP013001285672766752860000002972000292,13/06/2025,04/06/2025,8567276675,NP013,Indo-Iranian,NP,12,28,ARE WERE WILLING TO GIVE HIM,0.7805,ARE WERE WILLING TO GTVE HIM,,NoMatch,D432/01,were willing to lend Tony/were willing/to lend Tony/were willing to lend him/were willing/to lend him/were willing to give Tony/were willing/to give Tony/were willing to give him/were willing/to give him
60000002972000292,TELEVID6040_SCANNER18,NP013001285672766752960000002972000292,13/06/2025,04/06/2025,8567276675,NP013,Indo-Iranian,NP,12,29,TO GET RID OF,0.7864,TO GET RID OF,,Match,D432/01,to get rid of/to/get rid of/to rid yourself of/to/rid yourself of
60000002972000295,TELEVID6040_SCANNER18,NP013001585672766752060000002972000295,13/06/2025,04/06/2025,8567276675,NP013,Indo-Iranian,NP,15,20,DRAMA,0.778,DRAMA,,Match,D432/01,dramatically
60000002972000295,TELEVID6040_SCANNER18,NP013001585672766752560000002972000295,13/06/2025,04/06/2025,8567276675,NP013,Indo-Iranian,NP,15,25,LONG AS I,0.7892,LONG AS I,,Match,D432/01,long as/I [don't/do not]/long as I [don't/do not]
60000002972000295,TELEVID6040_SCANNER18,NP013001585672766752960000002972000295,13/06/2025,04/06/2025,8567276675,NP013,Indo-Iranian,NP,15,29,RID AWAY,0.7627,RID AWAY,,Match,D432/01,to get rid of/to/get rid of/to rid yourself of/to/rid yourself of
60000002972000302,TELEVID6040_SCANNER18,NP013002285672766752560000002972000302,13/06/2025,04/06/2025,8567276675,NP013,Indo-Iranian,NP,22,25,LONG BUT NOT IF I HAVE TO SING,0.7917,LONG BUT NOT IF I HAVE TO SING,,Match,D432/01,long as/I [don't/do not]/long as I [don't/do not]
60000002972000328,TELEVID6040_SCANNER18,NP013002585672766752660000002972000328,13/06/2025,04/06/2025,8567276675,NP013,Indo-Iranian,NP,25,26,IS UNLIKELY,0.7812,IS UNIIKELY,,NoMatch,D432/01,is unlikely to arrive/is unlikely/to arrive/'s unlikely to arrive/'s unlikely/to arrive/is unlikely to be/is unlikely/to be/'s unlikely to be/'s unlikely/to be
60000002972000334,TELEVID6040_SCANNER18,NP013003185672766752560000002972000334,13/06/2025,04/06/2025,8567276675,NP013,Indo-Iranian,NP,31,25,LONG AS I DONT,0.7565,LONG AS I DONT HI,,NoMatch,D432/01,long as/I [don't/do not]/long as I [don't/do not]
60000002972000341,TELEVID6040_SCANNER18,NP013003885672766752160000002972000341,13/06/2025,04/06/2025,8567276675,NP013,Indo-Iranian,NP,38,21,CHARACTERISTCS,0.7776,CHARACTERISTLS,,NoMatch,D432/01,characteristics
60000002972000341,TELEVID6040_SCANNER18,NP013003885672766752860000002972000341,13/06/2025,04/06/2025,8567276675,NP013,Indo-Iranian,NP,38,28,WERE WILLING TO GIVE TONY,0.7679,WERE WILLING TO GIVE TONY,,Match,D432/01,were willing to lend Tony/were willing/to lend Tony/were willing to lend him/were willing/to lend him/were willing to give Tony/were willing/to give Tony/were willing to give him/were willing/to give him
60000002972000348,TELEVID6040_SCANNER18,NP01300458567276675460000002972000348,13/06/2025,04/06/2025,8567276675,NP013,Indo-Iranian,NP,45,4,A,0.7524,A,,Match,D432/01,A
60000002972000348,TELEVID6040_SCANNER18,NP013004585672766751260000002972000348,13/06/2025,04/06/2025,8567276675,NP013,Indo-Iranian,NP,45,12,AND,0.7662,AND,,Match,D432/01,what
60000003013400431,TELEVID6069_SCANNER18,TR003007063896179222560000003013400431,16/06/2025,31/05/2025,6389617922,TR003,Turkic,TR,70,25,ARE TALL ENOUGH TO,0.7671,ARE TALL ENOUGH TO,,Match,D432/01,is tall enough to/is/tall enough to/is sufficiently tall to/is/sufficiently tall to
60000003013400432,TELEVID6069_SCANNER18,TR003007163896179223060000003013400432,16/06/2025,31/05/2025,6389617922,TR003,Turkic,TR,71,30,BY THE TIME DAN ARIVED,0.7852,BY THE TIME DAN ARIVED,,Match,D432/01,by the time Dan arrived/by the time/Dan arrived/by the time Dan was/by the time/Dan was/by the time he arrived/by the time/he arrived/by the time he was/by the time/he was/by the time she arrived/by the time/she arrived/by the time she was/by the time/she was/by the time they arrived/by the time/they arrived/by the time they were/by the time/they were
60000003045100206,TELEVID8009_SCANNER18,TR003019363896179222960000003045100206,18/06/2025,31/05/2025,6389617922,TR003,Turkic,TR,193,29,A NOISY PARTY,0.7796,A NOISY PARTY,,Match,D432/01,such a noisy party/such/a noisy party
60000003045100219,TELEVID8009_SCANNER18,TR003020663896179222960000003045100219,18/06/2025,31/05/2025,6389617922,TR003,Turkic,TR,206,29,A NOISY PARTY,0.7693,ANOLSY PARTY,,NoMatch,D432/01,such a noisy party/such/a noisy party
60000003045100240,TELEVID8009_SCANNER18,TR003013363896179221360000003045100240,18/06/2025,31/05/2025,6389617922,TR003,Turkic,TR,133,13,THAT,0.7614,THAT,,Match,D432/01,It
60000003054800301,TELEVID8040_SCANNER19,TR003015463896179222560000003054800301,18/06/2025,31/05/2025,6389617922,TR003,Turkic,TR,154,25,IS TALL ENOUGH TO,0.7919,15 TALL ENOUGH TO,,NoMatch,D432/01,is tall enough to/is/tall enough to/is sufficiently tall to/is/sufficiently tall to
60000003054800314,TELEVID8040_SCANNER19,TR003016863896179221360000003054800314,18/06/2025,31/05/2025,6389617922,TR003,Turkic,TR,168,13,IT,0.7809,IT,,Match,D432/01,It
60000003054800343,TELEVID8040_SCANNER19,TR00301776389617922360000003054800343,18/06/2025,31/05/2025,6389617922,TR003,Turkic,TR,177,3,B,0.7578,B,,Match,D432/01,B
60000003054800354,TELEVID8040_SCANNER19,TR003018863896179222560000003054800354,18/06/2025,31/05/2025,6389617922,TR003,Turkic,TR,188,25,AREN'T TALL ENOUGH TO,0.7735,AREN'T TALL ENOUGH TO,,Match,D432/01,is tall enough to/is/tall enough to/is sufficiently tall to/is/sufficiently tall to
60000003054800354,TELEVID8040_SCANNER19,TR003018863896179222860000003054800354,18/06/2025,31/05/2025,6389617922,TR003,Turkic,TR,188,28,WAS CONFIDENT TO,0.7717,WAS CONFIDENT TO,,Match,D432/01,was confident (that) we would/was confident/(that) we would/was confident (that) we'd/was confident/(that) we'd/was confident (that) we could/was confident/(that) we could/felt confident (that) we would/felt confident/(that) we would/felt confident (that) we'd/felt confident/(that) we'd/felt confident (that) we could/felt confident/(that) we could
60000003054800394,TELEVID8040_SCANNER19,TR00300556389617922360000003054800394,18/06/2025,31/05/2025,6389617922,TR003,Turkic,TR,55,3,B,0.7518,C,,NoMatch,D432/01,B
60000003059600615,televid8050_SCANNER19,TR003002463896179222360000003059600615,18/06/2025,31/05/2025,6389617922,TR003,Turkic,TR,24,23,CREATEVALLY,0.7507,CREATEVALLY,,Match,D432/01,creators
60000003074700008,TELEVID8082_SCANNER19,CY200000825893117292560000003074700008,19/06/2025,07/06/2025,2589311729,CY200,Greek,CY,8,25,PREVENTED ME FROM TAKING,0.7754,PREVENTED ME FROM TAKING,,Match,D432/01,prevented me (from) taking/prevented me/(from) taking
60000003080400478,TELEVID8085_SCANNER19,CY20000442589311729460000003080400478,19/06/2025,07/06/2025,2589311729,CY200,Greek,CY,44,4,B,0.7854,B,,Match,D432/01,B
60000003139800301,televid8231_SCANNER19,ES020029672771257681160000003139800301,25/06/2025,21/06/2025,7277125768,ES020,Romance,ES,296,11,SOMETHING,0.7505,SORETHING,,NoMatch,D432/01,something/anything
60000003139800573,televid8231_SCANNER19,IT112001072771257682060000003139800573,25/06/2025,21/06/2025,7277125768,IT112,Romance,IT,10,20,RECOVER,0.7819,RECOVER,,Match,D432/01,uncover
60000003140100427,televid8238_SCANNER19,ES945042872771257683060000003140100427,25/06/2025,21/06/2025,7277125768,ES945,Romance,ES,428,30,WISH I TOLD,0.7856,WISH I TOLD,,Match,D432/01,wish I had not told/wish I had not/told/wish I hadn't told/wish I hadn't/told/wish I'd not told/wish I'd not/told/wish I had not informed/wish I had not/informed/wish I hadn't informed/wish I hadn't/informed/wish I'd not informed/wish I'd not/informed/wish I had never told/wish I had never/told/wish I'd never told/wish I'd never/told/wish I had never informed/wish I had never/informed/wish I'd never informed/wish I'd never/informed
60000003140100612,televid8238_SCANNER19,ES497014172771257681760000003140100612,25/06/2025,21/06/2025,7277125768,ES497,Romance,ES,141,17,WIDLY,0.7638,WIDLY,,Match,D432/01,widen
60000003140600389,televid8233_SCANNER19,ES38300787277125768360000003140600389,25/06/2025,21/06/2025,7277125768,ES383,Romance,ES,78,3,B,0.7664,B,,Match,D432/01,C
60000003140900490,televid8239_SCANNER19,ES397313072771257683060000003140900490,25/06/2025,21/06/2025,7277125768,ES397,Romance,ES,3130,30,WISH I DIN'T TOLD,0.7669,WISH I DIN'T TOLD,,Match,D432/01,wish I had not told/wish I had not/told/wish I hadn't told/wish I hadn't/told/wish I'd not told/wish I'd not/told/wish I had not informed/wish I had not/informed/wish I hadn't informed/wish I hadn't/informed/wish I'd not informed/wish I'd not/informed/wish I had never told/wish I had never/told/wish I'd never told/wish I'd never/told/wish I had never informed/wish I had never/informed/wish I'd never informed/wish I'd never/informed
60000003141100044,televid8228_SCANNER19,ES94500177277125768760000003141100044,25/06/2025,21/06/2025,7277125768,ES945,Romance,ES,17,7,A,0.778,A,,Match,D432/01,C
60000003141400490,televid8229_SCANNER19,ES38300547277125768460000003141400490,25/06/2025,21/06/2025,7277125768,ES383,Romance,ES,54,4,B,0.7895,B,,Match,D432/01,B
60000003141400492,televid8229_SCANNER19,ES38300567277125768160000003141400492,25/06/2025,21/06/2025,7277125768,ES383,Romance,ES,56,1,B,0.7716,B,,Match,D432/01,D
60000003141400674,televid8229_SCANNER19,ES38303247277125768760000003141400674,25/06/2025,21/06/2025,7277125768,ES383,Romance,ES,324,7,B,0.7504,B,,Match,D432/01,C
60000003146100140,televid8230_SCANNER19,IT124000372771257682760000003146100140,25/06/2025,21/06/2025,7277125768,IT124,Romance,IT,3,27,TO AVOID BEING,0.7997,TOAVOID BEING,,NoMatch,D432/01,to AVOID (us) [getting/being]/to AVOID/(us) [getting/being]
60000003146100492,televid8230_SCANNER19,ES39730987277125768760000003146100492,25/06/2025,21/06/2025,7277125768,ES397,Romance,ES,3098,7,A,0.7734,A,,Match,D432/01,C
60000003146100507,televid8230_SCANNER19,ES397311372771257681060000003146100507,25/06/2025,21/06/2025,7277125768,ES397,Romance,ES,3113,10,HE,0.782,HE,,Match,D432/01,having
60000003146100537,televid8230_SCANNER19,IT001000372771257683660000003146100537,25/06/2025,21/06/2025,7277125768,IT001,Romance,IT,3,36,D,0.798,"A, D",,NoMatch,D432/01,D
60000003146100545,televid8230_SCANNER19,IT001001172771257684660000003146100545,25/06/2025,21/06/2025,7277125768,IT001,Romance,IT,11,46,E,0.7549,E,,Match,D432/01,E
60000003156700273,televid8291_SCANNER19,PL27700887277125768760000003156700273,26/06/2025,21/06/2025,7277125768,PL277,Slavic,PL,88,7,B,0.768,B,,Match,D432/01,C
60000003156700277,televid8291_SCANNER19,PL277009272771257681960000003156700277,26/06/2025,21/06/2025,7277125768,PL277,Slavic,PL,92,19,LONGEVITY,0.7858,LONGEVITY,,Match,D432/01,length
60000003156700280,televid8291_SCANNER19,PL277009572771257682160000003156700280,26/06/2025,21/06/2025,7277125768,PL277,Slavic,PL,95,21,SIGNIFINTLY,0.7725,SIGNIFINTLY,,Match,D432/01,Significantly
60000003156900141,televid8283_SCANNER19,ES291075472771257682360000003156900141,26/06/2025,21/06/2025,7277125768,ES291,Romance,ES,754,23,APPEARANCE,0.7616,APPEARANCE,,Match,D432/01,appearance
60000003156900889,televid8283_SCANNER19,ES391760572771257682460000003156900889,26/06/2025,21/06/2025,7277125768,ES391,Romance,ES,7605,24,VIRUSLY,0.7935,LIRUSLY,,NoMatch,D432/01,viral
60000003156900935,televid8283_SCANNER19,ES391765172771257681860000003156900935,26/06/2025,21/06/2025,7277125768,ES391,Romance,ES,7651,18,THIRD,0.794,THIRD,,Match,D432/01,third
60000003157200233,televid8286_SCANNER19,ES39178037277125768560000003157200233,26/06/2025,21/06/2025,7277125768,ES391,Romance,ES,7803,5,B,0.7662,B,,Match,D432/01,D
60000003158100049,televid8278_SCANNER19,ES391705672771257682260000003158100049,26/06/2025,21/06/2025,7277125768,ES391,Romance,ES,7056,22,UNLIKED,0.7591,UNLIKED,,Match,D432/01,disliked
60000003160100094,televid8285_SCANNER19,ES44200357277125768460000003160100094,26/06/2025,21/06/2025,7277125768,ES442,Romance,ES,35,4,B,0.7808,B,,Match,D432/01,B
60000003160100219,televid8285_SCANNER19,ES442016072771257683060000003160100219,26/06/2025,21/06/2025,7277125768,ES442,Romance,ES,160,30,WISH I HADN'T TOLD,0.7986,WISH I HADN'T TOLD,,Match,D432/01,wish I had not told/wish I had not/told/wish I hadn't told/wish I hadn't/told/wish I'd not told/wish I'd not/told/wish I had not informed/wish I had not/informed/wish I hadn't informed/wish I hadn't/informed/wish I'd not informed/wish I'd not/informed/wish I had never told/wish I had never/told/wish I'd never told/wish I'd never/told/wish I had never informed/wish I had never/informed/wish I'd never informed/wish I'd never/informed
60000003160100299,televid8285_SCANNER19,ES442024072771257682560000003160100299,26/06/2025,21/06/2025,7277125768,ES442,Romance,ES,240,25,INTENTION TO HIT,0.7715,TINTENTION JO HIT,,NoMatch,D432/01,(absolutely) no intention of hitting/(absolutely) no intention/of hitting
60000003160100433,televid8285_SCANNER19,ES007006672771257682860000003160100433,26/06/2025,21/06/2025,7277125768,ES007,Romance,ES,66,28,MADE IT IMPOSIBLE TO,0.7599,MADE IT IMPOSIBLE TO,,Match,D432/01,made it impossible for/made it/impossible for/meant it was/meant it was impossible for/impossible for
60000003160400192,televid8297_SCANNER19,ES497001072771257682160000003160400192,26/06/2025,21/06/2025,7277125768,ES497,Romance,ES,10,21,SIGNIFICATED,0.754,SIGNIFICATED,,Match,D432/01,Significantly
60000003160400608,televid8297_SCANNER19,ES438043472771257682860000003160400608,26/06/2025,21/06/2025,7277125768,ES438,Romance,ES,434,28,MADE IMPOSSIBLE TO,0.7918,MADE IMPOSSIBLE TO,,Match,D432/01,made it impossible for/made it/impossible for/meant it was/meant it was impossible for/impossible for
60000003162300196,televid8292_SCANNER19,PL277011072771257682260000003162300196,26/06/2025,21/06/2025,7277125768,PL277,Slavic,PL,110,22,HADN'T LIKED,0.7978,HADN'TLIKED,,NoMatch,D432/01,disliked
60000003162300439,televid8292_SCANNER19,IT844000372771257681260000003162300439,26/06/2025,21/06/2025,7277125768,IT844,Romance,IT,3,12,WHEN,0.7572,WHEN,,Match,D432/01,when
60000003162900455,televid8299_SCANNER19,ES278103572771257682160000003162900455,26/06/2025,21/06/2025,7277125768,ES278,Romance,ES,1035,21,SIGNIFICALLY,0.7933,SIGNIFICALLY,,Match,D432/01,Significantly
60000003163400686,televid8289_SCANNER19,ES103470872771257682660000003163400686,26/06/2025,21/06/2025,7277125768,ES103,Romance,ES,4708,26,AS GOOD ON PLAYING CHESS,0.7866,AS GOOD ON PLAYING CHTSS,,NoMatch,D432/01,as good at (playing) chess/as good/at (playing) chess/so good at (playing) chess/so good/at (playing) chess/as good a chess player/as good/a chess player/so good a chess player/so good/a chess player
60000003164000308,televid8288_SCANNER19,ES299003472771257681560000003164000308,26/06/2025,21/06/2025,7277125768,ES299,Romance,ES,34,15,ALL,0.7829,ALL,,Match,D432/01,on
60000003164000486,televid8288_SCANNER19,ES299001372771257682160000003164000486,26/06/2025,21/06/2025,7277125768,ES299,Romance,ES,13,21,SIGNIFICALY,0.7595,SIGNIFICALY,,Match,D432/01,Significantly
60000003164300121,televid8296_SCANNER19,IT28200147277125768760000003164300121,26/06/2025,21/06/2025,7277125768,IT282,Romance,IT,14,7,B,0.7875,C,,NoMatch,D432/01,C
60000003164300142,televid8296_SCANNER19,IT282000972771257685260000003164300142,26/06/2025,21/06/2025,7277125768,IT282,Romance,IT,9,52,C,0.7829,C,,Match,D432/01,C
60000003164300144,televid8296_SCANNER19,IT282001172771257683060000003164300144,26/06/2025,21/06/2025,7277125768,IT282,Romance,IT,11,30,WISH I DIDN'T TELL,0.7819,WISH I DIDN'T TELL,,Match,D432/01,wish I had not told/wish I had not/told/wish I hadn't told/wish I hadn't/told/wish I'd not told/wish I'd not/told/wish I had not informed/wish I had not/informed/wish I hadn't informed/wish I hadn't/informed/wish I'd not informed/wish I'd not/informed/wish I had never told/wish I had never/told/wish I'd never told/wish I'd never/told/wish I had never informed/wish I had never/informed/wish I'd never informed/wish I'd never/informed
60000003164300147,televid8296_SCANNER19,IT28200277277125768460000003164300147,26/06/2025,21/06/2025,7277125768,IT282,Romance,IT,27,4,B,0.7853,B,,Match,D432/01,B
60000003164300147,televid8296_SCANNER19,IT282002772771257681460000003164300147,26/06/2025,21/06/2025,7277125768,IT282,Romance,IT,27,14,IF,0.7961,IF,,Match,D432/01,though/if
60000003164300150,televid8296_SCANNER19,IT34800027277125768460000003164300150,26/06/2025,21/06/2025,7277125768,IT348,Romance,IT,2,4,B,0.7668,B,,Match,D432/01,B
60000003164300163,televid8296_SCANNER19,IT348001572771257682560000003164300163,26/06/2025,21/06/2025,7277125768,IT348,Romance,IT,15,25,NOT INTENTION TO HIT,0.7905,NOT INTENTION TO HIT,,Match,D432/01,(absolutely) no intention of hitting/(absolutely) no intention/of hitting
60000003164300164,televid8296_SCANNER19,IT34800167277125768460000003164300164,26/06/2025,21/06/2025,7277125768,IT348,Romance,IT,16,4,B,0.7723,B,,Match,D432/01,B
60000003164300164,televid8296_SCANNER19,IT348001672771257681760000003164300164,26/06/2025,21/06/2025,7277125768,IT348,Romance,IT,16,17,UNWIDE,0.7847,UNVIDE,,NoMatch,D432/01,widen
60000003164300417,televid8296_SCANNER19,PL277010172771257681460000003164300417,26/06/2025,21/06/2025,7277125768,PL277,Slavic,PL,101,14,IF,0.7993,1F,,NoMatch,D432/01,though/if
60000003164300417,televid8296_SCANNER19,PL277010172771257682560000003164300417,26/06/2025,21/06/2025,7277125768,PL277,Slavic,PL,101,25,ANY INTENTON TO HIT,0.7775,ANY INTENTON TO HIT,,Match,D432/01,(absolutely) no intention of hitting/(absolutely) no intention/of hitting
60000003165600295,televid8270_SCANNER19,ES291018872771257683060000003165600295,26/06/2025,21/06/2025,7277125768,ES291,Romance,ES,188,30,WISH I WOULD FOLD,0.761,WISH I WOULD FOLD,,Match,D432/01,wish I had not told/wish I had not/told/wish I hadn't told/wish I hadn't/told/wish I'd not told/wish I'd not/told/wish I had not informed/wish I had not/informed/wish I hadn't informed/wish I hadn't/informed/wish I'd not informed/wish I'd not/informed/wish I had never told/wish I had never/told/wish I'd never told/wish I'd never/told/wish I had never informed/wish I had never/informed/wish I'd never informed/wish I'd never/informed
60000003165600531,televid8270_SCANNER19,ES299055772771257682860000003165600531,26/06/2025,21/06/2025,7277125768,ES299,Romance,ES,557,28,MAKES IMPOSIBLE TO,0.7515,MAKES IMPOSIBLE TO,,Match,D432/01,made it impossible for/made it/impossible for/meant it was/meant it was impossible for/impossible for
60000003165600531,televid8270_SCANNER19,ES299055772771257684860000003165600531,26/06/2025,21/06/2025,7277125768,ES299,Romance,ES,557,48,A,0.7972,"A, B",,NoMatch,D432/01,D
60000003165600676,televid8270_SCANNER19,ES291011272771257682660000003165600676,26/06/2025,21/06/2025,7277125768,ES291,Romance,ES,112,26,AS GOOD AT CHESS,0.7877,AS GOOD AT CHESS,,Match,D432/01,as good at (playing) chess/as good/at (playing) chess/so good at (playing) chess/so good/at (playing) chess/as good a chess player/as good/a chess player/so good a chess player/so good/a chess player
60000003167000809,televid8298_SCANNER19,ES438023772771257683060000003167000809,26/06/2025,21/06/2025,7277125768,ES438,Romance,ES,237,30,WISH I DID NOT TELL,0.7651,WISH I DID NOT TELL,,Match,D432/01,wish I had not told/wish I had not/told/wish I hadn't told/wish I hadn't/told/wish I'd not told/wish I'd not/told/wish I had not informed/wish I had not/informed/wish I hadn't informed/wish I hadn't/informed/wish I'd not informed/wish I'd not/informed/wish I had never told/wish I had never/told/wish I'd never told/wish I'd never/told/wish I had never informed/wish I had never/informed/wish I'd never informed/wish I'd never/informed
60000003167000848,televid8298_SCANNER19,ES438027672771257681960000003167000848,26/06/2025,21/06/2025,7277125768,ES438,Romance,ES,276,19,LONGITUDE,0.7797,20161 TUDE,,NoMatch,D432/01,length
60000003173100557,televid6144_SCANNER19,ES030100672771257681760000003173100557,27/06/2025,21/06/2025,7277125768,ES030,Romance,ES,1006,17,AMIDE,0.7513,AWICE,,NoMatch,D432/01,widen
60000003173100557,televid6144_SCANNER19,ES030100672771257682860000003173100557,27/06/2025,21/06/2025,7277125768,ES030,Romance,ES,1006,28,MADE IT IMPOSSIBLE TO,0.7838,MADE IT IMPOSSIBLE TO,,Match,D432/01,made it impossible for/made it/impossible for/meant it was/meant it was impossible for/impossible for
60000003173100569,televid6144_SCANNER19,ES030101872771257681960000003173100569,27/06/2025,21/06/2025,7277125768,ES030,Romance,ES,1018,19,LENGHT,0.7888,LENGHT,,Match,D432/01,length
60000003174000603,televid8313_SCANNER19,ES089101872771257682960000003174000603,27/06/2025,21/06/2025,7277125768,ES089,Romance,ES,1018,29,BROUGHT OUT,0.7904,BROUGHT OUT,,Match,D432/01,never be brought/never/be brought/not (ever) be brought/not (ever)/be brought/n't (ever) be brought/n't (ever)/be brought
60000003174000612,televid8313_SCANNER19,ES089102772771257682960000003174000612,27/06/2025,21/06/2025,7277125768,ES089,Romance,ES,1027,29,BE BROUGHT,0.7866,BE BROUGHT,,Match,D432/01,never be brought/never/be brought/not (ever) be brought/not (ever)/be brought/n't (ever) be brought/n't (ever)/be brought
60000003174600157,televid6147_SCANNER19,ES337015272771257683060000003174600157,27/06/2025,21/06/2025,7277125768,ES337,Romance,ES,152,30,WISH I DIDN'T TELL,0.781,WISH I DIDN'T TELL,,Match,D432/01,wish I had not told/wish I had not/told/wish I hadn't told/wish I hadn't/told/wish I'd not told/wish I'd not/told/wish I had not informed/wish I had not/informed/wish I hadn't informed/wish I hadn't/informed/wish I'd not informed/wish I'd not/informed/wish I had never told/wish I had never/told/wish I'd never told/wish I'd never/told/wish I had never informed/wish I had never/informed/wish I'd never informed/wish I'd never/informed
60000003174600168,televid6147_SCANNER19,ES337016372771257682560000003174600168,27/06/2025,21/06/2025,7277125768,ES337,Romance,ES,163,25,NO INTENTION OF HITTING,0.7837,NO INTENTION OF HITTING,,Match,D432/01,(absolutely) no intention of hitting/(absolutely) no intention/of hitting
60000003175400066,televid6140_SCANNER19,ES410000372771257682560000003175400066,27/06/2025,21/06/2025,7277125768,ES410,Romance,ES,3,25,NOT THE INTENTION OF HIT,0.7743,NOT THE INTENTION OF HIT,,Match,D432/01,(absolutely) no intention of hitting/(absolutely) no intention/of hitting
60000003178400583,TELEVID6151_SCANNER18,CZ014410172771257682060000003178400583,30/06/2025,21/06/2025,7277125768,CZ014,Slavic,CZ,4101,20,UNCOVER,0.7751,UNCOVER,,Match,D432/01,uncover
60000003178400588,TELEVID6151_SCANNER18,CZ01441067277125768160000003178400588,30/06/2025,21/06/2025,7277125768,CZ014,Slavic,CZ,4106,1,D,0.7817,--impossible--,,NoMatch,D432/01,D
60000003178700044,TELEVID8319_SCANNER18,ES410007572771257682360000003178700044,30/06/2025,21/06/2025,7277125768,ES410,Romance,ES,75,23,APPEARANCE,0.7628,APPEARANCE,,Match,D432/01,appearance
60000003178800231,televid6153_SCANNER19,CZ014402372771257682660000003178800231,30/06/2025,21/06/2025,7277125768,CZ014,Slavic,CZ,4023,26,AS GOOD IN PLAYING CHESS,0.7823,AS GOOD IN PLAYING CHESS,,Match,D432/01,as good at (playing) chess/as good/at (playing) chess/so good at (playing) chess/so good/at (playing) chess/as good a chess player/as good/a chess player/so good a chess player/so good/a chess player
60000003179100091,televid8321_SCANNER19,CZ014300372771257683460000003179100091,30/06/2025,21/06/2025,7277125768,CZ014,Slavic,CZ,3003,34,B,0.7764,B,,Match,D432/01,D
60000003179100369,televid8321_SCANNER19,ES330008372771257682260000003179100369,30/06/2025,21/06/2025,7277125768,ES330,Romance,ES,83,22,DISLIKED,0.7577,DISLIKED,,Match,D432/01,disliked
60000003179100491,televid8321_SCANNER19,ES330027272771257682960000003179100491,30/06/2025,21/06/2025,7277125768,ES330,Romance,ES,272,29,NOT BE BROUGHT,0.7529,NOT RE BROUGHT,,NoMatch,D432/01,never be brought/never/be brought/not (ever) be brought/not (ever)/be brought/n't (ever) be brought/n't (ever)/be brought
60000003179100678,televid8321_SCANNER19,CZ014500572771257682860000003179100678,30/06/2025,21/06/2025,7277125768,CZ014,Slavic,CZ,5005,28,BECAME IMPOSSIBLE FOR,0.7819,DECAME IMPOSSIBLE FOR,,NoMatch,D432/01,made it impossible for/made it/impossible for/meant it was/meant it was impossible for/impossible for
60000003179300064,televid6149_SCANNER19,ES330015072771257681460000003179300064,30/06/2025,21/06/2025,7277125768,ES330,Romance,ES,150,14,IF,0.7946,1F,,NoMatch,D432/01,though/if
60000003179300064,televid6149_SCANNER19,ES330015072771257682860000003179300064,30/06/2025,21/06/2025,7277125768,ES330,Romance,ES,150,28,MADE IT IMPOSIBLE FOR,0.7653,MADE IT IMPOSIBLE FOR,,Match,D432/01,made it impossible for/made it/impossible for/meant it was/meant it was impossible for/impossible for
60000003179300073,televid6149_SCANNER19,ES33001617277125768460000003179300073,30/06/2025,21/06/2025,7277125768,ES330,Romance,ES,161,4,B,0.7873,B,,Match,D432/01,B
60000003179800211,televid6150_SCANNER19,ES459520172771257681860000003179800211,30/06/2025,21/06/2025,7277125768,ES459,Romance,ES,5201,18,THIRD,0.7505,THIRD,,Match,D432/01,third
60000003179800514,televid6150_SCANNER19,CZ014610372771257681860000003179800514,30/06/2025,21/06/2025,7277125768,CZ014,Slavic,CZ,6103,18,THIRD,0.7838,THIRD,,Match,D432/01,third
60000003179800514,televid6150_SCANNER19,CZ014610372771257682760000003179800514,30/06/2025,21/06/2025,7277125768,CZ014,Slavic,CZ,6103,27,TO AVOID GETTING,0.768,TO AVOID GEITING,,NoMatch,D432/01,to AVOID (us) [getting/being]/to AVOID/(us) [getting/being]
60000003179800532,televid6150_SCANNER19,CZ014612172771257681460000003179800532,30/06/2025,21/06/2025,7277125768,CZ014,Slavic,CZ,6121,14,IF,0.757,1F,,NoMatch,D432/01,though/if
60000003179800536,televid6150_SCANNER19,CZ014612572771257682960000003179800536,30/06/2025,21/06/2025,7277125768,CZ014,Slavic,CZ,6125,29,NOT BE BROUGHT,0.7595,NOT BE BROUGHT,,Match,D432/01,never be brought/never/be brought/not (ever) be brought/not (ever)/be brought/n't (ever) be brought/n't (ever)/be brought
60000003180100055,televid6156_SCANNER19,ES029000272771257681060000003180100055,30/06/2025,21/06/2025,7277125768,ES029,Romance,ES,2,10,IT,0.7885,IT,,Match,D432/01,having
60000003180100243,televid6156_SCANNER19,IT088001372771257682160000003180100243,30/06/2025,21/06/2025,7277125768,IT088,Romance,IT,13,21,SIGNIFICATELY,0.7711,SIGNIFICATELY,,Match,D432/01,Significantly
60000003180100248,televid6156_SCANNER19,IT088001872771257681460000003180100248,30/06/2025,21/06/2025,7277125768,IT088,Romance,IT,18,14,IF,0.7699,1F,,NoMatch,D432/01,though/if
60000003180100248,televid6156_SCANNER19,IT088001872771257682160000003180100248,30/06/2025,21/06/2025,7277125768,IT088,Romance,IT,18,21,SIGNIFICATIVELY,0.7525,SIGNIFICATIVELY,,Match,D432/01,Significantly
60000003180100250,televid6156_SCANNER19,IT088002072771257682560000003180100250,30/06/2025,21/06/2025,7277125768,IT088,Romance,IT,20,25,NO INTENTION TO HIT,0.7787,NO INTENTION TO HIT,,Match,D432/01,(absolutely) no intention of hitting/(absolutely) no intention/of hitting
60000003180100252,televid6156_SCANNER19,IT088002472771257681460000003180100252,30/06/2025,21/06/2025,7277125768,IT088,Romance,IT,24,14,IF,0.7832,1F,,NoMatch,D432/01,though/if
60000003180100252,televid6156_SCANNER19,IT088002472771257682360000003180100252,30/06/2025,21/06/2025,7277125768,IT088,Romance,IT,24,23,APPEARANCE,0.7986,APPEARANCE,,Match,D432/01,appearance
60000003180100254,televid6156_SCANNER19,IT088002672771257681960000003180100254,30/06/2025,21/06/2025,7277125768,IT088,Romance,IT,26,19,LENGTH,0.7778,LENOTH,,NoMatch,D432/01,length
60000003181200327,TELEVID6159_SCANNER18,ES378004772771257682360000003181200327,30/06/2025,21/06/2025,7277125768,ES378,Romance,ES,47,23,APPEARITATION,0.7731,APPEARITATION,,Match,D432/01,appearance
60000003182400395,televid6170_SCANNER19,IT27800097277125768760000003182400395,30/06/2025,21/06/2025,7277125768,IT278,Romance,IT,9,7,B,0.7523,B,,Match,D432/01,C
60000003185900611,televid6187_SCANNER19,ES407007172771257682160000003185900611,01/07/2025,21/06/2025,7277125768,ES407,Romance,ES,71,21,SIGNIFICATIVELY,0.7763,SIGNIFICATIVELY,,Match,D432/01,Significantly
60000003186400395,televid6184_SCANNER19,IT03000037277125768460000003186400395,01/07/2025,21/06/2025,7277125768,IT030,Romance,IT,3,4,B,0.7875,B,,Match,D432/01,B
60000003186400419,televid6184_SCANNER19,ES039356772771257682860000003186400419,01/07/2025,21/06/2025,7277125768,ES039,Romance,ES,3567,28,MADE IMPOSSIBLE,0.7946,MADE IMPOSSIBLE,,Match,D432/01,made it impossible for/made it/impossible for/meant it was/meant it was impossible for/impossible for
60000003186400421,televid6184_SCANNER19,ES03935697277125768460000003186400421,01/07/2025,21/06/2025,7277125768,ES039,Romance,ES,3569,4,B,0.7502,B,,Match,D432/01,B
60000003186400449,televid6184_SCANNER19,ES03935477277125768460000003186400449,01/07/2025,21/06/2025,7277125768,ES039,Romance,ES,3547,4,B,0.7594,B,,Match,D432/01,B
60000003186700110,televid6181_SCANNER19,DE004001472771257683860000003186700110,01/07/2025,21/06/2025,7277125768,DE004,Germanic,DE,14,38,E,0.7615,E,,Match,D432/01,E
60000003187000471,televid6178_SCANNER19,BG001012772771257682260000003187000471,01/07/2025,21/06/2025,7277125768,BG001,Slavic,BG,127,22,DISLIKED,0.7884,DISLIKED,,Match,D432/01,disliked
60000003187000603,televid6178_SCANNER19,BG001002572771257682060000003187000603,01/07/2025,21/06/2025,7277125768,BG001,Slavic,BG,25,20,UNCOVER,0.7956,UNCOVER,,Match,D432/01,uncover
60000003187000608,televid6178_SCANNER19,BG001003072771257681460000003187000608,01/07/2025,21/06/2025,7277125768,BG001,Slavic,BG,30,14,LIKE,0.7892,LTKE,,NoMatch,D432/01,though/if
60000003187300196,televid6180_SCANNER19,ES410006472771257681260000003187300196,01/07/2025,21/06/2025,7277125768,ES410,Romance,ES,64,12,IF,0.7849,1F,,NoMatch,D432/01,when
60000003187300196,televid6180_SCANNER19,ES410006472771257681660000003187300196,01/07/2025,21/06/2025,7277125768,ES410,Romance,ES,64,16,NO,0.7843,NO,,Match,D432/01,no/little
60000003187300499,televid6180_SCANNER19,IT691000672771257681960000003187300499,01/07/2025,21/06/2025,7277125768,IT691,Romance,IT,6,19,LONGER,0.7698,LOWGER,,NoMatch,D432/01,length
60000003187300499,televid6180_SCANNER19,IT691000672771257682260000003187300499,01/07/2025,21/06/2025,7277125768,IT691,Romance,IT,6,22,LIKED,0.7689,LIKED,,Match,D432/01,disliked
60000003187300501,televid6180_SCANNER19,IT691000872771257681460000003187300501,01/07/2025,21/06/2025,7277125768,IT691,Romance,IT,8,14,IF,0.7963,1F,,NoMatch,D432/01,though/if
60000003187300501,televid6180_SCANNER19,IT691000872771257681960000003187300501,01/07/2025,21/06/2025,7277125768,IT691,Romance,IT,8,19,LENGHT,0.7848,LENGHT,,Match,D432/01,length
60000003187500078,televid6183_SCANNER19,ES850510272771257683060000003187500078,01/07/2025,21/06/2025,7277125768,ES850,Romance,ES,5102,30,WISH I DIDN'T TELL,0.7626,WISH I DIDN'T TELL,,Match,D432/01,wish I had not told/wish I had not/told/wish I hadn't told/wish I hadn't/told/wish I'd not told/wish I'd not/told/wish I had not informed/wish I had not/informed/wish I hadn't informed/wish I hadn't/informed/wish I'd not informed/wish I'd not/informed/wish I had never told/wish I had never/told/wish I'd never told/wish I'd never/told/wish I had never informed/wish I had never/informed/wish I'd never informed/wish I'd never/informed
60000003187700310,televid6185_SCANNER19,ES815120772771257682960000003187700310,01/07/2025,21/06/2025,7277125768,ES815,Romance,ES,1207,29,NOT BROUGHT,0.7852,NOT BROUGHT,,Match,D432/01,never be brought/never/be brought/not (ever) be brought/not (ever)/be brought/n't (ever) be brought/n't (ever)/be brought
60000003187700338,televid6185_SCANNER19,ES815130772771257682560000003187700338,01/07/2025,21/06/2025,7277125768,ES815,Romance,ES,1307,25,NO INTENTION OF HITTING,0.7858,NO INTENTION OF HITTING,,Match,D432/01,(absolutely) no intention of hitting/(absolutely) no intention/of hitting
60000003188200227,televid6188_SCANNER19,ES039352572771257681560000003188200227,01/07/2025,21/06/2025,7277125768,ES039,Romance,ES,3525,15,ON,0.7676,ON,,Match,D432/01,on
60000003190400143,televid6192_SCANNER19,ES668005872771257682260000003190400143,01/07/2025,21/06/2025,7277125768,ES668,Romance,ES,58,22,DISLIKED,0.768,DISLIKED,,Match,D432/01,disliked
60000003190400334,televid6192_SCANNER19,ES668004172771257683060000003190400334,01/07/2025,21/06/2025,7277125768,ES668,Romance,ES,41,30,WISH I HAD 'NT TOLD,0.7824,WISH I HAD 'NT TOLD,,Match,D432/01,wish I had not told/wish I had not/told/wish I hadn't told/wish I hadn't/told/wish I'd not told/wish I'd not/told/wish I had not informed/wish I had not/informed/wish I hadn't informed/wish I hadn't/informed/wish I'd not informed/wish I'd not/informed/wish I had never told/wish I had never/told/wish I'd never told/wish I'd never/told/wish I had never informed/wish I had never/informed/wish I'd never informed/wish I'd never/informed
60000003190900090,televid6194_SCANNER19,GE001000372771257682560000003190900090,01/07/2025,21/06/2025,7277125768,GE001,Others,GE,3,25,NO INTENTION HITTING,0.7568,NO INTENTION HITING,,NoMatch,D432/01,(absolutely) no intention of hitting/(absolutely) no intention/of hitting
60000003190900106,televid6194_SCANNER19,GE001001972771257681760000003190900106,01/07/2025,21/06/2025,7277125768,GE001,Others,GE,19,17,WIDEN,0.7512,WIDEN,,Match,D432/01,widen
60000003190900112,televid6194_SCANNER19,GE001002572771257681560000003190900112,01/07/2025,21/06/2025,7277125768,GE001,Others,GE,25,15,ON,0.7589,ON,,Match,D432/01,on
60000003190900456,televid6194_SCANNER19,ES071036072771257681360000003190900456,01/07/2025,21/06/2025,7277125768,ES071,Romance,ES,360,13,WHO,0.7595,WHO,,Match,D432/01,who/that
60000003190900533,televid6194_SCANNER19,ES07100887277125768760000003190900533,01/07/2025,21/06/2025,7277125768,ES071,Romance,ES,88,7,B,0.7634,B,,Match,D432/01,C
60000003190900533,televid6194_SCANNER19,ES071008872771257682260000003190900533,01/07/2025,21/06/2025,7277125768,ES071,Romance,ES,88,22,DISLIKED,0.7584,DISLIKED,,Match,D432/01,disliked
60000003190900533,televid6194_SCANNER19,ES071008872771257682860000003190900533,01/07/2025,21/06/2025,7277125768,ES071,Romance,ES,88,28,MADE IMPOSSIBLE FOR,0.7805,NADE IMPOSSIBLE FOR,,NoMatch,D432/01,made it impossible for/made it/impossible for/meant it was/meant it was impossible for/impossible for
60000003190900540,televid6194_SCANNER19,ES071009572771257682360000003190900540,01/07/2025,21/06/2025,7277125768,ES071,Romance,ES,95,23,APPEARENCE,0.7568,AFPEARENCE,,NoMatch,D432/01,appearance
60000003190900593,televid6194_SCANNER19,ES071004472771257682260000003190900593,01/07/2025,21/06/2025,7277125768,ES071,Romance,ES,44,22,DOESN'T LIKE,0.7678,DOESN'T LIKE,,Match,D432/01,disliked
60000003191500529,televid6186_SCANNER19,ES40700367277125768460000003191500529,01/07/2025,21/06/2025,7277125768,ES407,Romance,ES,36,4,B,0.7781,B,,Match,D432/01,B
60000003191500529,televid6186_SCANNER19,ES407003672771257684060000003191500529,01/07/2025,21/06/2025,7277125768,ES407,Romance,ES,36,40,A,0.7906,A,,Match,D432/01,A
60000003191500694,televid6186_SCANNER19,ES407004972771257683060000003191500694,01/07/2025,21/06/2025,7277125768,ES407,Romance,ES,49,30,WISH I HAD NOT TOLD,0.7854,WISH I HAD NOT TOLD,,Match,D432/01,wish I had not told/wish I had not/told/wish I hadn't told/wish I hadn't/told/wish I'd not told/wish I'd not/told/wish I had not informed/wish I had not/informed/wish I hadn't informed/wish I hadn't/informed/wish I'd not informed/wish I'd not/informed/wish I had never told/wish I had never/told/wish I'd never told/wish I'd never/told/wish I had never informed/wish I had never/informed/wish I'd never informed/wish I'd never/informed
60000003192100104,TELEVID6193_SCANNER19,ES66800057277125768760000003192100104,01/07/2025,21/06/2025,7277125768,ES668,Romance,ES,5,7,B,0.7926,B,,Match,D432/01,C
60000003192100136,TELEVID6193_SCANNER19,ES668008772771257681960000003192100136,01/07/2025,21/06/2025,7277125768,ES668,Romance,ES,87,19,LENGTH,0.7667,LINGTH,,NoMatch,D432/01,length
60000003192500164,TELEVID6198_SCANNER19,ES26900407277125768460000003192500164,01/07/2025,21/06/2025,7277125768,ES269,Romance,ES,40,4,B,0.7547,B,,Match,D432/01,B
60000003193600035,TELEVID6201_SCANNER19,ES439922772771257683060000003193600035,01/07/2025,21/06/2025,7277125768,ES439,Romance,ES,9227,30,WISH I HADN'T TELL,0.7531,WISH I HADN'T TELL,,Match,D432/01,wish I had not told/wish I had not/told/wish I hadn't told/wish I hadn't/told/wish I'd not told/wish I'd not/told/wish I had not informed/wish I had not/informed/wish I hadn't informed/wish I hadn't/informed/wish I'd not informed/wish I'd not/informed/wish I had never told/wish I had never/told/wish I'd never told/wish I'd never/told/wish I had never informed/wish I had never/informed/wish I'd never informed/wish I'd never/informed
60000003193900165,TELEVID6197_SCANNER19,IT56040077277125768460000003193900165,01/07/2025,21/06/2025,7277125768,IT560,Romance,IT,4007,4,B,0.7768,B,,Match,D432/01,B
60000003193900170,TELEVID6197_SCANNER19,IT560401272771257681060000003193900170,01/07/2025,21/06/2025,7277125768,IT560,Romance,IT,4012,10,IT,0.7569,IT,,Match,D432/01,having
60000003193900174,TELEVID6197_SCANNER19,IT560401672771257683060000003193900174,01/07/2025,21/06/2025,7277125768,IT560,Romance,IT,4016,30,WISH I DIDN'T TELL,0.7902,WISH I DIDN'T TELL,,Match,D432/01,wish I had not told/wish I had not/told/wish I hadn't told/wish I hadn't/told/wish I'd not told/wish I'd not/told/wish I had not informed/wish I had not/informed/wish I hadn't informed/wish I hadn't/informed/wish I'd not informed/wish I'd not/informed/wish I had never told/wish I had never/told/wish I'd never told/wish I'd never/told/wish I had never informed/wish I had never/informed/wish I'd never informed/wish I'd never/informed
60000003193900188,TELEVID6197_SCANNER19,IT560403072771257682660000003193900188,01/07/2025,21/06/2025,7277125768,IT560,Romance,IT,4030,26,GOOD PLAYING CHESS,0.769,6000 PLAYING CHESS,,NoMatch,D432/01,as good at (playing) chess/as good/at (playing) chess/so good at (playing) chess/so good/at (playing) chess/as good a chess player/as good/a chess player/so good a chess player/so good/a chess player
60000003193900190,TELEVID6197_SCANNER19,IT560403272771257681860000003193900190,01/07/2025,21/06/2025,7277125768,IT560,Romance,IT,4032,18,THIRD,0.7883,THIRD,,Match,D432/01,third
60000003193900199,TELEVID6197_SCANNER19,IT56040417277125768460000003193900199,01/07/2025,21/06/2025,7277125768,IT560,Romance,IT,4041,4,B,0.7918,B,,Match,D432/01,B
60000003193900479,TELEVID6197_SCANNER19,ES269032172771257681560000003193900479,01/07/2025,21/06/2025,7277125768,ES269,Romance,ES,321,15,MOMENTANOUSLLY,0.7799,MOMENTANOUSLLY,,Match,D432/01,on
60000003193900479,TELEVID6197_SCANNER19,ES269032172771257682560000003193900479,01/07/2025,21/06/2025,7277125768,ES269,Romance,ES,321,25,HADN'T HAD ANY INTENTION TO,0.7769,HADN'T HAD ANY INTENTION TO,,Match,D432/01,(absolutely) no intention of hitting/(absolutely) no intention/of hitting
60000003194100502,TELEVID6202_SCANNER19,ES439919372771257683060000003194100502,01/07/2025,21/06/2025,7277125768,ES439,Romance,ES,9193,30,WISH I DIDNT TOLD,0.7725,WISH I DIDNT TOLD,,Match,D432/01,wish I had not told/wish I had not/told/wish I hadn't told/wish I hadn't/told/wish I'd not told/wish I'd not/told/wish I had not informed/wish I had not/informed/wish I hadn't informed/wish I hadn't/informed/wish I'd not informed/wish I'd not/informed/wish I had never told/wish I had never/told/wish I'd never told/wish I'd never/told/wish I had never informed/wish I had never/informed/wish I'd never informed/wish I'd never/informed
60000003196100472,TELEVID6215_SCANNER19,ES29900418571227886160000003196100472,02/07/2025,28/06/2025,8571227886,ES299,Romance,ES,41,1,B,0.7941,B,,Match,D432/01,B
60000003196400293,TELEVID6209_SCANNER19,ES299047272771257681760000003196400293,02/07/2025,21/06/2025,7277125768,ES299,Romance,ES,472,17,WIDELY,0.7611,WIDELY,,Match,D432/01,widen
60000003197200014,TELEVID6221_SCANNER19,ES301000285712278861760000003197200014,02/07/2025,28/06/2025,8571227886,ES301,Romance,ES,2,17,BENEFITIAL,0.7989,BENEFITIAL,,Match,D432/01,beneficial
60000003197200604,TELEVID6221_SCANNER19,ES39731228571227886360000003197200604,02/07/2025,28/06/2025,8571227886,ES397,Romance,ES,3122,3,D,0.7653,D,,Match,D432/01,A
60000003197200604,TELEVID6221_SCANNER19,ES397312285712278862560000003197200604,02/07/2025,28/06/2025,8571227886,ES397,Romance,ES,3122,25,WAS MADE BY,0.7927,WAS MADE BY,,Match,D432/01,got made up by/got made/up by/was made up by/was made/up by
60000003197500271,TELEVID6220_SCANNER19,ES020003285712278862960000003197500271,02/07/2025,28/06/2025,8571227886,ES020,Romance,ES,32,29,READ PAYING ATTENTION TO,0.7565,READ PAING ATTENTION TO,,NoMatch,D432/01,pay (close) attention to/pay (close) attention/to/pay (careful) attention to/pay (careful) attention/to
60000003197500499,TELEVID6220_SCANNER19,IT056004372771257681060000003197500499,02/07/2025,21/06/2025,7277125768,IT056,Romance,IT,43,10,HAD,0.792,HAD,,Match,D432/01,having
60000003197500504,TELEVID6220_SCANNER19,IT056004872771257682260000003197500504,02/07/2025,21/06/2025,7277125768,IT056,Romance,IT,48,22,UNLIKLY,0.7773,UNLIKLY,,Match,D432/01,disliked
60000003197500585,TELEVID6220_SCANNER19,ES020001885712278862660000003197500585,02/07/2025,28/06/2025,8571227886,ES020,Romance,ES,18,26,THAT JOHN HAS GET OF,0.7894,THAT JOHN HAS GET OR,,NoMatch,D432/01,having eaten/John of eating/John of/eating/John of having eaten/John of/having eaten/him of eating/him of/eating/him of having eaten/him of/having eaten/her of eating/her of/eating/her of having eaten/her of/having eaten/them of eating/them of/eating/them of having eaten/them of
60000003198700002,TELEVID6223_SCANNER19,IT278000285712278861160000003198700002,02/07/2025,28/06/2025,8571227886,IT278,Romance,IT,2,11,TO FALL,0.7857,TO ZALL,,NoMatch,D432/01,them
60000003198700002,TELEVID6223_SCANNER19,IT278000285712278861460000003198700002,02/07/2025,28/06/2025,8571227886,IT278,Romance,IT,2,14,UP,0.7989,UP,,Match,D432/01,up
60000003198700211,TELEVID6223_SCANNER19,ES43802248571227886460000003198700211,02/07/2025,28/06/2025,8571227886,ES438,Romance,ES,224,4,C,0.7622,C,,Match,D432/01,B
60000003198700211,TELEVID6223_SCANNER19,ES438022485712278861860000003198700211,02/07/2025,28/06/2025,8571227886,ES438,Romance,ES,224,18,CONSUMES,0.7823,LONSOMES,,NoMatch,D432/01,consumption
60000003198700211,TELEVID6223_SCANNER19,ES438022485712278862560000003198700211,02/07/2025,28/06/2025,8571227886,ES438,Romance,ES,224,25,HAS BEEN INVENTED BY,0.7834,HAS BEEN INDENSED BY,,NoMatch,D432/01,got made up by/got made/up by/was made up by/was made/up by
60000003199400199,TELEVID6222_SCANNER19,IT05600067277125768760000003199400199,02/07/2025,21/06/2025,7277125768,IT056,Romance,IT,6,7,B,0.761,B,,Match,D432/01,C
60000003199400220,TELEVID6222_SCANNER19,IT056002772771257681860000003199400220,02/07/2025,21/06/2025,7277125768,IT056,Romance,IT,27,18,THREEANCE,0.791,THREEANCE,,Match,D432/01,third
60000003199400220,TELEVID6222_SCANNER19,IT056002772771257682560000003199400220,02/07/2025,21/06/2025,7277125768,IT056,Romance,IT,27,25,NOT THE INTENTION TO HIT,0.7968,NOT THE INTENTION TO HIT,,Match,D432/01,(absolutely) no intention of hitting/(absolutely) no intention/of hitting
60000003199400223,TELEVID6222_SCANNER19,IT056003072771257682860000003199400223,02/07/2025,21/06/2025,7277125768,IT056,Romance,IT,30,28,THAT MAKE IMPOSSBLE,0.7847,THAT MAKE IMPOSSIBLE,,NoMatch,D432/01,made it impossible for/made it/impossible for/meant it was/meant it was impossible for/impossible for
60000003199400223,TELEVID6222_SCANNER19,IT056003072771257683660000003199400223,02/07/2025,21/06/2025,7277125768,IT056,Romance,IT,30,36,D,0.7909,D,,Match,D432/01,D
60000003199400226,TELEVID6222_SCANNER19,IT056003372771257683060000003199400226,02/07/2025,21/06/2025,7277125768,IT056,Romance,IT,33,30,WISH I HAVE TOLD,0.7635,WISH I HAVE TOLD,,Match,D432/01,wish I had not told/wish I had not/told/wish I hadn't told/wish I hadn't/told/wish I'd not told/wish I'd not/told/wish I had not informed/wish I had not/informed/wish I hadn't informed/wish I hadn't/informed/wish I'd not informed/wish I'd not/informed/wish I had never told/wish I had never/told/wish I'd never told/wish I'd never/told/wish I had never informed/wish I had never/informed/wish I'd never informed/wish I'd never/informed
60000003199400269,TELEVID6222_SCANNER19,IT278100485712278861560000003199400269,02/07/2025,28/06/2025,8571227886,IT278,Romance,IT,1004,15,IF,0.768,1F,,NoMatch,D432/01,though
60000003199400269,TELEVID6222_SCANNER19,IT278100485712278862660000003199400269,02/07/2025,28/06/2025,8571227886,IT278,Romance,IT,1004,26,JOHN OF EATING,0.7908,JOHN OF EATING,,Match,D432/01,having eaten/John of eating/John of/eating/John of having eaten/John of/having eaten/him of eating/him of/eating/him of having eaten/him of/having eaten/her of eating/her of/eating/her of having eaten/her of/having eaten/them of eating/them of/eating/them of having eaten/them of
60000003199400280,TELEVID6222_SCANNER19,IT278101585712278861360000003199400280,02/07/2025,28/06/2025,8571227886,IT278,Romance,IT,1015,13,MOST,0.7981,YOST,,NoMatch,D432/01,many
60000003199400286,TELEVID6222_SCANNER19,IT278102185712278865160000003199400286,02/07/2025,28/06/2025,8571227886,IT278,Romance,IT,1021,51,D,0.7632,D,,Match,D432/01,A
60000003199400288,TELEVID6222_SCANNER19,IT278102385712278862060000003199400288,02/07/2025,28/06/2025,8571227886,IT278,Romance,IT,1023,20,IRREALISTIC,0.7976,FRREALISTIC,,NoMatch,D432/01,unrealistic
60000003199700180,TELEVID6227_SCANNER19,ES589010085712278862760000003199700180,02/07/2025,28/06/2025,8571227886,ES589,Romance,ES,100,27,NOT WORTH WORRYING ABOUT,0.7516,NOT WORTH WORRYING ABOUT,,Match,D432/01,not WORTH worrying [about/over]/not WORTH/worrying [about/over]
60000003199700182,TELEVID6227_SCANNER19,ES589010285712278862560000003199700182,02/07/2025,28/06/2025,8571227886,ES589,Romance,ES,102,25,IS MADE UP BY,0.7679,IS MADE UP BY,,Match,D432/01,got made up by/got made/up by/was made up by/was made/up by
60000003199700182,TELEVID6227_SCANNER19,ES589010285712278863460000003199700182,02/07/2025,28/06/2025,8571227886,ES589,Romance,ES,102,34,B,0.7968,B,,Match,D432/01,B
60000003200000054,TELEVID6229_SCANNER19,ES58900038571227886360000003200000054,02/07/2025,28/06/2025,8571227886,ES589,Romance,ES,3,3,B,0.7799,B,,Match,D432/01,A
60000003200000109,TELEVID6229_SCANNER19,ES58900578571227886960000003200000109,02/07/2025,28/06/2025,8571227886,ES589,Romance,ES,57,9,THOUGH,0.7604,THOUGH,,Match,D432/01,more
60000003200000109,TELEVID6229_SCANNER19,ES589005785712278862460000003200000109,02/07/2025,28/06/2025,8571227886,ES589,Romance,ES,57,24,ADVENTUROUS,0.7535,ADVENTUROUS,,Match,D432/01,adventurous/adventuresome
60000003200000192,TELEVID6229_SCANNER19,ES411022685712278861860000003200000192,02/07/2025,28/06/2025,8571227886,ES411,Romance,ES,226,18,CONSUMITION,0.775,CONSULTION,,NoMatch,D432/01,consumption
60000003200000192,TELEVID6229_SCANNER19,ES411022685712278862560000003200000192,02/07/2025,28/06/2025,8571227886,ES411,Romance,ES,226,25,WAS MADE BY,0.7672,WAS MADE BY,,Match,D432/01,got made up by/got made/up by/was made up by/was made/up by
60000003200000238,TELEVID6229_SCANNER19,IT70600048571227886360000003200000238,02/07/2025,28/06/2025,8571227886,IT706,Romance,IT,4,3,A,0.7829,"A, B",,NoMatch,D432/01,A
60000003200000239,TELEVID6229_SCANNER19,IT706000585712278861160000003200000239,02/07/2025,28/06/2025,8571227886,IT706,Romance,IT,5,11,THEM,0.7566,THEM,,Match,D432/01,them
60000003200000268,TELEVID6229_SCANNER19,ES43000058571227886260000003200000268,02/07/2025,28/06/2025,8571227886,ES430,Romance,ES,5,2,C,0.7831,--blank--,,NoMatch,D432/01,C
60000003200000268,TELEVID6229_SCANNER19,ES430000585712278862860000003200000268,02/07/2025,28/06/2025,8571227886,ES430,Romance,ES,5,28,"FROM TIM, NOBODY",0.7952,"FROM TIM, NOBODY",,Match,D432/01,from Tim nobody/from Tim/nobody/from Tim nobody else/from Tim/nobody else/from Tim nobody has/from Tim/nobody has/from Tim nobody's/from Tim/nobody's/from Tim nobody else has/from Tim/nobody else has/from him nobody/from him/nobody/from him nobody else/from him/nobody else/from him nobody has/from him/nobody has/from him nobody's/from him/nobody's/from him nobody else has/from him/nobody else has/from her nobody/from her/nobody/from her nobody else/from her/nobody else/from her nobody has/from her/nobody has/from her nobody's/from her/nobody's/from her nobody else has/from her/nobody else has/from them nobody/from them/nobody/from them nobody else/from them/nobody else/from them nobody has/from them/nobody has/from them nobody's/from them/nobody's/from them nobody else has/from them/nobody else has
60000003200300265,TELEVID6230_SCANNER19,IT112001185712278864860000003200300265,02/07/2025,28/06/2025,8571227886,IT112,Romance,IT,11,48,B,0.755,B,,Match,D432/01,D
60000003200300271,TELEVID6230_SCANNER19,IT112001785712278861360000003200300271,02/07/2025,28/06/2025,8571227886,IT112,Romance,IT,17,13,MUCH,0.7691,MUCH,,Match,D432/01,many
60000003200300282,TELEVID6230_SCANNER19,IT11200288571227886460000003200300282,02/07/2025,28/06/2025,8571227886,IT112,Romance,IT,28,4,B,0.7605,B,,Match,D432/01,B
60000003200300552,TELEVID6230_SCANNER19,IT304000772771257682760000003200300552,02/07/2025,21/06/2025,7277125768,IT304,Romance,IT,7,27,TO AVOID TO,0.7645,TO AVOID 20,,NoMatch,D432/01,to AVOID (us) [getting/being]/to AVOID/(us) [getting/being]
60000003200500470,TELEVID6216_SCANNER19,ES07201068571227886460000003200500470,02/07/2025,28/06/2025,8571227886,ES072,Romance,ES,106,4,B,0.7535,B,,Match,D432/01,B
60000003200500470,TELEVID6216_SCANNER19,ES072010685712278862360000003200500470,02/07/2025,28/06/2025,8571227886,ES072,Romance,ES,106,23,DAILY,0.7999,DAILY,,Match,D432/01,daily/everyday
60000003200700559,TELEVID6231_SCANNER19,ES39730138571227886360000003200700559,02/07/2025,28/06/2025,8571227886,ES397,Romance,ES,3013,3,B,0.7882,B,,Match,D432/01,A
60000003200700574,TELEVID6231_SCANNER19,ES397302885712278862860000003200700574,02/07/2025,28/06/2025,8571227886,ES397,Romance,ES,3028,28,FROM TIM NOBODY,0.7587,FROM TIM NOBODY,,Match,D432/01,from Tim nobody/from Tim/nobody/from Tim nobody else/from Tim/nobody else/from Tim nobody has/from Tim/nobody has/from Tim nobody's/from Tim/nobody's/from Tim nobody else has/from Tim/nobody else has/from him nobody/from him/nobody/from him nobody else/from him/nobody else/from him nobody has/from him/nobody has/from him nobody's/from him/nobody's/from him nobody else has/from him/nobody else has/from her nobody/from her/nobody/from her nobody else/from her/nobody else/from her nobody has/from her/nobody has/from her nobody's/from her/nobody's/from her nobody else has/from her/nobody else has/from them nobody/from them/nobody/from them nobody else/from them/nobody else/from them nobody has/from them/nobody has/from them nobody's/from them/nobody's/from them nobody else has/from them/nobody else has
60000003200700592,TELEVID6231_SCANNER19,ES39730468571227886160000003200700592,02/07/2025,28/06/2025,8571227886,ES397,Romance,ES,3046,1,B,0.7959,B,,Match,D432/01,B
60000003200700747,TELEVID6231_SCANNER19,PL036002072771257681160000003200700747,02/07/2025,21/06/2025,7277125768,PL036,Slavic,PL,20,11,ANYTHING,0.7959,ANVTHING,,NoMatch,D432/01,something/anything
60000003201200062,TELEVID6224_SCANNER19,ES07200378571227886360000003201200062,02/07/2025,28/06/2025,8571227886,ES072,Romance,ES,37,3,B,0.7973,B,,Match,D432/01,A
60000003201200082,TELEVID6224_SCANNER19,ES072005785712278861260000003201200082,02/07/2025,28/06/2025,8571227886,ES072,Romance,ES,57,12,IS,0.7815,IS,,Match,D432/01,was
60000003201200092,TELEVID6224_SCANNER19,ES07200678571227886160000003201200092,02/07/2025,28/06/2025,8571227886,ES072,Romance,ES,67,1,B,0.7931,B,,Match,D432/01,B
60000003202600503,TELEVID6217_SCANNER19,IT432001972771257681460000003202600503,02/07/2025,21/06/2025,7277125768,IT432,Romance,IT,19,14,IT,0.7513,IT,,Match,D432/01,though/if
60000003203900099,televid6238_SCANNER19,ES421012772771257681960000003203900099,02/07/2025,21/06/2025,7277125768,ES421,Romance,ES,127,19,LENGTH,0.7929,LENGTH,,Match,D432/01,length
60000003204300322,TELEVID6235_SCANNER19,IT955001672771257681460000003204300322,02/07/2025,21/06/2025,7277125768,IT955,Romance,IT,16,14,IF,0.7617,1F,,NoMatch,D432/01,though/if
60000003204300326,TELEVID6235_SCANNER19,IT955002072771257681060000003204300326,02/07/2025,21/06/2025,7277125768,IT955,Romance,IT,20,10,AND,0.7534,AND,,Match,D432/01,having
60000003204300361,TELEVID6235_SCANNER19,IT955000172771257682260000003204300361,02/07/2025,21/06/2025,7277125768,IT955,Romance,IT,1,22,DISLIKED,0.7964,DISLIKED,,Match,D432/01,disliked
60000003204600027,TELEVID6225_SCANNER19,IT706000985712278861560000003204600027,02/07/2025,28/06/2025,8571227886,IT706,Romance,IT,9,15,IF,0.7632,1F,,NoMatch,D432/01,though
60000003204600027,TELEVID6225_SCANNER19,IT706000985712278862560000003204600027,02/07/2025,28/06/2025,8571227886,IT706,Romance,IT,9,25,IS MADE BY,0.7658,15 MADE BLS,,NoMatch,D432/01,got made up by/got made/up by/was made up by/was made/up by
60000003204600101,TELEVID6225_SCANNER19,IT706001785712278862760000003204600101,02/07/2025,28/06/2025,8571227886,IT706,Romance,IT,17,27,NOT WORTH ABOUT,0.7827,NOT KORTH ABOUT,,NoMatch,D432/01,not WORTH worrying [about/over]/not WORTH/worrying [about/over]
60000003204600326,TELEVID6225_SCANNER19,ES459191385712278861860000003204600326,02/07/2025,28/06/2025,8571227886,ES459,Romance,ES,1913,18,CONSUMNTION,0.7763,CONSUMNTION,,Match,D432/01,consumption
60000003204600326,TELEVID6225_SCANNER19,ES459191385712278862060000003204600326,02/07/2025,28/06/2025,8571227886,ES459,Romance,ES,1913,20,UNREALISTIC,0.7618,UNREALISTIC,,Match,D432/01,unrealistic
60000003205200431,TELEVID6268_SCANNER19,IT955006572771257682660000003205200431,03/07/2025,21/06/2025,7277125768,IT955,Romance,IT,65,26,MAKE A GOOD PLAY,0.7808,MAKE A GOOD PLAG,,NoMatch,D432/01,as good at (playing) chess/as good/at (playing) chess/so good at (playing) chess/so good/at (playing) chess/as good a chess player/as good/a chess player/so good a chess player/so good/a chess player
60000003205600223,TELEVID6266_SCANNER19,IT955000472771257682860000003205600223,03/07/2025,21/06/2025,7277125768,IT955,Romance,IT,4,28,SO IT'S IMPOSSIBLE TO,0.7685,SO IT'S IMPOSSIBLE TO,,Match,D432/01,made it impossible for/made it/impossible for/meant it was/meant it was impossible for/impossible for
60000003205600225,TELEVID6266_SCANNER19,IT955000672771257682060000003205600225,03/07/2025,21/06/2025,7277125768,IT955,Romance,IT,6,20,UNCOVER,0.7777,UNCOVER,,Match,D432/01,uncover
60000003205600336,TELEVID6266_SCANNER19,ES434001985712278862560000003205600336,03/07/2025,28/06/2025,8571227886,ES434,Romance,ES,19,25,WAS MADE BY,0.7994,WAS LUADE BY,,NoMatch,D432/01,got made up by/got made/up by/was made up by/was made/up by
60000003205600336,TELEVID6266_SCANNER19,ES434001985712278862960000003205600336,03/07/2025,28/06/2025,8571227886,ES434,Romance,ES,19,29,PAY ATTENTION TO,0.7626,PAY ATTENTION TO,,Match,D432/01,pay (close) attention to/pay (close) attention/to/pay (careful) attention to/pay (careful) attention/to
60000003205800014,televid6269_SCANNER19,ES049007185712278861760000003205800014,03/07/2025,28/06/2025,8571227886,ES049,Romance,ES,71,17,BENEFITIAC,0.7602,BENEFITIAC,,Match,D432/01,beneficial
60000003205800539,televid6269_SCANNER19,IT34800018571227886160000003205800539,03/07/2025,28/06/2025,8571227886,IT348,Romance,IT,1,1,B,0.7549,B,,Match,D432/01,B
60000003205800545,televid6269_SCANNER19,IT348000785712278863460000003205800545,03/07/2025,28/06/2025,8571227886,IT348,Romance,IT,7,34,B,0.7656,B,,Match,D432/01,B
60000003205800546,televid6269_SCANNER19,IT34800088571227886160000003205800546,03/07/2025,28/06/2025,8571227886,IT348,Romance,IT,8,1,B,0.7707,B,,Match,D432/01,B
60000003205800546,televid6269_SCANNER19,IT348000885712278862660000003205800546,03/07/2025,28/06/2025,8571227886,IT348,Romance,IT,8,26,OF JOHN HE PROBABLY EATEN,0.7994,OF JOHN HE PROBABLY EATEN,,Match,D432/01,having eaten/John of eating/John of/eating/John of having eaten/John of/having eaten/him of eating/him of/eating/him of having eaten/him of/having eaten/her of eating/her of/eating/her of having eaten/her of/having eaten/them of eating/them of/eating/them of having eaten/them of
60000003205800570,televid6269_SCANNER19,IT348003285712278862660000003205800570,03/07/2025,28/06/2025,8571227886,IT348,Romance,IT,32,26,OF THAT JOHN PROBABLY EATEN,0.7766,OF THAT JOHN PROBABLY EATEN,,Match,D432/01,having eaten/John of eating/John of/eating/John of having eaten/John of/having eaten/him of eating/him of/eating/him of having eaten/him of/having eaten/her of eating/her of/eating/her of having eaten/her of/having eaten/them of eating/them of/eating/them of having eaten/them of
60000003205800872,televid6269_SCANNER19,ES049004785712278862460000003205800872,03/07/2025,28/06/2025,8571227886,ES049,Romance,ES,47,24,ADVENTURED,0.7663,ADVENTURED,,Match,D432/01,adventurous/adventuresome
60000003211200313,televid6249_SCANNER19,IT99000038571227886360000003211200313,04/07/2025,28/06/2025,8571227886,IT990,Romance,IT,3,3,B,0.7527,B,,Match,D432/01,A
60000003211200492,televid6249_SCANNER19,ES097004472771257682060000003211200492,04/07/2025,21/06/2025,7277125768,ES097,Romance,ES,44,20,UNCOVER,0.7521,UNCOVER,,Match,D432/01,uncover
60000003211500297,televid6274_SCANNER19,ES439913185712278864860000003211500297,04/07/2025,28/06/2025,8571227886,ES439,Romance,ES,9131,48,B,0.7765,B,,Match,D432/01,D
60000003212000340,televid6273_SCANNER19,ES781000785712278863060000003212000340,04/07/2025,28/06/2025,8571227886,ES781,Romance,ES,7,30,TAKE ANEYEON,0.7825,TAKE ANEYEON,,Match,D432/01,keep an eye on/keep/an eye on/keep your eye on/keep/your eye on
60000003212600276,televid8324_SCANNER19,ES424010985712278861160000003212600276,04/07/2025,28/06/2025,8571227886,ES424,Romance,ES,109,11,THEM,0.7644,THEM,,Match,D432/01,them
60000003212900023,televid6279_SCANNER19,GR00500232589311729360000003212900023,04/07/2025,07/06/2025,2589311729,GR005,Greek,GR,23,3,A,0.7789,A,,Match,D432/01,A
60000003212900404,televid6279_SCANNER19,GR005011825893117291760000003212900404,04/07/2025,07/06/2025,2589311729,GR005,Greek,GR,118,17,MISTAKE,0.7617,MISTAKE,,Match,D432/01,mistaken
60000003212900404,televid6279_SCANNER19,GR005011825893117292160000003212900404,04/07/2025,07/06/2025,2589311729,GR005,Greek,GR,118,21,CLOSEST,0.7749,CLASEST,,NoMatch,D432/01,closest
60000003213300489,televid6285_SCANNER19,ES211441572771257681460000003213300489,04/07/2025,21/06/2025,7277125768,ES211,Romance,ES,4415,14,IF,0.7615,1F,,NoMatch,D432/01,though/if
60000003214200263,TELEVID6281_SCANNER18,IT088000185712278862360000003214200263,04/07/2025,28/06/2025,8571227886,IT088,Romance,IT,1,23,DAILY,0.755,DAILY,,Match,D432/01,daily/everyday
60000003214200263,TELEVID6281_SCANNER18,IT088000185712278862660000003214200263,04/07/2025,28/06/2025,8571227886,IT088,Romance,IT,1,26,OF TOM TO HAVE EATEN,0.7644,OF TOM TO HAVE EATEN,,Match,D432/01,having eaten/John of eating/John of/eating/John of having eaten/John of/having eaten/him of eating/him of/eating/him of having eaten/him of/having eaten/her of eating/her of/eating/her of having eaten/her of/having eaten/them of eating/them of/eating/them of having eaten/them of
60000003214200265,TELEVID6281_SCANNER18,IT088000385712278861560000003214200265,04/07/2025,28/06/2025,8571227886,IT088,Romance,IT,3,15,IF,0.7622,1F,,NoMatch,D432/01,though
60000003216800503,TELEVID6271_SCANNER18,IT421002985712278863460000003216800503,04/07/2025,28/06/2025,8571227886,IT421,Romance,IT,29,34,B,0.7952,B,,Match,D432/01,B
60000003216800504,TELEVID6271_SCANNER18,IT421003085712278861360000003216800504,04/07/2025,28/06/2025,8571227886,IT421,Romance,IT,30,13,STOPPED,0.7616,STOPPED,,Match,D432/01,many
60000003216800514,TELEVID6271_SCANNER18,IT421004085712278862660000003216800514,04/07/2025,28/06/2025,8571227886,IT421,Romance,IT,40,26,OF JOHN FOR HAD EATING,0.7694,OF JOHN FOR HAD EATING,,Match,D432/01,having eaten/John of eating/John of/eating/John of having eaten/John of/having eaten/him of eating/him of/eating/him of having eaten/him of/having eaten/her of eating/her of/eating/her of having eaten/her of/having eaten/them of eating/them of/eating/them of having eaten/them of
60000003216800515,TELEVID6271_SCANNER18,IT42100418571227886360000003216800515,04/07/2025,28/06/2025,8571227886,IT421,Romance,IT,41,3,D,0.7914,--impossible--,,NoMatch,D432/01,A
60000003216800518,TELEVID6271_SCANNER18,IT421004485712278862060000003216800518,04/07/2025,28/06/2025,8571227886,IT421,Romance,IT,44,20,UNREALISTIC,0.7764,UNREALISTIC,,Match,D432/01,unrealistic
60000003216800525,TELEVID6271_SCANNER18,IT42100518571227886160000003216800525,04/07/2025,28/06/2025,8571227886,IT421,Romance,IT,51,1,B,0.7712,B,,Match,D432/01,B
60000003216800535,TELEVID6271_SCANNER18,IT421006185712278861660000003216800535,04/07/2025,28/06/2025,8571227886,IT421,Romance,IT,61,16,WHICH,0.792,4HICH,,NoMatch,D432/01,which
60000003216800535,TELEVID6271_SCANNER18,IT421006185712278862860000003216800535,04/07/2025,28/06/2025,8571227886,IT421,Romance,IT,61,28,"TIM, NOBODY",0.7957,"TIM, NOBODY",,Match,D432/01,from Tim nobody/from Tim/nobody/from Tim nobody else/from Tim/nobody else/from Tim nobody has/from Tim/nobody has/from Tim nobody's/from Tim/nobody's/from Tim nobody else has/from Tim/nobody else has/from him nobody/from him/nobody/from him nobody else/from him/nobody else/from him nobody has/from him/nobody has/from him nobody's/from him/nobody's/from him nobody else has/from him/nobody else has/from her nobody/from her/nobody/from her nobody else/from her/nobody else/from her nobody has/from her/nobody has/from her nobody's/from her/nobody's/from her nobody else has/from her/nobody else has/from them nobody/from them/nobody/from them nobody else/from them/nobody else/from them nobody has/from them/nobody has/from them nobody's/from them/nobody's/from them nobody else has/from them/nobody else has
60000003216800536,TELEVID6271_SCANNER18,IT421006285712278862060000003216800536,04/07/2025,28/06/2025,8571227886,IT421,Romance,IT,62,20,REALISTURE,0.7742,REALISTURE,,Match,D432/01,unrealistic
60000003216800536,TELEVID6271_SCANNER18,IT421006285712278862760000003216800536,04/07/2025,28/06/2025,8571227886,IT421,Romance,IT,62,27,OK YOU WORTH NOT MUCH,0.7765,OK YOU WORTH NOT MUCH,,Match,D432/01,not WORTH worrying [about/over]/not WORTH/worrying [about/over]
60000003216800539,TELEVID6271_SCANNER18,IT421006585712278861760000003216800539,04/07/2025,28/06/2025,8571227886,IT421,Romance,IT,65,17,BENEFITFUL,0.761,BENEFITFUL,,Match,D432/01,beneficial
60000003216800539,TELEVID6271_SCANNER18,IT421006585712278863460000003216800539,04/07/2025,28/06/2025,8571227886,IT421,Romance,IT,65,34,B,0.7612,B,,Match,D432/01,B
60000003216800541,TELEVID6271_SCANNER18,IT421006785712278861760000003216800541,04/07/2025,28/06/2025,8571227886,IT421,Romance,IT,67,17,BENEFICS,0.7588,BENEFIES,,NoMatch,D432/01,beneficial
60000003216800549,TELEVID6271_SCANNER18,IT42100758571227886960000003216800549,04/07/2025,28/06/2025,8571227886,IT421,Romance,IT,75,9,IS,0.7545,IS,,Match,D432/01,more
60000003216800557,TELEVID6271_SCANNER18,IT42100838571227886360000003216800557,04/07/2025,28/06/2025,8571227886,IT421,Romance,IT,83,3,B,0.7901,B,,Match,D432/01,A
60000003216800567,TELEVID6271_SCANNER18,IT42100938571227886460000003216800567,04/07/2025,28/06/2025,8571227886,IT421,Romance,IT,93,4,B,0.7838,B,,Match,D432/01,B
60000003216800567,TELEVID6271_SCANNER18,IT421009385712278862960000003216800567,04/07/2025,28/06/2025,8571227886,IT421,Romance,IT,93,29,PAY ATTENTION TO,0.7812,PAY ATTENTION TO,,Match,D432/01,pay (close) attention to/pay (close) attention/to/pay (careful) attention to/pay (careful) attention/to
60000003216800567,TELEVID6271_SCANNER18,IT421009385712278863060000003216800567,04/07/2025,28/06/2025,8571227886,IT421,Romance,IT,93,30,KEEP AN EYE ON,0.7518,KEEP AN EYE ON,,Match,D432/01,keep an eye on/keep/an eye on/keep your eye on/keep/your eye on
60000003216800573,TELEVID6271_SCANNER18,IT421009985712278862560000003216800573,04/07/2025,28/06/2025,8571227886,IT421,Romance,IT,99,25,WAS MADE UP BY,0.7911,WASHADE UP BY,,NoMatch,D432/01,got made up by/got made/up by/was made up by/was made/up by
60000003216800577,TELEVID6271_SCANNER18,IT421010385712278862560000003216800577,04/07/2025,28/06/2025,8571227886,IT421,Romance,IT,103,25,WAS MADE BY,0.7841,WAS MADE BY,,Match,D432/01,got made up by/got made/up by/was made up by/was made/up by
60000003216800586,TELEVID6271_SCANNER18,IT421011285712278862560000003216800586,04/07/2025,28/06/2025,8571227886,IT421,Romance,IT,112,25,WAS MADE BY,0.799,WAS HADE BY,,NoMatch,D432/01,got made up by/got made/up by/was made up by/was made/up by
60000003216800587,TELEVID6271_SCANNER18,IT421011385712278862860000003216800587,04/07/2025,28/06/2025,8571227886,IT421,Romance,IT,113,28,TIM NOBODY HAS,0.7533,TIM NOBODY HAS,,Match,D432/01,from Tim nobody/from Tim/nobody/from Tim nobody else/from Tim/nobody else/from Tim nobody has/from Tim/nobody has/from Tim nobody's/from Tim/nobody's/from Tim nobody else has/from Tim/nobody else has/from him nobody/from him/nobody/from him nobody else/from him/nobody else/from him nobody has/from him/nobody has/from him nobody's/from him/nobody's/from him nobody else has/from him/nobody else has/from her nobody/from her/nobody/from her nobody else/from her/nobody else/from her nobody has/from her/nobody has/from her nobody's/from her/nobody's/from her nobody else has/from her/nobody else has/from them nobody/from them/nobody/from them nobody else/from them/nobody else/from them nobody has/from them/nobody has/from them nobody's/from them/nobody's/from them nobody else has/from them/nobody else has
60000003216800599,TELEVID6271_SCANNER18,IT42101258571227886760000003216800599,04/07/2025,28/06/2025,8571227886,IT421,Romance,IT,125,7,D,0.7629,D,,Match,D432/01,D
60000003217700114,TELEVID6284_SCANNER18,ES439906672771257683060000003217700114,04/07/2025,21/06/2025,7277125768,ES439,Romance,ES,9066,30,WISH I HADN'T TOLD,0.7719,WISH I HADN'T TOLD,,Match,D432/01,wish I had not told/wish I had not/told/wish I hadn't told/wish I hadn't/told/wish I'd not told/wish I'd not/told/wish I had not informed/wish I had not/informed/wish I hadn't informed/wish I hadn't/informed/wish I'd not informed/wish I'd not/informed/wish I had never told/wish I had never/told/wish I'd never told/wish I'd never/told/wish I had never informed/wish I had never/informed/wish I'd never informed/wish I'd never/informed
60000003221200416,TELEVID6289_SCANNER19,ES393023785712278862860000003221200416,07/07/2025,28/06/2025,8571227886,ES393,Romance,ES,237,28,"FROM TIM, NOBODY HAS",0.7651,"FROM TIM, NOBODY HAS",,Match,D432/01,from Tim nobody/from Tim/nobody/from Tim nobody else/from Tim/nobody else/from Tim nobody has/from Tim/nobody has/from Tim nobody's/from Tim/nobody's/from Tim nobody else has/from Tim/nobody else has/from him nobody/from him/nobody/from him nobody else/from him/nobody else/from him nobody has/from him/nobody has/from him nobody's/from him/nobody's/from him nobody else has/from him/nobody else has/from her nobody/from her/nobody/from her nobody else/from her/nobody else/from her nobody has/from her/nobody has/from her nobody's/from her/nobody's/from her nobody else has/from her/nobody else has/from them nobody/from them/nobody/from them nobody else/from them/nobody else/from them nobody has/from them/nobody has/from them nobody's/from them/nobody's/from them nobody else has/from them/nobody else has
60000003221400218,TELEVID6291_SCANNER19,ES393004285712278862560000003221400218,07/07/2025,28/06/2025,8571227886,ES393,Romance,ES,42,25,WAS MADE BY,0.7572,WAS MADE BY,,Match,D432/01,got made up by/got made/up by/was made up by/was made/up by
60000003221400497,TELEVID6291_SCANNER19,ES717001985712278862560000003221400497,07/07/2025,28/06/2025,8571227886,ES717,Romance,ES,19,25,WAS MADE BY,0.7624,WAS MADE BY,,Match,D432/01,got made up by/got made/up by/was made up by/was made/up by
60000003221400514,TELEVID6291_SCANNER19,ES717003785712278862860000003221400514,07/07/2025,28/06/2025,8571227886,ES717,Romance,ES,37,28,"FROM TIM, NOBODY HAS",0.7966,"FROM TIM, NOBODY HAS",,Match,D432/01,from Tim nobody/from Tim/nobody/from Tim nobody else/from Tim/nobody else/from Tim nobody has/from Tim/nobody has/from Tim nobody's/from Tim/nobody's/from Tim nobody else has/from Tim/nobody else has/from him nobody/from him/nobody/from him nobody else/from him/nobody else/from him nobody has/from him/nobody has/from him nobody's/from him/nobody's/from him nobody else has/from him/nobody else has/from her nobody/from her/nobody/from her nobody else/from her/nobody else/from her nobody has/from her/nobody has/from her nobody's/from her/nobody's/from her nobody else has/from her/nobody else has/from them nobody/from them/nobody/from them nobody else/from them/nobody else/from them nobody has/from them/nobody has/from them nobody's/from them/nobody's/from them nobody else has/from them/nobody else has
60000003221600159,TELEVID6293_SCANNER19,IT692002372771257683260000003221600159,07/07/2025,21/06/2025,7277125768,IT692,Romance,IT,23,32,B,0.7907,B,,Match,D432/01,B
60000003221600162,TELEVID6293_SCANNER19,IT69200267277125768760000003221600162,07/07/2025,21/06/2025,7277125768,IT692,Romance,IT,26,7,B,0.7527,B,,Match,D432/01,C
60000003221600165,TELEVID6293_SCANNER19,IT69200297277125768460000003221600165,07/07/2025,21/06/2025,7277125768,IT692,Romance,IT,29,4,--impossible--,0.7759,C,,NoMatch,D432/01,B
60000003221600288,TELEVID6293_SCANNER19,ES187055885712278863460000003221600288,07/07/2025,28/06/2025,8571227886,ES187,Romance,ES,558,34,B,0.7947,B,,Match,D432/01,B
60000003221600303,TELEVID6293_SCANNER19,ES211870185712278862960000003221600303,07/07/2025,28/06/2025,8571227886,ES211,Romance,ES,8701,29,PAY ATTENTION TO,0.7526,PAY ATTENTION TO,,Match,D432/01,pay (close) attention to/pay (close) attention/to/pay (careful) attention to/pay (careful) attention/to
60000003221600457,TELEVID6293_SCANNER19,ES815045485712278862860000003221600457,07/07/2025,28/06/2025,8571227886,ES815,Romance,ES,454,28,FROM TIM NOBODY HAS,0.764,FROM TIM NOBODY - AS,,NoMatch,D432/01,from Tim nobody/from Tim/nobody/from Tim nobody else/from Tim/nobody else/from Tim nobody has/from Tim/nobody has/from Tim nobody's/from Tim/nobody's/from Tim nobody else has/from Tim/nobody else has/from him nobody/from him/nobody/from him nobody else/from him/nobody else/from him nobody has/from him/nobody has/from him nobody's/from him/nobody's/from him nobody else has/from him/nobody else has/from her nobody/from her/nobody/from her nobody else/from her/nobody else/from her nobody has/from her/nobody has/from her nobody's/from her/nobody's/from her nobody else has/from her/nobody else has/from them nobody/from them/nobody/from them nobody else/from them/nobody else/from them nobody has/from them/nobody has/from them nobody's/from them/nobody's/from them nobody else has/from them/nobody else has
60000003221900030,TELEVID6294_SCANNER19,ES095010972771257682160000003221900030,07/07/2025,21/06/2025,7277125768,ES095,Romance,ES,109,21,SIGNIFICANTCS,0.787,SIGNIFICANT CS,,NoMatch,D432/01,Significantly
60000003221900037,TELEVID6294_SCANNER19,ES09501167277125768860000003221900037,07/07/2025,21/06/2025,7277125768,ES095,Romance,ES,116,8,C,0.7787,C,,Match,D432/01,B
60000003221900193,TELEVID6294_SCANNER19,ES09500307277125768960000003221900193,07/07/2025,21/06/2025,7277125768,ES095,Romance,ES,30,9,AT,0.7818,AT,,Match,D432/01,at
60000003221900193,TELEVID6294_SCANNER19,ES095003072771257682760000003221900193,07/07/2025,21/06/2025,7277125768,ES095,Romance,ES,30,27,TO AVOID GETTING,0.7916,TO AVOID GETTING,,Match,D432/01,to AVOID (us) [getting/being]/to AVOID/(us) [getting/being]
60000003221900193,TELEVID6294_SCANNER19,ES095003072771257683860000003221900193,07/07/2025,21/06/2025,7277125768,ES095,Romance,ES,30,38,B,0.7732,B,,Match,D432/01,E
60000003221900212,TELEVID6294_SCANNER19,ES095004972771257684660000003221900212,07/07/2025,21/06/2025,7277125768,ES095,Romance,ES,49,46,E,0.7614,"D, E",,NoMatch,D432/01,E
60000003222100199,TELEVID8327_SCANNER19,DE00800487277125768460000003222100199,07/07/2025,21/06/2025,7277125768,DE008,Germanic,DE,48,4,B,0.7511,B,,Match,D432/01,B
60000003222100199,TELEVID8327_SCANNER19,DE008004872771257683060000003222100199,07/07/2025,21/06/2025,7277125768,DE008,Germanic,DE,48,30,WISH I DID NOT TOLD,0.7557,WISH I DID NOT TOLD,,Match,D432/01,wish I had not told/wish I had not/told/wish I hadn't told/wish I hadn't/told/wish I'd not told/wish I'd not/told/wish I had not informed/wish I had not/informed/wish I hadn't informed/wish I hadn't/informed/wish I'd not informed/wish I'd not/informed/wish I had never told/wish I had never/told/wish I'd never told/wish I'd never/told/wish I had never informed/wish I had never/informed/wish I'd never informed/wish I'd never/informed
60000003222100206,TELEVID8327_SCANNER19,IT317000185712278861660000003222100206,07/07/2025,28/06/2025,8571227886,IT317,Romance,IT,1,16,IT,0.7798,IT,,Match,D432/01,which
60000003222100206,TELEVID8327_SCANNER19,IT317000185712278863060000003222100206,07/07/2025,28/06/2025,8571227886,IT317,Romance,IT,1,30,GIVE AN EYE TO,0.7614,GIVE ALL EYE TO,,NoMatch,D432/01,keep an eye on/keep/an eye on/keep your eye on/keep/your eye on
60000003222100213,TELEVID8327_SCANNER19,IT317000885712278862660000003222100213,07/07/2025,28/06/2025,8571227886,IT317,Romance,IT,8,26,OF JOHN WHO ATE,0.7888,OF JOHN WHO ATE,,Match,D432/01,having eaten/John of eating/John of/eating/John of having eaten/John of/having eaten/him of eating/him of/eating/him of having eaten/him of/having eaten/her of eating/her of/eating/her of having eaten/her of/having eaten/them of eating/them of/eating/them of having eaten/them of
60000003222100251,TELEVID8327_SCANNER19,DE008000372771257682260000003222100251,07/07/2025,21/06/2025,7277125768,DE008,Germanic,DE,3,22,DISLIKED,0.7887,DISLIKED,,Match,D432/01,disliked
60000003222400753,TELEVID6301_SCANNER19,LK091001072771257682660000003222400753,07/07/2025,21/06/2025,7277125768,LK091,Indo-Iranian,LK,10,26,SO GOOD AT CHESS,0.7709,SO GOOD AT CHESS,,Match,D432/01,as good at (playing) chess/as good/at (playing) chess/so good at (playing) chess/so good/at (playing) chess/as good a chess player/as good/a chess player/so good a chess player/so good/a chess player
60000003223100547,TELEVID6309_SCANNER19,IT844000485712278861560000003223100547,07/07/2025,28/06/2025,8571227886,IT844,Romance,IT,4,15,IF,0.7762,1F,,NoMatch,D432/01,though
60000003223100567,TELEVID6309_SCANNER19,IT844000885712278862960000003223100567,07/07/2025,28/06/2025,8571227886,IT844,Romance,IT,8,29,PAY ATTENTION TO,0.7526,PAY ATTENTION TO,,Match,D432/01,pay (close) attention to/pay (close) attention/to/pay (careful) attention to/pay (careful) attention/to
60000003223500567,TELEVID6299_SCANNER19,IT421013185712278864860000003223500567,07/07/2025,28/06/2025,8571227886,IT421,Romance,IT,131,48,B,0.7949,B,,Match,D432/01,D
60000003223500787,TELEVID6299_SCANNER19,IT421000185712278862860000003223500787,07/07/2025,28/06/2025,8571227886,IT421,Romance,IT,1,28,FROM TIM NOBODY,0.763,FROM TIM NOOODY,,NoMatch,D432/01,from Tim nobody/from Tim/nobody/from Tim nobody else/from Tim/nobody else/from Tim nobody has/from Tim/nobody has/from Tim nobody's/from Tim/nobody's/from Tim nobody else has/from Tim/nobody else has/from him nobody/from him/nobody/from him nobody else/from him/nobody else/from him nobody has/from him/nobody has/from him nobody's/from him/nobody's/from him nobody else has/from him/nobody else has/from her nobody/from her/nobody/from her nobody else/from her/nobody else/from her nobody has/from her/nobody has/from her nobody's/from her/nobody's/from her nobody else has/from her/nobody else has/from them nobody/from them/nobody/from them nobody else/from them/nobody else/from them nobody has/from them/nobody has/from them nobody's/from them/nobody's/from them nobody else has/from them/nobody else has
60000003223500790,TELEVID6299_SCANNER19,IT421000485712278861860000003223500790,07/07/2025,28/06/2025,8571227886,IT421,Romance,IT,4,18,CONSUMAL,0.7992,CONSUMAL,,Match,D432/01,consumption
60000003223500792,TELEVID6299_SCANNER19,IT42100068571227886760000003223500792,07/07/2025,28/06/2025,8571227886,IT421,Romance,IT,6,7,D,0.7649,--impossible--,,NoMatch,D432/01,D
60000003223800335,TELEVID6298_SCANNER19,IT421001285712278862260000003223800335,07/07/2025,28/06/2025,8571227886,IT421,Romance,IT,12,22,PLEASEMENT,0.7949,PLEASEMENT,,Match,D432/01,pleasure
60000003223800341,TELEVID6298_SCANNER19,IT421001885712278862360000003223800341,07/07/2025,28/06/2025,8571227886,IT421,Romance,IT,18,23,DAILY,0.7737,DAILY,,Match,D432/01,daily/everyday
60000003223800341,TELEVID6298_SCANNER19,IT421001885712278862560000003223800341,07/07/2025,28/06/2025,8571227886,IT421,Romance,IT,18,25,WAS MADE UP BY,0.7707,WAS MADE UP BY,,Match,D432/01,got made up by/got made/up by/was made up by/was made/up by
60000003223800343,TELEVID6298_SCANNER19,IT421002085712278862760000003223800343,07/07/2025,28/06/2025,8571227886,IT421,Romance,IT,20,27,NOT WORTH WORRYING ABOUT,0.7994,NOT WORTH WORRYING ABOUT,,Match,D432/01,not WORTH worrying [about/over]/not WORTH/worrying [about/over]
60000003223800348,TELEVID6298_SCANNER19,IT42100258571227886460000003223800348,07/07/2025,28/06/2025,8571227886,IT421,Romance,IT,25,4,B,0.7599,B,,Match,D432/01,B
60000003223800348,TELEVID6298_SCANNER19,IT421002585712278862960000003223800348,07/07/2025,28/06/2025,8571227886,IT421,Romance,IT,25,29,DAY ATTENTION TO,0.7591,DAY ATTENTION TO,,Match,D432/01,pay (close) attention to/pay (close) attention/to/pay (careful) attention to/pay (careful) attention/to
60000003223800558,TELEVID6298_SCANNER19,ES040013385712278862460000003223800558,07/07/2025,28/06/2025,8571227886,ES040,Romance,ES,133,24,ADVENTUREOUS,0.7664,ADVENTUREOUS,,Match,D432/01,adventurous/adventuresome
60000003223800558,TELEVID6298_SCANNER19,ES040013385712278862660000003223800558,07/07/2025,28/06/2025,8571227886,ES040,Romance,ES,133,26,JOHN OF HAVING EATEN,0.7962,JOHN OF HAVING EATEN,,Match,D432/01,having eaten/John of eating/John of/eating/John of having eaten/John of/having eaten/him of eating/him of/eating/him of having eaten/him of/having eaten/her of eating/her of/eating/her of having eaten/her of/having eaten/them of eating/them of/eating/them of having eaten/them of
60000003223800699,TELEVID6298_SCANNER19,ES040027485712278862460000003223800699,07/07/2025,28/06/2025,8571227886,ES040,Romance,ES,274,24,ADVENTOROUS,0.7586,ADVENTOROSS,,NoMatch,D432/01,adventurous/adventuresome
60000003224100438,televid6302_SCANNER19,IT844000185712278863060000003224100438,07/07/2025,28/06/2025,8571227886,IT844,Romance,IT,1,30,PUT AN EYE ON,0.7946,PUT AN EYE ON,,Match,D432/01,keep an eye on/keep/an eye on/keep your eye on/keep/your eye on
60000003224100512,televid6302_SCANNER19,ES431000585712278862860000003224100512,07/07/2025,28/06/2025,8571227886,ES431,Romance,ES,5,28,TIM NOBODY HAVE,0.7846,TIM NOBODY HAVE,,Match,D432/01,from Tim nobody/from Tim/nobody/from Tim nobody else/from Tim/nobody else/from Tim nobody has/from Tim/nobody has/from Tim nobody's/from Tim/nobody's/from Tim nobody else has/from Tim/nobody else has/from him nobody/from him/nobody/from him nobody else/from him/nobody else/from him nobody has/from him/nobody has/from him nobody's/from him/nobody's/from him nobody else has/from him/nobody else has/from her nobody/from her/nobody/from her nobody else/from her/nobody else/from her nobody has/from her/nobody has/from her nobody's/from her/nobody's/from her nobody else has/from her/nobody else has/from them nobody/from them/nobody/from them nobody else/from them/nobody else/from them nobody has/from them/nobody has/from them nobody's/from them/nobody's/from them nobody else has/from them/nobody else has
60000003224400089,televid6297_SCANNER19,IT692000272771257683460000003224400089,07/07/2025,21/06/2025,7277125768,IT692,Romance,IT,2,34,B,0.7806,B,,Match,D432/01,D
60000003224400090,televid6297_SCANNER19,IT69200037277125768460000003224400090,07/07/2025,21/06/2025,7277125768,IT692,Romance,IT,3,4,B,0.7927,B,,Match,D432/01,B
60000003224400090,televid6297_SCANNER19,IT692000372771257681460000003224400090,07/07/2025,21/06/2025,7277125768,IT692,Romance,IT,3,14,IF,0.77,1F,,NoMatch,D432/01,though/if
60000003224400093,televid6297_SCANNER19,IT692000672771257682360000003224400093,07/07/2025,21/06/2025,7277125768,IT692,Romance,IT,6,23,APPEREANCE,0.7862,APPEREANCE,,Match,D432/01,appearance
60000003224400097,televid6297_SCANNER19,IT692001072771257682360000003224400097,07/07/2025,21/06/2025,7277125768,IT692,Romance,IT,10,23,APPEAREANCE,0.7837,APPEAREANCE,,Match,D432/01,appearance
60000003224400105,televid6297_SCANNER19,IT69200187277125768760000003224400105,07/07/2025,21/06/2025,7277125768,IT692,Romance,IT,18,7,--impossible--,0.7631,C,,NoMatch,D432/01,C
60000003224400105,televid6297_SCANNER19,IT692001872771257682460000003224400105,07/07/2025,21/06/2025,7277125768,IT692,Romance,IT,18,24,VIRUSED,0.7969,VIRUSEO,,NoMatch,D432/01,viral
60000003224800133,TELEVID6303_SCANNER19,ES031002885712278862760000003224800133,07/07/2025,28/06/2025,8571227886,ES031,Romance,ES,28,27,ISN'T WORTH,0.7688,ISN'T WORTH,,Match,D432/01,not WORTH worrying [about/over]/not WORTH/worrying [about/over]
60000003224800133,TELEVID6303_SCANNER19,ES031002885712278863460000003224800133,07/07/2025,28/06/2025,8571227886,ES031,Romance,ES,28,34,B,0.7808,B,,Match,D432/01,B
60000003224800220,TELEVID6303_SCANNER19,ES031015785712278861560000003224800220,07/07/2025,28/06/2025,8571227886,ES031,Romance,ES,157,15,IF,0.796,IF,,Match,D432/01,though
60000003224800234,TELEVID6303_SCANNER19,ES031012685712278862660000003224800234,07/07/2025,28/06/2025,8571227886,ES031,Romance,ES,126,26,OF JOHN FOR EATING,0.7549,CF JOHN FOR EATING,,NoMatch,D432/01,having eaten/John of eating/John of/eating/John of having eaten/John of/having eaten/him of eating/him of/eating/him of having eaten/him of/having eaten/her of eating/her of/eating/her of having eaten/her of/having eaten/them of eating/them of/eating/them of having eaten/them of
60000003224800252,TELEVID6303_SCANNER19,ES031014485712278863060000003224800252,07/07/2025,28/06/2025,8571227886,ES031,Romance,ES,144,30,PUT AN EYE ON,0.761,PUT AN EYE ON,,Match,D432/01,keep an eye on/keep/an eye on/keep your eye on/keep/your eye on
60000003224800397,TELEVID6303_SCANNER19,ES031019285712278862660000003224800397,07/07/2025,28/06/2025,8571227886,ES031,Romance,ES,192,26,OF JOHN BECAUSE PROBABLY EATEN,0.7807,OF JOHN BECAUSE PROBABLY EATEN,,Match,D432/01,having eaten/John of eating/John of/eating/John of having eaten/John of/having eaten/him of eating/him of/eating/him of having eaten/him of/having eaten/her of eating/her of/eating/her of having eaten/her of/having eaten/them of eating/them of/eating/them of having eaten/them of
60000003224800427,TELEVID6303_SCANNER19,ES03101838571227886460000003224800427,07/07/2025,28/06/2025,8571227886,ES031,Romance,ES,183,4,B,0.7797,B,,Match,D432/01,B
60000003225800722,TELEVID6295_SCANNER18,IT282000985712278861560000003225800722,08/07/2025,28/06/2025,8571227886,IT282,Romance,IT,9,15,IF,0.7561,1F,,NoMatch,D432/01,though
60000003225800725,TELEVID6295_SCANNER18,IT282001285712278861560000003225800725,08/07/2025,28/06/2025,8571227886,IT282,Romance,IT,12,15,IF,0.7511,1F,,NoMatch,D432/01,though
60000003225800727,TELEVID6295_SCANNER18,IT282001485712278861760000003225800727,08/07/2025,28/06/2025,8571227886,IT282,Romance,IT,14,17,BENEFICENT,0.7918,BENEFICENT,,Match,D432/01,beneficial
60000003225800727,TELEVID6295_SCANNER18,IT282001485712278862660000003225800727,08/07/2025,28/06/2025,8571227886,IT282,Romance,IT,14,26,OF JOHN FOR EATING,0.7806,OF JOHN FOR EATING,,Match,D432/01,having eaten/John of eating/John of/eating/John of having eaten/John of/having eaten/him of eating/him of/eating/him of having eaten/him of/having eaten/her of eating/her of/eating/her of having eaten/her of/having eaten/them of eating/them of/eating/them of having eaten/them of
300003694300416,TELEVID4889_SCANNER12,CH0011402553571344329300003694300416,06/03/2025,01/03/2025,5535713443,CH001,Germanic,CH,1402,29,"SEVERAL WEEKS AGO, WHEN TOM'S ANKLE STARTED TROUBLING",0.784,"SEVERAL WEEKS AGO, WHEN TOM'S ANKLE STARTED TROUBLING",,Match,D441/01,several weeks ago (that) Tom's ankle started troubling/several weeks ago (that)/Tom's ankle started troubling/several weeks ago (that) Tom's ankle began troubling/several weeks ago (that)/Tom's ankle began troubling/several weeks ago (that) Tom's ankle started bothering/several weeks ago (that)/Tom's ankle started bothering/several weeks ago (that) Tom's ankle began bothering/several weeks ago (that)/Tom's ankle began bothering/several weeks ago when Tom's ankle started troubling/several weeks ago when/Tom's ankle started troubling/several weeks ago when Tom's ankle began troubling/several weeks ago when/Tom's ankle began troubling/several weeks ago when Tom's ankle started bothering/several weeks ago when/Tom's ankle started bothering/several weeks ago when Tom's ankle began bothering/several weeks ago when/Tom's ankle began bothering/several weeks ago Tom's ankle began to bother/several weeks ago/Tom's ankle began to bother/several weeks ago Tom's ankle began to trouble/several weeks ago/Tom's ankle began to trouble/several weeks ago Tom's ankle started to bother/several weeks ago/Tom's ankle started to bother/several weeks ago Tom's ankle started to trouble/several weeks ago/Tom's ankle started to trouble
300003694300420,TELEVID4889_SCANNER12,CH0011406553571344314300003694300420,06/03/2025,01/03/2025,5535713443,CH001,Germanic,CH,1406,14,MUCH,0.7765,MUCH,,Match,D441/01,much
300003694700403,TELEVID4892_SCANNER12,CZ0018005553571344328300003694700403,06/03/2025,01/03/2025,5535713443,CZ001,Slavic,CZ,8005,28,RUN INTO THE RISK OF BEING MOCKED,0.7588,RUN INTO THE RISK OF BEING MOCKED,,Match,D441/01,run the risk of being mocked/run the risk of/being mocked/run the risk of getting mocked/run the risk of/getting mocked/run the risk of being ridiculed/run the risk of/being ridiculed/run the risk of getting ridiculed/run the risk of/getting ridiculed
300003694700409,TELEVID4892_SCANNER12,CZ0018011553571344324300003694700409,06/03/2025,01/03/2025,5535713443,CZ001,Slavic,CZ,8011,24,COMPARABLE,0.7503,COMPARABLE,,Match,D441/01,comparable
300003949000623,TELEVID5363_SCANNER13,CH0550004731192399726300003949000623,15/05/2025,10/05/2025,7311923997,CH055,Germanic,CH,4,26,WARNING HAS BEEN ISSUED TO OF.,0.7798,WARNING HAS BEEN ISSUED TO OF,,NoMatch,D441/01,warning [has/'s] been issued to/warning [has/'s]/been issued to
300004029500093,TELEVID5466_SCANNER12,CH0085001731192399725300004029500093,21/05/2025,10/05/2025,7311923997,CH008,Germanic,CH,5001,25,"BROKE HER PROMISE, TO",0.7943,"BROKE HER PROMISE, TO",,Match,D441/01,broke her promise (much) to/broke her promise/(much) to/broke her word (much) to/broke her word/(much) to/broke a promise (much) to/broke a promise/(much) to
300004029500099,TELEVID5466_SCANNER12,CH008500773119239972300004029500099,21/05/2025,10/05/2025,7311923997,CH008,Germanic,CH,5007,2,A,0.795,"A, B",,NoMatch,D441/01,A
300004029500099,TELEVID5466_SCANNER12,CH0085007731192399710300004029500099,21/05/2025,10/05/2025,7311923997,CH008,Germanic,CH,5007,10,ANYTHING,0.7772,ANYTHING,,Match,D441/01,more
300004029500101,TELEVID5466_SCANNER12,CH0085009731192399722300004029500101,21/05/2025,10/05/2025,7311923997,CH008,Germanic,CH,5009,22,DISORIENTATED,0.7542,DISORIENTATED,,Match,D441/01,disorientated/disoriented
300004029500105,TELEVID5466_SCANNER12,CH0085013731192399715300004029500105,21/05/2025,10/05/2025,7311923997,CH008,Germanic,CH,5013,15,DOWN,0.7528,DOWN,,Match,D441/01,down
300004029500377,TELEVID5466_SCANNER12,CH0595304731192399735300004029500377,21/05/2025,10/05/2025,7311923997,CH059,Germanic,CH,5304,35,D,0.7784,"A, D",,NoMatch,D441/01,D
300004029500378,TELEVID5466_SCANNER12,CH0595305731192399722300004029500378,21/05/2025,10/05/2025,7311923997,CH059,Germanic,CH,5305,22,DISORIENTED,0.7732,DISORIENTED,,Match,D441/01,disorientated/disoriented
300004029500380,TELEVID5466_SCANNER12,CH0595307731192399722300004029500380,21/05/2025,10/05/2025,7311923997,CH059,Germanic,CH,5307,22,DISORIENTED,0.7665,DISORIENTED,,Match,D441/01,disorientated/disoriented
300004048600015,TELEVID5480_SCANNER12,CH1880005236079224312300004048600015,22/05/2025,17/05/2025,2360792243,CH188,Germanic,CH,5,12,SOME,0.7945,SOME,,Match,D441/01,some
300004048600174,TELEVID5480_SCANNER12,GR118001423607922433300004048600174,22/05/2025,17/05/2025,2360792243,GR118,Greek,GR,14,3,A,0.7908,A,,Match,D441/01,A
300004048600174,TELEVID5480_SCANNER12,GR1180014236079224328300004048600174,22/05/2025,17/05/2025,2360792243,GR118,Greek,GR,14,28,WAS TALKED INTO BUYING BOTH DRESSES BY,0.7973,WAS TALKED INTO BUYING BOTH DRESSES BY,,Match,D441/01,was talked into buying both dresses by/was talked into/buying both dresses by/got talked into buying both dresses by/got talked into/buying both dresses by
300004048600289,TELEVID5480_SCANNER12,GR1188743236079224328300004048600289,22/05/2025,17/05/2025,2360792243,GR118,Greek,GR,8743,28,WAS TALKED TO BUY BOTH DRESSED BY,0.7739,WAS TALKED TO BUY BOTH DRESSED BY,,Match,D441/01,was talked into buying both dresses by/was talked into/buying both dresses by/got talked into buying both dresses by/got talked into/buying both dresses by
300004048600308,TELEVID5480_SCANNER12,GR1188762236079224332300004048600308,22/05/2025,17/05/2025,2360792243,GR118,Greek,GR,8762,32,C,0.7837,C,,Match,D441/01,D
300004048600329,TELEVID5480_SCANNER12,GR1188107236079224317300004048600329,22/05/2025,17/05/2025,2360792243,GR118,Greek,GR,8107,17,MULTISEQUENCE,0.7811,MULTISEQUENCE,,Match,D441/01,consequences
300004048600332,TELEVID5480_SCANNER12,GR1188110236079224332300004048600332,22/05/2025,17/05/2025,2360792243,GR118,Greek,GR,8110,32,C,0.7609,C,,Match,D441/01,D
300004048600334,TELEVID5480_SCANNER12,GR1188112236079224312300004048600334,22/05/2025,17/05/2025,2360792243,GR118,Greek,GR,8112,12,THAT,0.7841,THAT,,Match,D441/01,some
300004048600334,TELEVID5480_SCANNER12,GR1188112236079224351300004048600334,22/05/2025,17/05/2025,2360792243,GR118,Greek,GR,8112,51,--impossible--,0.7949,D,,NoMatch,D441/01,B
300004048600405,TELEVID5480_SCANNER12,GR1188071236079224324300004048600405,22/05/2025,17/05/2025,2360792243,GR118,Greek,GR,8071,24,UNVEILED,0.7752,UNVEILED,,Match,D441/01,unveiled
300004048600407,TELEVID5480_SCANNER12,GR1188073236079224316300004048600407,22/05/2025,17/05/2025,2360792243,GR118,Greek,GR,8073,16,INTO,0.7978,ANTO,,NoMatch,D441/01,into/to
300004048600829,TELEVID5480_SCANNER12,GR1188715236079224325300004048600829,22/05/2025,17/05/2025,2360792243,GR118,Greek,GR,8715,25,NOT UP TO ME TO HAND,0.7661,NOT UP TO ME TO HAND,,Match,D441/01,not up to me to hand/not up to me/to hand/up to someone else to hand/up to someone else/to hand/up to somebody else to hand/up to somebody else/to hand
300004064000205,TELEVID5514_SCANNER12,GR1188533236079224322300004064000205,23/05/2025,17/05/2025,2360792243,GR118,Greek,GR,8533,22,ENPASSING,0.7545,ENPASSING,,Match,D441/01,passable
300004064000207,TELEVID5514_SCANNER12,GR1188535236079224325300004064000207,23/05/2025,17/05/2025,2360792243,GR118,Greek,GR,8535,25,NOT UP TO ME GIVING,0.7715,NOT UP TO ME GIVING,,Match,D441/01,not up to me to hand/not up to me/to hand/up to someone else to hand/up to someone else/to hand/up to somebody else to hand/up to somebody else/to hand
300004064000208,TELEVID5514_SCANNER12,GR1188536236079224319300004064000208,23/05/2025,17/05/2025,2360792243,GR118,Greek,GR,8536,19,ENABLE,0.7654,CNABLE,,NoMatch,D441/01,enabled
300004064000208,TELEVID5514_SCANNER12,GR1188536236079224320300004064000208,23/05/2025,17/05/2025,2360792243,GR118,Greek,GR,8536,20,UNLITERATURE,0.7895,UNLIZERATURE,,NoMatch,D441/01,illiterate
300004064000208,TELEVID5514_SCANNER12,GR1188536236079224331300004064000208,23/05/2025,17/05/2025,2360792243,GR118,Greek,GR,8536,31,B,0.759,C,,NoMatch,D441/01,C
300004064400534,TELEVID5508_SCANNER12,GR1188607236079224342300004064400534,23/05/2025,17/05/2025,2360792243,GR118,Greek,GR,8607,42,A,0.7971,A,,Match,D441/01,A
300004064400541,TELEVID5508_SCANNER12,GR1188614236079224314300004064400541,23/05/2025,17/05/2025,2360792243,GR118,Greek,GR,8614,14,ODDS,0.7741,ODDS,,Match,D441/01,odds
300004067700501,TELEVID5511_SCANNER13,GR1188436236079224319300004067700501,23/05/2025,17/05/2025,2360792243,GR118,Greek,GR,8436,19,ENABLED,0.7595,ENARLED,,NoMatch,D441/01,enabled
300004067700501,TELEVID5511_SCANNER13,GR1188436236079224326300004067700501,23/05/2025,17/05/2025,2360792243,GR118,Greek,GR,8436,26,IMPORTANCE OF FINDING A SOLUTION,0.7746,INDORTANCE OF FINDING A SOLUTION,,NoMatch,D441/01,importance of finding a solution/importance of/finding a solution/importance of finding an answer/importance of/finding an answer/importance of finding the solution/importance of/finding the solution/importance of finding the answer/importance of/finding the answer
300004067700502,TELEVID5511_SCANNER13,GR1188437236079224330300004067700502,23/05/2025,17/05/2025,2360792243,GR118,Greek,GR,8437,30,SOONER WHEN JANINE WALKED IN,0.7969,SOONER WHEN JANINE WALKED IN,,Match,D441/01,sooner had Janine come in than/sooner had/Janine come in than/sooner had Janine entered than/sooner had/Janine entered than/sooner had Janine walked in than/sooner had/Janine walked in than
300004067700508,TELEVID5511_SCANNER13,GR1188804236079224328300004067700508,23/05/2025,17/05/2025,2360792243,GR118,Greek,GR,8804,28,TALKED ABOUT BUING BOTH DRESSES WITH,0.7526,TALKED ABOUT BUING BOTH BRESSES WITH,,NoMatch,D441/01,was talked into buying both dresses by/was talked into/buying both dresses by/got talked into buying both dresses by/got talked into/buying both dresses by
300004067700508,TELEVID5511_SCANNER13,GR1188804236079224329300004067700508,23/05/2025,17/05/2025,2360792243,GR118,Greek,GR,8804,29,LONG TO GET THE HANG OF,0.7623,LONG TO GET THE HANG OR,,NoMatch,D441/01,long to get the hang of/long to get/the hang of/much time to get the hang of/much time to get/the hang of
300004067700517,TELEVID5511_SCANNER13,GR1188813236079224324300004067700517,23/05/2025,17/05/2025,2360792243,GR118,Greek,GR,8813,24,ENVAILING,0.7938,ENVALLING,,NoMatch,D441/01,unveiled
300004067700518,TELEVID5511_SCANNER13,GR1188814236079224328300004067700518,23/05/2025,17/05/2025,2360792243,GR118,Greek,GR,8814,28,I WAS TALKED TO BUY BOTH DRESSES BY,0.7933,I WAS TALKED TO BUY ROTH DRESSES BY,,NoMatch,D441/01,was talked into buying both dresses by/was talked into/buying both dresses by/got talked into buying both dresses by/got talked into/buying both dresses by
300004067700522,TELEVID5511_SCANNER13,GR1188818236079224323300004067700522,23/05/2025,17/05/2025,2360792243,GR118,Greek,GR,8818,23,UNRELATEVILY,0.7801,UNRELATEVILY,,Match,D441/01,relatively
300004067700524,TELEVID5511_SCANNER13,GR1188820236079224324300004067700524,23/05/2025,17/05/2025,2360792243,GR118,Greek,GR,8820,24,VEILING,0.7556,VGILING,,NoMatch,D441/01,unveiled
300004067700524,TELEVID5511_SCANNER13,GR1188820236079224341300004067700524,23/05/2025,17/05/2025,2360792243,GR118,Greek,GR,8820,41,C,0.764,C,,Match,D441/01,F
300004067700545,TELEVID5511_SCANNER13,GR118884123607922433300004067700545,23/05/2025,17/05/2025,2360792243,GR118,Greek,GR,8841,3,A,0.7831,A,,Match,D441/01,A
300004067700732,TELEVID5511_SCANNER13,GR1188680236079224318300004067700732,23/05/2025,17/05/2025,2360792243,GR118,Greek,GR,8680,18,PHILOSOPHICAL,0.7774,PHILOSOPHICAL,,Match,D441/01,philosophical
300004067700732,TELEVID5511_SCANNER13,GR1188680236079224321300004067700732,23/05/2025,17/05/2025,2360792243,GR118,Greek,GR,8680,21,DOCUMENTARY,0.757,DOCUMENTARY,,Match,D441/01,documentary/documented
300004067700819,TELEVID5511_SCANNER13,GR1188465236079224325300004067700819,23/05/2025,17/05/2025,2360792243,GR118,Greek,GR,8465,25,NOT UP TO ME TO HAND,0.7638,NOT UP TO ME TO HAND,,Match,D441/01,not up to me to hand/not up to me/to hand/up to someone else to hand/up to someone else/to hand/up to somebody else to hand/up to somebody else/to hand
300004067700844,TELEVID5511_SCANNER13,GR1188481236079224314300004067700844,23/05/2025,17/05/2025,2360792243,GR118,Greek,GR,8481,14,ODDS,0.76,0005,,NoMatch,D441/01,odds
300004067700933,TELEVID5511_SCANNER13,GR1188583236079224329300004067700933,23/05/2025,17/05/2025,2360792243,GR118,Greek,GR,8583,29,MUCH TIME TO GET A HANG ON,0.7977,MUCH TIME TO GET A HANG ON,,Match,D441/01,long to get the hang of/long to get/the hang of/much time to get the hang of/much time to get/the hang of
300004071700915,TELEVID5520_SCANNER13,GR8068002236079224320300004071700915,23/05/2025,17/05/2025,2360792243,GR806,Greek,GR,8002,20,ILLITERATE,0.7777,ILLITERATE,,Match,D441/01,illiterate
300004075000072,TELEVID5516_SCANNER13,GR1188626236079224328300004075000072,23/05/2025,17/05/2025,2360792243,GR118,Greek,GR,8626,28,BOUGHT BOTH DRESSES AS BEING TALKED BY,0.7549,BOUGHT BOTH DRESSES AS BEING TALKED BY,,Match,D441/01,was talked into buying both dresses by/was talked into/buying both dresses by/got talked into buying both dresses by/got talked into/buying both dresses by
300004075000072,TELEVID5516_SCANNER13,GR1188626236079224332300004075000072,23/05/2025,17/05/2025,2360792243,GR118,Greek,GR,8626,32,C,0.7566,C,,Match,D441/01,D
300004075000173,TELEVID5516_SCANNER13,GR1188521236079224332300004075000173,23/05/2025,17/05/2025,2360792243,GR118,Greek,GR,8521,32,B,0.7945,B,,Match,D441/01,D
300004075000790,TELEVID5516_SCANNER13,GR1188778236079224320300004075000790,23/05/2025,17/05/2025,2360792243,GR118,Greek,GR,8778,20,UNLITERATE,0.7888,UNIITERATE,,NoMatch,D441/01,illiterate
300004075000797,TELEVID5516_SCANNER13,GR1188785236079224334300004075000797,23/05/2025,17/05/2025,2360792243,GR118,Greek,GR,8785,34,B,0.7767,B,,Match,D441/01,B
300004075000800,TELEVID5516_SCANNER13,GR1188788236079224327300004075000800,23/05/2025,17/05/2025,2360792243,GR118,Greek,GR,8788,27,BEHAVIOR YESTERDAY IS COMPLETELY OUT,0.7586,BEHAVIOR VESTERDAV IS COMPLETELY OUT,,NoMatch,D441/01,[behaviour/behavior] yesterday was completely out/[behaviour/behavior] yesterday was/completely out
300004075000808,TELEVID5516_SCANNER13,GR1188796236079224336300004075000808,23/05/2025,17/05/2025,2360792243,GR118,Greek,GR,8796,36,B,0.7728,B,,Match,D441/01,D
300004128300324,TELEVID5554_SCANNER12,GR0268081236079224333300004128300324,27/05/2025,17/05/2025,2360792243,GR026,Greek,GR,8081,33,A,0.7768,"A, B",,NoMatch,D441/01,C
300004128300329,TELEVID5554_SCANNER12,GR0268086236079224329300004128300329,27/05/2025,17/05/2025,2360792243,GR026,Greek,GR,8086,29,LONG TO GET THE HANG OUT OF,0.7559,LUNG TO GET THE HANG OUT OF,,NoMatch,D441/01,long to get the hang of/long to get/the hang of/much time to get the hang of/much time to get/the hang of
300004128300333,TELEVID5554_SCANNER12,GR026809023607922432300004128300333,27/05/2025,17/05/2025,2360792243,GR026,Greek,GR,8090,2,A,0.7888,A,,Match,D441/01,D
300004128300334,TELEVID5554_SCANNER12,GR0268091236079224329300004128300334,27/05/2025,17/05/2025,2360792243,GR026,Greek,GR,8091,29,LONG TO HANG ON,0.7999,LONG 70 HANG ON,,NoMatch,D441/01,long to get the hang of/long to get/the hang of/much time to get the hang of/much time to get/the hang of
300004128300352,TELEVID5554_SCANNER12,GR0268109236079224324300004128300352,27/05/2025,17/05/2025,2360792243,GR026,Greek,GR,8109,24,REVEILED,0.7819,REVEILED,,Match,D441/01,unveiled
300004128300352,TELEVID5554_SCANNER12,GR0268109236079224328300004128300352,27/05/2025,17/05/2025,2360792243,GR026,Greek,GR,8109,28,WAS TALKED TO BUY BOTH DRESSES BY,0.7764,WAS TALKED TO BUY BOTH DRESSES BY,,Match,D441/01,was talked into buying both dresses by/was talked into/buying both dresses by/got talked into buying both dresses by/got talked into/buying both dresses by
300004128900150,TELEVID5551_SCANNER13,GR0058023236079224325300004128900150,27/05/2025,17/05/2025,2360792243,GR005,Greek,GR,8023,25,NOT UP TO ME TO HAND,0.7799,NOT UP TO ME TO HAND,,Match,D441/01,not up to me to hand/not up to me/to hand/up to someone else to hand/up to someone else/to hand/up to somebody else to hand/up to somebody else/to hand
300004128900151,TELEVID5551_SCANNER13,GR0058024236079224334300004128900151,27/05/2025,17/05/2025,2360792243,GR005,Greek,GR,8024,34,D,0.7816,D,,Match,D441/01,B
300004128900151,TELEVID5551_SCANNER13,GR0058024236079224351300004128900151,27/05/2025,17/05/2025,2360792243,GR005,Greek,GR,8024,51,--impossible--,0.7771,C,,NoMatch,D441/01,B
300004128900157,TELEVID5551_SCANNER13,GR005803023607922436300004128900157,27/05/2025,17/05/2025,2360792243,GR005,Greek,GR,8030,6,B,0.7623,B,,Match,D441/01,A
300004128900157,TELEVID5551_SCANNER13,GR0058030236079224310300004128900157,27/05/2025,17/05/2025,2360792243,GR005,Greek,GR,8030,10,IT,0.7952,IT,,Match,D441/01,which
300004128900157,TELEVID5551_SCANNER13,GR0058030236079224323300004128900157,27/05/2025,17/05/2025,2360792243,GR005,Greek,GR,8030,23,RELATIVELY,0.7855,RELATIVELY,,Match,D441/01,relatively
300004128900160,TELEVID5551_SCANNER13,GR0058033236079224329300004128900160,27/05/2025,17/05/2025,2360792243,GR005,Greek,GR,8033,29,LONG TO GET THE HANG OF,0.7767,LONG TO GET THE HANG OF,,Match,D441/01,long to get the hang of/long to get/the hang of/much time to get the hang of/much time to get/the hang of
300004128900167,TELEVID5551_SCANNER13,GR0058040236079224330300004128900167,27/05/2025,17/05/2025,2360792243,GR005,Greek,GR,8040,30,SOONER THAN JANINE WALKED IN DID,0.7824,SOONER THAN JANINE WALKED IN DID,,Match,D441/01,sooner had Janine come in than/sooner had/Janine come in than/sooner had Janine entered than/sooner had/Janine entered than/sooner had Janine walked in than/sooner had/Janine walked in than
300004128900168,TELEVID5551_SCANNER13,GR0058041236079224332300004128900168,27/05/2025,17/05/2025,2360792243,GR005,Greek,GR,8041,32,C,0.7643,C,,Match,D441/01,D
300004128900175,TELEVID5551_SCANNER13,GR0058048236079224334300004128900175,27/05/2025,17/05/2025,2360792243,GR005,Greek,GR,8048,34,B,0.7882,B,,Match,D441/01,B
300004128900176,TELEVID5551_SCANNER13,GR0058049236079224330300004128900176,27/05/2025,17/05/2025,2360792243,GR005,Greek,GR,8049,30,SOONER THAN JANINE WALKED IN WHEN,0.7875,SOONER THAN JANINE WALKED IN WHEN,,Match,D441/01,sooner had Janine come in than/sooner had/Janine come in than/sooner had Janine entered than/sooner had/Janine entered than/sooner had Janine walked in than/sooner had/Janine walked in than
300004128900189,TELEVID5551_SCANNER13,GR0058062236079224327300004128900189,27/05/2025,17/05/2025,2360792243,GR005,Greek,GR,8062,27,BEHAVIOUR HAS BEEN COMPLETELY OUT,0.7653,BEHAVIOR HAS BEEN COMPLETELY OUT,,NoMatch,D441/01,[behaviour/behavior] yesterday was completely out/[behaviour/behavior] yesterday was/completely out
300004128900189,TELEVID5551_SCANNER13,GR0058062236079224329300004128900189,27/05/2025,17/05/2025,2360792243,GR005,Greek,GR,8062,29,MUCH TIME TO HANG ON,0.777,MUCH TIME TO HAING ON,,NoMatch,D441/01,long to get the hang of/long to get/the hang of/much time to get the hang of/much time to get/the hang of
300004128900197,TELEVID5551_SCANNER13,GR0058070236079224325300004128900197,27/05/2025,17/05/2025,2360792243,GR005,Greek,GR,8070,25,NOT UP TO ME TO HAND,0.7563,NOT VP TO ME TO HAND,,NoMatch,D441/01,not up to me to hand/not up to me/to hand/up to someone else to hand/up to someone else/to hand/up to somebody else to hand/up to somebody else/to hand
300004128900197,TELEVID5551_SCANNER13,GR0058070236079224327300004128900197,27/05/2025,17/05/2025,2360792243,GR005,Greek,GR,8070,27,BEHAVOUR YESTERDAY WAS COMPLETELY OUT,0.776,REHAVOUR YESTERDAY WAS COMPLETELY OUT,,NoMatch,D441/01,[behaviour/behavior] yesterday was completely out/[behaviour/behavior] yesterday was/completely out
300004128900808,TELEVID5551_SCANNER13,GR0058080236079224332300004128900808,27/05/2025,17/05/2025,2360792243,GR005,Greek,GR,8080,32,D,0.7931,D,,Match,D441/01,D
300004128900836,TELEVID5551_SCANNER13,GR0058108236079224345300004128900836,27/05/2025,17/05/2025,2360792243,GR005,Greek,GR,8108,45,A,0.7583,"A, B",,NoMatch,D441/01,A
300004128900846,TELEVID5551_SCANNER13,GR0058118236079224322300004128900846,27/05/2025,17/05/2025,2360792243,GR005,Greek,GR,8118,22,PASSING,0.7961,PASSING,,Match,D441/01,passable
300004128900850,TELEVID5551_SCANNER13,GR0058122236079224319300004128900850,27/05/2025,17/05/2025,2360792243,GR005,Greek,GR,8122,19,ENABLED,0.7677,ENABLED,,Match,D441/01,enabled
300004128900861,TELEVID5551_SCANNER13,GR0058133236079224324300004128900861,27/05/2025,17/05/2025,2360792243,GR005,Greek,GR,8133,24,VEILED,0.7625,VEILED,,Match,D441/01,unveiled
300004128900863,TELEVID5551_SCANNER13,GR0058135236079224324300004128900863,27/05/2025,17/05/2025,2360792243,GR005,Greek,GR,8135,24,VEILED,0.7973,VEILED,,Match,D441/01,unveiled
300004128900864,TELEVID5551_SCANNER13,GR0058136236079224324300004128900864,27/05/2025,17/05/2025,2360792243,GR005,Greek,GR,8136,24,UPUIIED,0.7877,UPUELLED,,NoMatch,D441/01,unveiled
300004128900871,TELEVID5551_SCANNER13,GR0058143236079224319300004128900871,27/05/2025,17/05/2025,2360792243,GR005,Greek,GR,8143,19,ENABLES,0.7948,EVABLES,,NoMatch,D441/01,enabled
300004128900876,TELEVID5551_SCANNER13,GR0058148236079224322300004128900876,27/05/2025,17/05/2025,2360792243,GR005,Greek,GR,8148,22,PASSIVE,0.7952,PASSIVE,,Match,D441/01,passable
300004128900898,TELEVID5551_SCANNER13,GR0058170236079224321300004128900898,27/05/2025,17/05/2025,2360792243,GR005,Greek,GR,8170,21,DOCUMENTAL,0.7508,POCUMENTAL,,NoMatch,D441/01,documentary/documented
300004128900907,TELEVID5551_SCANNER13,GR0058179236079224329300004128900907,27/05/2025,17/05/2025,2360792243,GR005,Greek,GR,8179,29,LITTLE TO HANG ON,0.7835,LITTLE 70 HANG ON,,NoMatch,D441/01,long to get the hang of/long to get/the hang of/much time to get the hang of/much time to get/the hang of
300004129400318,TELEVID5557_SCANNER13,GR0058457236079224322300004129400318,27/05/2025,17/05/2025,2360792243,GR005,Greek,GR,8457,22,PASSIVE,0.7839,PASSIVE,,Match,D441/01,passable
300004129400321,TELEVID5557_SCANNER13,GR0058460236079224329300004129400321,27/05/2025,17/05/2025,2360792243,GR005,Greek,GR,8460,29,MUCH TIME TO HANG ON,0.7688,MUCH TIME TO HANK ON,,NoMatch,D441/01,long to get the hang of/long to get/the hang of/much time to get the hang of/much time to get/the hang of
300004129400326,TELEVID5557_SCANNER13,GR0058465236079224329300004129400326,27/05/2025,17/05/2025,2360792243,GR005,Greek,GR,8465,29,LONG TO GET THE HANG OF,0.7561,LONG TO GET THE HANG OF,,Match,D441/01,long to get the hang of/long to get/the hang of/much time to get the hang of/much time to get/the hang of
300004129400327,TELEVID5557_SCANNER13,GR0058466236079224318300004129400327,27/05/2025,17/05/2025,2360792243,GR005,Greek,GR,8466,18,PHILOSOPHICAL,0.759,PHILOSOPHICAL,,Match,D441/01,philosophical
300004129400328,TELEVID5557_SCANNER13,GR0058467236079224323300004129400328,27/05/2025,17/05/2025,2360792243,GR005,Greek,GR,8467,23,UNRELATABLY,0.7794,UNRELATARLY,,NoMatch,D441/01,relatively
300004129400330,TELEVID5557_SCANNER13,GR0058469236079224322300004129400330,27/05/2025,17/05/2025,2360792243,GR005,Greek,GR,8469,22,UNPASSED,0.7677,UNDASSED,,NoMatch,D441/01,passable
300004129400335,TELEVID5557_SCANNER13,GR0058474236079224334300004129400335,27/05/2025,17/05/2025,2360792243,GR005,Greek,GR,8474,34,B,0.7795,B,,Match,D441/01,B
300004129400357,TELEVID5557_SCANNER13,GR0058559236079224334300004129400357,27/05/2025,17/05/2025,2360792243,GR005,Greek,GR,8559,34,C,0.774,C,,Match,D441/01,B
300004129400364,TELEVID5557_SCANNER13,GR0058566236079224326300004129400364,27/05/2025,17/05/2025,2360792243,GR005,Greek,GR,8566,26,IMPORTANCE OF FINDING A SOLUTION,0.7663,IMPORTANCE OF FINDING A SOLUTION,,Match,D441/01,importance of finding a solution/importance of/finding a solution/importance of finding an answer/importance of/finding an answer/importance of finding the solution/importance of/finding the solution/importance of finding the answer/importance of/finding the answer
300004129400379,TELEVID5557_SCANNER13,GR0058581236079224327300004129400379,27/05/2025,17/05/2025,2360792243,GR005,Greek,GR,8581,27,YESTERDAY BEHAVIOUR WAS COMPLETELY OUT,0.768,YESTERDAY BEHAVIOUR WAS COMPLETELY OUT,,Match,D441/01,[behaviour/behavior] yesterday was completely out/[behaviour/behavior] yesterday was/completely out
300004129400380,TELEVID5557_SCANNER13,GR0058582236079224336300004129400380,27/05/2025,17/05/2025,2360792243,GR005,Greek,GR,8582,36,D,0.7937,--blank--,,NoMatch,D441/01,D
300004129400383,TELEVID5557_SCANNER13,GR0058585236079224314300004129400383,27/05/2025,17/05/2025,2360792243,GR005,Greek,GR,8585,14,FACTS,0.7523,FACTS,,Match,D441/01,odds
300004129400389,TELEVID5557_SCANNER13,GR0058591236079224334300004129400389,27/05/2025,17/05/2025,2360792243,GR005,Greek,GR,8591,34,B,0.7829,B,,Match,D441/01,B
300004129400716,TELEVID5557_SCANNER13,GR0358159236079224312300004129400716,27/05/2025,17/05/2025,2360792243,GR035,Greek,GR,8159,12,SOME,0.7844,SOME,,Match,D441/01,some
300004129400742,TELEVID5557_SCANNER13,GR0058596236079224313300004129400742,27/05/2025,17/05/2025,2360792243,GR005,Greek,GR,8596,13,RATHER,0.7929,BATHER,,NoMatch,D441/01,other
300004136200413,TELEVID5555_SCANNER13,GR0058297236079224326300004136200413,27/05/2025,17/05/2025,2360792243,GR005,Greek,GR,8297,26,IMPORTANCE ON FINDING A SOLUTION,0.7532,IMPORTANCE ON FINDING A SOLUTION,,Match,D441/01,importance of finding a solution/importance of/finding a solution/importance of finding an answer/importance of/finding an answer/importance of finding the solution/importance of/finding the solution/importance of finding the answer/importance of/finding the answer
300004136200414,TELEVID5555_SCANNER13,GR0058298236079224323300004136200414,27/05/2025,17/05/2025,2360792243,GR005,Greek,GR,8298,23,RETAVELY,0.7523,RETAVELY,,Match,D441/01,relatively
300004136200432,TELEVID5555_SCANNER13,GR0058316236079224328300004136200432,27/05/2025,17/05/2025,2360792243,GR005,Greek,GR,8316,28,WAS TALKED INTO BUYING BOTH DRESSES BY,0.7719,WAS TALKED INTO BUYING BOTH DRESSES BY,,Match,D441/01,was talked into buying both dresses by/was talked into/buying both dresses by/got talked into buying both dresses by/got talked into/buying both dresses by
300004136200433,TELEVID5555_SCANNER13,GR0058317236079224330300004136200433,27/05/2025,17/05/2025,2360792243,GR005,Greek,GR,8317,30,SOONER HAD JANINE WALKED IN THAN,0.767,SOONER HAD JANINE WALKED IN THAN,,Match,D441/01,sooner had Janine come in than/sooner had/Janine come in than/sooner had Janine entered than/sooner had/Janine entered than/sooner had Janine walked in than/sooner had/Janine walked in than
300004136200444,TELEVID5555_SCANNER13,GR0058328236079224328300004136200444,27/05/2025,17/05/2025,2360792243,GR005,Greek,GR,8328,28,WAS TALKED INTO BUYING BOTH DRESSES BY,0.7805,WAS TALKED INTO BUYING BOTH PRESSES BY,,NoMatch,D441/01,was talked into buying both dresses by/was talked into/buying both dresses by/got talked into buying both dresses by/got talked into/buying both dresses by
300004136200489,TELEVID5555_SCANNER13,GR0058345236079224316300004136200489,27/05/2025,17/05/2025,2360792243,GR005,Greek,GR,8345,16,IN,0.7519,IU,,NoMatch,D441/01,into/to
300004136200501,TELEVID5555_SCANNER13,GR005835723607922433300004136200501,27/05/2025,17/05/2025,2360792243,GR005,Greek,GR,8357,3,A,0.7727,A,,Match,D441/01,A
300004136200503,TELEVID5555_SCANNER13,GR0058359236079224325300004136200503,27/05/2025,17/05/2025,2360792243,GR005,Greek,GR,8359,25,NOT UP TO ME TO HAND,0.7806,NOT UP TO ME TO HAND,,Match,D441/01,not up to me to hand/not up to me/to hand/up to someone else to hand/up to someone else/to hand/up to somebody else to hand/up to somebody else/to hand
300004136200525,TELEVID5555_SCANNER13,GR0358177236079224317300004136200525,27/05/2025,17/05/2025,2360792243,GR035,Greek,GR,8177,17,SEQUENCIDENTALY,0.7532,SEQUENCIDENTALY,,Match,D441/01,consequences
300004136200529,TELEVID5555_SCANNER13,GR0358181236079224324300004136200529,27/05/2025,17/05/2025,2360792243,GR035,Greek,GR,8181,24,AVEILABLE,0.7507,AVEILABLE,,Match,D441/01,unveiled
300004136200543,TELEVID5555_SCANNER13,GR0358285236079224326300004136200543,27/05/2025,17/05/2025,2360792243,GR035,Greek,GR,8285,26,IMPORTANCE OF FINDING A SOLUTION,0.7843,IMPORTANCE OF FINDING A SOLUTION,,Match,D441/01,importance of finding a solution/importance of/finding a solution/importance of finding an answer/importance of/finding an answer/importance of finding the solution/importance of/finding the solution/importance of finding the answer/importance of/finding the answer
300004136200582,TELEVID5555_SCANNER13,GR0268047236079224340300004136200582,27/05/2025,17/05/2025,2360792243,GR026,Greek,GR,8047,40,D,0.7764,D,,Match,D441/01,D
300004136200582,TELEVID5555_SCANNER13,GR0268047236079224348300004136200582,27/05/2025,17/05/2025,2360792243,GR026,Greek,GR,8047,48,D,0.7883,D,,Match,D441/01,D
300004136200597,TELEVID5555_SCANNER13,GR0268062236079224338300004136200597,27/05/2025,17/05/2025,2360792243,GR026,Greek,GR,8062,38,F,0.7913,F,,Match,D441/01,G
300004136200598,TELEVID5555_SCANNER13,GR0268063236079224330300004136200598,27/05/2025,17/05/2025,2360792243,GR026,Greek,GR,8063,30,SOONER HAD JANINE WALKED IN WHEN,0.7772,SOONER HAD JANINE WALKED IN WHEN,,Match,D441/01,sooner had Janine come in than/sooner had/Janine come in than/sooner had Janine entered than/sooner had/Janine entered than/sooner had Janine walked in than/sooner had/Janine walked in than
300004136200605,TELEVID5555_SCANNER13,GR0268070236079224334300004136200605,27/05/2025,17/05/2025,2360792243,GR026,Greek,GR,8070,34,C,0.7659,C,,Match,D441/01,B
300004136200609,TELEVID5555_SCANNER13,GR0268074236079224334300004136200609,27/05/2025,17/05/2025,2360792243,GR026,Greek,GR,8074,34,B,0.7745,B,,Match,D441/01,B
300004136200717,TELEVID5555_SCANNER13,GR0358252236079224310300004136200717,27/05/2025,17/05/2025,2360792243,GR035,Greek,GR,8252,10,IT,0.7689,IT,,Match,D441/01,which
300004136200743,TELEVID5555_SCANNER13,GR0358278236079224334300004136200743,27/05/2025,17/05/2025,2360792243,GR035,Greek,GR,8278,34,B,0.7979,B,,Match,D441/01,B
300004136200753,TELEVID5555_SCANNER13,GR0358118236079224323300004136200753,27/05/2025,17/05/2025,2360792243,GR035,Greek,GR,8118,23,RELATABLE,0.7573,RELAZARLE,,NoMatch,D441/01,relatively
300004136200822,TELEVID5555_SCANNER13,GR0358057236079224330300004136200822,27/05/2025,17/05/2025,2360792243,GR035,Greek,GR,8057,30,SOONER WHEN JANINE WALKED IN,0.7971,SOONER WHEN JANINE WALKED IN,,Match,D441/01,sooner had Janine come in than/sooner had/Janine come in than/sooner had Janine entered than/sooner had/Janine entered than/sooner had Janine walked in than/sooner had/Janine walked in than
300004136200827,TELEVID5555_SCANNER13,GR0358062236079224329300004136200827,27/05/2025,17/05/2025,2360792243,GR035,Greek,GR,8062,29,LONG TO HANG OUT OF,0.7689,LONG TN HANG OUT OF,,NoMatch,D441/01,long to get the hang of/long to get/the hang of/much time to get the hang of/much time to get/the hang of
300004136200829,TELEVID5555_SCANNER13,GR0358064236079224324300004136200829,27/05/2025,17/05/2025,2360792243,GR035,Greek,GR,8064,24,VEILOUS,0.7786,VEILOUS,,Match,D441/01,unveiled
300004136200836,TELEVID5555_SCANNER13,GR0358071236079224326300004136200836,27/05/2025,17/05/2025,2360792243,GR035,Greek,GR,8071,26,IMPORTANCE OF THE FINDING,0.7698,IMPORTANCE OF THE FINDING,,Match,D441/01,importance of finding a solution/importance of/finding a solution/importance of finding an answer/importance of/finding an answer/importance of finding the solution/importance of/finding the solution/importance of finding the answer/importance of/finding the answer
300004214301002,TELEVID5562_1_SCANNER12,GR0358126236079224334300004214301002,02/06/2025,17/05/2025,2360792243,GR035,Greek,GR,8126,34,A,0.781,A,,Match,D441/01,B
300004214301008,TELEVID5562_1_SCANNER12,GR0358132236079224317300004214301008,02/06/2025,17/05/2025,2360792243,GR035,Greek,GR,8132,17,SEQUENCES,0.7918,BEQUENCES,,NoMatch,D441/01,consequences
300004214301010,TELEVID5562_1_SCANNER12,GR0358134236079224328300004214301010,02/06/2025,17/05/2025,2360792243,GR035,Greek,GR,8134,28,WAS TALKED INTO BYING BOTH DRESSES BY,0.7887,WAS TALKED INTO BYING BOTH DRESSES BY,,Match,D441/01,was talked into buying both dresses by/was talked into/buying both dresses by/got talked into buying both dresses by/got talked into/buying both dresses by
300004214301010,TELEVID5562_1_SCANNER12,GR0358134236079224336300004214301010,02/06/2025,17/05/2025,2360792243,GR035,Greek,GR,8134,36,D,0.7767,--blank--,,NoMatch,D441/01,D
300004214301013,TELEVID5562_1_SCANNER12,GR0358137236079224325300004214301013,02/06/2025,17/05/2025,2360792243,GR035,Greek,GR,8137,25,NOT UP TO ME TO HAND,0.761,NOT UP TO MF TO HAND,,NoMatch,D441/01,not up to me to hand/not up to me/to hand/up to someone else to hand/up to someone else/to hand/up to somebody else to hand/up to somebody else/to hand
300004214301020,TELEVID5562_1_SCANNER12,GR0358144236079224311300004214301020,02/06/2025,17/05/2025,2360792243,GR035,Greek,GR,8144,11,ALL,0.7805,ALL,,Match,D441/01,no
300004214301020,TELEVID5562_1_SCANNER12,GR0358144236079224318300004214301020,02/06/2025,17/05/2025,2360792243,GR035,Greek,GR,8144,18,PHILOSOPHYCAL,0.755,PHILOSOPHYCAL,,Match,D441/01,philosophical
300004214301020,TELEVID5562_1_SCANNER12,GR0358144236079224329300004214301020,02/06/2025,17/05/2025,2360792243,GR035,Greek,GR,8144,29,LONG UNTIL HE GOT THE HANG OF,0.7721,LONG UNTIL HE GOT THE HANG OF,,Match,D441/01,long to get the hang of/long to get/the hang of/much time to get the hang of/much time to get/the hang of
300004214301044,TELEVID5562_1_SCANNER12,GR0058377236079224329300004214301044,02/06/2025,17/05/2025,2360792243,GR005,Greek,GR,8377,29,MUCH TIME TO HANG UP,0.7885,MYCH TIME TO HANG UP,,NoMatch,D441/01,long to get the hang of/long to get/the hang of/much time to get the hang of/much time to get/the hang of
300004214301055,TELEVID5562_1_SCANNER12,GR0058388236079224328300004214301055,02/06/2025,17/05/2025,2360792243,GR005,Greek,GR,8388,28,I WAS TALKED INTO BUYING BOTH DRESSES BY,0.785,1 WAS TALKED INTO BUYING BOTH DRESSES BY,,NoMatch,D441/01,was talked into buying both dresses by/was talked into/buying both dresses by/got talked into buying both dresses by/got talked into/buying both dresses by
300004214301059,TELEVID5562_1_SCANNER12,GR0058392236079224310300004214301059,02/06/2025,17/05/2025,2360792243,GR005,Greek,GR,8392,10,SKIN,0.75,SUIN,,NoMatch,D441/01,which
300004383300477,TELEVID5983_SCANNER12,IT2170003917008863617300004383300477,12/06/2025,07/06/2025,9170088636,IT217,Romance,IT,3,17,INVALUABLE,0.7587,INVALUABLE,,Match,D441/01,invaluable
300004383300479,TELEVID5983_SCANNER12,IT2170005917008863624300004383300479,12/06/2025,07/06/2025,9170088636,IT217,Romance,IT,5,24,EXHAUSTIVE,0.7964,EXHAUSTIVE,,Match,D441/01,exhaustive
300004383300480,TELEVID5983_SCANNER12,IT2170006917008863634300004383300480,12/06/2025,07/06/2025,9170088636,IT217,Romance,IT,6,34,B,0.7953,B,,Match,D441/01,D
300004384200098,TELEVID5975_SCANNER12,PL0078027917008863622300004384200098,12/06/2025,07/06/2025,9170088636,PL007,Slavic,PL,8027,22,UNPACKS,0.7904,UNPACKS,,Match,D441/01,unpacks
300004384300747,TELEVID5950_SCANNER12,BG001003691700886369300004384300747,12/06/2025,07/06/2025,9170088636,BG001,Slavic,BG,36,9,OF,0.7962,DF,,NoMatch,D441/01,of
300004384300752,TELEVID5950_SCANNER12,BG0010041917008863617300004384300752,12/06/2025,07/06/2025,9170088636,BG001,Slavic,BG,41,17,INVALUED,0.7748,INVALUED,,Match,D441/01,invaluable
300004384300753,TELEVID5950_SCANNER12,BG0010042917008863624300004384300753,12/06/2025,07/06/2025,9170088636,BG001,Slavic,BG,42,24,UNEXHAUSTFUL,0.7695,UNEXHAUSTFUL,,Match,D441/01,exhaustive
300004386200742,TELEVID5985_SCANNER12,ES4830004917008863617300004386200742,12/06/2025,07/06/2025,9170088636,ES483,Romance,ES,4,17,INVALUABLE,0.7757,INVALUABLE,,Match,D441/01,invaluable
300004387100247,TELEVID5981_SCANNER12,IT8880002917008863632300004387100247,12/06/2025,07/06/2025,9170088636,IT888,Romance,IT,2,32,D,0.7776,D,,Match,D441/01,B
300004387100249,TELEVID5981_SCANNER12,IT8880004917008863632300004387100249,12/06/2025,07/06/2025,9170088636,IT888,Romance,IT,4,32,B,0.7518,"B, C",,NoMatch,D441/01,B
300004387100250,TELEVID5981_SCANNER12,IT8880005917008863632300004387100250,12/06/2025,07/06/2025,9170088636,IT888,Romance,IT,5,32,--impossible--,0.7655,C,,NoMatch,D441/01,B
300004387100250,TELEVID5981_SCANNER12,IT8880005917008863641300004387100250,12/06/2025,07/06/2025,9170088636,IT888,Romance,IT,5,41,B,0.7655,"B, C",,NoMatch,D441/01,B
300004387100253,TELEVID5981_SCANNER12,IT8880008917008863634300004387100253,12/06/2025,07/06/2025,9170088636,IT888,Romance,IT,8,34,D,0.7832,D,,Match,D441/01,D
300004387100254,TELEVID5981_SCANNER12,IT8880009917008863627300004387100254,12/06/2025,07/06/2025,9170088636,IT888,Romance,IT,9,27,A DAY GOES BY WITHOUT ME,0.7576,A WAY GOES BY WITHOUT ME,,NoMatch,D441/01,a (single) day goes by without me/a (single) day goes by/without me/a (single) day goes by without my/a (single) day goes by/without my/a (single) day goes past without me/a (single) day goes past/without me/a (single) day goes past without my/a (single) day goes past/without my/one (single) day goes by without me/one (single) day goes by/without me/one (single) day goes by without my/one (single) day goes by/without my/one (single) day goes past without me/one (single) day goes past/without me/one (single) day goes past without my/one (single) day goes past/without my
300004387100255,TELEVID5981_SCANNER12,IT8880010917008863621300004387100255,12/06/2025,07/06/2025,9170088636,IT888,Romance,IT,10,21,PERSUADING,0.7704,PERSUADING,,Match,D441/01,persuasively
300004387100524,TELEVID5981_SCANNER12,PL0170001917008863632300004387100524,12/06/2025,07/06/2025,9170088636,PL017,Slavic,PL,1,32,B,0.7613,B,,Match,D441/01,B
300004388500150,TELEVID5979_SCANNER12,IT0070001917008863627300004388500150,12/06/2025,07/06/2025,9170088636,IT007,Romance,IT,1,27,A DAY GOES BY WITHOUT ME,0.7823,A DAY GOESEY WITHOUT ME,,NoMatch,D441/01,a (single) day goes by without me/a (single) day goes by/without me/a (single) day goes by without my/a (single) day goes by/without my/a (single) day goes past without me/a (single) day goes past/without me/a (single) day goes past without my/a (single) day goes past/without my/one (single) day goes by without me/one (single) day goes by/without me/one (single) day goes by without my/one (single) day goes by/without my/one (single) day goes past without me/one (single) day goes past/without me/one (single) day goes past without my/one (single) day goes past/without my
300004388500153,TELEVID5979_SCANNER12,IT0070004917008863625300004388500153,12/06/2025,07/06/2025,9170088636,IT007,Romance,IT,4,25,WITH THE EXCEPTION OF AUNT SOPHIE,0.7668,WITH THE EXCEPTION OF AUNT SOPHIE,,Match,D441/01,with the exception of Aunt Sophie/with the exception/of Aunt Sophie
300004388500165,TELEVID5979_SCANNER12,IT0070016917008863618300004388500165,12/06/2025,07/06/2025,9170088636,IT007,Romance,IT,16,18,INTUITIVE,0.774,INTOITIVE,,NoMatch,D441/01,intuitive
300004388500168,TELEVID5979_SCANNER12,IT0070019917008863617300004388500168,12/06/2025,07/06/2025,9170088636,IT007,Romance,IT,19,17,INVALUABLE,0.7918,INVALVABLE,,NoMatch,D441/01,invaluable
300004388500169,TELEVID5979_SCANNER12,IT0070020917008863621300004388500169,12/06/2025,07/06/2025,9170088636,IT007,Romance,IT,20,21,PERSUADINGLY,0.7977,PERSUADINOLY,,NoMatch,D441/01,persuasively
300004388700132,TELEVID5974_SCANNER12,ES376000891700886369300004388700132,12/06/2025,07/06/2025,9170088636,ES376,Romance,ES,8,9,OF,0.7935,OF,,Match,D441/01,of
300004388700136,TELEVID5974_SCANNER12,ES3760012917008863630300004388700136,12/06/2025,07/06/2025,9170088636,ES376,Romance,ES,12,30,DREW THE CONCLUSION THAT,0.7664,DREW THE CONCLUSION THAT,,Match,D441/01,drew it to our attention that/drew it to/our attention that/drew my attention to the fact that/drew my attention/to the fact that/drew our attention to the fact that/drew our attention/to the fact that/drew to my attention the fact that/drew to my attention/the fact that/drew to our attention the fact that/drew to our attention/the fact that/drew it to my attention that/drew it to/my attention that
300004388700199,TELEVID5974_SCANNER12,PL0078007917008863634300004388700199,12/06/2025,07/06/2025,9170088636,PL007,Slavic,PL,8007,34,B,0.7877,B,,Match,D441/01,D
300004388700204,TELEVID5974_SCANNER12,PL0078012917008863629300004388700204,12/06/2025,07/06/2025,9170088636,PL007,Slavic,PL,8012,29,ONE WAS GIVEN THE EXPLANATION AS,0.7731,ONE WAS GIVEN THE EXPLANATION AS,,Match,D441/01,explanation was (ever) given as/explanation was (ever) given/as/reason was (ever) given as/reason was (ever) given/as
300004388700206,TELEVID5974_SCANNER12,PL0078014917008863617300004388700206,12/06/2025,07/06/2025,9170088636,PL007,Slavic,PL,8014,17,VALUABLE,0.7976,VALUABLE,,Match,D441/01,invaluable
300004389200567,TELEVID5984_SCANNER12,ES9960001917008863630300004389200567,12/06/2025,07/06/2025,9170088636,ES996,Romance,ES,1,30,DREW US TO THE CONCLUSION THAT,0.7663,DREW US TO THE CONCLUSION THAT,,Match,D441/01,drew it to our attention that/drew it to/our attention that/drew my attention to the fact that/drew my attention/to the fact that/drew our attention to the fact that/drew our attention/to the fact that/drew to my attention the fact that/drew to my attention/the fact that/drew to our attention the fact that/drew to our attention/the fact that/drew it to my attention that/drew it to/my attention that
300004389200574,TELEVID5984_SCANNER12,ES996000891700886363300004389200574,12/06/2025,07/06/2025,9170088636,ES996,Romance,ES,8,3,D,0.787,D,,Match,D441/01,D
300004389200574,TELEVID5984_SCANNER12,ES9960008917008863632300004389200574,12/06/2025,07/06/2025,9170088636,ES996,Romance,ES,8,32,B,0.752,B,,Match,D441/01,B
300004389200575,TELEVID5984_SCANNER12,ES9960009917008863634300004389200575,12/06/2025,07/06/2025,9170088636,ES996,Romance,ES,9,34,D,0.7561,D,,Match,D441/01,D
300004392200044,televid6010_SCANNER13,GR1188411917008863618300004392200044,12/06/2025,07/06/2025,9170088636,GR118,Greek,GR,8411,18,INTUITIVE,0.7811,INTOITIVE,,NoMatch,D441/01,intuitive
300004392200044,televid6010_SCANNER13,GR1188411917008863625300004392200044,12/06/2025,07/06/2025,9170088636,GR118,Greek,GR,8411,25,IN EXCEPTION OF AUNT SOPHIE,0.7761,IN EXCEPTION OF AUNT SOPHIE,,Match,D441/01,with the exception of Aunt Sophie/with the exception/of Aunt Sophie
300004392200081,televid6010_SCANNER13,GR1188448917008863621300004392200081,12/06/2025,07/06/2025,9170088636,GR118,Greek,GR,8448,21,PERSUASIVILY,0.7768,PERSUASIVILY,,Match,D441/01,persuasively
300004392200097,televid6010_SCANNER13,GR1188232917008863616300004392200097,12/06/2025,07/06/2025,9170088636,GR118,Greek,GR,8232,16,IN,0.7648,IN,,Match,D441/01,in
300004392200105,televid6010_SCANNER13,GR1188240917008863623300004392200105,12/06/2025,07/06/2025,9170088636,GR118,Greek,GR,8240,23,ACCESSIBLE,0.7628,ACCESSIBLE,,Match,D441/01,accessible
300004392200121,televid6010_SCANNER13,GR1180003917008863622300004392200121,12/06/2025,07/06/2025,9170088636,GR118,Greek,GR,3,22,UNPACKS,0.7642,UNPACKS,,Match,D441/01,unpacks
300004392200124,televid6010_SCANNER13,GR1180006917008863618300004392200124,12/06/2025,07/06/2025,9170088636,GR118,Greek,GR,6,18,INTUETIVE,0.7998,INTUETIVE,,Match,D441/01,intuitive
300004392200126,televid6010_SCANNER13,GR1180008917008863619300004392200126,12/06/2025,07/06/2025,9170088636,GR118,Greek,GR,8,19,EXPERTISMENT,0.7916,EXPERTISMENT,,Match,D441/01,expertise
300004392200127,televid6010_SCANNER13,GR1180009917008863651300004392200127,12/06/2025,07/06/2025,9170088636,GR118,Greek,GR,9,51,C,0.7852,C,,Match,D441/01,C
300004392200129,televid6010_SCANNER13,GR1180011917008863617300004392200129,12/06/2025,07/06/2025,9170088636,GR118,Greek,GR,11,17,VALUEABLE,0.7547,VALUEABLE,,Match,D441/01,invaluable
300004392200131,televid6010_SCANNER13,GR1180013917008863627300004392200131,12/06/2025,07/06/2025,9170088636,GR118,Greek,GR,13,27,ONE DAY GOES BY WITHOUT ME,0.7809,ONE DAY GOES BY WITHOUT ME,,Match,D441/01,a (single) day goes by without me/a (single) day goes by/without me/a (single) day goes by without my/a (single) day goes by/without my/a (single) day goes past without me/a (single) day goes past/without me/a (single) day goes past without my/a (single) day goes past/without my/one (single) day goes by without me/one (single) day goes by/without me/one (single) day goes by without my/one (single) day goes by/without my/one (single) day goes past without me/one (single) day goes past/without me/one (single) day goes past without my/one (single) day goes past/without my
300004392200131,televid6010_SCANNER13,GR1180013917008863645300004392200131,12/06/2025,07/06/2025,9170088636,GR118,Greek,GR,13,45,C,0.7538,"C, D",,NoMatch,D441/01,C
300004392200232,televid6010_SCANNER13,GR1188004917008863630300004392200232,12/06/2025,07/06/2025,9170088636,GR118,Greek,GR,8004,30,DREW OUR ATTENTION LETTING US KNOW THAT,0.7947,DREW OUR ATTENTION LETTING US KNOW THAT,,Match,D441/01,drew it to our attention that/drew it to/our attention that/drew my attention to the fact that/drew my attention/to the fact that/drew our attention to the fact that/drew our attention/to the fact that/drew to my attention the fact that/drew to my attention/the fact that/drew to our attention the fact that/drew to our attention/the fact that/drew it to my attention that/drew it to/my attention that
300004392200272,televid6010_SCANNER13,GR1188315917008863620300004392200272,12/06/2025,07/06/2025,9170088636,GR118,Greek,GR,8315,20,SCHOLARSHIP,0.7779,SCHOLARSHIP,,Match,D441/01,scholarship
300004392200283,televid6010_SCANNER13,GR1188326917008863620300004392200283,12/06/2025,07/06/2025,9170088636,GR118,Greek,GR,8326,20,SCHOLARSHIPS,0.7927,SCHOLARSHIPS,,Match,D441/01,scholarship
300004392200283,televid6010_SCANNER13,GR1188326917008863625300004392200283,12/06/2025,07/06/2025,9170088636,GR118,Greek,GR,8326,25,UNLIKE AUNT SOPHIE MAKING AN EXCEPTION,0.7924,UNLIKE AUNT SOPHIE MAKING AN EXCEPTION,,Match,D441/01,with the exception of Aunt Sophie/with the exception/of Aunt Sophie
300004392200610,televid6010_SCANNER13,GR1188282917008863615300004392200610,12/06/2025,07/06/2025,9170088636,GR118,Greek,GR,8282,15,TAKE,0.7781,TAKE,,Match,D441/01,take
300004392200610,televid6010_SCANNER13,GR1188282917008863618300004392200610,12/06/2025,07/06/2025,9170088636,GR118,Greek,GR,8282,18,INTUISIVE,0.7849,INTUISIVE,,Match,D441/01,intuitive
300004392200694,televid6010_SCANNER13,GR1188165917008863625300004392200694,12/06/2025,07/06/2025,9170088636,GR118,Greek,GR,8165,25,WITH EXCEPTION AUNT SOPHIE,0.7871,WITH EXCEPTION AUNT SOPHIE,,Match,D441/01,with the exception of Aunt Sophie/with the exception/of Aunt Sophie
300004392200702,televid6010_SCANNER13,GR1188173917008863628300004392200702,12/06/2025,07/06/2025,9170088636,GR118,Greek,GR,8173,28,BEEN LED TO BELEIVE,0.7542,BEEN LED TO BELEIVE,,Match,D441/01,been led to believe/been led/to believe/been led to think/been led/to think/been led to understand/been led/to understand
300004392300316,TELEVID6002_SCANNER12,DE2998930917008863626300004392300316,12/06/2025,07/06/2025,9170088636,DE299,Germanic,DE,8930,26,NO INTENTION TO BE RUDE,0.7716,NO INTENTION TO BE RUDE,,Match,D441/01,no intention of being rude/no intention/of being rude
300004392300328,TELEVID6002_SCANNER12,DE2998942917008863641300004392300328,12/06/2025,07/06/2025,9170088636,DE299,Germanic,DE,8942,41,F,0.7795,F,,Match,D441/01,B
300004392300333,TELEVID6002_SCANNER12,DE2998947917008863623300004392300333,12/06/2025,07/06/2025,9170088636,DE299,Germanic,DE,8947,23,ACCESSABLE,0.79,ACCESSABLE,,Match,D441/01,accessible
300004392600299,televid5989_SCANNER13,GR1188216917008863627300004392600299,12/06/2025,07/06/2025,9170088636,GR118,Greek,GR,8216,27,A DAY GOES BY WITHOUT,0.781,A DAY GOES BY WITHOUT,,Match,D441/01,a (single) day goes by without me/a (single) day goes by/without me/a (single) day goes by without my/a (single) day goes by/without my/a (single) day goes past without me/a (single) day goes past/without me/a (single) day goes past without my/a (single) day goes past/without my/one (single) day goes by without me/one (single) day goes by/without me/one (single) day goes by without my/one (single) day goes by/without my/one (single) day goes past without me/one (single) day goes past/without me/one (single) day goes past without my/one (single) day goes past/without my
300004394300358,TELEVID5991_SCANNER13,GR1188286917008863618300004394300358,12/06/2025,07/06/2025,9170088636,GR118,Greek,GR,8286,18,INTUITIVE,0.752,INJUITIVE,,NoMatch,D441/01,intuitive
300004394300358,TELEVID5991_SCANNER13,GR1188286917008863622300004394300358,12/06/2025,07/06/2025,9170088636,GR118,Greek,GR,8286,22,UNPACKS,0.7872,UNPACKS,,Match,D441/01,unpacks
300004394300358,TELEVID5991_SCANNER13,GR1188286917008863632300004394300358,12/06/2025,07/06/2025,9170088636,GR118,Greek,GR,8286,32,B,0.77,B,,Match,D441/01,B
300004394300362,TELEVID5991_SCANNER13,IT001000191700886363300004394300362,12/06/2025,07/06/2025,9170088636,IT001,Romance,IT,1,3,B,0.7747,B,,Match,D441/01,D
300004394300364,TELEVID5991_SCANNER13,IT0010003917008863617300004394300364,12/06/2025,07/06/2025,9170088636,IT001,Romance,IT,3,17,UNVALUEABLE,0.7994,UNVALUEABLE,,Match,D441/01,invaluable
300004394300559,TELEVID5991_SCANNER13,GR1188339917008863629300004394300559,12/06/2025,07/06/2025,9170088636,GR118,Greek,GR,8339,29,EXPLAINATION WAS GIVEN AS,0.7634,EXPLAINATION WAS GIVEN AS,,Match,D441/01,explanation was (ever) given as/explanation was (ever) given/as/reason was (ever) given as/reason was (ever) given/as
300004394300561,TELEVID5991_SCANNER13,GR118834191700886364300004394300561,12/06/2025,07/06/2025,9170088636,GR118,Greek,GR,8341,4,A,0.7634,"A, C",,NoMatch,D441/01,A
300004394300584,TELEVID5991_SCANNER13,GR1188255917008863618300004394300584,12/06/2025,07/06/2025,9170088636,GR118,Greek,GR,8255,18,INTUITIVE,0.7929,INTUITIVE,,Match,D441/01,intuitive
300004394300587,TELEVID5991_SCANNER13,GR118825891700886366300004394300587,12/06/2025,07/06/2025,9170088636,GR118,Greek,GR,8258,6,A,0.7602,A,,Match,D441/01,D
300004394300610,TELEVID5991_SCANNER13,GR1188294917008863629300004394300610,12/06/2025,07/06/2025,9170088636,GR118,Greek,GR,8294,29,EXPLANATION WAS GIVE AS,0.783,EXPLANATION WAS GIVE AS,,Match,D441/01,explanation was (ever) given as/explanation was (ever) given/as/reason was (ever) given as/reason was (ever) given/as
300004394300615,TELEVID5991_SCANNER13,GR1188455917008863621300004394300615,12/06/2025,07/06/2025,9170088636,GR118,Greek,GR,8455,21,PERSUADERS,0.7707,PERSUADERS,,Match,D441/01,persuasively
300004394900221,TELEVID5999_SCANNER13,PL0068023917008863618300004394900221,12/06/2025,07/06/2025,9170088636,PL006,Slavic,PL,8023,18,INTUITIVE,0.777,INTUITIVE,,Match,D441/01,intuitive
300004394900221,TELEVID5999_SCANNER13,PL0068023917008863633300004394900221,12/06/2025,07/06/2025,9170088636,PL006,Slavic,PL,8023,33,A,0.7705,"A, B",,NoMatch,D441/01,B
300004394900222,TELEVID5999_SCANNER13,PL0068024917008863614300004394900222,12/06/2025,07/06/2025,9170088636,PL006,Slavic,PL,8024,14,OUT,0.7772,OUT,,Match,D441/01,out
300004394900223,TELEVID5999_SCANNER13,PL0068025917008863630300004394900223,12/06/2025,07/06/2025,9170088636,PL006,Slavic,PL,8025,30,DREW OUR ATTENTION TO THE FACT THAT,0.7823,DREW OUR ATTENTION TO THE FACT THAT,,Match,D441/01,drew it to our attention that/drew it to/our attention that/drew my attention to the fact that/drew my attention/to the fact that/drew our attention to the fact that/drew our attention/to the fact that/drew to my attention the fact that/drew to my attention/the fact that/drew to our attention the fact that/drew to our attention/the fact that/drew it to my attention that/drew it to/my attention that
300004394900231,TELEVID5999_SCANNER13,PL0068033917008863618300004394900231,12/06/2025,07/06/2025,9170088636,PL006,Slavic,PL,8033,18,INTUITIONAL,0.7941,INTUITIONAL,,Match,D441/01,intuitive
300004396100356,TELEVID6013_SCANNER12,ES0070003917008863626300004396100356,12/06/2025,07/06/2025,9170088636,ES007,Romance,ES,3,26,NO INTENTION OF BEING RUDE,0.7753,NO INTENTION OF BEING RUDE,,Match,D441/01,no intention of being rude/no intention/of being rude
300004396100360,TELEVID6013_SCANNER12,ES0070007917008863625300004396100360,12/06/2025,07/06/2025,9170088636,ES007,Romance,ES,7,25,WITH AUNT SOPHIE AS AN EXCEPTION,0.7617,WITH AUNT SOPHIE AS AN EXCEPTION,,Match,D441/01,with the exception of Aunt Sophie/with the exception/of Aunt Sophie
300004396100361,TELEVID6013_SCANNER12,ES0070008917008863635300004396100361,12/06/2025,07/06/2025,9170088636,ES007,Romance,ES,8,35,C,0.7695,C,,Match,D441/01,A
300004396500696,TELEVID6011_SCANNER12,GR1188014917008863629300004396500696,12/06/2025,07/06/2025,9170088636,GR118,Greek,GR,8014,29,EXPLAINATION WAS GINEN,0.7818,EXPLAINATION WAS GINEN,,Match,D441/01,explanation was (ever) given as/explanation was (ever) given/as/reason was (ever) given as/reason was (ever) given/as
300004396500701,TELEVID6011_SCANNER12,GR1188019917008863628300004396500701,12/06/2025,07/06/2025,9170088636,GR118,Greek,GR,8019,28,LED MYSELF TO THE IMPRESSION,0.754,LED MYSELF TO THE IMPRESSION,,Match,D441/01,been led to believe/been led/to believe/been led to think/been led/to think/been led to understand/been led/to understand
300004396500705,TELEVID6011_SCANNER12,GR1188023917008863621300004396500705,12/06/2025,07/06/2025,9170088636,GR118,Greek,GR,8023,21,PERSUASIVILY,0.7999,PERSUASIVILY,,Match,D441/01,persuasively
300004396500705,TELEVID6011_SCANNER12,GR1188023917008863628300004396500705,12/06/2025,07/06/2025,9170088636,GR118,Greek,GR,8023,28,LEO UNDER IMPRESSION,0.7753,LEO UNDER IMPRESSION,,Match,D441/01,been led to believe/been led/to believe/been led to think/been led/to think/been led to understand/been led/to understand
300004396500726,TELEVID6011_SCANNER12,GR1188044917008863618300004396500726,12/06/2025,07/06/2025,9170088636,GR118,Greek,GR,8044,18,INTUITIOUS,0.7753,INJUITIOUS,,NoMatch,D441/01,intuitive
300004396500726,TELEVID6011_SCANNER12,GR1188044917008863625300004396500726,12/06/2025,07/06/2025,9170088636,GR118,Greek,GR,8044,25,WITH THE EXCEPTION OF AUNT SOPHIE,0.7986,WITH THE EXCEPTION OF AUNT SAPHIE,,NoMatch,D441/01,with the exception of Aunt Sophie/with the exception/of Aunt Sophie
300004396500726,TELEVID6011_SCANNER12,GR1188044917008863630300004396500726,12/06/2025,07/06/2025,9170088636,GR118,Greek,GR,8044,30,DREW US THE PICTURE THAT,0.7732,DREW US THE DICQURE THAT,,NoMatch,D441/01,drew it to our attention that/drew it to/our attention that/drew my attention to the fact that/drew my attention/to the fact that/drew our attention to the fact that/drew our attention/to the fact that/drew to my attention the fact that/drew to my attention/the fact that/drew to our attention the fact that/drew to our attention/the fact that/drew it to my attention that/drew it to/my attention that
300004396500731,TELEVID6011_SCANNER12,GR1188049917008863629300004396500731,12/06/2025,07/06/2025,9170088636,GR118,Greek,GR,8049,29,EXPLANATION WAS GIVEN AS,0.7605,EXPLANATION WAS GIVEN AS,,Match,D441/01,explanation was (ever) given as/explanation was (ever) given/as/reason was (ever) given as/reason was (ever) given/as
300004396500738,TELEVID6011_SCANNER12,GR1188056917008863615300004396500738,12/06/2025,07/06/2025,9170088636,GR118,Greek,GR,8056,15,TAKING,0.7848,TAGING,,NoMatch,D441/01,take
300004396500738,TELEVID6011_SCANNER12,GR1188056917008863620300004396500738,12/06/2025,07/06/2025,9170088636,GR118,Greek,GR,8056,20,SCHOLARSHIP,0.766,56901AR5919,,NoMatch,D441/01,scholarship
300004396500747,TELEVID6011_SCANNER12,GR1188065917008863614300004396500747,12/06/2025,07/06/2025,9170088636,GR118,Greek,GR,8065,14,OUT,0.7791,OUT,,Match,D441/01,out
300004396800356,TELEVID6005_SCANNER12,IT0178002917008863626300004396800356,12/06/2025,07/06/2025,9170088636,IT017,Romance,IT,8002,26,NO INTENTION IN SEING RUDE,0.7656,NO INFENTION IN SEING RUDE,,NoMatch,D441/01,no intention of being rude/no intention/of being rude
300004396800360,TELEVID6005_SCANNER12,IT0178006917008863622300004396800360,12/06/2025,07/06/2025,9170088636,IT017,Romance,IT,8006,22,PACKRNS,0.7795,PACURNS,,NoMatch,D441/01,unpacks
300004396800360,TELEVID6005_SCANNER12,IT0178006917008863626300004396800360,12/06/2025,07/06/2025,9170088636,IT017,Romance,IT,8006,26,NO INTENTION OF BEING RUDE,0.7801,NO INTENTION OF BEING RUOE,,NoMatch,D441/01,no intention of being rude/no intention/of being rude
300004459800445,TELEVID6120_SCANNER12,PL0360004917008863627300004459800445,17/06/2025,07/06/2025,9170088636,PL036,Slavic,PL,4,27,A DAY GOES BY AM I NOT,0.7993,A DAY EDES BY AM 1 NOT,,NoMatch,D441/01,a (single) day goes by without me/a (single) day goes by/without me/a (single) day goes by without my/a (single) day goes by/without my/a (single) day goes past without me/a (single) day goes past/without me/a (single) day goes past without my/a (single) day goes past/without my/one (single) day goes by without me/one (single) day goes by/without me/one (single) day goes by without my/one (single) day goes by/without my/one (single) day goes past without me/one (single) day goes past/without me/one (single) day goes past without my/one (single) day goes past/without my
300004459800448,TELEVID6120_SCANNER12,PL0360007917008863621300004459800448,17/06/2025,07/06/2025,9170088636,PL036,Slavic,PL,7,21,PERSUASIVELLY,0.7736,PERSUASIVELLY,,Match,D441/01,persuasively
300004459800450,TELEVID6120_SCANNER12,PL0360009917008863641300004459800450,17/06/2025,07/06/2025,9170088636,PL036,Slavic,PL,9,41,B,0.7988,--blank--,,NoMatch,D441/01,B
300004459800451,TELEVID6120_SCANNER12,PL0360010917008863632300004459800451,17/06/2025,07/06/2025,9170088636,PL036,Slavic,PL,10,32,B,0.7904,B,,Match,D441/01,B
300004459800452,TELEVID6120_SCANNER12,PL0360011917008863618300004459800452,17/06/2025,07/06/2025,9170088636,PL036,Slavic,PL,11,18,INTUITIVE,0.7878,INTUITIVE,,Match,D441/01,intuitive
300004459800452,TELEVID6120_SCANNER12,PL0360011917008863632300004459800452,17/06/2025,07/06/2025,9170088636,PL036,Slavic,PL,11,32,B,0.7723,"B, C",,NoMatch,D441/01,B
300004465600493,TELEVID6110_SCANNER12,ES0718006917008863625300004465600493,17/06/2025,07/06/2025,9170088636,ES071,Romance,ES,8006,25,WITH THE EXCEPTION OF AUNT SOPHIE,0.7537,WITH THE EXCEPTION OF AUNT SOPHIE,,Match,D441/01,with the exception of Aunt Sophie/with the exception/of Aunt Sophie
300004465600495,TELEVID6110_SCANNER12,ES0718008917008863625300004465600495,17/06/2025,07/06/2025,9170088636,ES071,Romance,ES,8008,25,WITH THE EXCEPTION OF AUNT SOPHIE,0.7725,WITH THE EXCEPTION OF AUNT SOPHIE,,Match,D441/01,with the exception of Aunt Sophie/with the exception/of Aunt Sophie
300004467700484,TELEVID6090_SCANNER12,ES4397001917008863614300004467700484,17/06/2025,07/06/2025,9170088636,ES439,Romance,ES,7001,14,OUT,0.7502,OUT,,Match,D441/01,out
300004467700484,TELEVID6090_SCANNER12,ES4397001917008863623300004467700484,17/06/2025,07/06/2025,9170088636,ES439,Romance,ES,7001,23,ACCESSIBLE,0.7576,ACCESSIBLE,,Match,D441/01,accessible
300004467700492,TELEVID6090_SCANNER12,ES4397009917008863632300004467700492,17/06/2025,07/06/2025,9170088636,ES439,Romance,ES,7009,32,B,0.7689,C,,NoMatch,D441/01,B
300004468100264,TELEVID6116_SCANNER12,DE5055001917008863632300004468100264,17/06/2025,07/06/2025,9170088636,DE505,Germanic,DE,5001,32,B,0.7526,"B, C",,NoMatch,D441/01,B
300004468100269,TELEVID6116_SCANNER12,DE5055006917008863630300004468100269,17/06/2025,07/06/2025,9170088636,DE505,Germanic,DE,5006,30,DREW THE CONCLUSION THAT,0.777,DREW THE CONCLUSION THAT,,Match,D441/01,drew it to our attention that/drew it to/our attention that/drew my attention to the fact that/drew my attention/to the fact that/drew our attention to the fact that/drew our attention/to the fact that/drew to my attention the fact that/drew to my attention/the fact that/drew to our attention the fact that/drew to our attention/the fact that/drew it to my attention that/drew it to/my attention that
300004468600239,TELEVID6119_SCANNER12,PL036001791700886363300004468600239,17/06/2025,07/06/2025,9170088636,PL036,Slavic,PL,17,3,D,0.7983,D,,Match,D441/01,D
300004468600242,TELEVID6119_SCANNER12,PL0360020917008863627300004468600242,17/06/2025,07/06/2025,9170088636,PL036,Slavic,PL,20,27,A SINGLE DAY OF MY LIFE GOES WITHOUT,0.7606,A SINGLE DAY OF MY LIFE GOES WITHOUT,,Match,D441/01,a (single) day goes by without me/a (single) day goes by/without me/a (single) day goes by without my/a (single) day goes by/without my/a (single) day goes past without me/a (single) day goes past/without me/a (single) day goes past without my/a (single) day goes past/without my/one (single) day goes by without me/one (single) day goes by/without me/one (single) day goes by without my/one (single) day goes by/without my/one (single) day goes past without me/one (single) day goes past/without me/one (single) day goes past without my/one (single) day goes past/without my
300004468600243,TELEVID6119_SCANNER12,PL0360021917008863628300004468600243,17/06/2025,07/06/2025,9170088636,PL036,Slavic,PL,21,28,BEEN LED TO BELIEVE,0.7818,BEEN LED TO BELIEVE,,Match,D441/01,been led to believe/been led/to believe/been led to think/been led/to think/been led to understand/been led/to understand
300004468900309,TELEVID6111_SCANNER12,ES3890001917008863626300004468900309,17/06/2025,07/06/2025,9170088636,ES389,Romance,ES,1,26,NO INTENTION OF BEING RUDE,0.7874,NO INTENTION OF BEING RUDE,,Match,D441/01,no intention of being rude/no intention/of being rude
300004468900309,TELEVID6111_SCANNER12,ES3890001917008863627300004468900309,17/06/2025,07/06/2025,9170088636,ES389,Romance,ES,1,27,A. SINGLE DAY GOES WITHOUT ME,0.7729,A. SINGLE DAY GOES WITHOUT ME,,Match,D441/01,a (single) day goes by without me/a (single) day goes by/without me/a (single) day goes by without my/a (single) day goes by/without my/a (single) day goes past without me/a (single) day goes past/without me/a (single) day goes past without my/a (single) day goes past/without my/one (single) day goes by without me/one (single) day goes by/without me/one (single) day goes by without my/one (single) day goes by/without my/one (single) day goes past without me/one (single) day goes past/without me/one (single) day goes past without my/one (single) day goes past/without my
300004468900309,TELEVID6111_SCANNER12,ES3890001917008863636300004468900309,17/06/2025,07/06/2025,9170088636,ES389,Romance,ES,1,36,B,0.7954,"B, C",,NoMatch,D441/01,D
300004471400548,TELEVID6107_SCANNER12,GR8010017917008863618300004471400548,17/06/2025,07/06/2025,9170088636,GR801,Greek,GR,17,18,INTUITIVE,0.7864,INSUITIVE,,NoMatch,D441/01,intuitive
300004471600400,TELEVID6114_SCANNER12,ES4100001917008863626300004471600400,17/06/2025,07/06/2025,9170088636,ES410,Romance,ES,1,26,NO INTENTION N BEING RUDE,0.7676,NO INTENTION N BEING RUDE,,Match,D441/01,no intention of being rude/no intention/of being rude
300004475400148,TELEVID6093_SCANNER12,ES0310019582171119232300004475400148,17/06/2025,13/06/2025,5821711192,ES031,Romance,ES,19,32,C,0.7671,C,,Match,D441/01,A
300004475400217,TELEVID6093_SCANNER12,ES2918002582171119229300004475400217,17/06/2025,13/06/2025,5821711192,ES291,Romance,ES,8002,29,PUT OUT MARIA'S WILLINGS TO BUY,0.7779,PUT OUT MARIA'S WILLINGS TO BUY,,Match,D441/01,put Maria off buying/put Maria off/buying/put Maria off going to buy/put Maria off/going to buy/put Maria off wanting to buy/put Maria off/wanting to buy
300004475400218,TELEVID6093_SCANNER12,ES2918003582171119225300004475400218,17/06/2025,13/06/2025,5821711192,ES291,Romance,ES,8003,25,BEEN MORE DELIGHTED,0.7539,BEEN MORE DELIGHTED,,Match,D441/01,been (any) more delighted/been/(any) more delighted
300004475400225,TELEVID6093_SCANNER12,ES2918010582171119242300004475400225,17/06/2025,13/06/2025,5821711192,ES291,Romance,ES,8010,42,H,0.7981,--blank--,,NoMatch,D441/01,D
300004475600340,TELEVID8001_SCANNER12,BG0158804582171119212300004475600340,17/06/2025,13/06/2025,5821711192,BG015,Slavic,BG,8804,12,IF,0.7812,1F,,NoMatch,D441/01,other
300004475600340,TELEVID8001_SCANNER12,BG0158804582171119231300004475600340,17/06/2025,13/06/2025,5821711192,BG015,Slavic,BG,8804,31,B,0.7917,B,,Match,D441/01,B
300004492400458,TELEVID8019_SCANNER13,ES1033578582171119227300004492400458,18/06/2025,13/06/2025,5821711192,ES103,Romance,ES,3578,27,ABLE TO SHED ANY LIGHT,0.7769,ABLE TO SHED ANY LIGHT,,Match,D441/01,able to shed (any) light/able to/shed (any) light
300004492400462,TELEVID8019_SCANNER13,ES1033582582171119226300004492400462,18/06/2025,13/06/2025,5821711192,ES103,Romance,ES,3582,26,CAN ESCAPE HAVING TO CONSTANTLY,0.7517,CAN ESCAPE HAVING TO CONSTANTLY,,Match,D441/01,can escape (from) having to/can escape (from)/having to/can escape (from) needing to/can escape (from)/needing to/can escape (from) the need to/can escape (from)/the need to/can escape (from) the fact of having to/can escape (from)/the fact of having to/can escape (from) the fact of needing to/can escape (from)/the fact of needing to/[is/'s] able to escape (from) having to/[is/'s] able to escape (from)/having to/[is/'s] able to escape (from) needing to/[is/'s] able to escape (from)/needing to/[is/'s] able to escape (from) the need to/[is/'s] able to escape (from)/the need to
300004492400469,TELEVID8019_SCANNER13,ES1033589582171119235300004492400469,18/06/2025,13/06/2025,5821711192,ES103,Romance,ES,3589,35,C,0.7781,C,,Match,D441/01,C
300004492400471,TELEVID8019_SCANNER13,ES1033591582171119234300004492400471,18/06/2025,13/06/2025,5821711192,ES103,Romance,ES,3591,34,A,0.7642,A,,Match,D441/01,A
300004492400475,TELEVID8019_SCANNER13,ES1033595582171119219300004492400475,18/06/2025,13/06/2025,5821711192,ES103,Romance,ES,3595,19,STRENGTHTENED,0.7517,STRENGTH TENED,,NoMatch,D441/01,strengthened
300004492600335,TELEVID8039_SCANNER13,ES3838164582171119226300004492600335,18/06/2025,13/06/2025,5821711192,ES383,Romance,ES,8164,26,CAN ESCAPE HAVING TO DEAL,0.7536,CON ESCAPE HAVING TO DEAL,,NoMatch,D441/01,can escape (from) having to/can escape (from)/having to/can escape (from) needing to/can escape (from)/needing to/can escape (from) the need to/can escape (from)/the need to/can escape (from) the fact of having to/can escape (from)/the fact of having to/can escape (from) the fact of needing to/can escape (from)/the fact of needing to/[is/'s] able to escape (from) having to/[is/'s] able to escape (from)/having to/[is/'s] able to escape (from) needing to/[is/'s] able to escape (from)/needing to/[is/'s] able to escape (from) the need to/[is/'s] able to escape (from)/the need to
300004492600341,TELEVID8039_SCANNER13,ES3838170582171119232300004492600341,18/06/2025,13/06/2025,5821711192,ES383,Romance,ES,8170,32,B,0.7755,B,,Match,D441/01,A
300004492600344,TELEVID8039_SCANNER13,ES3838173582171119236300004492600344,18/06/2025,13/06/2025,5821711192,ES383,Romance,ES,8173,36,C,0.7683,C,,Match,D441/01,C
300004492700090,TELEVID8049_SCANNER13,ES1650005582171119215300004492700090,18/06/2025,13/06/2025,5821711192,ES165,Romance,ES,5,15,SO,0.7597,SO,,Match,D441/01,that
300004492700103,TELEVID8049_SCANNER13,ES1650018582171119220300004492700103,18/06/2025,13/06/2025,5821711192,ES165,Romance,ES,18,20,PUBLICATION,0.7699,PUBLICATION,,Match,D441/01,publication
300004492700106,TELEVID8049_SCANNER13,ES1650021582171119210300004492700106,18/06/2025,13/06/2025,5821711192,ES165,Romance,ES,21,10,ONE,0.777,--blank--,,NoMatch,D441/01,one
300004492700106,TELEVID8049_SCANNER13,ES1650021582171119224300004492700106,18/06/2025,13/06/2025,5821711192,ES165,Romance,ES,21,24,EXPERTISE,0.7509,EVIERTIDE,,NoMatch,D441/01,expertise
300004492700108,TELEVID8049_SCANNER13,ES1650023582171119231300004492700108,18/06/2025,13/06/2025,5821711192,ES165,Romance,ES,23,31,B,0.7895,B,,Match,D441/01,B
300004492700110,TELEVID8049_SCANNER13,ES1650025582171119211300004492700110,18/06/2025,13/06/2025,5821711192,ES165,Romance,ES,25,11,ANYTHING,0.7719,ANGING,,NoMatch,D441/01,much/anything
300004492700489,TELEVID8049_SCANNER13,PL0048004582171119217300004492700489,18/06/2025,13/06/2025,5821711192,PL004,Slavic,PL,8004,17,CELEBRATED,0.7615,CELEBRITED,,NoMatch,D441/01,celebrated
300004492700491,TELEVID8049_SCANNER13,PL0048006582171119230300004492700491,18/06/2025,13/06/2025,5821711192,PL004,Slavic,PL,8006,30,IN HOPE OF FINDING,0.7852,IN HOPE OF FINDING,,Match,D441/01,in (the) hope of finding/in (the) hope of/finding/in (the) hope of being able to find/in (the) hope of/being able to find/in (the) hopes of being able to find/in (the) hopes of finding/in (the) hopes of/finding/in (the) hopes of/being able to find/in (the) hope (that) she [would/'d] find/in (the) hope (that)/she [would/'d] find/in (the) hopes (that) she [would/'d] find/in (the) hopes (that)/she [would/'d] find
300004492700496,TELEVID8049_SCANNER13,PL0048011582171119212300004492700496,18/06/2025,13/06/2025,5821711192,PL004,Slavic,PL,8011,12,DIFEERENT,0.7563,DIFEERENT,,Match,D441/01,other
300004492700496,TELEVID8049_SCANNER13,PL0048011582171119226300004492700496,18/06/2025,13/06/2025,5821711192,PL004,Slavic,PL,8011,26,CAN ESCAPE FROM HAVING TO,0.7572,CAN ESCAPE FROM HAVING TO,,Match,D441/01,can escape (from) having to/can escape (from)/having to/can escape (from) needing to/can escape (from)/needing to/can escape (from) the need to/can escape (from)/the need to/can escape (from) the fact of having to/can escape (from)/the fact of having to/can escape (from) the fact of needing to/can escape (from)/the fact of needing to/[is/'s] able to escape (from) having to/[is/'s] able to escape (from)/having to/[is/'s] able to escape (from) needing to/[is/'s] able to escape (from)/needing to/[is/'s] able to escape (from) the need to/[is/'s] able to escape (from)/the need to
300004492700497,TELEVID8049_SCANNER13,PL0048012582171119229300004492700497,18/06/2025,13/06/2025,5821711192,PL004,Slavic,PL,8012,29,PUT IN MARIA'S MIND BAD LIGHT ON,0.7881,PUT IN MARIA'S MIND BAD LIGHT ON,,Match,D441/01,put Maria off buying/put Maria off/buying/put Maria off going to buy/put Maria off/going to buy/put Maria off wanting to buy/put Maria off/wanting to buy
300004501800108,TELEVID8031_SCANNER12,IT1120002582171119229300004501800108,19/06/2025,13/06/2025,5821711192,IT112,Romance,IT,2,29,PUT MARIA OFF FROM BUYING,0.7565,PUT MARIA OFF FROM BUYING,,Match,D441/01,put Maria off buying/put Maria off/buying/put Maria off going to buy/put Maria off/going to buy/put Maria off wanting to buy/put Maria off/wanting to buy
300004501800349,TELEVID8031_SCANNER12,IT0250003582171119225300004501800349,19/06/2025,13/06/2025,5821711192,IT025,Romance,IT,3,25,BEEN MORE DELIGHTED,0.7745,BEEN MORE DELIGHTED,,Match,D441/01,been (any) more delighted/been/(any) more delighted
300004502400449,TELEVID8047_SCANNER12,ES3838061582171119225300004502400449,19/06/2025,13/06/2025,5821711192,ES383,Romance,ES,8061,25,BEEN MORE DELIGHTED,0.7594,BEEN MORE DELIGHTED,,Match,D441/01,been (any) more delighted/been/(any) more delighted
300004503100706,TELEVID8008_SCANNER12,PL161000258217111925300004503100706,19/06/2025,13/06/2025,5821711192,PL161,Slavic,PL,2,5,A,0.7622,"A, C",,NoMatch,D441/01,C
300004503100707,TELEVID8008_SCANNER12,PL1610003582171119212300004503100707,19/06/2025,13/06/2025,5821711192,PL161,Slavic,PL,3,12,IF,0.795,1F,,NoMatch,D441/01,other
300004503100710,TELEVID8008_SCANNER12,PL1610006582171119228300004503100710,19/06/2025,13/06/2025,5821711192,PL161,Slavic,PL,6,28,IT NOT BEEN FOR THE STORM DIED,0.7579,11 NOT BEEN FOR THE STORM DIED,,NoMatch,D441/01,the storm not died out/the storm not/died out/the storm not died down/the storm not/died down
300004503100711,TELEVID8008_SCANNER12,PL1610007582171119220300004503100711,19/06/2025,13/06/2025,5821711192,PL161,Slavic,PL,7,20,PUBLICATIONS,0.7977,PUBLICATIONS,,Match,D441/01,publication
300004503100711,TELEVID8008_SCANNER12,PL1610007582171119227300004503100711,19/06/2025,13/06/2025,5821711192,PL161,Slavic,PL,7,27,SHEDDING ANY EXPLANATIONS,0.766,SHEDDING ANY EXPLANATIONS,,Match,D441/01,able to shed (any) light/able to/shed (any) light
300004503100717,TELEVID8008_SCANNER12,PL1610013582171119235300004503100717,19/06/2025,13/06/2025,5821711192,PL161,Slavic,PL,13,35,C,0.7784,C,,Match,D441/01,C
300004504500682,TELEVID8006_SCANNER12,GR1188001582171119229300004504500682,19/06/2025,13/06/2025,5821711192,GR118,Greek,GR,8001,29,PUT A BOUNDARY AT MARIA'S DECISION TO BUY,0.7742,PUT A BOUNDARY AT MARIA'S DECISION TO BUY,,Match,D441/01,put Maria off buying/put Maria off/buying/put Maria off going to buy/put Maria off/going to buy/put Maria off wanting to buy/put Maria off/wanting to buy
300004505200259,TELEVID8024_SCANNER12,ES3838094582171119225300004505200259,19/06/2025,13/06/2025,5821711192,ES383,Romance,ES,8094,25,BEEN MORE SATISFIED,0.7813,BEEN MORE SATISFIED,,Match,D441/01,been (any) more delighted/been/(any) more delighted
300004507300043,TELEVID8033_SCANNER13,ES4598020582171119233300004507300043,19/06/2025,13/06/2025,5821711192,ES459,Romance,ES,8020,33,C,0.7692,C,,Match,D441/01,D
300004507300051,TELEVID8033_SCANNER13,ES4598000582171119227300004507300051,19/06/2025,13/06/2025,5821711192,ES459,Romance,ES,8000,27,GIVEN A SHED OF AN EXPLANATION,0.7561,GIVEN A SHED OF AN EXPLANATION,,Match,D441/01,able to shed (any) light/able to/shed (any) light
300004507300054,TELEVID8033_SCANNER13,ES4598003582171119226300004507300054,19/06/2025,13/06/2025,5821711192,ES459,Romance,ES,8003,26,CAN ESCAPE FROM HAVING TO,0.7752,CAN ESCAPE FROM HAVING TO,,Match,D441/01,can escape (from) having to/can escape (from)/having to/can escape (from) needing to/can escape (from)/needing to/can escape (from) the need to/can escape (from)/the need to/can escape (from) the fact of having to/can escape (from)/the fact of having to/can escape (from) the fact of needing to/can escape (from)/the fact of needing to/[is/'s] able to escape (from) having to/[is/'s] able to escape (from)/having to/[is/'s] able to escape (from) needing to/[is/'s] able to escape (from)/needing to/[is/'s] able to escape (from) the need to/[is/'s] able to escape (from)/the need to
300004507300334,TELEVID8033_SCANNER13,ES4598071582171119229300004507300334,19/06/2025,13/06/2025,5821711192,ES459,Romance,ES,8071,29,PUT MARIA OFF FROM WANTING TO BUY,0.7801,PUT MARIA OFF FROM WANTING TO BUY,,Match,D441/01,put Maria off buying/put Maria off/buying/put Maria off going to buy/put Maria off/going to buy/put Maria off wanting to buy/put Maria off/wanting to buy
300004507300334,TELEVID8033_SCANNER13,ES4598071582171119234300004507300334,19/06/2025,13/06/2025,5821711192,ES459,Romance,ES,8071,34,B,0.7517,B,,Match,D441/01,A
300004507300337,TELEVID8033_SCANNER13,ES4598074582171119219300004507300337,19/06/2025,13/06/2025,5821711192,ES459,Romance,ES,8074,19,STRENGHTENED,0.7589,STRENGHTENED,,Match,D441/01,strengthened
300004507400481,TELEVID8030_SCANNER13,ES3919001582171119230300004507400481,19/06/2025,13/06/2025,5821711192,ES391,Romance,ES,9001,30,IN HOPES OF FINDING,0.7918,IN HODES OF FINDING,,NoMatch,D441/01,in (the) hope of finding/in (the) hope of/finding/in (the) hope of being able to find/in (the) hope of/being able to find/in (the) hopes of being able to find/in (the) hopes of finding/in (the) hopes of/finding/in (the) hopes of/being able to find/in (the) hope (that) she [would/'d] find/in (the) hope (that)/she [would/'d] find/in (the) hopes (that) she [would/'d] find/in (the) hopes (that)/she [would/'d] find
300004507400482,TELEVID8030_SCANNER13,ES3919002582171119228300004507400482,19/06/2025,13/06/2025,5821711192,ES391,Romance,ES,9002,28,NOT DIED THE STORM,0.7758,107 DIED THE STORM,,NoMatch,D441/01,the storm not died out/the storm not/died out/the storm not died down/the storm not/died down
300004507400486,TELEVID8030_SCANNER13,ES3919006582171119230300004507400486,19/06/2025,13/06/2025,5821711192,ES391,Romance,ES,9006,30,IN HOPES OF FINDING,0.7897,IN HOPES OF FINLING,,NoMatch,D441/01,in (the) hope of finding/in (the) hope of/finding/in (the) hope of being able to find/in (the) hope of/being able to find/in (the) hopes of being able to find/in (the) hopes of finding/in (the) hopes of/finding/in (the) hopes of/being able to find/in (the) hope (that) she [would/'d] find/in (the) hope (that)/she [would/'d] find/in (the) hopes (that) she [would/'d] find/in (the) hopes (that)/she [would/'d] find
300004507400489,TELEVID8030_SCANNER13,ES3919009582171119226300004507400489,19/06/2025,13/06/2025,5821711192,ES391,Romance,ES,9009,26,CAN ESCAPE FROM HAVING TO,0.7752,CAN ESCAPE FROM HAVING TO,,Match,D441/01,can escape (from) having to/can escape (from)/having to/can escape (from) needing to/can escape (from)/needing to/can escape (from) the need to/can escape (from)/the need to/can escape (from) the fact of having to/can escape (from)/the fact of having to/can escape (from) the fact of needing to/can escape (from)/the fact of needing to/[is/'s] able to escape (from) having to/[is/'s] able to escape (from)/having to/[is/'s] able to escape (from) needing to/[is/'s] able to escape (from)/needing to/[is/'s] able to escape (from) the need to/[is/'s] able to escape (from)/the need to
300004507400497,TELEVID8030_SCANNER13,ES3919017582171119225300004507400497,19/06/2025,13/06/2025,5821711192,ES391,Romance,ES,9017,25,BEEN MORE CONTENT,0.7618,BEEN MORE CONTENT,,Match,D441/01,been (any) more delighted/been/(any) more delighted
300004507400497,TELEVID8030_SCANNER13,ES3919017582171119235300004507400497,19/06/2025,13/06/2025,5821711192,ES391,Romance,ES,9017,35,C,0.7941,D,,NoMatch,D441/01,C
300004507700706,TELEVID8014_SCANNER13,PL0900006917008863621300004507700706,19/06/2025,07/06/2025,9170088636,PL090,Slavic,PL,6,21,PERSUADIVLY,0.7662,PERSUADIVLY,,Match,D441/01,persuasively
300004507800294,TELEVID8002_SCANNER13,PL1610203582171119224300004507800294,19/06/2025,13/06/2025,5821711192,PL161,Slavic,PL,203,24,EXPERTISE,0.7746,EXPERTISE,,Match,D441/01,expertise
300004507800298,TELEVID8002_SCANNER13,PL1610207582171119231300004507800298,19/06/2025,13/06/2025,5821711192,PL161,Slavic,PL,207,31,B,0.7542,B,,Match,D441/01,B
300004507800299,TELEVID8002_SCANNER13,PL1610208582171119212300004507800299,19/06/2025,13/06/2025,5821711192,PL161,Slavic,PL,208,12,IF,0.7998,1F,,NoMatch,D441/01,other
300004507800742,TELEVID8002_SCANNER13,DE7035004582171119230300004507800742,19/06/2025,13/06/2025,5821711192,DE703,Germanic,DE,5004,30,IN HOPE OF FINDING,0.7561,IN HOPE OF FINDING,,Match,D441/01,in (the) hope of finding/in (the) hope of/finding/in (the) hope of being able to find/in (the) hope of/being able to find/in (the) hopes of being able to find/in (the) hopes of finding/in (the) hopes of/finding/in (the) hopes of/being able to find/in (the) hope (that) she [would/'d] find/in (the) hope (that)/she [would/'d] find/in (the) hopes (that) she [would/'d] find/in (the) hopes (that)/she [would/'d] find
300004507800743,TELEVID8002_SCANNER13,DE7035005582171119217300004507800743,19/06/2025,13/06/2025,5821711192,DE703,Germanic,DE,5005,17,CELEBRATED,0.7681,CELEBRATED,,Match,D441/01,celebrated
300004507800743,TELEVID8002_SCANNER13,DE7035005582171119229300004507800743,19/06/2025,13/06/2025,5821711192,DE703,Germanic,DE,5005,29,HAD PUT OUT EXCITEMENT FOR,0.7932,HAD PUT OUT EXCITEMENT FOR,,Match,D441/01,put Maria off buying/put Maria off/buying/put Maria off going to buy/put Maria off/going to buy/put Maria off wanting to buy/put Maria off/wanting to buy
300004507800745,TELEVID8002_SCANNER13,DE7035007582171119214300004507800745,19/06/2025,13/06/2025,5821711192,DE703,Germanic,DE,5007,14,IT,0.7662,IT,,Match,D441/01,us
300004507800748,TELEVID8002_SCANNER13,DE7035010582171119220300004507800748,19/06/2025,13/06/2025,5821711192,DE703,Germanic,DE,5010,20,PUBLIFICATION,0.757,PUBLIFICATION,,Match,D441/01,publication
300004507800757,TELEVID8002_SCANNER13,DE7035019582171119222300004507800757,19/06/2025,13/06/2025,5821711192,DE703,Germanic,DE,5019,22,BEFOUNDS,0.7605,BEFOUNDS,,Match,D441/01,findings
300004508200143,TELEVID8042_2_SCANNER13,IT0710001582171119225300004508200143,19/06/2025,13/06/2025,5821711192,IT071,Romance,IT,1,25,BEEN MORE DELIGHTED,0.7657,BEEN MORE DEUGHTED,,NoMatch,D441/01,been (any) more delighted/been/(any) more delighted
300004508200540,TELEVID8042_2_SCANNER13,PL2500001582171119229300004508200540,19/06/2025,13/06/2025,5821711192,PL250,Slavic,PL,1,29,HAS PUT MARIA OFF FROM BUYING,0.7526,HAS PUT MARIA OFF FROM BUYING,,Match,D441/01,put Maria off buying/put Maria off/buying/put Maria off going to buy/put Maria off/going to buy/put Maria off wanting to buy/put Maria off/wanting to buy
300004513200303,TELEVID8093_SCANNER13,ES0038005582171119210300004513200303,19/06/2025,13/06/2025,5821711192,ES003,Romance,ES,8005,10,ONE,0.7543,ONE,,Match,D441/01,one
300004513700504,TELEVID8096_SCANNER13,PL0360009582171119234300004513700504,19/06/2025,13/06/2025,5821711192,PL036,Slavic,PL,9,34,C,0.7902,C,,Match,D441/01,A
300004517300636,TELEVID8099_SCANNER13,DE0080001582171119231300004517300636,20/06/2025,13/06/2025,5821711192,DE008,Germanic,DE,1,31,B,0.758,B,,Match,D441/01,B
300004517300640,TELEVID8099_SCANNER13,DE0080005582171119236300004517300640,20/06/2025,13/06/2025,5821711192,DE008,Germanic,DE,5,36,C,0.7992,C,,Match,D441/01,C
300004517300651,TELEVID8099_SCANNER13,DE0080015582171119218300004517300651,20/06/2025,13/06/2025,5821711192,DE008,Germanic,DE,15,18,GOOD,0.7966,GOOD,,Match,D441/01,beneficial
300004518500537,TELEVID8110_SCANNER13,DE1068004582171119235300004518500537,20/06/2025,13/06/2025,5821711192,DE106,Germanic,DE,8004,35,C,0.7887,C,,Match,D441/01,C
300004518800099,TELEVID8116_SCANNER13,PL0340101582171119230300004518800099,20/06/2025,13/06/2025,5821711192,PL034,Slavic,PL,101,30,IN THE HOPE OF FINDING,0.7548,IN THE HOPE OF FINDING,,Match,D441/01,in (the) hope of finding/in (the) hope of/finding/in (the) hope of being able to find/in (the) hope of/being able to find/in (the) hopes of being able to find/in (the) hopes of finding/in (the) hopes of/finding/in (the) hopes of/being able to find/in (the) hope (that) she [would/'d] find/in (the) hope (that)/she [would/'d] find/in (the) hopes (that) she [would/'d] find/in (the) hopes (that)/she [would/'d] find
300004518800100,TELEVID8116_SCANNER13,PL0340102582171119228300004518800100,20/06/2025,13/06/2025,5821711192,PL034,Slavic,PL,102,28,NOT THE STORM DIED BY ITSELF,0.7995,NOT THE STORM DIED BY ITSELF,,Match,D441/01,the storm not died out/the storm not/died out/the storm not died down/the storm not/died down
300004518800103,TELEVID8116_SCANNER13,PL0340105582171119229300004518800103,20/06/2025,13/06/2025,5821711192,PL034,Slavic,PL,105,29,MADE MARIA PUT DOWN,0.7873,MARIA PUT DOWN,,NoMatch,D441/01,put Maria off buying/put Maria off/buying/put Maria off going to buy/put Maria off/going to buy/put Maria off wanting to buy/put Maria off/wanting to buy
300004518800108,TELEVID8116_SCANNER13,PL0340001582171119236300004518800108,20/06/2025,13/06/2025,5821711192,PL034,Slavic,PL,1,36,C,0.7743,C,,Match,D441/01,C
300004518800114,TELEVID8116_SCANNER13,PL0340007582171119210300004518800114,20/06/2025,13/06/2025,5821711192,PL034,Slavic,PL,7,10,THIS,0.7923,THKS,,NoMatch,D441/01,one
300004518800117,TELEVID8116_SCANNER13,PL0340010582171119220300004518800117,20/06/2025,13/06/2025,5821711192,PL034,Slavic,PL,10,20,PUBLICITY,0.7545,PUBLICITY,,Match,D441/01,publication
300004518800123,TELEVID8116_SCANNER13,PL0340016582171119225300004518800123,20/06/2025,13/06/2025,5821711192,PL034,Slavic,PL,16,25,BEEN MORE DELIGHTED,0.7932,BEEN MORE DELIGHTED,,Match,D441/01,been (any) more delighted/been/(any) more delighted
300004520200210,TELEVID8129_SCANNER13,ES4100003582171119235300004520200210,20/06/2025,13/06/2025,5821711192,ES410,Romance,ES,3,35,C,0.764,C,,Match,D441/01,C
300004522700310,televid8123_SCANNER13,ES7508006582171119219300004522700310,20/06/2025,13/06/2025,5821711192,ES750,Romance,ES,8006,19,STRENGHTENED,0.7969,STRENGHTENED,,Match,D441/01,strengthened
300004557500342,TELEVID8212_SCANNER12,ES0130031582171119229300004557500342,24/06/2025,13/06/2025,5821711192,ES013,Romance,ES,31,29,MADE MARIA TO PUT AWAY,0.7766,HADE MARIA TO PUT AWAY,,NoMatch,D441/01,put Maria off buying/put Maria off/buying/put Maria off going to buy/put Maria off/going to buy/put Maria off wanting to buy/put Maria off/wanting to buy
300004557500343,TELEVID8212_SCANNER12,ES0130032582171119226300004557500343,24/06/2025,13/06/2025,5821711192,ES013,Romance,ES,32,26,CAN SCAPE FROM HAVING TO,0.7628,CANSCAPE FROM HAVING TO,,NoMatch,D441/01,can escape (from) having to/can escape (from)/having to/can escape (from) needing to/can escape (from)/needing to/can escape (from) the need to/can escape (from)/the need to/can escape (from) the fact of having to/can escape (from)/the fact of having to/can escape (from) the fact of needing to/can escape (from)/the fact of needing to/[is/'s] able to escape (from) having to/[is/'s] able to escape (from)/having to/[is/'s] able to escape (from) needing to/[is/'s] able to escape (from)/needing to/[is/'s] able to escape (from) the need to/[is/'s] able to escape (from)/the need to
300004557500343,TELEVID8212_SCANNER12,ES0130032582171119236300004557500343,24/06/2025,13/06/2025,5821711192,ES013,Romance,ES,32,36,B,0.7587,B,,Match,D441/01,C
300004557500347,TELEVID8212_SCANNER12,ES0130036582171119229300004557500347,24/06/2025,13/06/2025,5821711192,ES013,Romance,ES,36,29,PUT MARIA IN A SITUATION NOT TO BUY,0.7639,POT MARIA IN A SITUATION NOT TO BUY,,NoMatch,D441/01,put Maria off buying/put Maria off/buying/put Maria off going to buy/put Maria off/going to buy/put Maria off wanting to buy/put Maria off/wanting to buy
300004557500349,TELEVID8212_SCANNER12,ES0130038582171119222300004557500349,24/06/2025,13/06/2025,5821711192,ES013,Romance,ES,38,22,FINDINGS,0.7503,FINDINGS,,Match,D441/01,findings
300004557500369,TELEVID8212_SCANNER12,ES0130005582171119231300004557500369,24/06/2025,13/06/2025,5821711192,ES013,Romance,ES,5,31,B,0.7671,B,,Match,D441/01,B
300004561900472,TELEVID8241_SCANNER13,BR0020002582171119231300004561900472,25/06/2025,13/06/2025,5821711192,BR002,Romance,BR,2,31,B,0.7605,B,,Match,D441/01,B
300004561900478,TELEVID8241_SCANNER13,BR0020010582171119229300004561900478,25/06/2025,13/06/2025,5821711192,BR002,Romance,BR,10,29,MADE MARIA PUT AWAY BUYING,0.7779,MADE MARIA PVT AWAY BUYING,,NoMatch,D441/01,put Maria off buying/put Maria off/buying/put Maria off going to buy/put Maria off/going to buy/put Maria off wanting to buy/put Maria off/wanting to buy
300004576400503,TELEVID8245_SCANNER12,IT3060002582171119225300004576400503,25/06/2025,13/06/2025,5821711192,IT306,Romance,IT,2,25,BEEN MORE DELIGHTED,0.7605,BEEN MORE DELIGHTED,,Match,D441/01,been (any) more delighted/been/(any) more delighted
300004576400503,TELEVID8245_SCANNER12,IT3060002582171119228300004576400503,25/06/2025,13/06/2025,5821711192,IT306,Romance,IT,2,28,THE STORM NOT DIED,0.7894,THE STORM NOT DIED,,Match,D441/01,the storm not died out/the storm not/died out/the storm not died down/the storm not/died down
300004576400503,TELEVID8245_SCANNER12,IT3060002582171119229300004576400503,25/06/2025,13/06/2025,5821711192,IT306,Romance,IT,2,29,PUT MARIA IN THE CONDITIONS OF NOT BUYING,0.7547,PUT MARIA IN THE CONDITIONS OF NOT BUYING,,Match,D441/01,put Maria off buying/put Maria off/buying/put Maria off going to buy/put Maria off/going to buy/put Maria off wanting to buy/put Maria off/wanting to buy
300004576400511,TELEVID8245_SCANNER12,IT3060010582171119231300004576400511,25/06/2025,13/06/2025,5821711192,IT306,Romance,IT,10,31,D,0.7944,D,,Match,D441/01,B
300004591900038,TELEVID6133_SCANNER12,ES426001158217111921300004591900038,26/06/2025,13/06/2025,5821711192,ES426,Romance,ES,11,1,D,0.7868,D,,Match,D441/01,D
300004592500213,TELEVID8307_SCANNER12,ES4260003582171119230300004592500213,26/06/2025,13/06/2025,5821711192,ES426,Romance,ES,3,30,IN HOPE OF FINDING,0.7896,IN HOPE OF FINDING,,Match,D441/01,in (the) hope of finding/in (the) hope of/finding/in (the) hope of being able to find/in (the) hope of/being able to find/in (the) hopes of being able to find/in (the) hopes of finding/in (the) hopes of/finding/in (the) hopes of/being able to find/in (the) hope (that) she [would/'d] find/in (the) hope (that)/she [would/'d] find/in (the) hopes (that) she [would/'d] find/in (the) hopes (that)/she [would/'d] find
300004592500213,TELEVID8307_SCANNER12,ES4260003582171119232300004592500213,26/06/2025,13/06/2025,5821711192,ES426,Romance,ES,3,32,C,0.776,C,,Match,D441/01,A
300004592500213,TELEVID8307_SCANNER12,ES4260003582171119234300004592500213,26/06/2025,13/06/2025,5821711192,ES426,Romance,ES,3,34,A,0.759,A,,Match,D441/01,A
300004592500225,TELEVID8307_SCANNER12,ES4260087582171119226300004592500225,26/06/2025,13/06/2025,5821711192,ES426,Romance,ES,87,26,CAN'T SCAPE FROM HAVING TO,0.7746,CAN'T SCAPE FROM MAVING TO,,NoMatch,D441/01,can escape (from) having to/can escape (from)/having to/can escape (from) needing to/can escape (from)/needing to/can escape (from) the need to/can escape (from)/the need to/can escape (from) the fact of having to/can escape (from)/the fact of having to/can escape (from) the fact of needing to/can escape (from)/the fact of needing to/[is/'s] able to escape (from) having to/[is/'s] able to escape (from)/having to/[is/'s] able to escape (from) needing to/[is/'s] able to escape (from)/needing to/[is/'s] able to escape (from) the need to/[is/'s] able to escape (from)/the need to
300004592500225,TELEVID8307_SCANNER12,ES4260087582171119227300004592500225,26/06/2025,13/06/2025,5821711192,ES426,Romance,ES,87,27,SHED ANA EXPLANATION,0.7712,SHED ANA EXPLANATION,,Match,D441/01,able to shed (any) light/able to/shed (any) light
300004592500226,TELEVID8307_SCANNER12,ES4260088582171119232300004592500226,26/06/2025,13/06/2025,5821711192,ES426,Romance,ES,88,32,A,0.7968,A,,Match,D441/01,A
300004592500227,TELEVID8307_SCANNER12,ES4260089582171119234300004592500227,26/06/2025,13/06/2025,5821711192,ES426,Romance,ES,89,34,A,0.7529,A,,Match,D441/01,A
300004592500227,TELEVID8307_SCANNER12,ES4260089582171119243300004592500227,26/06/2025,13/06/2025,5821711192,ES426,Romance,ES,89,43,B,0.7837,B,,Match,D441/01,B
300004595500136,TELEVID8308_SCANNER12,ES4310004582171119229300004595500136,26/06/2025,13/06/2025,5821711192,ES431,Romance,ES,4,29,PUT OFF MARIA FROM BUYING,0.7605,PUT OFF MARIA FROM BUYING,,Match,D441/01,put Maria off buying/put Maria off/buying/put Maria off going to buy/put Maria off/going to buy/put Maria off wanting to buy/put Maria off/wanting to buy
300004622700164,TELEVID6262_SCANNER12,GR0058137917008863636300004622700164,03/07/2025,07/06/2025,9170088636,GR005,Greek,GR,8137,36,B,0.7842,B,,Match,D441/01,D
300004622700168,TELEVID6262_SCANNER12,GR0058141917008863624300004622700168,03/07/2025,07/06/2025,9170088636,GR005,Greek,GR,8141,24,EXHAUSTING,0.7606,EXHAUSTING,,Match,D441/01,exhaustive
300004622700177,TELEVID6262_SCANNER12,GR0058150917008863638300004622700177,03/07/2025,07/06/2025,9170088636,GR005,Greek,GR,8150,38,B,0.7845,B,,Match,D441/01,A
300004622700198,TELEVID6262_SCANNER12,GR0058171917008863634300004622700198,03/07/2025,07/06/2025,9170088636,GR005,Greek,GR,8171,34,--blank--,0.7547,--blank--,,Match,D441/01,D
300004622700203,TELEVID6262_SCANNER12,GR0058176917008863630300004622700203,03/07/2025,07/06/2025,9170088636,GR005,Greek,GR,8176,30,DREW UP THAT,0.7581,DREW UP THA7,,NoMatch,D441/01,drew it to our attention that/drew it to/our attention that/drew my attention to the fact that/drew my attention/to the fact that/drew our attention to the fact that/drew our attention/to the fact that/drew to my attention the fact that/drew to my attention/the fact that/drew to our attention the fact that/drew to our attention/the fact that/drew it to my attention that/drew it to/my attention that
300004622700229,TELEVID6262_SCANNER12,GR0058202917008863632300004622700229,03/07/2025,07/06/2025,9170088636,GR005,Greek,GR,8202,32,B,0.785,B,,Match,D441/01,B
300004622700238,TELEVID6262_SCANNER12,GR0058211917008863636300004622700238,03/07/2025,07/06/2025,9170088636,GR005,Greek,GR,8211,36,--impossible--,0.7842,C,,NoMatch,D441/01,D
300004622700244,TELEVID6262_SCANNER12,GR0058217917008863634300004622700244,03/07/2025,07/06/2025,9170088636,GR005,Greek,GR,8217,34,D,0.7624,D,,Match,D441/01,D
300004623000006,TELEVID6270_SCANNER13,GR0268006917008863625300004623000006,04/07/2025,07/06/2025,9170088636,GR026,Greek,GR,8006,25,WITH THE EXCEPTION OF AUNT SOPHIE,0.7514,WITH THE EXCEPTION OF AUNT SUPPLE,,NoMatch,D441/01,with the exception of Aunt Sophie/with the exception/of Aunt Sophie
300004623000006,TELEVID6270_SCANNER13,GR0268006917008863651300004623000006,04/07/2025,07/06/2025,9170088636,GR026,Greek,GR,8006,51,C,0.757,C,,Match,D441/01,C
300004623000007,TELEVID6270_SCANNER13,GR0268007917008863623300004623000007,04/07/2025,07/06/2025,9170088636,GR026,Greek,GR,8007,23,ACCESIBLE,0.7747,ACCESSBLE,,NoMatch,D441/01,accessible
300004623000007,TELEVID6270_SCANNER13,GR0268007917008863627300004623000007,04/07/2025,07/06/2025,9170088636,GR026,Greek,GR,8007,27,A DAY GOES OUT WITHOUT ME,0.7744,A DAY GOES OUT WITHOUT ME,,Match,D441/01,a (single) day goes by without me/a (single) day goes by/without me/a (single) day goes by without my/a (single) day goes by/without my/a (single) day goes past without me/a (single) day goes past/without me/a (single) day goes past without my/a (single) day goes past/without my/one (single) day goes by without me/one (single) day goes by/without me/one (single) day goes by without my/one (single) day goes by/without my/one (single) day goes past without me/one (single) day goes past/without me/one (single) day goes past without my/one (single) day goes past/without my
300004623000033,TELEVID6270_SCANNER13,GR0268033917008863618300004623000033,04/07/2025,07/06/2025,9170088636,GR026,Greek,GR,8033,18,INTUITIVE,0.7559,INTWITIVE,,NoMatch,D441/01,intuitive
300004623000035,TELEVID6270_SCANNER13,GR0268035917008863627300004623000035,04/07/2025,07/06/2025,9170088636,GR026,Greek,GR,8035,27,ONE DAY GOES WITHOUT,0.7858,ONE DAY GOES WITHOUT,,Match,D441/01,a (single) day goes by without me/a (single) day goes by/without me/a (single) day goes by without my/a (single) day goes by/without my/a (single) day goes past without me/a (single) day goes past/without me/a (single) day goes past without my/a (single) day goes past/without my/one (single) day goes by without me/one (single) day goes by/without me/one (single) day goes by without my/one (single) day goes by/without my/one (single) day goes past without me/one (single) day goes past/without me/one (single) day goes past without my/one (single) day goes past/without my
300004623000074,TELEVID6270_SCANNER13,GR0358023917008863612300004623000074,04/07/2025,07/06/2025,9170088636,GR035,Greek,GR,8023,12,WHAT,0.7623,WHAT,,Match,D441/01,what
300004623000074,TELEVID6270_SCANNER13,GR0358023917008863631300004623000074,04/07/2025,07/06/2025,9170088636,GR035,Greek,GR,8023,31,B,0.753,B,,Match,D441/01,D
300004623000089,TELEVID6270_SCANNER13,GR0358038917008863621300004623000089,04/07/2025,07/06/2025,9170088636,GR035,Greek,GR,8038,21,INPERSUADE,0.7982,INPERSUADE,,Match,D441/01,persuasively
300004623000091,TELEVID6270_SCANNER13,GR0358040917008863628300004623000091,04/07/2025,07/06/2025,9170088636,GR035,Greek,GR,8040,28,BEEN LED TO THE FACT,0.759,BEEN LED TO THE FACT,,Match,D441/01,been led to believe/been led/to believe/been led to think/been led/to think/been led to understand/been led/to understand
300004623000325,TELEVID6270_SCANNER13,GR0058332917008863632300004623000325,04/07/2025,07/06/2025,9170088636,GR005,Greek,GR,8332,32,B,0.7574,B,,Match,D441/01,B
300004623400419,TELEVID6265_SCANNER13,GR0058338917008863636300004623400419,04/07/2025,07/06/2025,9170088636,GR005,Greek,GR,8338,36,B,0.7947,"B, C",,NoMatch,D441/01,D
300004623400425,TELEVID6265_SCANNER13,GR0058344917008863631300004623400425,04/07/2025,07/06/2025,9170088636,GR005,Greek,GR,8344,31,D,0.7871,D,,Match,D441/01,D
300004623400428,TELEVID6265_SCANNER13,GR0058347917008863627300004623400428,04/07/2025,07/06/2025,9170088636,GR005,Greek,GR,8347,27,A DAY GOES BY WERE I AM NOT,0.7713,ADAY GOES BY WERE I AM NOT,,NoMatch,D441/01,a (single) day goes by without me/a (single) day goes by/without me/a (single) day goes by without my/a (single) day goes by/without my/a (single) day goes past without me/a (single) day goes past/without me/a (single) day goes past without my/a (single) day goes past/without my/one (single) day goes by without me/one (single) day goes by/without me/one (single) day goes by without my/one (single) day goes by/without my/one (single) day goes past without me/one (single) day goes past/without me/one (single) day goes past without my/one (single) day goes past/without my
300004623600580,TELEVID6263_SCANNER13,GR0358043917008863617300004623600580,04/07/2025,07/06/2025,9170088636,GR035,Greek,GR,8043,17,UNVALUABLE,0.7775,UNVALUABLE,,Match,D441/01,invaluable
400004454500738,TELEVID4610_Scanner20,GE0010001930244893026400004454500738,11/12/2024,05/12/2024,9302448930,GE001,Others,GE,1,26,ARE RESTRICTED TO THE STUDENTS IN POSSESSION,0.7708,ARE RESTRICTED TO THE STUDENTS IN POSSESSION,,Match,D441/01,is restricted to/is restricted to (those) students in possession/is restricted to/(those) students in possession/is restricted to students who are in possession/is restricted to/students who are in possession/is restricted to students that are in possession/students that are in possession
400004456800597,TELEVID4625_Scanner20,CY0060001930244893030400004456800597,12/12/2024,05/12/2024,9302448930,CY006,Greek,CY,1,30,MUCH ACCOUNT CAN THEY GIVE FOR THE COMPANY,0.7873,MUCH ACCOUNT CAN THEY GIVE FOR THE COMPANY,,Match,D441/01,can the company account for the profits/can the company account for/the profits/can the company account for their profits/can the company account for/their profits/can the company account for (its) profits/can the company account for/(its) profits
400004456800601,TELEVID4625_Scanner20,CY0060005930244893018400004456800601,12/12/2024,05/12/2024,9302448930,CY006,Greek,CY,5,18,ENDURING,0.755,ENDORING,,NoMatch,D441/01,enduring
400004456800602,TELEVID4625_Scanner20,CY0060006930244893028400004456800602,12/12/2024,05/12/2024,9302448930,CY006,Greek,CY,6,28,CAME TO JOSH AS NO SUPRISE,0.7741,CAME TO JOSH AS NO SUPRISE,,Match,D441/01,came as no surprise to Josh (to learn)/came as/no surprise to Josh (to learn)
400004556800616,TELEVID4896_Scanner20,DE2998877553571344330400004556800616,07/03/2025,01/03/2025,5535713443,DE299,Germanic,DE,8877,30,"OF THE ORDINARY, ACCORDING TO THE",0.7586,"OF THE ORDINARY, ACCORDING TO THE",,Match,D441/01,of the ordinary in the/of the ordinary/in the
400004556800620,TELEVID4896_Scanner20,DE2998881553571344322400004556800620,07/03/2025,01/03/2025,5535713443,DE299,Germanic,DE,8881,22,CONTINUOUSLY,0.7784,CONTINOOUSLY,,NoMatch,D441/01,continuously/continually
400004556800625,TELEVID4896_Scanner20,DE2998886553571344334400004556800625,07/03/2025,01/03/2025,5535713443,DE299,Germanic,DE,8886,34,B,0.7863,C,,NoMatch,D441/01,B
400004556800627,TELEVID4896_Scanner20,DE299888855357134433400004556800627,07/03/2025,01/03/2025,5535713443,DE299,Germanic,DE,8888,3,B,0.7691,B,,Match,D441/01,B
400004556800628,TELEVID4896_Scanner20,DE2998889553571344328400004556800628,07/03/2025,01/03/2025,5535713443,DE299,Germanic,DE,8889,28,RUN AT RISK OF BEING MOCKED,0.7871,RUN AT RISK OF BEING MUCKED,,NoMatch,D441/01,run the risk of being mocked/run the risk of/being mocked/run the risk of getting mocked/run the risk of/getting mocked/run the risk of being ridiculed/run the risk of/being ridiculed/run the risk of getting ridiculed/run the risk of/getting ridiculed
400004557100273,TELEVID4902_Scanner20,PL0068005553571344328400004557100273,07/03/2025,01/03/2025,5535713443,PL006,Slavic,PL,8005,28,RUN-TO A RISK OF BEING MOCKED,0.7855,RUN-TO A RISK OF BEING MOCKED,,Match,D441/01,run the risk of being mocked/run the risk of/being mocked/run the risk of getting mocked/run the risk of/getting mocked/run the risk of being ridiculed/run the risk of/being ridiculed/run the risk of getting ridiculed/run the risk of/getting ridiculed
400004887200106,TELEVID5409_SCANNER14,GR0058041731192399727400004887200106,16/05/2025,10/05/2025,7311923997,GR005,Greek,GR,8041,27,A PROMPT INTERVENTION,0.774,A PROMPT INTERVENTION,,Match,D441/01,to the prompt intervention on the part of/to the prompt intervention/on the part of/to a prompt intervention on the part of/to a prompt intervention/on the part of/to prompt intervention on the part of/to prompt intervention/on the part of/to the prompt intervention of/to the prompt intervention/of/to the prompt intervention by/to the prompt intervention/by/to the prompt intervention from/to the prompt intervention/from/to a prompt intervention by/to a prompt intervention/by/to a prompt intervention from/to a prompt intervention/from/to prompt intervention by/to prompt intervention/by/to prompt intervention from/to prompt intervention/from
400004950300897,TELEVID5478_SCANNER14,CH2118003731192399734400004950300897,21/05/2025,10/05/2025,7311923997,CH211,Germanic,CH,8003,34,B,0.7537,B,,Match,D441/01,A
400004950300909,TELEVID5478_SCANNER14,CH2118015731192399731400004950300909,21/05/2025,10/05/2025,7311923997,CH211,Germanic,CH,8015,31,B,0.7767,B,,Match,D441/01,B
400004950300916,TELEVID5478_SCANNER14,CH2118022731192399730400004950300916,21/05/2025,10/05/2025,7311923997,CH211,Germanic,CH,8022,30,TAKEN FOR GRANTED THAT SARAH WOULD GET,0.7911,TAKEN FOR GRANTED THAT SARAH WOULD GET,,Match,D441/01,taken for granted (that) Sarah [would/'d] be/taken for granted/(that) Sarah [would/'d] be/taken for granted (that) Sarah [would/'d] get/taken for granted/(that) Sarah [would/'d] get
400004953200264,TELEVID5481_SCANNER14,GR1188159236079224328400004953200264,21/05/2025,17/05/2025,2360792243,GR118,Greek,GR,8159,28,WAS TALKED INTO BUYING BOTH DRESSES BY,0.7974,WAS TALKED INTO BUYING BOTH DRESSES BY,,Match,D441/01,was talked into buying both dresses by/was talked into/buying both dresses by/got talked into buying both dresses by/got talked into/buying both dresses by
400004953200271,TELEVID5481_SCANNER14,GR1188166236079224331400004953200271,21/05/2025,17/05/2025,2360792243,GR118,Greek,GR,8166,31,B,0.7693,B,,Match,D441/01,C
400004953200282,TELEVID5481_SCANNER14,GR1188177236079224325400004953200282,21/05/2025,17/05/2025,2360792243,GR118,Greek,GR,8177,25,NOT UP TO ME TO,0.7688,WHOT UP TO ME TO,,NoMatch,D441/01,not up to me to hand/not up to me/to hand/up to someone else to hand/up to someone else/to hand/up to somebody else to hand/up to somebody else/to hand
400004953200283,TELEVID5481_SCANNER14,GR1188178236079224314400004953200283,21/05/2025,17/05/2025,2360792243,GR118,Greek,GR,8178,14,ODDS,0.7551,ODDS,,Match,D441/01,odds
400004953200430,TELEVID5481_SCANNER14,GR1188366236079224326400004953200430,21/05/2025,17/05/2025,2360792243,GR118,Greek,GR,8366,26,IMPORTANCE OF FINDING A SOLUTION,0.797,IMPORTANCE OF FINDING A SOLUTION,,Match,D441/01,importance of finding a solution/importance of/finding a solution/importance of finding an answer/importance of/finding an answer/importance of finding the solution/importance of/finding the solution/importance of finding the answer/importance of/finding the answer
400004953200445,TELEVID5481_SCANNER14,GR1188381236079224327400004953200445,21/05/2025,17/05/2025,2360792243,GR118,Greek,GR,8381,27,BEHAVIOUR THE PREVIOUS DAY WAS COMPLETELY OU,0.7614,BEHAVIOUR THE PREVIOUS DAY WAS COMPLETELY OUT,,NoMatch,D441/01,[behaviour/behavior] yesterday was completely out/[behaviour/behavior] yesterday was/completely out
400004953200454,TELEVID5481_SCANNER14,GR1188390236079224327400004953200454,21/05/2025,17/05/2025,2360792243,GR118,Greek,GR,8390,27,BEHAVIOUR YESTERDAY WAS COMPLETELY OUT,0.7957,BEHAVIOUR VESTERDAY WAS COMPLETELY OUT,,NoMatch,D441/01,[behaviour/behavior] yesterday was completely out/[behaviour/behavior] yesterday was/completely out
400004953200463,TELEVID5481_SCANNER14,GR1188399236079224330400004953200463,21/05/2025,17/05/2025,2360792243,GR118,Greek,GR,8399,30,"SOONER HAD JANINE WALKED IN,",0.7956,SOONER HAD JANINE WALKED IN,,NoMatch,D441/01,sooner had Janine come in than/sooner had/Janine come in than/sooner had Janine entered than/sooner had/Janine entered than/sooner had Janine walked in than/sooner had/Janine walked in than
400004953200478,TELEVID5481_SCANNER14,GR1188414236079224326400004953200478,21/05/2025,17/05/2025,2360792243,GR118,Greek,GR,8414,26,IMPORTANTNESS OF FINDING A SOLUTION,0.7941,IMPORTANTNESS OF FINDING A SOLUTION,,Match,D441/01,importance of finding a solution/importance of/finding a solution/importance of finding an answer/importance of/finding an answer/importance of finding the solution/importance of/finding the solution/importance of finding the answer/importance of/finding the answer
400004953200479,TELEVID5481_SCANNER14,GR1188415236079224324400004953200479,21/05/2025,17/05/2025,2360792243,GR118,Greek,GR,8415,24,VEILED,0.7931,VEILED,,Match,D441/01,unveiled
400004953200485,TELEVID5481_SCANNER14,GR1188047236079224314400004953200485,21/05/2025,17/05/2025,2360792243,GR118,Greek,GR,8047,14,ODDS,0.767,OPDS,,NoMatch,D441/01,odds
400004953200485,TELEVID5481_SCANNER14,GR1188047236079224328400004953200485,21/05/2025,17/05/2025,2360792243,GR118,Greek,GR,8047,28,WAS TALKED TO BUY BOTH DRESSES BY,0.7552,WAS TALUED TO BUY BOTH DRESSES BY,,NoMatch,D441/01,was talked into buying both dresses by/was talked into/buying both dresses by/got talked into buying both dresses by/got talked into/buying both dresses by
400004953200525,TELEVID5481_SCANNER14,GR1188233236079224327400004953200525,21/05/2025,17/05/2025,2360792243,GR118,Greek,GR,8233,27,BEHAVIOR YESTERDAY WAS COMPLETELY DIFFERENT TO HER WAY,0.7788,BEHAVIOR YESTERDAY WAS COMPLETELY DIFFERENT TO HER WAY,,Match,D441/01,[behaviour/behavior] yesterday was completely out/[behaviour/behavior] yesterday was/completely out
400004953200530,TELEVID5481_SCANNER14,GR118823823607922433400004953200530,21/05/2025,17/05/2025,2360792243,GR118,Greek,GR,8238,3,A,0.7944,"A, B",,NoMatch,D441/01,A
400004953200530,TELEVID5481_SCANNER14,GR1188238236079224334400004953200530,21/05/2025,17/05/2025,2360792243,GR118,Greek,GR,8238,34,B,0.7695,B,,Match,D441/01,B
400004953200534,TELEVID5481_SCANNER14,GR1188242236079224326400004953200534,21/05/2025,17/05/2025,2360792243,GR118,Greek,GR,8242,26,IMPORTANCE OF FINDING A SOLUTION,0.7521,IMPORTANCE OF FINDING A SOLUTION,,Match,D441/01,importance of finding a solution/importance of/finding a solution/importance of finding an answer/importance of/finding an answer/importance of finding the solution/importance of/finding the solution/importance of finding the answer/importance of/finding the answer
400004953200534,TELEVID5481_SCANNER14,GR1188242236079224334400004953200534,21/05/2025,17/05/2025,2360792243,GR118,Greek,GR,8242,34,C,0.7912,D,,NoMatch,D441/01,B
400004953200546,TELEVID5481_SCANNER14,GR1188254236079224330400004953200546,21/05/2025,17/05/2025,2360792243,GR118,Greek,GR,8254,30,SOONER THAN JANINE HAD WALKED IN,0.7649,SOONER THAN JANINE HAD WALKED IN,,Match,D441/01,sooner had Janine come in than/sooner had/Janine come in than/sooner had Janine entered than/sooner had/Janine entered than/sooner had Janine walked in than/sooner had/Janine walked in than
400004953200546,TELEVID5481_SCANNER14,GR1188254236079224334400004953200546,21/05/2025,17/05/2025,2360792243,GR118,Greek,GR,8254,34,C,0.7881,C,,Match,D441/01,B
400004953200561,TELEVID5481_SCANNER14,GR1188269236079224327400004953200561,21/05/2025,17/05/2025,2360792243,GR118,Greek,GR,8269,27,BEHAVIOUR YESTERDAY WAS COMPLETELY OUT,0.7888,BEHAVIOUR YESTERDAY WAS COMPLETELY OUT,,Match,D441/01,[behaviour/behavior] yesterday was completely out/[behaviour/behavior] yesterday was/completely out
400004953200578,TELEVID5481_SCANNER14,GR1188286236079224327400004953200578,21/05/2025,17/05/2025,2360792243,GR118,Greek,GR,8286,27,BEHAVIOUR YESTERDAY WAS COMPLETELY OUT,0.7804,BEHAVIOUR YESTERDAY WAS COMPLETELY CUT,,NoMatch,D441/01,[behaviour/behavior] yesterday was completely out/[behaviour/behavior] yesterday was/completely out
400004953200579,TELEVID5481_SCANNER14,GR1188287236079224310400004953200579,21/05/2025,17/05/2025,2360792243,GR118,Greek,GR,8287,10,IT,0.7743,IT,,Match,D441/01,which
400004953200579,TELEVID5481_SCANNER14,GR1188287236079224324400004953200579,21/05/2025,17/05/2025,2360792243,GR118,Greek,GR,8287,24,VEILURED,0.7672,VEILURED,,Match,D441/01,unveiled
400004953200769,TELEVID5481_SCANNER14,GR1188137236079224326400004953200769,21/05/2025,17/05/2025,2360792243,GR118,Greek,GR,8137,26,IMPORTANCE OF FINDING A SOLUTION,0.7856,IMPORTANCE OF FINDING A SOLUTION,,Match,D441/01,importance of finding a solution/importance of/finding a solution/importance of finding an answer/importance of/finding an answer/importance of finding the solution/importance of/finding the solution/importance of finding the answer/importance of/finding the answer
400004953200777,TELEVID5481_SCANNER14,GR1188145236079224332400004953200777,21/05/2025,17/05/2025,2360792243,GR118,Greek,GR,8145,32,C,0.7931,C,,Match,D441/01,D
400004953200788,TELEVID5481_SCANNER14,GR1188156236079224328400004953200788,21/05/2025,17/05/2025,2360792243,GR118,Greek,GR,8156,28,WAS TALKED TO BUY BOTH DRESSES BY,0.7608,WAS TALKED TO BUY BOTH DRESSES BX,,NoMatch,D441/01,was talked into buying both dresses by/was talked into/buying both dresses by/got talked into buying both dresses by/got talked into/buying both dresses by
400004953200790,TELEVID5481_SCANNER14,GR1188158236079224331400004953200790,21/05/2025,17/05/2025,2360792243,GR118,Greek,GR,8158,31,B,0.7947,B,,Match,D441/01,C
400004953200843,TELEVID5481_SCANNER14,GR1188639236079224329400004953200843,21/05/2025,17/05/2025,2360792243,GR118,Greek,GR,8639,29,MUCH TIME TO GET THE HANG OFF,0.7894,MUCH TIME TO GET THE HANG OFF,,Match,D441/01,long to get the hang of/long to get/the hang of/much time to get the hang of/much time to get/the hang of
400004953200843,TELEVID5481_SCANNER14,GR1188639236079224330400004953200843,21/05/2025,17/05/2025,2360792243,GR118,Greek,GR,8639,30,SOONER THAN JANINE WALKED IN DID,0.7842,500 NER THAN JANINE WALKED IN DID,,NoMatch,D441/01,sooner had Janine come in than/sooner had/Janine come in than/sooner had Janine entered than/sooner had/Janine entered than/sooner had Janine walked in than/sooner had/Janine walked in than
400004953200846,TELEVID5481_SCANNER14,GR1188642236079224331400004953200846,21/05/2025,17/05/2025,2360792243,GR118,Greek,GR,8642,31,B,0.786,B,,Match,D441/01,C
400004953200848,TELEVID5481_SCANNER14,GR1188644236079224325400004953200848,21/05/2025,17/05/2025,2360792243,GR118,Greek,GR,8644,25,NOT UP TO ME ONLY TO HAND,0.751,NOT UP TO ME ONLY TO HAND,,Match,D441/01,not up to me to hand/not up to me/to hand/up to someone else to hand/up to someone else/to hand/up to somebody else to hand/up to somebody else/to hand
400004953200853,TELEVID5481_SCANNER14,GR1188649236079224330400004953200853,21/05/2025,17/05/2025,2360792243,GR118,Greek,GR,8649,30,SOONER DID JANINE WALK IN,0.7521,SOONER DID JANINE WALK IN,,Match,D441/01,sooner had Janine come in than/sooner had/Janine come in than/sooner had Janine entered than/sooner had/Janine entered than/sooner had Janine walked in than/sooner had/Janine walked in than
400004953200856,TELEVID5481_SCANNER14,GR1188652236079224331400004953200856,21/05/2025,17/05/2025,2360792243,GR118,Greek,GR,8652,31,C,0.7552,C,,Match,D441/01,C
400004964400589,TELEVID5501_SCANNER14,GR1188363236079224322400004964400589,22/05/2025,17/05/2025,2360792243,GR118,Greek,GR,8363,22,BYPASSED,0.7588,BYPASSED,,Match,D441/01,passable
400004964400589,TELEVID5501_SCANNER14,GR1188363236079224328400004964400589,22/05/2025,17/05/2025,2360792243,GR118,Greek,GR,8363,28,BOUGHT BOTH DRESSES WHEN I TALKED TO,0.7626,ROUGHT BOTH DRESSES WHEN I TALKED TO,,NoMatch,D441/01,was talked into buying both dresses by/was talked into/buying both dresses by/got talked into buying both dresses by/got talked into/buying both dresses by
400004964400731,TELEVID5501_SCANNER14,GR1188331236079224329400004964400731,22/05/2025,17/05/2025,2360792243,GR118,Greek,GR,8331,29,LONG TO GET THE HANG OF,0.7529,LONG 70 GET THE HANG OF,,NoMatch,D441/01,long to get the hang of/long to get/the hang of/much time to get the hang of/much time to get/the hang of
400004964400731,TELEVID5501_SCANNER14,GR1188331236079224330400004964400731,22/05/2025,17/05/2025,2360792243,GR118,Greek,GR,8331,30,SOONER THAN JANINE WALKED IN,0.7563,JOONER THAN JANINE WALKED IN,,NoMatch,D441/01,sooner had Janine come in than/sooner had/Janine come in than/sooner had Janine entered than/sooner had/Janine entered than/sooner had Janine walked in than/sooner had/Janine walked in than
400004964400751,TELEVID5501_SCANNER14,GR1188306236079224334400004964400751,22/05/2025,17/05/2025,2360792243,GR118,Greek,GR,8306,34,B,0.7869,C,,NoMatch,D441/01,B
400004966500283,TELEVID5510_SCANNER14,GR1188596236079224310400004966500283,22/05/2025,17/05/2025,2360792243,GR118,Greek,GR,8596,10,IT,0.765,IT,,Match,D441/01,which
400004966500283,TELEVID5510_SCANNER14,GR1188596236079224325400004966500283,22/05/2025,17/05/2025,2360792243,GR118,Greek,GR,8596,25,NOT UP TO ME TO HAND,0.7887,NOT UP TO ME TO HAND,,Match,D441/01,not up to me to hand/not up to me/to hand/up to someone else to hand/up to someone else/to hand/up to somebody else to hand/up to somebody else/to hand
400004966500284,TELEVID5510_SCANNER14,GR1188597236079224320400004966500284,22/05/2025,17/05/2025,2360792243,GR118,Greek,GR,8597,20,ILLITERATE,0.7873,ILLITERATE,,Match,D441/01,illiterate
400004966500287,TELEVID5510_SCANNER14,GR1188600236079224310400004966500287,22/05/2025,17/05/2025,2360792243,GR118,Greek,GR,8600,10,IT,0.7712,IT,,Match,D441/01,which
400004966500305,TELEVID5510_SCANNER14,GR1188548236079224330400004966500305,22/05/2025,17/05/2025,2360792243,GR118,Greek,GR,8548,30,SOONER DID JANE WALK IN HAD,0.7708,SOONER DID JANE WALK IN HAD,,Match,D441/01,sooner had Janine come in than/sooner had/Janine come in than/sooner had Janine entered than/sooner had/Janine entered than/sooner had Janine walked in than/sooner had/Janine walked in than
400004966500311,TELEVID5510_SCANNER14,GR1188554236079224310400004966500311,22/05/2025,17/05/2025,2360792243,GR118,Greek,GR,8554,10,IT,0.7517,IT,,Match,D441/01,which
400004966500311,TELEVID5510_SCANNER14,GR1188554236079224331400004966500311,22/05/2025,17/05/2025,2360792243,GR118,Greek,GR,8554,31,B,0.77,B,,Match,D441/01,C
400004966500312,TELEVID5510_SCANNER14,GR1188555236079224321400004966500312,22/05/2025,17/05/2025,2360792243,GR118,Greek,GR,8555,21,DOCUMENTAL,0.7632,DOCUMENTAL,,Match,D441/01,documentary/documented
400004966500983,TELEVID5510_SCANNER14,GR118801523607922433400004966500983,22/05/2025,17/05/2025,2360792243,GR118,Greek,GR,8015,3,A,0.7662,"A, D",,NoMatch,D441/01,A
400004966500986,TELEVID5510_SCANNER14,GR1188018236079224327400004966500986,22/05/2025,17/05/2025,2360792243,GR118,Greek,GR,8018,27,BEHAVOUR YESTERDAY WAS COMPLETELY OUT,0.7941,BEHAVOUR YESTERDAY WAS COMPLETELY OUT,,Match,D441/01,[behaviour/behavior] yesterday was completely out/[behaviour/behavior] yesterday was/completely out
400004966500986,TELEVID5510_SCANNER14,GR1188018236079224332400004966500986,22/05/2025,17/05/2025,2360792243,GR118,Greek,GR,8018,32,C,0.7863,C,,Match,D441/01,D
400004968200447,TELEVID5505_SCANNER14,DE2998920236079224319400004968200447,22/05/2025,17/05/2025,2360792243,DE299,Germanic,DE,8920,19,ENABLED,0.7503,ENABLED,,Match,D441/01,enabled
400004968200447,TELEVID5505_SCANNER14,DE2998920236079224327400004968200447,22/05/2025,17/05/2025,2360792243,DE299,Germanic,DE,8920,27,"BEHAVIOUR YESTERDAY, WAS COMPLETELY OUT",0.7876,"BEHAVIOUR YESTERDAY, WAS COMPLETELY OUT",,Match,D441/01,[behaviour/behavior] yesterday was completely out/[behaviour/behavior] yesterday was/completely out
400004968200447,TELEVID5505_SCANNER14,DE2998920236079224330400004968200447,22/05/2025,17/05/2025,2360792243,DE299,Germanic,DE,8920,30,SOONER THAN WHEN JANINE WALKED IN,0.7697,SOONER THAN WHEN JANINE WALKED IN,,Match,D441/01,sooner had Janine come in than/sooner had/Janine come in than/sooner had Janine entered than/sooner had/Janine entered than/sooner had Janine walked in than/sooner had/Janine walked in than
400004968200453,TELEVID5505_SCANNER14,DE2998926236079224331400004968200453,22/05/2025,17/05/2025,2360792243,DE299,Germanic,DE,8926,31,C,0.7646,C,,Match,D441/01,C
400004968200454,TELEVID5505_SCANNER14,DE2998927236079224324400004968200454,22/05/2025,17/05/2025,2360792243,DE299,Germanic,DE,8927,24,UNVEILED,0.7739,UNVEILED,,Match,D441/01,unveiled
400004968300357,TELEVID5513_SCANNER14,GR1188448236079224327400004968300357,22/05/2025,17/05/2025,2360792243,GR118,Greek,GR,8448,27,SHOWN A COPLETELY DIFFERENT KIND,0.758,SHOWN A COPLETELY DIFFERENT KIND,,Match,D441/01,[behaviour/behavior] yesterday was completely out/[behaviour/behavior] yesterday was/completely out
400004968300363,TELEVID5513_SCANNER14,GR1188454236079224330400004968300363,22/05/2025,17/05/2025,2360792243,GR118,Greek,GR,8454,30,SOONER HAD JANINE WALKED IN THAT,0.7746,SOONER HAO JANINE WALKED IN THAT,,NoMatch,D441/01,sooner had Janine come in than/sooner had/Janine come in than/sooner had Janine entered than/sooner had/Janine entered than/sooner had Janine walked in than/sooner had/Janine walked in than
400004969300554,TELEVID5504_SCANNER14,GR1188507236079224310400004969300554,22/05/2025,17/05/2025,2360792243,GR118,Greek,GR,8507,10,HAND,0.7757,HAND,,Match,D441/01,which
400004969300554,TELEVID5504_SCANNER14,GR1188507236079224327400004969300554,22/05/2025,17/05/2025,2360792243,GR118,Greek,GR,8507,27,BEHAVIOUR YESTERDAY WAS COMPLETELY OUT,0.7813,BEHAVIOUR YESTERDAY WAS COMPLETELY OUT,,Match,D441/01,[behaviour/behavior] yesterday was completely out/[behaviour/behavior] yesterday was/completely out
400004969300561,TELEVID5504_SCANNER14,GR1188514236079224351400004969300561,22/05/2025,17/05/2025,2360792243,GR118,Greek,GR,8514,51,B,0.7839,B,,Match,D441/01,B
400004969300562,TELEVID5504_SCANNER14,GR1188515236079224316400004969300562,22/05/2025,17/05/2025,2360792243,GR118,Greek,GR,8515,16,TO,0.7584,TO,,Match,D441/01,into/to
400004969300566,TELEVID5504_SCANNER14,GR1188519236079224328400004969300566,22/05/2025,17/05/2025,2360792243,GR118,Greek,GR,8519,28,WAS TALKED INTO BUYING BOTH DRESSES BY,0.7987,WAS TALKED INTO BUYING BOTH DRESSES BY,,Match,D441/01,was talked into buying both dresses by/was talked into/buying both dresses by/got talked into buying both dresses by/got talked into/buying both dresses by
400005032100396,TELEVID5559_SCANNER14,GR0058481236079224329400005032100396,27/05/2025,17/05/2025,2360792243,GR005,Greek,GR,8481,29,MUCH TIME TO GET THE HANG OF,0.7826,MUCH CIME TO GET THE HANG OF,,NoMatch,D441/01,long to get the hang of/long to get/the hang of/much time to get the hang of/much time to get/the hang of
400005032100410,TELEVID5559_SCANNER14,GR0058495236079224336400005032100410,27/05/2025,17/05/2025,2360792243,GR005,Greek,GR,8495,36,C,0.7799,C,,Match,D441/01,D
400005032100414,TELEVID5559_SCANNER14,GR0058499236079224326400005032100414,27/05/2025,17/05/2025,2360792243,GR005,Greek,GR,8499,26,IMPORTANCE OF FINDING SULUTIONS,0.7907,IMPORTANCE OF FINDING SULUTIONS,,Match,D441/01,importance of finding a solution/importance of/finding a solution/importance of finding an answer/importance of/finding an answer/importance of finding the solution/importance of/finding the solution/importance of finding the answer/importance of/finding the answer
400005032400577,TELEVID5547_SCANNER14,GR0358011236079224323400005032400577,27/05/2025,17/05/2025,2360792243,GR035,Greek,GR,8011,23,RELATIVELY,0.7744,RELATAVELY,,NoMatch,D441/01,relatively
400005032400581,TELEVID5547_SCANNER14,GR0358015236079224324400005032400581,27/05/2025,17/05/2025,2360792243,GR035,Greek,GR,8015,24,UNVEILED,0.7667,UNVEILED,,Match,D441/01,unveiled
400005034800001,TELEVID5548_SCANNER14,GR0058184236079224327400005034800001,27/05/2025,17/05/2025,2360792243,GR005,Greek,GR,8184,27,BEHAVIOUR YESTERDAY WAS COMPLETELY OUT,0.7625,BEHAVIOUR YESTERDAY WAS COMPLETELY OUT,,Match,D441/01,[behaviour/behavior] yesterday was completely out/[behaviour/behavior] yesterday was/completely out
400005034800020,TELEVID5548_SCANNER14,GR0058203236079224319400005034800020,27/05/2025,17/05/2025,2360792243,GR005,Greek,GR,8203,19,ENABLED,0.758,ENABLED,,Match,D441/01,enabled
400005034800039,TELEVID5548_SCANNER14,GR0058222236079224330400005034800039,27/05/2025,17/05/2025,2360792243,GR005,Greek,GR,8222,30,NO SOONER THAN JANINE HAD WALKED IN,0.7969,NO SOONER THAN JANING HAD WALKED IN,,NoMatch,D441/01,sooner had Janine come in than/sooner had/Janine come in than/sooner had Janine entered than/sooner had/Janine entered than/sooner had Janine walked in than/sooner had/Janine walked in than
400005034800060,TELEVID5548_SCANNER14,GR0058243236079224326400005034800060,27/05/2025,17/05/2025,2360792243,GR005,Greek,GR,8243,26,IMPORTANCE OF FINDING THE SOLUTION,0.7912,IMPORTANCE OF FINDING THE SOLUTION,,Match,D441/01,importance of finding a solution/importance of/finding a solution/importance of finding an answer/importance of/finding an answer/importance of finding the solution/importance of/finding the solution/importance of finding the answer/importance of/finding the answer
400005034800061,TELEVID5548_SCANNER14,GR0058244236079224327400005034800061,27/05/2025,17/05/2025,2360792243,GR005,Greek,GR,8244,27,BEHAVIOUR YESTERDAY WAS COMPLETELY OUT OF,0.7798,BEHAVIOUR VESTERDAY WAS COMPLETELY OUT OF,,NoMatch,D441/01,[behaviour/behavior] yesterday was completely out/[behaviour/behavior] yesterday was/completely out
400005034800061,TELEVID5548_SCANNER14,GR0058244236079224329400005034800061,27/05/2025,17/05/2025,2360792243,GR005,Greek,GR,8244,29,MUCH TIME TO HANG ON,0.789,MUCH TIME TO HANG ON,,Match,D441/01,long to get the hang of/long to get/the hang of/much time to get the hang of/much time to get/the hang of
400005034800077,TELEVID5548_SCANNER14,GR0058260236079224328400005034800077,27/05/2025,17/05/2025,2360792243,GR005,Greek,GR,8260,28,WAS TALKED INTO BUYING BOTH DRESSES BY,0.7742,WAS TALVED INTO BUYING BOTH DRESSES BY,,NoMatch,D441/01,was talked into buying both dresses by/was talked into/buying both dresses by/got talked into buying both dresses by/got talked into/buying both dresses by
400005034800085,TELEVID5548_SCANNER14,GR0058268236079224328400005034800085,27/05/2025,17/05/2025,2360792243,GR005,Greek,GR,8268,28,WAS TALKED INTO BUYING BOTH DRESSES BY,0.7734,1 WAS TALKED INTO BUYING BOTH DRESSES BY,,NoMatch,D441/01,was talked into buying both dresses by/was talked into/buying both dresses by/got talked into buying both dresses by/got talked into/buying both dresses by
400005034800088,TELEVID5548_SCANNER14,GR0058271236079224329400005034800088,27/05/2025,17/05/2025,2360792243,GR005,Greek,GR,8271,29,LONG TO GET THE HANG OF,0.7513,LONG TO GET THE HANG OF,,Match,D441/01,long to get the hang of/long to get/the hang of/much time to get the hang of/much time to get/the hang of
400005034800736,TELEVID5548_SCANNER14,GR0058532236079224329400005034800736,27/05/2025,17/05/2025,2360792243,GR005,Greek,GR,8532,29,LONG TO GET A HANG OF,0.7879,LONG TO GET A HANG OF,,Match,D441/01,long to get the hang of/long to get/the hang of/much time to get the hang of/much time to get/the hang of
400005034800737,TELEVID5548_SCANNER14,GR0058533236079224324400005034800737,27/05/2025,17/05/2025,2360792243,GR005,Greek,GR,8533,24,VEILED,0.7864,LEILED,,NoMatch,D441/01,unveiled
400005034800743,TELEVID5548_SCANNER14,GR0058539236079224327400005034800743,27/05/2025,17/05/2025,2360792243,GR005,Greek,GR,8539,27,BEHAVIOUR YESTERDAY WAS COMPLETELY OUT,0.7761,BEVHAVIOUR VESTERDAY WAS COMPLETELY OUT,,NoMatch,D441/01,[behaviour/behavior] yesterday was completely out/[behaviour/behavior] yesterday was/completely out
400005034800760,TELEVID5548_SCANNER14,GR0058418236079224327400005034800760,27/05/2025,17/05/2025,2360792243,GR005,Greek,GR,8418,27,BEHAVIOUR YESTERDAY WAS COMPLETELY OUT OF,0.7654,BEHAVIOUR YESTERDAY WAS COMPLETELY OUT OF,,Match,D441/01,[behaviour/behavior] yesterday was completely out/[behaviour/behavior] yesterday was/completely out
400005034800760,TELEVID5548_SCANNER14,GR0058418236079224328400005034800760,27/05/2025,17/05/2025,2360792243,GR005,Greek,GR,8418,28,WAS TALKED INTO BUYING BOTH DRESSES BY,0.7922,WAS TALKED INTO BUYING BOTH DRESSES BY,,Match,D441/01,was talked into buying both dresses by/was talked into/buying both dresses by/got talked into buying both dresses by/got talked into/buying both dresses by
400005034800765,TELEVID5548_SCANNER14,GR0058423236079224336400005034800765,27/05/2025,17/05/2025,2360792243,GR005,Greek,GR,8423,36,D,0.797,--blank--,,NoMatch,D441/01,D
400005034800774,TELEVID5548_SCANNER14,GR0058432236079224351400005034800774,27/05/2025,17/05/2025,2360792243,GR005,Greek,GR,8432,51,B,0.765,B,,Match,D441/01,B
400005034800788,TELEVID5548_SCANNER14,GR0058446236079224328400005034800788,27/05/2025,17/05/2025,2360792243,GR005,Greek,GR,8446,28,WAS TALKED INTO BUYING BOTH DRESSES BY,0.7626,WAS TALKED INTO BUYING BOTH DRESSES BY,,Match,D441/01,was talked into buying both dresses by/was talked into/buying both dresses by/got talked into buying both dresses by/got talked into/buying both dresses by
400005034800789,TELEVID5548_SCANNER14,GR0058447236079224315400005034800789,27/05/2025,17/05/2025,2360792243,GR005,Greek,GR,8447,15,LIKE,0.7797,LIKE,,Match,D441/01,of
400005034800789,TELEVID5548_SCANNER14,GR0058447236079224343400005034800789,27/05/2025,17/05/2025,2360792243,GR005,Greek,GR,8447,43,H,0.7861,H,,Match,D441/01,B
400005034800813,TELEVID5548_SCANNER14,GR0358211236079224327400005034800813,27/05/2025,17/05/2025,2360792243,GR035,Greek,GR,8211,27,BEHAVIOR YESTERDAY WAS COMPLETELY OUT,0.7633,BEHAVIOR YESTERDAY WAS COMPLETELY OUT,,Match,D441/01,[behaviour/behavior] yesterday was completely out/[behaviour/behavior] yesterday was/completely out
400005034800816,TELEVID5548_SCANNER14,GR0358214236079224330400005034800816,27/05/2025,17/05/2025,2360792243,GR035,Greek,GR,8214,30,SOONER DID JANINE WALKED IN,0.7792,SOONER DID JANINE WALKED IN,,Match,D441/01,sooner had Janine come in than/sooner had/Janine come in than/sooner had Janine entered than/sooner had/Janine entered than/sooner had Janine walked in than/sooner had/Janine walked in than
400005034801042,TELEVID5548_SCANNER14,GR0058620236079224328400005034801042,27/05/2025,17/05/2025,2360792243,GR005,Greek,GR,8620,28,I GOT TALKED INTO BUYING BOTH DRESSES BY,0.7934,I GOT TALKED INTO BUXING BOTH DRESSES BY,,NoMatch,D441/01,was talked into buying both dresses by/was talked into/buying both dresses by/got talked into buying both dresses by/got talked into/buying both dresses by
400005035000145,TELEVID5571_SCANNER14,GR8010014236079224314400005035000145,27/05/2025,17/05/2025,2360792243,GR801,Greek,GR,14,14,MEANS,0.7939,MEANSI,,NoMatch,D441/01,odds
400005035000198,TELEVID5571_SCANNER14,GR8010006236079224320400005035000198,27/05/2025,17/05/2025,2360792243,GR801,Greek,GR,6,20,ILLITERATE,0.7575,ILLITERATE,,Match,D441/01,illiterate
400005035000198,TELEVID5571_SCANNER14,GR8010006236079224329400005035000198,27/05/2025,17/05/2025,2360792243,GR801,Greek,GR,6,29,LONG TO GET THE HANG OF,0.7548,LONG 70 GET THE HANG OF,,NoMatch,D441/01,long to get the hang of/long to get/the hang of/much time to get the hang of/much time to get/the hang of
400005035000283,TELEVID5571_SCANNER14,GR0268015236079224328400005035000283,27/05/2025,17/05/2025,2360792243,GR026,Greek,GR,8015,28,WAS TALKED INTO BUYING BOTH DRESSES BY,0.7708,WAS TALKED INTO BUYING BOTH DRESSES BY,,Match,D441/01,was talked into buying both dresses by/was talked into/buying both dresses by/got talked into buying both dresses by/got talked into/buying both dresses by
400005035000289,TELEVID5571_SCANNER14,GR0268021236079224321400005035000289,27/05/2025,17/05/2025,2360792243,GR026,Greek,GR,8021,21,DOCUMENTED,0.7653,DOCUMENTED,,Match,D441/01,documentary/documented
400005035000300,TELEVID5571_SCANNER14,GR0268032236079224319400005035000300,27/05/2025,17/05/2025,2360792243,GR026,Greek,GR,8032,19,ENABLES,0.7505,EMABLES,,NoMatch,D441/01,enabled
400005035000303,TELEVID5571_SCANNER14,GR0268035236079224329400005035000303,27/05/2025,17/05/2025,2360792243,GR026,Greek,GR,8035,29,LONG TO GET THE HANG OF,0.7774,LONG TO GET THE HANG OF,,Match,D441/01,long to get the hang of/long to get/the hang of/much time to get the hang of/much time to get/the hang of
400005035000303,TELEVID5571_SCANNER14,GR0268035236079224332400005035000303,27/05/2025,17/05/2025,2360792243,GR026,Greek,GR,8035,32,C,0.7927,C,,Match,D441/01,D
400005035000304,TELEVID5571_SCANNER14,GR0268036236079224312400005035000304,27/05/2025,17/05/2025,2360792243,GR026,Greek,GR,8036,12,NO,0.7622,NO,,Match,D441/01,some
400005337900047,TELEVID6034_SCANNER14,BG0050005917008863630400005337900047,13/06/2025,07/06/2025,9170088636,BG005,Slavic,BG,5,30,DREW ATTENTION TO THE FACT THAT,0.7589,DREW ATTENTION TO THE FACT THAT,,Match,D441/01,drew it to our attention that/drew it to/our attention that/drew my attention to the fact that/drew my attention/to the fact that/drew our attention to the fact that/drew our attention/to the fact that/drew to my attention the fact that/drew to my attention/the fact that/drew to our attention the fact that/drew to our attention/the fact that/drew it to my attention that/drew it to/my attention that
400005337900048,TELEVID6034_SCANNER14,BG0050006917008863631400005337900048,13/06/2025,07/06/2025,9170088636,BG005,Slavic,BG,6,31,D,0.7657,D,,Match,D441/01,D
400005346300014,TELEVID6047_SCANNER14,ES4458002917008863629400005346300014,13/06/2025,07/06/2025,9170088636,ES445,Romance,ES,8002,29,EXPLENATION WAS GIVEN,0.7784,EXPLENATION WAS GIVEN,,Match,D441/01,explanation was (ever) given as/explanation was (ever) given/as/reason was (ever) given as/reason was (ever) given/as
400005347700682,TELEVID6048_SCANNER14,BG0080057917008863627400005347700682,13/06/2025,07/06/2025,9170088636,BG008,Slavic,BG,57,27,A DAY GOES BY WITHOUT ME,0.799,A DAY GOES BY WITHOUT ME,,Match,D441/01,a (single) day goes by without me/a (single) day goes by/without me/a (single) day goes by without my/a (single) day goes by/without my/a (single) day goes past without me/a (single) day goes past/without me/a (single) day goes past without my/a (single) day goes past/without my/one (single) day goes by without me/one (single) day goes by/without me/one (single) day goes by without my/one (single) day goes by/without my/one (single) day goes past without me/one (single) day goes past/without me/one (single) day goes past without my/one (single) day goes past/without my
400005347700685,TELEVID6048_SCANNER14,BG0080060917008863614400005347700685,13/06/2025,07/06/2025,9170088636,BG008,Slavic,BG,60,14,OUT,0.7902,OUT,,Match,D441/01,out
400005347700685,TELEVID6048_SCANNER14,BG0080060917008863625400005347700685,13/06/2025,07/06/2025,9170088636,BG008,Slavic,BG,60,25,WITH THE EXCEPTION OF AUNT SOPHIE,0.7932,WITH THE EXCEPTION OF AUNT SOPHIE,,Match,D441/01,with the exception of Aunt Sophie/with the exception/of Aunt Sophie
400005417000112,TELEVID6071_SCANNER14,PL1620001917008863632400005417000112,16/06/2025,07/06/2025,9170088636,PL162,Slavic,PL,1,32,B,0.7811,B,,Match,D441/01,B
400005417000675,TELEVID6071_SCANNER14,IT2670007917008863651400005417000675,16/06/2025,07/06/2025,9170088636,IT267,Romance,IT,7,51,C,0.7546,C,,Match,D441/01,C
400005417000678,TELEVID6071_SCANNER14,IT2670010917008863629400005417000678,16/06/2025,07/06/2025,9170088636,IT267,Romance,IT,10,29,EXPLAINATION WAS GIVEN AS THE REASON,0.7588,EXPLAINATION WAS GLIEN AS THE REASON,,NoMatch,D441/01,explanation was (ever) given as/explanation was (ever) given/as/reason was (ever) given as/reason was (ever) given/as
400005417100195,TELEVID6062_SCANNER14,IT0320001917008863626400005417100195,16/06/2025,07/06/2025,9170088636,IT032,Romance,IT,1,26,NO INTENTION OF BEING RUDE,0.7961,NO INTENTION OF BEING RUBE,,NoMatch,D441/01,no intention of being rude/no intention/of being rude
400005417100195,TELEVID6062_SCANNER14,IT0320001917008863627400005417100195,16/06/2025,07/06/2025,9170088636,IT032,Romance,IT,1,27,A DAY OF MY LIFE GOES WITHOUT,0.7941,A BAY OF MY LIFE GOES WITHOUT,,NoMatch,D441/01,a (single) day goes by without me/a (single) day goes by/without me/a (single) day goes by without my/a (single) day goes by/without my/a (single) day goes past without me/a (single) day goes past/without me/a (single) day goes past without my/a (single) day goes past/without my/one (single) day goes by without me/one (single) day goes by/without me/one (single) day goes by without my/one (single) day goes by/without my/one (single) day goes past without me/one (single) day goes past/without me/one (single) day goes past without my/one (single) day goes past/without my
400005417100198,TELEVID6062_SCANNER14,IT0320004917008863651400005417100198,16/06/2025,07/06/2025,9170088636,IT032,Romance,IT,4,51,C,0.7771,C,,Match,D441/01,C
400005417100200,TELEVID6062_SCANNER14,IT0320006917008863631400005417100200,16/06/2025,07/06/2025,9170088636,IT032,Romance,IT,6,31,D,0.758,D,,Match,D441/01,D
400005417300567,TELEVID6066_SCANNER14,ES3838093917008863625400005417300567,16/06/2025,07/06/2025,9170088636,ES383,Romance,ES,8093,25,BEING AUNT SO PHIE THE EXCEPTION,0.787,BEING AUNT SO PHIE THE EXCEPTION,,Match,D441/01,with the exception of Aunt Sophie/with the exception/of Aunt Sophie
400005417300577,TELEVID6066_SCANNER14,ES3838103917008863628400005417300577,16/06/2025,07/06/2025,9170088636,ES383,Romance,ES,8103,28,BEEN LED TO THE IMPRESSION,0.771,BEENLEDTOTHEIMPRESSION,,NoMatch,D441/01,been led to believe/been led/to believe/been led to think/been led/to think/been led to understand/been led/to understand
400005417300581,TELEVID6066_SCANNER14,ES3838107917008863617400005417300581,16/06/2025,07/06/2025,9170088636,ES383,Romance,ES,8107,17,UNDERVALUED,0.7706,UNDERVALVED,,NoMatch,D441/01,invaluable
400005417300583,TELEVID6066_SCANNER14,ES3838109917008863625400005417300583,16/06/2025,07/06/2025,9170088636,ES383,Romance,ES,8109,25,"WITH THE EXCEPTION OF AUNT SOPHIE,",0.787,WITH THE EXCEPTION OF AUNT SOPHIE,,NoMatch,D441/01,with the exception of Aunt Sophie/with the exception/of Aunt Sophie
400005421800009,TELEVID6064_SCANNER14,IT3260003917008863615400005421800009,16/06/2025,07/06/2025,9170088636,IT326,Romance,IT,3,15,TAME,0.781,TAME,,Match,D441/01,take
400005523600248,TELEVID8163_Scanner20,BG0080009582171119225400005523600248,21/06/2025,13/06/2025,5821711192,BG008,Slavic,BG,9,25,BEEN MORE DELIGHTED,0.7779,BEEN MORE DELIGHTED,,Match,D441/01,been (any) more delighted/been/(any) more delighted
400005523600249,TELEVID8163_Scanner20,BG0080010582171119232400005523600249,21/06/2025,13/06/2025,5821711192,BG008,Slavic,BG,10,32,C,0.7922,C,,Match,D441/01,A
400005523600251,TELEVID8163_Scanner20,BG0080012582171119212400005523600251,21/06/2025,13/06/2025,5821711192,BG008,Slavic,BG,12,12,IF,0.7746,1F,,NoMatch,D441/01,other
400005524600279,TELEVID8147_Scanner20,ES8108003582171119229400005524600279,21/06/2025,13/06/2025,5821711192,ES810,Romance,ES,8003,29,PUT A NEGATIVE PERSPECIVE ON MARIA ABOUT,0.7905,PUT A NEGATIVE PERSPECIVE ON MARIA ABOUT,,Match,D441/01,put Maria off buying/put Maria off/buying/put Maria off going to buy/put Maria off/going to buy/put Maria off wanting to buy/put Maria off/wanting to buy
60000002199000669,TELEVID4606_SCANNER19,PE044000393024489303460000002199000669,10/12/2024,05/12/2024,9302448930,PE044,Romance,PE,3,34,B,0.7752,B,,Match,D441/01,B
60000002199000686,TELEVID4606_SCANNER19,PE044002093024489301860000002199000686,10/12/2024,05/12/2024,9302448930,PE044,Romance,PE,20,18,ENDURING,0.7588,ENDURING,,Match,D441/01,enduring
60000002199000687,TELEVID4606_SCANNER19,PE044002193024489303560000002199000687,10/12/2024,05/12/2024,9302448930,PE044,Romance,PE,21,35,D,0.7705,D,,Match,D441/01,D
60000002199301141,TELEVID4608_SCANNER19,PE044002593024489303160000002199301141,10/12/2024,05/12/2024,9302448930,PE044,Romance,PE,25,31,A,0.7977,A,,Match,D441/01,C
60000002250300119,TELEVID4890_SCANNER19,DE299889355357134432960000002250300119,06/03/2025,01/03/2025,5535713443,DE299,Germanic,DE,8893,29,SEVERAL WEEKS AGO TOM'S ANKLE HADN'T BEEN TROUBLING,0.7883,SEVERAL WEEKS AGO TOM'S ANKLE HADN'T BEEN TROUBLING,,Match,D441/01,several weeks ago (that) Tom's ankle started troubling/several weeks ago (that)/Tom's ankle started troubling/several weeks ago (that) Tom's ankle began troubling/several weeks ago (that)/Tom's ankle began troubling/several weeks ago (that) Tom's ankle started bothering/several weeks ago (that)/Tom's ankle started bothering/several weeks ago (that) Tom's ankle began bothering/several weeks ago (that)/Tom's ankle began bothering/several weeks ago when Tom's ankle started troubling/several weeks ago when/Tom's ankle started troubling/several weeks ago when Tom's ankle began troubling/several weeks ago when/Tom's ankle began troubling/several weeks ago when Tom's ankle started bothering/several weeks ago when/Tom's ankle started bothering/several weeks ago when Tom's ankle began bothering/several weeks ago when/Tom's ankle began bothering/several weeks ago Tom's ankle began to bother/several weeks ago/Tom's ankle began to bother/several weeks ago Tom's ankle began to trouble/several weeks ago/Tom's ankle began to trouble/several weeks ago Tom's ankle started to bother/several weeks ago/Tom's ankle started to bother/several weeks ago Tom's ankle started to trouble/several weeks ago/Tom's ankle started to trouble
60000002250300121,TELEVID4890_SCANNER19,DE299889555357134432760000002250300121,06/03/2025,01/03/2025,5535713443,DE299,Germanic,DE,8895,27,IS DUE TO OPEN,0.7662,IS DUE TO OPEN,,Match,D441/01,[is/'s] due to open/[is/'s] due/to open/[is/'s] due to be open(ed)/[is/'s] due/to be open(ed)
60000002250300124,TELEVID4890_SCANNER19,DE299889855357134432860000002250300124,06/03/2025,01/03/2025,5535713443,DE299,Germanic,DE,8898,28,RUN THE RISK OF BEING MOCKED,0.7804,RUN THE RISK OF BEING MOCKED,,Match,D441/01,run the risk of being mocked/run the risk of/being mocked/run the risk of getting mocked/run the risk of/getting mocked/run the risk of being ridiculed/run the risk of/being ridiculed/run the risk of getting ridiculed/run the risk of/getting ridiculed
60000002250300124,TELEVID4890_SCANNER19,DE299889855357134433060000002250300124,06/03/2025,01/03/2025,5535713443,DE299,Germanic,DE,8898,30,"OF THE ORDINARY, IN THE",0.7529,"OF THE ORDINARY, IN THE",,Match,D441/01,of the ordinary in the/of the ordinary/in the
60000002250300124,TELEVID4890_SCANNER19,DE299889855357134433460000002250300124,06/03/2025,01/03/2025,5535713443,DE299,Germanic,DE,8898,34,B,0.7822,B,,Match,D441/01,B
60000002250300126,TELEVID4890_SCANNER19,DE29989005535713443360000002250300126,06/03/2025,01/03/2025,5535713443,DE299,Germanic,DE,8900,3,D,0.7966,D,,Match,D441/01,B
60000002250300130,TELEVID4890_SCANNER19,DE299891955357134433460000002250300130,06/03/2025,01/03/2025,5535713443,DE299,Germanic,DE,8919,34,--impossible--,0.7658,C,,NoMatch,D441/01,B
60000002250300150,TELEVID4890_SCANNER19,DE299891555357134432460000002250300150,06/03/2025,01/03/2025,5535713443,DE299,Germanic,DE,8915,24,COMPARABLE,0.7601,COMPADABLE,,NoMatch,D441/01,comparable
60000002252200243,TELEVID4903_SCANNER19,CH188000955357134432860000002252200243,10/03/2025,01/03/2025,5535713443,CH188,Germanic,CH,9,28,RISK A RUN IN WITH MOCKERY,0.7643,RISK A RUN IN WITH MOCKERY,,Match,D441/01,run the risk of being mocked/run the risk of/being mocked/run the risk of getting mocked/run the risk of/getting mocked/run the risk of being ridiculed/run the risk of/being ridiculed/run the risk of getting ridiculed/run the risk of/getting ridiculed
60000002252200245,TELEVID4903_SCANNER19,CH188001155357134432260000002252200245,10/03/2025,01/03/2025,5535713443,CH188,Germanic,CH,11,22,CONTINOUESLY,0.7712,CONTINOUESLY,,Match,D441/01,continuously/continually
60000002252200245,TELEVID4903_SCANNER19,CH188001155357134432860000002252200245,10/03/2025,01/03/2025,5535713443,CH188,Germanic,CH,11,28,ARE AT A RISK OF MOCKERY,0.7837,ARE AT A RISK OF MCCKERY,,NoMatch,D441/01,run the risk of being mocked/run the risk of/being mocked/run the risk of getting mocked/run the risk of/getting mocked/run the risk of being ridiculed/run the risk of/being ridiculed/run the risk of getting ridiculed/run the risk of/getting ridiculed
60000002252200245,TELEVID4903_SCANNER19,CH188001155357134432960000002252200245,10/03/2025,01/03/2025,5535713443,CH188,Germanic,CH,11,29,WEEKS AGO SINCE TOM'S ANELE CAUSES TROUBLE FOR,0.7636,WEEKS AGO SINCE TOM'S ANELE CAUSES TROUBLE FOR,,Match,D441/01,several weeks ago (that) Tom's ankle started troubling/several weeks ago (that)/Tom's ankle started troubling/several weeks ago (that) Tom's ankle began troubling/several weeks ago (that)/Tom's ankle began troubling/several weeks ago (that) Tom's ankle started bothering/several weeks ago (that)/Tom's ankle started bothering/several weeks ago (that) Tom's ankle began bothering/several weeks ago (that)/Tom's ankle began bothering/several weeks ago when Tom's ankle started troubling/several weeks ago when/Tom's ankle started troubling/several weeks ago when Tom's ankle began troubling/several weeks ago when/Tom's ankle began troubling/several weeks ago when Tom's ankle started bothering/several weeks ago when/Tom's ankle started bothering/several weeks ago when Tom's ankle began bothering/several weeks ago when/Tom's ankle began bothering/several weeks ago Tom's ankle began to bother/several weeks ago/Tom's ankle began to bother/several weeks ago Tom's ankle began to trouble/several weeks ago/Tom's ankle began to trouble/several weeks ago Tom's ankle started to bother/several weeks ago/Tom's ankle started to bother/several weeks ago Tom's ankle started to trouble/several weeks ago/Tom's ankle started to trouble
60000002252200245,TELEVID4903_SCANNER19,CH188001155357134433660000002252200245,10/03/2025,01/03/2025,5535713443,CH188,Germanic,CH,11,36,C,0.7875,--blank--,,NoMatch,D441/01,C
60000002252200248,TELEVID4903_SCANNER19,CH188001455357134433460000002252200248,10/03/2025,01/03/2025,5535713443,CH188,Germanic,CH,14,34,C,0.7605,C,,Match,D441/01,B
60000002252200249,TELEVID4903_SCANNER19,CH188001555357134432560000002252200249,10/03/2025,01/03/2025,5535713443,CH188,Germanic,CH,15,25,"HER MIND, WHICH RESULTED IN",0.762,"HER MIND, WHICH RESULTED IN",,Match,D441/01,and this resulted in (her having)/her mind which resulted in (her having)/her mind/which resulted in (her having)/her mind which resulted in her getting into/her mind/which resulted in her getting into/her mind and this resulted in (her having)/her mind
60000002252200250,TELEVID4903_SCANNER19,CH188001655357134432560000002252200250,10/03/2025,01/03/2025,5535713443,CH188,Germanic,CH,16,25,"HER MIND, RESULTED IN",0.7763,"HER MIND, RESULTED IN",,Match,D441/01,and this resulted in (her having)/her mind which resulted in (her having)/her mind/which resulted in (her having)/her mind which resulted in her getting into/her mind/which resulted in her getting into/her mind and this resulted in (her having)/her mind
60000002252200250,TELEVID4903_SCANNER19,CH188001655357134433660000002252200250,10/03/2025,01/03/2025,5535713443,CH188,Germanic,CH,16,36,C,0.7658,C,,Match,D441/01,C
60000002252200255,TELEVID4903_SCANNER19,CH188002155357134432560000002252200255,10/03/2025,01/03/2025,5535713443,CH188,Germanic,CH,21,25,WHICH RESULTED IN LAUSING,0.7543,WHICH RESULTED IN LAUSING,,Match,D441/01,and this resulted in (her having)/her mind which resulted in (her having)/her mind/which resulted in (her having)/her mind which resulted in her getting into/her mind/which resulted in her getting into/her mind and this resulted in (her having)/her mind
60000002252200290,TELEVID4903_SCANNER19,CH18800015535713443360000002252200290,10/03/2025,01/03/2025,5535713443,CH188,Germanic,CH,1,3,B,0.7791,B,,Match,D441/01,B
60000002252200296,TELEVID4903_SCANNER19,CH188000755357134432960000002252200296,10/03/2025,01/03/2025,5535713443,CH188,Germanic,CH,7,29,SEVERAL WEEKS AGO SINCE TOM'S ANKLE STARTED TROUBLING,0.756,SEVERAL WEEKS AGO SINCE TOM'S ANKLE STARTED TROUBLING,,Match,D441/01,several weeks ago (that) Tom's ankle started troubling/several weeks ago (that)/Tom's ankle started troubling/several weeks ago (that) Tom's ankle began troubling/several weeks ago (that)/Tom's ankle began troubling/several weeks ago (that) Tom's ankle started bothering/several weeks ago (that)/Tom's ankle started bothering/several weeks ago (that) Tom's ankle began bothering/several weeks ago (that)/Tom's ankle began bothering/several weeks ago when Tom's ankle started troubling/several weeks ago when/Tom's ankle started troubling/several weeks ago when Tom's ankle began troubling/several weeks ago when/Tom's ankle began troubling/several weeks ago when Tom's ankle started bothering/several weeks ago when/Tom's ankle started bothering/several weeks ago when Tom's ankle began bothering/several weeks ago when/Tom's ankle began bothering/several weeks ago Tom's ankle began to bother/several weeks ago/Tom's ankle began to bother/several weeks ago Tom's ankle began to trouble/several weeks ago/Tom's ankle began to trouble/several weeks ago Tom's ankle started to bother/several weeks ago/Tom's ankle started to bother/several weeks ago Tom's ankle started to trouble/several weeks ago/Tom's ankle started to trouble
60000002253100316,TELEVID4905_SCANNER19,GR118000855357134432960000002253100316,10/03/2025,01/03/2025,5535713443,GR118,Greek,GR,8,29,SEVERAL WEEKS AGO THAT TOM'S ANKLE STARTED TROUBLING,0.7941,SEVERAL WEEKS AGO THAT TOM'S ANKLE STARTED TROUBLING,,Match,D441/01,several weeks ago (that) Tom's ankle started troubling/several weeks ago (that)/Tom's ankle started troubling/several weeks ago (that) Tom's ankle began troubling/several weeks ago (that)/Tom's ankle began troubling/several weeks ago (that) Tom's ankle started bothering/several weeks ago (that)/Tom's ankle started bothering/several weeks ago (that) Tom's ankle began bothering/several weeks ago (that)/Tom's ankle began bothering/several weeks ago when Tom's ankle started troubling/several weeks ago when/Tom's ankle started troubling/several weeks ago when Tom's ankle began troubling/several weeks ago when/Tom's ankle began troubling/several weeks ago when Tom's ankle started bothering/several weeks ago when/Tom's ankle started bothering/several weeks ago when Tom's ankle began bothering/several weeks ago when/Tom's ankle began bothering/several weeks ago Tom's ankle began to bother/several weeks ago/Tom's ankle began to bother/several weeks ago Tom's ankle began to trouble/several weeks ago/Tom's ankle began to trouble/several weeks ago Tom's ankle started to bother/several weeks ago/Tom's ankle started to bother/several weeks ago Tom's ankle started to trouble/several weeks ago/Tom's ankle started to trouble
60000002253100316,TELEVID4905_SCANNER19,GR118000855357134433660000002253100316,10/03/2025,01/03/2025,5535713443,GR118,Greek,GR,8,36,B,0.7863,C,,NoMatch,D441/01,C
60000002253100338,TELEVID4905_SCANNER19,GR118801955357134432760000002253100338,10/03/2025,01/03/2025,5535713443,GR118,Greek,GR,8019,27,IS DUE TO OPEN,0.7927,IS DUE TO OPEN,,Match,D441/01,[is/'s] due to open/[is/'s] due/to open/[is/'s] due to be open(ed)/[is/'s] due/to be open(ed)
60000002254800134,TELEVID4911_SCANNER19,CH010800555357134433660000002254800134,10/03/2025,01/03/2025,5535713443,CH010,Germanic,CH,8005,36,C,0.7674,C,,Match,D441/01,C
60000002254800134,TELEVID4911_SCANNER19,CH010800555357134433860000002254800134,10/03/2025,01/03/2025,5535713443,CH010,Germanic,CH,8005,38,G,0.792,G,,Match,D441/01,G
60000002254800138,TELEVID4911_SCANNER19,CH010800955357134432260000002254800138,10/03/2025,01/03/2025,5535713443,CH010,Germanic,CH,8009,22,CONTINUENLY,0.7668,CONTINUENCY,,NoMatch,D441/01,continuously/continually
60000002254800138,TELEVID4911_SCANNER19,CH010800955357134432760000002254800138,10/03/2025,01/03/2025,5535713443,CH010,Germanic,CH,8009,27,IS DUE TO OPEN,0.7706,IS DUE TO OPEN,,Match,D441/01,[is/'s] due to open/[is/'s] due/to open/[is/'s] due to be open(ed)/[is/'s] due/to be open(ed)
60000002254800139,TELEVID4911_SCANNER19,CH010801055357134431160000002254800139,10/03/2025,01/03/2025,5535713443,CH010,Germanic,CH,8010,11,IF,0.759,1F,,NoMatch,D441/01,whereas/while/whilst/if/although
60000002254800140,TELEVID4911_SCANNER19,CH010801155357134432560000002254800140,10/03/2025,01/03/2025,5535713443,CH010,Germanic,CH,8011,25,HER MIND THAT RESULTED IN,0.7986,HER MIND THAT RESULTED IN,,Match,D441/01,and this resulted in (her having)/her mind which resulted in (her having)/her mind/which resulted in (her having)/her mind which resulted in her getting into/her mind/which resulted in her getting into/her mind and this resulted in (her having)/her mind
60000002254800143,TELEVID4911_SCANNER19,CH010801455357134432560000002254800143,10/03/2025,01/03/2025,5535713443,CH010,Germanic,CH,8014,25,"HER MINO, WHICH RESULTED IN",0.7901,"HER MINO, WHICH RESULTED IN",,Match,D441/01,and this resulted in (her having)/her mind which resulted in (her having)/her mind/which resulted in (her having)/her mind which resulted in her getting into/her mind/which resulted in her getting into/her mind and this resulted in (her having)/her mind
60000002254800147,TELEVID4911_SCANNER19,CH010801855357134434360000002254800147,10/03/2025,01/03/2025,5535713443,CH010,Germanic,CH,8018,43,B,0.76,B,,Match,D441/01,B
60000002254800149,TELEVID4911_SCANNER19,CH010802055357134432760000002254800149,10/03/2025,01/03/2025,5535713443,CH010,Germanic,CH,8020,27,OPENING IS DUE,0.7795,OPENING IS DUE,,Match,D441/01,[is/'s] due to open/[is/'s] due/to open/[is/'s] due to be open(ed)/[is/'s] due/to be open(ed)
60000002254800151,TELEVID4911_SCANNER19,CH010802255357134432960000002254800151,10/03/2025,01/03/2025,5535713443,CH010,Germanic,CH,8022,29,"SEVERAL WEEKS AGO, WHEN TOM'S ANKLE STARTED TROUBLING",0.755,"SEVERAL WEEKS AGO, WHEN TOM'S ANKLE STARTED TROUBLING",,Match,D441/01,several weeks ago (that) Tom's ankle started troubling/several weeks ago (that)/Tom's ankle started troubling/several weeks ago (that) Tom's ankle began troubling/several weeks ago (that)/Tom's ankle began troubling/several weeks ago (that) Tom's ankle started bothering/several weeks ago (that)/Tom's ankle started bothering/several weeks ago (that) Tom's ankle began bothering/several weeks ago (that)/Tom's ankle began bothering/several weeks ago when Tom's ankle started troubling/several weeks ago when/Tom's ankle started troubling/several weeks ago when Tom's ankle began troubling/several weeks ago when/Tom's ankle began troubling/several weeks ago when Tom's ankle started bothering/several weeks ago when/Tom's ankle started bothering/several weeks ago when Tom's ankle began bothering/several weeks ago when/Tom's ankle began bothering/several weeks ago Tom's ankle began to bother/several weeks ago/Tom's ankle began to bother/several weeks ago Tom's ankle began to trouble/several weeks ago/Tom's ankle began to trouble/several weeks ago Tom's ankle started to bother/several weeks ago/Tom's ankle started to bother/several weeks ago Tom's ankle started to trouble/several weeks ago/Tom's ankle started to trouble
60000002254800151,TELEVID4911_SCANNER19,CH010802255357134433060000002254800151,10/03/2025,01/03/2025,5535713443,CH010,Germanic,CH,8022,30,"ORDINARY, ACCORDING TO THE",0.7602,"ORDINARY, ACCORDING TO THE",,Match,D441/01,of the ordinary in the/of the ordinary/in the
60000002254800153,TELEVID4911_SCANNER19,CH010802455357134433160000002254800153,10/03/2025,01/03/2025,5535713443,CH010,Germanic,CH,8024,31,B,0.7674,B,,Match,D441/01,B
60000002255800252,TELEVID4912_SCANNER19,CZ014100555357134431960000002255800252,10/03/2025,01/03/2025,5535713443,CZ014,Slavic,CZ,1005,19,HANDLING,0.7618,HANDLING,,Match,D441/01,handling
60000002255800255,TELEVID4912_SCANNER19,CZ014100855357134432860000002255800255,10/03/2025,01/03/2025,5535713443,CZ014,Slavic,CZ,1008,28,RUN THE RISK OF GETTING MOCKED,0.7909,RUN THE RISK OF GETTING MOCKED,,Match,D441/01,run the risk of being mocked/run the risk of/being mocked/run the risk of getting mocked/run the risk of/getting mocked/run the risk of being ridiculed/run the risk of/being ridiculed/run the risk of getting ridiculed/run the risk of/getting ridiculed
60000002255800318,TELEVID4912_SCANNER19,CZ014200155357134431060000002255800318,10/03/2025,01/03/2025,5535713443,CZ014,Slavic,CZ,2001,10,THAT,0.7533,TAAT,,NoMatch,D441/01,that
60000002255800322,TELEVID4912_SCANNER19,CZ014200555357134431860000002255800322,10/03/2025,01/03/2025,5535713443,CZ014,Slavic,CZ,2005,18,ADHEREANCE,0.7863,ADHEREANCE,,Match,D441/01,adherence
60000002255800322,TELEVID4912_SCANNER19,CZ014200555357134433160000002255800322,10/03/2025,01/03/2025,5535713443,CZ014,Slavic,CZ,2005,31,B,0.7774,B,,Match,D441/01,B
60000002256100670,TELEVID4913_SCANNER19,CH008500355357134431960000002256100670,10/03/2025,01/03/2025,5535713443,CH008,Germanic,CH,5003,19,HANDLING,0.794,HANDLING,,Match,D441/01,handling
60000002256100673,TELEVID4913_SCANNER19,CH008500655357134432960000002256100673,10/03/2025,01/03/2025,5535713443,CH008,Germanic,CH,5006,29,AGES AGO SINCE TOM'S ANKLE HAS TROUBLED,0.7923,AGES AGO SINCE TOM'S ANKLE HAS TROUBLED,,Match,D441/01,several weeks ago (that) Tom's ankle started troubling/several weeks ago (that)/Tom's ankle started troubling/several weeks ago (that) Tom's ankle began troubling/several weeks ago (that)/Tom's ankle began troubling/several weeks ago (that) Tom's ankle started bothering/several weeks ago (that)/Tom's ankle started bothering/several weeks ago (that) Tom's ankle began bothering/several weeks ago (that)/Tom's ankle began bothering/several weeks ago when Tom's ankle started troubling/several weeks ago when/Tom's ankle started troubling/several weeks ago when Tom's ankle began troubling/several weeks ago when/Tom's ankle began troubling/several weeks ago when Tom's ankle started bothering/several weeks ago when/Tom's ankle started bothering/several weeks ago when Tom's ankle began bothering/several weeks ago when/Tom's ankle began bothering/several weeks ago Tom's ankle began to bother/several weeks ago/Tom's ankle began to bother/several weeks ago Tom's ankle began to trouble/several weeks ago/Tom's ankle began to trouble/several weeks ago Tom's ankle started to bother/several weeks ago/Tom's ankle started to bother/several weeks ago Tom's ankle started to trouble/several weeks ago/Tom's ankle started to trouble
60000002256100674,TELEVID4913_SCANNER19,CH008500755357134432560000002256100674,10/03/2025,01/03/2025,5535713443,CH008,Germanic,CH,5007,25,"HER MIND, WHICH RESULTED IN",0.7966,"HER MIND, WHICH RESULTED IN",,Match,D441/01,and this resulted in (her having)/her mind which resulted in (her having)/her mind/which resulted in (her having)/her mind which resulted in her getting into/her mind/which resulted in her getting into/her mind and this resulted in (her having)/her mind
60000002256100675,TELEVID4913_SCANNER19,CH008500855357134432860000002256100675,10/03/2025,01/03/2025,5535713443,CH008,Germanic,CH,5008,28,RUN THE RISK TO BE MOCKED,0.7864,RUN THE RISK TO BE MOCKED,,Match,D441/01,run the risk of being mocked/run the risk of/being mocked/run the risk of getting mocked/run the risk of/getting mocked/run the risk of being ridiculed/run the risk of/being ridiculed/run the risk of getting ridiculed/run the risk of/getting ridiculed
60000002256100681,TELEVID4913_SCANNER19,CH008501455357134432860000002256100681,10/03/2025,01/03/2025,5535713443,CH008,Germanic,CH,5014,28,MIGHT BE RUN AFTER,0.7609,MIGHT BE RUN AFTER,,Match,D441/01,run the risk of being mocked/run the risk of/being mocked/run the risk of getting mocked/run the risk of/getting mocked/run the risk of being ridiculed/run the risk of/being ridiculed/run the risk of getting ridiculed/run the risk of/getting ridiculed
60000002256100682,TELEVID4913_SCANNER19,CH008501555357134432860000002256100682,10/03/2025,01/03/2025,5535713443,CH008,Germanic,CH,5015,28,RUN THE RISK OF GETTING MOCKED,0.7575,RUN THE RISK OF GETTING MOCKED,,Match,D441/01,run the risk of being mocked/run the risk of/being mocked/run the risk of getting mocked/run the risk of/getting mocked/run the risk of being ridiculed/run the risk of/being ridiculed/run the risk of getting ridiculed/run the risk of/getting ridiculed
60000002256100685,TELEVID4913_SCANNER19,CH008501855357134431460000002256100685,10/03/2025,01/03/2025,5535713443,CH008,Germanic,CH,5018,14,MUCH,0.7794,MUCH,,Match,D441/01,much
60000002256100686,TELEVID4913_SCANNER19,CH008501955357134431660000002256100686,10/03/2025,01/03/2025,5535713443,CH008,Germanic,CH,5019,16,IT,0.7536,IT,,Match,D441/01,what
60000002256100687,TELEVID4913_SCANNER19,CH008502055357134432660000002256100687,10/03/2025,01/03/2025,5535713443,CH008,Germanic,CH,5020,26,HAS TECHNOLOGIE ADVANCED AS,0.7517,HAS TECHNOLOGIE ADVANCED AS,,Match,D441/01,has technology advanced as/has technology advanced/as/has technology advanced so/has technology advanced/so
60000002256100689,TELEVID4913_SCANNER19,CH008502255357134433460000002256100689,10/03/2025,01/03/2025,5535713443,CH008,Germanic,CH,5022,34,--blank--,0.7591,--blank--,,Match,D441/01,B
60000002256100690,TELEVID4913_SCANNER19,CH008502355357134433460000002256100690,10/03/2025,01/03/2025,5535713443,CH008,Germanic,CH,5023,34,--blank--,0.7736,--blank--,,Match,D441/01,B
60000002256100691,TELEVID4913_SCANNER19,CH008502455357134433560000002256100691,10/03/2025,01/03/2025,5535713443,CH008,Germanic,CH,5024,35,--blank--,0.7807,--blank--,,Match,D441/01,A
60000002261200287,TELEVID4916_SCANNER19,BG001000355357134433060000002261200287,11/03/2025,01/03/2025,5535713443,BG001,Slavic,BG,3,30,OF THE ORDINARY ACCORDING TO THE,0.7682,OF THE ORDINARY ACCORDING TO THE,,Match,D441/01,of the ordinary in the/of the ordinary/in the
60000002261200289,TELEVID4916_SCANNER19,BG001000555357134435160000002261200289,11/03/2025,01/03/2025,5535713443,BG001,Slavic,BG,5,51,B,0.7995,B,,Match,D441/01,B
60000002261200290,TELEVID4916_SCANNER19,BG001000655357134432560000002261200290,11/03/2025,01/03/2025,5535713443,BG001,Slavic,BG,6,25,"HER MIND, WHICH RESULTED IN",0.797,"HER MIND, WHICH RESULTED IN",,Match,D441/01,and this resulted in (her having)/her mind which resulted in (her having)/her mind/which resulted in (her having)/her mind which resulted in her getting into/her mind/which resulted in her getting into/her mind and this resulted in (her having)/her mind
60000002267500360,TELEVID4927_SCANNER19,DE004800655357134432760000002267500360,13/03/2025,01/03/2025,5535713443,DE004,Germanic,DE,8006,27,IS DUE TO OPEN,0.7778,IS DUE TO OPEN,,Match,D441/01,[is/'s] due to open/[is/'s] due/to open/[is/'s] due to be open(ed)/[is/'s] due/to be open(ed)
60000002267500362,TELEVID4927_SCANNER19,DE004800855357134432960000002267500362,13/03/2025,01/03/2025,5535713443,DE004,Germanic,DE,8008,29,SEVERAL WEEKS AGO AND TOM'S ANKLE STILL BOTHERS,0.7979,SEVERAL WEEKS AGO AND TOM'S ANKLE STILL BOTHER,,NoMatch,D441/01,several weeks ago (that) Tom's ankle started troubling/several weeks ago (that)/Tom's ankle started troubling/several weeks ago (that) Tom's ankle began troubling/several weeks ago (that)/Tom's ankle began troubling/several weeks ago (that) Tom's ankle started bothering/several weeks ago (that)/Tom's ankle started bothering/several weeks ago (that) Tom's ankle began bothering/several weeks ago (that)/Tom's ankle began bothering/several weeks ago when Tom's ankle started troubling/several weeks ago when/Tom's ankle started troubling/several weeks ago when Tom's ankle began troubling/several weeks ago when/Tom's ankle began troubling/several weeks ago when Tom's ankle started bothering/several weeks ago when/Tom's ankle started bothering/several weeks ago when Tom's ankle began bothering/several weeks ago when/Tom's ankle began bothering/several weeks ago Tom's ankle began to bother/several weeks ago/Tom's ankle began to bother/several weeks ago Tom's ankle began to trouble/several weeks ago/Tom's ankle began to trouble/several weeks ago Tom's ankle started to bother/several weeks ago/Tom's ankle started to bother/several weeks ago Tom's ankle started to trouble/several weeks ago/Tom's ankle started to trouble
60000002481000010,TELEVID5366_SCANNER18,GR118800673119239972460000002481000010,15/05/2025,10/05/2025,7311923997,GR118,Greek,GR,8006,24,REMARKABLY,0.7646,REMARKABLY,,Match,D441/01,remarkably
60000002481000010,TELEVID5366_SCANNER18,GR118800673119239972760000002481000010,15/05/2025,10/05/2025,7311923997,GR118,Greek,GR,8006,27,TO THE PROMT INTERVENTION OF,0.7827,70 THE PROMT INTERVENTION OF,,NoMatch,D441/01,to the prompt intervention on the part of/to the prompt intervention/on the part of/to a prompt intervention on the part of/to a prompt intervention/on the part of/to prompt intervention on the part of/to prompt intervention/on the part of/to the prompt intervention of/to the prompt intervention/of/to the prompt intervention by/to the prompt intervention/by/to the prompt intervention from/to the prompt intervention/from/to a prompt intervention by/to a prompt intervention/by/to a prompt intervention from/to a prompt intervention/from/to prompt intervention by/to prompt intervention/by/to prompt intervention from/to prompt intervention/from
60000002481000027,TELEVID5366_SCANNER18,GR118802373119239973660000002481000027,15/05/2025,10/05/2025,7311923997,GR118,Greek,GR,8023,36,C,0.7987,C,,Match,D441/01,C
60000002481000028,TELEVID5366_SCANNER18,GR118802473119239971660000002481000028,15/05/2025,10/05/2025,7311923997,GR118,Greek,GR,8024,16,LITLE,0.7506,LITLE,,Match,D441/01,few
60000002645200593,BX0756448_SCANNER19,GR118802423607922432560000002645200593,21/05/2025,17/05/2025,2360792243,GR118,Greek,GR,8024,25,NOT UP TO ME TO HANG,0.7661,NOT UP TO ME TO HANG,,Match,D441/01,not up to me to hand/not up to me/to hand/up to someone else to hand/up to someone else/to hand/up to somebody else to hand/up to somebody else/to hand
60000002645200594,BX0756448_SCANNER19,GR118802523607922431860000002645200594,21/05/2025,17/05/2025,2360792243,GR118,Greek,GR,8025,18,PHILOSOPHYCAL,0.7862,PHILOSOPHYCAL,,Match,D441/01,philosophical
60000002710200842,TELEVID5552_SCANNER18,GR005841123607922433460000002710200842,27/05/2025,17/05/2025,2360792243,GR005,Greek,GR,8411,34,C,0.7664,C,,Match,D441/01,B
60000002933300036,TELEVID5953_SCANNER18,PL00580169170088636160000002933300036,11/06/2025,07/06/2025,9170088636,PL005,Slavic,PL,8016,1,A,0.7607,A,,Match,D441/01,C
60000002933300036,TELEVID5953_SCANNER18,PL00580169170088636260000002933300036,11/06/2025,07/06/2025,9170088636,PL005,Slavic,PL,8016,2,B,0.79,B,,Match,D441/01,B
60000002933300042,TELEVID5953_SCANNER18,PL005802291700886361760000002933300042,11/06/2025,07/06/2025,9170088636,PL005,Slavic,PL,8022,17,INVALUABLE,0.7576,INVALUABLE,,Match,D441/01,invaluable
60000002933300043,TELEVID5953_SCANNER18,PL005802391700886362560000002933300043,11/06/2025,07/06/2025,9170088636,PL005,Slavic,PL,8023,25,WITH THE EXCEPTION OF AUNT SOPHIE,0.7637,WITH THE EXCEPTION OF AUNT SO PHIE,,NoMatch,D441/01,with the exception of Aunt Sophie/with the exception/of Aunt Sophie
60000002933300043,TELEVID5953_SCANNER18,PL005802391700886364160000002933300043,11/06/2025,07/06/2025,9170088636,PL005,Slavic,PL,8023,41,B,0.787,B,,Match,D441/01,B
60000002933300055,TELEVID5953_SCANNER18,BG008002091700886363160000002933300055,11/06/2025,07/06/2025,9170088636,BG008,Slavic,BG,20,31,D,0.776,D,,Match,D441/01,D
60000002933300061,TELEVID5953_SCANNER18,BG008002691700886362060000002933300061,11/06/2025,07/06/2025,9170088636,BG008,Slavic,BG,26,20,SCHOLARSHIP,0.7544,SCHOLARSHIP,,Match,D441/01,scholarship
60000002933300061,TELEVID5953_SCANNER18,BG008002691700886363060000002933300061,11/06/2025,07/06/2025,9170088636,BG008,Slavic,BG,26,30,DREW ATTENTION TO THE FACT THAT,0.7838,DREW ATTENTION TO THE FACT THAT,,Match,D441/01,drew it to our attention that/drew it to/our attention that/drew my attention to the fact that/drew my attention/to the fact that/drew our attention to the fact that/drew our attention/to the fact that/drew to my attention the fact that/drew to my attention/the fact that/drew to our attention the fact that/drew to our attention/the fact that/drew it to my attention that/drew it to/my attention that
60000002934300707,TELEVID5945_SCANNER18,ES020800291700886364160000002934300707,11/06/2025,07/06/2025,9170088636,ES020,Romance,ES,8002,41,B,0.7746,"B, C",,NoMatch,D441/01,B
60000002934300711,TELEVID5945_SCANNER18,ES020800691700886361660000002934300711,11/06/2025,07/06/2025,9170088636,ES020,Romance,ES,8006,16,ON,0.7986,ON,,Match,D441/01,in
60000002934300717,TELEVID5945_SCANNER18,ES020801291700886362560000002934300717,11/06/2025,07/06/2025,9170088636,ES020,Romance,ES,8012,25,IN EXCEPTION OF AUNT SOPHIE,0.7651,IN EXCEPTION OF AUNT SOPHIE,,Match,D441/01,with the exception of Aunt Sophie/with the exception/of Aunt Sophie
60000002934300717,TELEVID5945_SCANNER18,ES020801291700886363260000002934300717,11/06/2025,07/06/2025,9170088636,ES020,Romance,ES,8012,32,B,0.7982,B,,Match,D441/01,B
60000002934300720,TELEVID5945_SCANNER18,ES020801591700886362860000002934300720,11/06/2025,07/06/2025,9170088636,ES020,Romance,ES,8015,28,BEEN LED UNDER THE IMPRESSION,0.764,BEEN LED UNDER THE IMPRESSION,,Match,D441/01,been led to believe/been led/to believe/been led to think/been led/to think/been led to understand/been led/to understand
60000002934300723,TELEVID5945_SCANNER18,ES020801891700886361760000002934300723,11/06/2025,07/06/2025,9170088636,ES020,Romance,ES,8018,17,UNVALUABLE,0.7798,UNUALUABLE,,NoMatch,D441/01,invaluable
60000002934300725,TELEVID5945_SCANNER18,ES020802091700886361260000002934300725,11/06/2025,07/06/2025,9170088636,ES020,Romance,ES,8020,12,SOME,0.7926,SOME,,Match,D441/01,what
60000002934300730,TELEVID5945_SCANNER18,ES020802591700886363160000002934300730,11/06/2025,07/06/2025,9170088636,ES020,Romance,ES,8025,31,B,0.7825,B,,Match,D441/01,D
60000002934300730,TELEVID5945_SCANNER18,ES020802591700886363560000002934300730,11/06/2025,07/06/2025,9170088636,ES020,Romance,ES,8025,35,B,0.7927,B,,Match,D441/01,A
60000002934300732,TELEVID5945_SCANNER18,ES020802791700886361460000002934300732,11/06/2025,07/06/2025,9170088636,ES020,Romance,ES,8027,14,OUT,0.7564,OUT,,Match,D441/01,out
60000002934300732,TELEVID5945_SCANNER18,ES020802791700886363060000002934300732,11/06/2025,07/06/2025,9170088636,ES020,Romance,ES,8027,30,DREW ATTENTION TO THE FACT THAT,0.7973,DREW ATTENTION TO THE FACT THAT,,Match,D441/01,drew it to our attention that/drew it to/our attention that/drew my attention to the fact that/drew my attention/to the fact that/drew our attention to the fact that/drew our attention/to the fact that/drew to my attention the fact that/drew to my attention/the fact that/drew to our attention the fact that/drew to our attention/the fact that/drew it to my attention that/drew it to/my attention that
60000002934300734,TELEVID5945_SCANNER18,ES020802991700886363660000002934300734,11/06/2025,07/06/2025,9170088636,ES020,Romance,ES,8029,36,B,0.7587,B,,Match,D441/01,D
60000002934300746,TELEVID5945_SCANNER18,ES020804191700886361460000002934300746,11/06/2025,07/06/2025,9170088636,ES020,Romance,ES,8041,14,OUT,0.7855,OUT,,Match,D441/01,out
60000002934800247,TELEVID5951_SCANNER18,ES072800291700886363560000002934800247,11/06/2025,07/06/2025,9170088636,ES072,Romance,ES,8002,35,C,0.755,D,,NoMatch,D441/01,A
60000002934800248,TELEVID5951_SCANNER18,ES072800391700886362360000002934800248,11/06/2025,07/06/2025,9170088636,ES072,Romance,ES,8003,23,ACCE SIBLE,0.7944,ACCE SIBLE,,Match,D441/01,accessible
60000002934800252,TELEVID5951_SCANNER18,ES072800791700886362760000002934800252,11/06/2025,07/06/2025,9170088636,ES072,Romance,ES,8007,27,A DAY GOES BY WITHOUT,0.7899,A DAY GOES RX WITHOUT,,NoMatch,D441/01,a (single) day goes by without me/a (single) day goes by/without me/a (single) day goes by without my/a (single) day goes by/without my/a (single) day goes past without me/a (single) day goes past/without me/a (single) day goes past without my/a (single) day goes past/without my/one (single) day goes by without me/one (single) day goes by/without me/one (single) day goes by without my/one (single) day goes by/without my/one (single) day goes past without me/one (single) day goes past/without me/one (single) day goes past without my/one (single) day goes past/without my
60000002934800307,TELEVID5951_SCANNER18,ES072801891700886361260000002934800307,11/06/2025,07/06/2025,9170088636,ES072,Romance,ES,8018,12,WHICH,0.7623,WHICH,,Match,D441/01,what
60000002934800309,TELEVID5951_SCANNER18,ES072802091700886361460000002934800309,11/06/2025,07/06/2025,9170088636,ES072,Romance,ES,8020,14,OUT,0.7557,OUT,,Match,D441/01,out
60000002934800315,TELEVID5951_SCANNER18,ES072802691700886362660000002934800315,11/06/2025,07/06/2025,9170088636,ES072,Romance,ES,8026,26,NO INTENTION OF BEING RUDE,0.7703,NO INTENTION OF BEING RUDE,,Match,D441/01,no intention of being rude/no intention/of being rude
60000002934800318,TELEVID5951_SCANNER18,ES072802991700886362760000002934800318,11/06/2025,07/06/2025,9170088636,ES072,Romance,ES,8029,27,A DAY OF MY LIFE GOES BY WITHOUT,0.7599,A DAY OF MY LIFE GOES BY WITHOUT,,Match,D441/01,a (single) day goes by without me/a (single) day goes by/without me/a (single) day goes by without my/a (single) day goes by/without my/a (single) day goes past without me/a (single) day goes past/without me/a (single) day goes past without my/a (single) day goes past/without my/one (single) day goes by without me/one (single) day goes by/without me/one (single) day goes by without my/one (single) day goes by/without my/one (single) day goes past without me/one (single) day goes past/without me/one (single) day goes past without my/one (single) day goes past/without my
60000002934800320,TELEVID5951_SCANNER18,ES072803191700886363260000002934800320,11/06/2025,07/06/2025,9170088636,ES072,Romance,ES,8031,32,B,0.7652,B,,Match,D441/01,B
60000002934800324,TELEVID5951_SCANNER18,ES072803591700886364160000002934800324,11/06/2025,07/06/2025,9170088636,ES072,Romance,ES,8035,41,--impossible--,0.7957,D,,NoMatch,D441/01,B
60000002934800326,TELEVID5951_SCANNER18,ES072803791700886362760000002934800326,11/06/2025,07/06/2025,9170088636,ES072,Romance,ES,8037,27,A SINGLE DAY OF MY LIFE GOES WITHOUT,0.7875,A SINGLE DAY OF MY LIFE GOES WITHOUT,,Match,D441/01,a (single) day goes by without me/a (single) day goes by/without me/a (single) day goes by without my/a (single) day goes by/without my/a (single) day goes past without me/a (single) day goes past/without me/a (single) day goes past without my/a (single) day goes past/without my/one (single) day goes by without me/one (single) day goes by/without me/one (single) day goes by without my/one (single) day goes by/without my/one (single) day goes past without me/one (single) day goes past/without me/one (single) day goes past without my/one (single) day goes past/without my
60000002934800428,TELEVID5951_SCANNER18,BG001000291700886362860000002934800428,11/06/2025,07/06/2025,9170088636,BG001,Slavic,BG,2,28,BEEN LED TO BELIEVE,0.7965,BEEN LED TO BELIEVE,,Match,D441/01,been led to believe/been led/to believe/been led to think/been led/to think/been led to understand/been led/to understand
60000002934800428,TELEVID5951_SCANNER18,BG001000291700886362960000002934800428,11/06/2025,07/06/2025,9170088636,BG001,Slavic,BG,2,29,EXPLANATION WAS GIVEN AS,0.7647,EXPLANATION WAS GIVEN AS,,Match,D441/01,explanation was (ever) given as/explanation was (ever) given/as/reason was (ever) given as/reason was (ever) given/as
60000002934800430,TELEVID5951_SCANNER18,BG001000491700886363260000002934800430,11/06/2025,07/06/2025,9170088636,BG001,Slavic,BG,4,32,B,0.752,B,,Match,D441/01,B
60000002934800434,TELEVID5951_SCANNER18,BG001000891700886361760000002934800434,11/06/2025,07/06/2025,9170088636,BG001,Slavic,BG,8,17,INVALUABLE,0.7705,INVALVABLE,,NoMatch,D441/01,invaluable
60000002934800434,TELEVID5951_SCANNER18,BG001000891700886362260000002934800434,11/06/2025,07/06/2025,9170088636,BG001,Slavic,BG,8,22,UNPACKS,0.7809,UNPACKS,,Match,D441/01,unpacks
60000002934800439,TELEVID5951_SCANNER18,BG001001391700886363560000002934800439,11/06/2025,07/06/2025,9170088636,BG001,Slavic,BG,13,35,C,0.7661,C,,Match,D441/01,A
60000002934800443,TELEVID5951_SCANNER18,BG001001791700886362660000002934800443,11/06/2025,07/06/2025,9170088636,BG001,Slavic,BG,17,26,NO INTENTION OF BEING RUDE,0.7606,NO INTENTION OF BEING RUDE,,Match,D441/01,no intention of being rude/no intention/of being rude
60000002934800448,TELEVID5951_SCANNER18,BG001002291700886363260000002934800448,11/06/2025,07/06/2025,9170088636,BG001,Slavic,BG,22,32,B,0.7641,B,,Match,D441/01,B
60000002934800450,TELEVID5951_SCANNER18,BG00100249170088636960000002934800450,11/06/2025,07/06/2025,9170088636,BG001,Slavic,BG,24,9,OF,0.7509,OF,,Match,D441/01,of
60000002934800450,TELEVID5951_SCANNER18,BG001002491700886362760000002934800450,11/06/2025,07/06/2025,9170088636,BG001,Slavic,BG,24,27,A DAY IN MY LIFE GOES BY WITHOUT ME,0.7944,A DAY IN MY LIFE GOES BY WITH ME,,NoMatch,D441/01,a (single) day goes by without me/a (single) day goes by/without me/a (single) day goes by without my/a (single) day goes by/without my/a (single) day goes past without me/a (single) day goes past/without me/a (single) day goes past without my/a (single) day goes past/without my/one (single) day goes by without me/one (single) day goes by/without me/one (single) day goes by without my/one (single) day goes by/without my/one (single) day goes past without me/one (single) day goes past/without me/one (single) day goes past without my/one (single) day goes past/without my
60000002940900486,TELEVID5966_SCANNER18,ES459801191700886362360000002940900486,11/06/2025,07/06/2025,9170088636,ES459,Romance,ES,8011,23,ACCESSIBLE,0.7885,ALLESSIBLE,,NoMatch,D441/01,accessible
60000002940900486,TELEVID5966_SCANNER18,ES459801191700886363660000002940900486,11/06/2025,07/06/2025,9170088636,ES459,Romance,ES,8011,36,B,0.7799,B,,Match,D441/01,D
60000002941300140,TELEVID5959_SCANNER18,BG008003291700886363260000002941300140,11/06/2025,07/06/2025,9170088636,BG008,Slavic,BG,32,32,B,0.7902,B,,Match,D441/01,B
60000002941300146,TELEVID5959_SCANNER18,BG008003891700886362460000002941300146,11/06/2025,07/06/2025,9170088636,BG008,Slavic,BG,38,24,EXHAUSTING,0.7703,EXHAUSTING,,Match,D441/01,exhaustive
60000002941300148,TELEVID5959_SCANNER18,BG008004091700886362760000002941300148,11/06/2025,07/06/2025,9170088636,BG008,Slavic,BG,40,27,A DAY GOES BY WITHOUT ME,0.799,A DAY GOES BY WITHOUT ME,,Match,D441/01,a (single) day goes by without me/a (single) day goes by/without me/a (single) day goes by without my/a (single) day goes by/without my/a (single) day goes past without me/a (single) day goes past/without me/a (single) day goes past without my/a (single) day goes past/without my/one (single) day goes by without me/one (single) day goes by/without me/one (single) day goes by without my/one (single) day goes by/without my/one (single) day goes past without me/one (single) day goes past/without me/one (single) day goes past without my/one (single) day goes past/without my
60000002941300169,TELEVID5959_SCANNER18,BG008000291700886362460000002941300169,11/06/2025,07/06/2025,9170088636,BG008,Slavic,BG,2,24,EXHAUSTING,0.7716,EXHAUSTING,,Match,D441/01,exhaustive
60000002941300173,TELEVID5959_SCANNER18,BG008000691700886363060000002941300173,11/06/2025,07/06/2025,9170088636,BG008,Slavic,BG,6,30,DREW OUT THAT,0.7798,DREW OUT THAT,,Match,D441/01,drew it to our attention that/drew it to/our attention that/drew my attention to the fact that/drew my attention/to the fact that/drew our attention to the fact that/drew our attention/to the fact that/drew to my attention the fact that/drew to my attention/the fact that/drew to our attention the fact that/drew to our attention/the fact that/drew it to my attention that/drew it to/my attention that
60000002941300175,TELEVID5959_SCANNER18,BG008000891700886364160000002941300175,11/06/2025,07/06/2025,9170088636,BG008,Slavic,BG,8,41,B,0.7609,"B, C",,NoMatch,D441/01,B
60000002941300176,TELEVID5959_SCANNER18,BG008000991700886362660000002941300176,11/06/2025,07/06/2025,9170088636,BG008,Slavic,BG,9,26,NO INTENTION OF BEING RUDE,0.7928,NO INTENTION OF BEING PIDE,,NoMatch,D441/01,no intention of being rude/no intention/of being rude
60000002941300179,TELEVID5959_SCANNER18,BG008001291700886361760000002941300179,11/06/2025,07/06/2025,9170088636,BG008,Slavic,BG,12,17,INVALUABLE,0.787,INVFLUABLE,,NoMatch,D441/01,invaluable
60000002941300179,TELEVID5959_SCANNER18,BG008001291700886362560000002941300179,11/06/2025,07/06/2025,9170088636,BG008,Slavic,BG,12,25,WITH THE EXCEPTION OF AUNT SOPHIE,0.7832,WITH THE EXCEPTION OF AUNT SOPHIE,,Match,D441/01,with the exception of Aunt Sophie/with the exception/of Aunt Sophie
60000002941300237,TELEVID5959_SCANNER18,BG008004891700886363660000002941300237,11/06/2025,07/06/2025,9170088636,BG008,Slavic,BG,48,36,D,0.7793,D,,Match,D441/01,D
60000002941300241,TELEVID5959_SCANNER18,BG008005291700886362360000002941300241,11/06/2025,07/06/2025,9170088636,BG008,Slavic,BG,52,23,ACCESSIBLE,0.7686,ACCESSIBLE,,Match,D441/01,accessible
60000002941300244,TELEVID5959_SCANNER18,BG008005591700886363560000002941300244,11/06/2025,07/06/2025,9170088636,BG008,Slavic,BG,55,35,B,0.7852,B,,Match,D441/01,A
60000002941700072,TELEVID5960_SCANNER18,PL010800491700886361860000002941700072,11/06/2025,07/06/2025,9170088636,PL010,Slavic,PL,8004,18,UNINTUITIVE,0.7951,UNINTUITIVE,,Match,D441/01,intuitive
60000002941700072,TELEVID5960_SCANNER18,PL010800491700886361960000002941700072,11/06/2025,07/06/2025,9170088636,PL010,Slavic,PL,8004,19,EXPERTISE,0.7638,EXPERIISE,,NoMatch,D441/01,expertise
60000002941700095,TELEVID5960_SCANNER18,ES301800491700886361860000002941700095,11/06/2025,07/06/2025,9170088636,ES301,Romance,ES,8004,18,INTUITIONAL,0.7589,INTHITIONAL,,NoMatch,D441/01,intuitive
60000002941700098,TELEVID5960_SCANNER18,ES301800791700886363960000002941700098,11/06/2025,07/06/2025,9170088636,ES301,Romance,ES,8007,39,G,0.7726,G,,Match,D441/01,G
60000002941700099,TELEVID5960_SCANNER18,ES301800891700886362160000002941700099,11/06/2025,07/06/2025,9170088636,ES301,Romance,ES,8008,21,PERSUASIVELY,0.7668,PERSUASTVELY,,NoMatch,D441/01,persuasively
60000002941700103,TELEVID5960_SCANNER18,ES301801291700886361060000002941700103,11/06/2025,07/06/2025,9170088636,ES301,Romance,ES,8012,10,LITTLE,0.7941,LITTLE,,Match,D441/01,little
60000002941700110,TELEVID5960_SCANNER18,ES945000191700886361860000002941700110,11/06/2025,07/06/2025,9170088636,ES945,Romance,ES,1,18,INTUITIVE,0.7827,INTUITIVE,,Match,D441/01,intuitive
60000002942300166,TELEVID5946_SCANNER18,IT278000491700886362860000002942300166,11/06/2025,07/06/2025,9170088636,IT278,Romance,IT,4,28,BEEN LED TO BELIEVE,0.786,BEEN LED TO BELIEVE,,Match,D441/01,been led to believe/been led/to believe/been led to think/been led/to think/been led to understand/been led/to understand
60000002942300168,TELEVID5946_SCANNER18,IT278000691700886362960000002942300168,11/06/2025,07/06/2025,9170088636,IT278,Romance,IT,6,29,EXPLANATION WAS GIVEN AS,0.7882,EXPLANATION WAS GIVEN AS,,Match,D441/01,explanation was (ever) given as/explanation was (ever) given/as/reason was (ever) given as/reason was (ever) given/as
60000002942300170,TELEVID5946_SCANNER18,IT278000891700886362160000002942300170,11/06/2025,07/06/2025,9170088636,IT278,Romance,IT,8,21,PERSESUALLY,0.7964,PERSESUALLY,,Match,D441/01,persuasively
60000002942300170,TELEVID5946_SCANNER18,IT278000891700886363060000002942300170,11/06/2025,07/06/2025,9170088636,IT278,Romance,IT,8,30,DREW US A DICTURE OF WHY,0.7898,DREW US A DICTURE OF WHY,,Match,D441/01,drew it to our attention that/drew it to/our attention that/drew my attention to the fact that/drew my attention/to the fact that/drew our attention to the fact that/drew our attention/to the fact that/drew to my attention the fact that/drew to my attention/the fact that/drew to our attention the fact that/drew to our attention/the fact that/drew it to my attention that/drew it to/my attention that
60000002942300292,TELEVID5946_SCANNER18,ES44200029170088636660000002942300292,11/06/2025,07/06/2025,9170088636,ES442,Romance,ES,2,6,A,0.7656,"A, B",,NoMatch,D441/01,D
60000002942300308,TELEVID5946_SCANNER18,ES44200189170088636160000002942300308,11/06/2025,07/06/2025,9170088636,ES442,Romance,ES,18,1,B,0.782,B,,Match,D441/01,C
60000002942300630,TELEVID5946_SCANNER18,ES291800091700886361760000002942300630,11/06/2025,07/06/2025,9170088636,ES291,Romance,ES,8000,17,UNVALUABLE,0.7974,UNVALUABLE,,Match,D441/01,invaluable
60000002942300649,TELEVID5946_SCANNER18,ES291801991700886362860000002942300649,11/06/2025,07/06/2025,9170088636,ES291,Romance,ES,8019,28,BEEN LEO TO BELIEVE,0.7618,BEEN LEO TO BELIEVE,,Match,D441/01,been led to believe/been led/to believe/been led to think/been led/to think/been led to understand/been led/to understand
60000002942300652,TELEVID5946_SCANNER18,ES291802291700886362860000002942300652,11/06/2025,07/06/2025,9170088636,ES291,Romance,ES,8022,28,BEEN LED TO THE IMPRESSION,0.7768,BEEN LED TO THE IMPRESSION,,Match,D441/01,been led to believe/been led/to believe/been led to think/been led/to think/been led to understand/been led/to understand
60000002943100167,TELEVID5957_SCANNER18,PL001805591700886363460000002943100167,12/06/2025,07/06/2025,9170088636,PL001,Slavic,PL,8055,34,B,0.7517,B,,Match,D441/01,D
60000002943100580,TELEVID5957_SCANNER18,PL001800491700886362260000002943100580,12/06/2025,07/06/2025,9170088636,PL001,Slavic,PL,8004,22,UNPACKS,0.7778,UNPACUS,,NoMatch,D441/01,unpacks
60000002943100581,TELEVID5957_SCANNER18,PL001800591700886363260000002943100581,12/06/2025,07/06/2025,9170088636,PL001,Slavic,PL,8005,32,B,0.7886,B,,Match,D441/01,B
60000002943100582,TELEVID5957_SCANNER18,PL001800691700886362760000002943100582,12/06/2025,07/06/2025,9170088636,PL001,Slavic,PL,8006,27,A DAY GOES BY WITHOUT,0.7733,ADAY GOES BY WITHOUT,,NoMatch,D441/01,a (single) day goes by without me/a (single) day goes by/without me/a (single) day goes by without my/a (single) day goes by/without my/a (single) day goes past without me/a (single) day goes past/without me/a (single) day goes past without my/a (single) day goes past/without my/one (single) day goes by without me/one (single) day goes by/without me/one (single) day goes by without my/one (single) day goes by/without my/one (single) day goes past without me/one (single) day goes past/without me/one (single) day goes past without my/one (single) day goes past/without my
60000002943100596,TELEVID5957_SCANNER18,PL001802091700886362160000002943100596,12/06/2025,07/06/2025,9170088636,PL001,Slavic,PL,8020,21,PERSUADIBLY,0.7568,ERSUADIBLY,,NoMatch,D441/01,persuasively
60000002943100604,TELEVID5957_SCANNER18,PL001802891700886362760000002943100604,12/06/2025,07/06/2025,9170088636,PL001,Slavic,PL,8028,27,EVEN ONE DAY GOES ON WITHOUT,0.7933,EVEN ONE DAY GOES ON WITHOUT,,Match,D441/01,a (single) day goes by without me/a (single) day goes by/without me/a (single) day goes by without my/a (single) day goes by/without my/a (single) day goes past without me/a (single) day goes past/without me/a (single) day goes past without my/a (single) day goes past/without my/one (single) day goes by without me/one (single) day goes by/without me/one (single) day goes by without my/one (single) day goes by/without my/one (single) day goes past without me/one (single) day goes past/without me/one (single) day goes past without my/one (single) day goes past/without my
60000002943100616,TELEVID5957_SCANNER18,PL001804091700886363660000002943100616,12/06/2025,07/06/2025,9170088636,PL001,Slavic,PL,8040,36,B,0.7899,B,,Match,D441/01,D
60000002943100626,TELEVID5957_SCANNER18,PL001805091700886363660000002943100626,12/06/2025,07/06/2025,9170088636,PL001,Slavic,PL,8050,36,B,0.7796,B,,Match,D441/01,D
60000002944000197,TELEVID5967_SCANNER18,ES252000191700886362760000002944000197,12/06/2025,07/06/2025,9170088636,ES252,Romance,ES,1,27,A DAY GOES BY THAT I'M NOT,0.7848,A DAY GOES BY THAT I'M NOT,,Match,D441/01,a (single) day goes by without me/a (single) day goes by/without me/a (single) day goes by without my/a (single) day goes by/without my/a (single) day goes past without me/a (single) day goes past/without me/a (single) day goes past without my/a (single) day goes past/without my/one (single) day goes by without me/one (single) day goes by/without me/one (single) day goes by without my/one (single) day goes by/without my/one (single) day goes past without me/one (single) day goes past/without me/one (single) day goes past without my/one (single) day goes past/without my
60000002944000202,TELEVID5967_SCANNER18,ES252000691700886363060000002944000202,12/06/2025,07/06/2025,9170088636,ES252,Romance,ES,6,30,DREW TO OUR ATTENTION THAT,0.7572,DREW TO OUR ATTENTION THAT,,Match,D441/01,drew it to our attention that/drew it to/our attention that/drew my attention to the fact that/drew my attention/to the fact that/drew our attention to the fact that/drew our attention/to the fact that/drew to my attention the fact that/drew to my attention/the fact that/drew to our attention the fact that/drew to our attention/the fact that/drew it to my attention that/drew it to/my attention that
60000002944000203,TELEVID5967_SCANNER18,ES252000791700886362060000002944000203,12/06/2025,07/06/2025,9170088636,ES252,Romance,ES,7,20,SCHOLARSHIP,0.7556,SCHOLARSHIP,,Match,D441/01,scholarship
60000002944000205,TELEVID5967_SCANNER18,ES252000991700886362960000002944000205,12/06/2025,07/06/2025,9170088636,ES252,Romance,ES,9,29,EXPLANATIONS WERE GIVEN,0.788,EXPLANATIONS WERE GIVEN,,Match,D441/01,explanation was (ever) given as/explanation was (ever) given/as/reason was (ever) given as/reason was (ever) given/as
60000002944300133,TELEVID5977_SCANNER18,DE175000591700886365160000002944300133,12/06/2025,07/06/2025,9170088636,DE175,Germanic,DE,5,51,B,0.7987,B,,Match,D441/01,C
60000002951200101,televid6004_SCANNER18,IT017801091700886363460000002951200101,12/06/2025,07/06/2025,9170088636,IT017,Romance,IT,8010,34,D,0.7807,"A, D",,NoMatch,D441/01,D
60000002951200101,televid6004_SCANNER18,IT017801091700886364760000002951200101,12/06/2025,07/06/2025,9170088636,IT017,Romance,IT,8010,47,C,0.7588,C,,Match,D441/01,B
60000002951200102,televid6004_SCANNER18,IT017801191700886361760000002951200102,12/06/2025,07/06/2025,9170088636,IT017,Romance,IT,8011,17,UNVALUEABLE,0.7933,UNVALVEABLE,,NoMatch,D441/01,invaluable
60000002951200107,televid6004_SCANNER18,IT017801691700886363060000002951200107,12/06/2025,07/06/2025,9170088636,IT017,Romance,IT,8016,30,DREW OUR ATTENTION BY POINTING OUT THAT,0.7998,DREW OUR ATTENTION BY POINTING OUT THAT,,Match,D441/01,drew it to our attention that/drew it to/our attention that/drew my attention to the fact that/drew my attention/to the fact that/drew our attention to the fact that/drew our attention/to the fact that/drew to my attention the fact that/drew to my attention/the fact that/drew to our attention the fact that/drew to our attention/the fact that/drew it to my attention that/drew it to/my attention that
60000002952700023,televid5995_SCANNER18,GR118809191700886362360000002952700023,12/06/2025,07/06/2025,9170088636,GR118,Greek,GR,8091,23,ACCESSIBLE,0.7861,ACCESSIBLE,,Match,D441/01,accessible
60000002952700039,televid5995_SCANNER18,GR118810791700886362260000002952700039,12/06/2025,07/06/2025,9170088636,GR118,Greek,GR,8107,22,PACKES,0.7761,PACKES,,Match,D441/01,unpacks
60000002952700052,televid5995_SCANNER18,GR118812091700886362160000002952700052,12/06/2025,07/06/2025,9170088636,GR118,Greek,GR,8120,21,PERSUADIVLY,0.7671,PERSUADIVLY,,Match,D441/01,persuasively
60000002952700052,televid5995_SCANNER18,GR118812091700886362860000002952700052,12/06/2025,07/06/2025,9170088636,GR118,Greek,GR,8120,28,BEEN LED TO THE IMPRESSION,0.7678,BEEN LED TO THE IMPRESSION,,Match,D441/01,been led to believe/been led/to believe/been led to think/been led/to think/been led to understand/been led/to understand
60000002952700053,televid5995_SCANNER18,GR118812191700886361460000002952700053,12/06/2025,07/06/2025,9170088636,GR118,Greek,GR,8121,14,OUT,0.7879,OUT,,Match,D441/01,out
60000002952700072,televid5995_SCANNER18,GR118814091700886363660000002952700072,12/06/2025,07/06/2025,9170088636,GR118,Greek,GR,8140,36,B,0.7662,"B, C",,NoMatch,D441/01,D
60000002952700076,televid5995_SCANNER18,GR118814491700886363160000002952700076,12/06/2025,07/06/2025,9170088636,GR118,Greek,GR,8144,31,D,0.798,D,,Match,D441/01,D
60000002952700080,televid5995_SCANNER18,GR118814891700886361760000002952700080,12/06/2025,07/06/2025,9170088636,GR118,Greek,GR,8148,17,VALUABLE,0.7815,VALVABLE,,NoMatch,D441/01,invaluable
60000002952700083,televid5995_SCANNER18,GR118815191700886362060000002952700083,12/06/2025,07/06/2025,9170088636,GR118,Greek,GR,8151,20,SCHOLARMENT,0.774,SCHOLARMCUT,,NoMatch,D441/01,scholarship
60000002952700090,televid5995_SCANNER18,GR118815891700886363660000002952700090,12/06/2025,07/06/2025,9170088636,GR118,Greek,GR,8158,36,D,0.799,--blank--,,NoMatch,D441/01,D
60000002957900598,TELEVID6007_SCANNER18,GR11880789170088636360000002957900598,12/06/2025,07/06/2025,9170088636,GR118,Greek,GR,8078,3,C,0.7722,C,,Match,D441/01,D
60000002957900600,TELEVID6007_SCANNER18,GR118808091700886363660000002957900600,12/06/2025,07/06/2025,9170088636,GR118,Greek,GR,8080,36,C,0.7823,C,,Match,D441/01,D
60000002957900602,TELEVID6007_SCANNER18,GR118808291700886361860000002957900602,12/06/2025,07/06/2025,9170088636,GR118,Greek,GR,8082,18,INTUISIVE,0.7937,INTUISIVE,,Match,D441/01,intuitive
60000002957900605,TELEVID6007_SCANNER18,GR11880859170088636160000002957900605,12/06/2025,07/06/2025,9170088636,GR118,Greek,GR,8085,1,A,0.7686,"A, B",,NoMatch,D441/01,C
60000002957900606,TELEVID6007_SCANNER18,GR118808691700886363260000002957900606,12/06/2025,07/06/2025,9170088636,GR118,Greek,GR,8086,32,C,0.7856,C,,Match,D441/01,B
60000002957900654,TELEVID6007_SCANNER18,GR118840691700886362560000002957900654,12/06/2025,07/06/2025,9170088636,GR118,Greek,GR,8406,25,WITH THE EXCEPTION OF AUNT SOPHIE,0.7872,WITH THE EXCEPTION OF AUNT SUPPLIE,,NoMatch,D441/01,with the exception of Aunt Sophie/with the exception/of Aunt Sophie
60000002958700726,TELEVID6008_SCANNER18,ES431000491700886362460000002958700726,12/06/2025,07/06/2025,9170088636,ES431,Romance,ES,4,24,EXHAUSTIVE,0.7937,EXHAUSTIVE,,Match,D441/01,exhaustive
60000002958700842,TELEVID6008_SCANNER18,GR118841091700886362360000002958700842,12/06/2025,07/06/2025,9170088636,GR118,Greek,GR,8410,23,ACCESSIBLE,0.756,ACCESSIBLE,,Match,D441/01,accessible
60000002958700844,TELEVID6008_SCANNER18,PL002802791700886363260000002958700844,12/06/2025,07/06/2025,9170088636,PL002,Slavic,PL,8027,32,--impossible--,0.7946,D,,NoMatch,D441/01,B
60000002958700847,TELEVID6008_SCANNER18,PL002803091700886362160000002958700847,12/06/2025,07/06/2025,9170088636,PL002,Slavic,PL,8030,21,PERSUATION,0.7609,PERSUATION,,Match,D441/01,persuasively
60000002958700850,TELEVID6008_SCANNER18,PL002803391700886362960000002958700850,12/06/2025,07/06/2025,9170088636,PL002,Slavic,PL,8033,29,EXPLANATION WAS GIVEN AS,0.7516,EXPLANATION HAS GIVEN AS,,NoMatch,D441/01,explanation was (ever) given as/explanation was (ever) given/as/reason was (ever) given as/reason was (ever) given/as
60000002958700851,TELEVID6008_SCANNER18,PL002803491700886363260000002958700851,12/06/2025,07/06/2025,9170088636,PL002,Slavic,PL,8034,32,B,0.7695,B,,Match,D441/01,B
60000002958700857,TELEVID6008_SCANNER18,PL002804091700886363260000002958700857,12/06/2025,07/06/2025,9170088636,PL002,Slavic,PL,8040,32,C,0.7623,C,,Match,D441/01,B
60000002958700858,TELEVID6008_SCANNER18,PL002804191700886362160000002958700858,12/06/2025,07/06/2025,9170088636,PL002,Slavic,PL,8041,21,PERSUASIVELY,0.7908,PERSUASIVELY,,Match,D441/01,persuasively
60000002959700406,TELEVID6000_SCANNER18,IT240800991700886362760000002959700406,12/06/2025,07/06/2025,9170088636,IT240,Romance,IT,8009,27,A DAY GOES BY WITHOUT ME,0.7525,A DAY GOES BY WITHOUT ME,,Match,D441/01,a (single) day goes by without me/a (single) day goes by/without me/a (single) day goes by without my/a (single) day goes by/without my/a (single) day goes past without me/a (single) day goes past/without me/a (single) day goes past without my/a (single) day goes past/without my/one (single) day goes by without me/one (single) day goes by/without me/one (single) day goes by without my/one (single) day goes by/without my/one (single) day goes past without me/one (single) day goes past/without me/one (single) day goes past without my/one (single) day goes past/without my
60000002959700407,TELEVID6000_SCANNER18,IT24080109170088636360000002959700407,12/06/2025,07/06/2025,9170088636,IT240,Romance,IT,8010,3,D,0.792,D,,Match,D441/01,D
60000002970900638,TELEVID6042_SCANNER18,ES448000491700886362660000002970900638,13/06/2025,07/06/2025,9170088636,ES448,Romance,ES,4,26,NO INTENTION TO BE RUDE,0.7532,NO INTENTION TO BE RUDE,,Match,D441/01,no intention of being rude/no intention/of being rude
60000002970900638,TELEVID6042_SCANNER18,ES448000491700886363060000002970900638,13/06/2025,07/06/2025,9170088636,ES448,Romance,ES,4,30,DREW OUR ATTENTION TO THE FACT THAT,0.7781,DREW OUR ATTENTION TO THE FACT THAT,,Match,D441/01,drew it to our attention that/drew it to/our attention that/drew my attention to the fact that/drew my attention/to the fact that/drew our attention to the fact that/drew our attention/to the fact that/drew to my attention the fact that/drew to my attention/the fact that/drew to our attention the fact that/drew to our attention/the fact that/drew it to my attention that/drew it to/my attention that
60000002970900639,TELEVID6042_SCANNER18,ES448000591700886362160000002970900639,13/06/2025,07/06/2025,9170088636,ES448,Romance,ES,5,21,PERSUADINGLY,0.7664,PERSVADINGLY,,NoMatch,D441/01,persuasively
60000002970900639,TELEVID6042_SCANNER18,ES448000591700886363460000002970900639,13/06/2025,07/06/2025,9170088636,ES448,Romance,ES,5,34,B,0.761,B,,Match,D441/01,D
60000002970900642,TELEVID6042_SCANNER18,ES448000891700886362260000002970900642,13/06/2025,07/06/2025,9170088636,ES448,Romance,ES,8,22,UNPACKS,0.7588,UNPACKS,,Match,D441/01,unpacks
60000002970900643,TELEVID6042_SCANNER18,ES448000991700886361460000002970900643,13/06/2025,07/06/2025,9170088636,ES448,Romance,ES,9,14,OUT,0.7935,OUT,,Match,D441/01,out
60000002971100051,TELEVID6041_SCANNER18,ES434800691700886362360000002971100051,13/06/2025,07/06/2025,9170088636,ES434,Romance,ES,8006,23,ACCESSIBLE,0.7804,DCCESSIBLE,,NoMatch,D441/01,accessible
60000002971100051,TELEVID6041_SCANNER18,ES434800691700886362560000002971100051,13/06/2025,07/06/2025,9170088636,ES434,Romance,ES,8006,25,WITH THE EXCEPTION OF AUN SOPHIE,0.7657,WITH THE EXCEPTION OF PUN SOPHIE,,NoMatch,D441/01,with the exception of Aunt Sophie/with the exception/of Aunt Sophie
60000002971100051,TELEVID6041_SCANNER18,ES434800691700886363060000002971100051,13/06/2025,07/06/2025,9170088636,ES434,Romance,ES,8006,30,DREW OUR ATTENTION TO THE FACT THAT,0.7522,DREW OUR ATTENTION TO THE FACT THAT,,Match,D441/01,drew it to our attention that/drew it to/our attention that/drew my attention to the fact that/drew my attention/to the fact that/drew our attention to the fact that/drew our attention/to the fact that/drew to my attention the fact that/drew to my attention/the fact that/drew to our attention the fact that/drew to our attention/the fact that/drew it to my attention that/drew it to/my attention that
60000002971600580,TELEVID6025_SCANNER18,BG005004491700886363260000002971600580,13/06/2025,07/06/2025,9170088636,BG005,Slavic,BG,44,32,B,0.7955,B,,Match,D441/01,B
60000002971600738,TELEVID6025_SCANNER18,BG005003491700886363660000002971600738,13/06/2025,07/06/2025,9170088636,BG005,Slavic,BG,34,36,D,0.7719,C,,NoMatch,D441/01,D
60000002971600742,TELEVID6025_SCANNER18,BG005003891700886362660000002971600742,13/06/2025,07/06/2025,9170088636,BG005,Slavic,BG,38,26,NO INTENTION TO BE RUDE,0.7801,NO INTENTION TO BE RUDE,,Match,D441/01,no intention of being rude/no intention/of being rude
60000002971600744,TELEVID6025_SCANNER18,BG005004091700886362160000002971600744,13/06/2025,07/06/2025,9170088636,BG005,Slavic,BG,40,21,PERSUADETIVELY,0.7881,PERSUADETIVELY,,Match,D441/01,persuasively
60000002971600744,TELEVID6025_SCANNER18,BG005004091700886362860000002971600744,13/06/2025,07/06/2025,9170088636,BG005,Slavic,BG,40,28,THE IMPRESSION THAT LED ME THINKING,0.7637,THE IMPRESSION THAT LED ME THINKING,,Match,D441/01,been led to believe/been led/to believe/been led to think/been led/to think/been led to understand/been led/to understand
60000002971600744,TELEVID6025_SCANNER18,BG005004091700886363460000002971600744,13/06/2025,07/06/2025,9170088636,BG005,Slavic,BG,40,34,A,0.7917,A,,Match,D441/01,D
60000002971600744,TELEVID6025_SCANNER18,BG005004091700886363860000002971600744,13/06/2025,07/06/2025,9170088636,BG005,Slavic,BG,40,38,A,0.7682,A,,Match,D441/01,A
60000002971600747,TELEVID6025_SCANNER18,BG005002391700886362260000002971600747,13/06/2025,07/06/2025,9170088636,BG005,Slavic,BG,23,22,UNPACK,0.7847,UNPACK,,Match,D441/01,unpacks
60000002971600748,TELEVID6025_SCANNER18,BG00500249170088636660000002971600748,13/06/2025,07/06/2025,9170088636,BG005,Slavic,BG,24,6,A,0.789,"A, B",,NoMatch,D441/01,D
60000002971600749,TELEVID6025_SCANNER18,BG005002591700886363560000002971600749,13/06/2025,07/06/2025,9170088636,BG005,Slavic,BG,25,35,A,0.7921,"A, B",,NoMatch,D441/01,A
60000002971600754,TELEVID6025_SCANNER18,BG005003091700886363460000002971600754,13/06/2025,07/06/2025,9170088636,BG005,Slavic,BG,30,34,B,0.7826,B,,Match,D441/01,D
60000002973800333,TELEVID6046_SCANNER18,ES391900191700886362560000002973800333,13/06/2025,07/06/2025,9170088636,ES391,Romance,ES,9001,25,"WITH AN EXCEPTION TO AUNT SOPHIE,",0.7693,WITH AN EXCEPTION TO AUNT SOPHIE,,NoMatch,D441/01,with the exception of Aunt Sophie/with the exception/of Aunt Sophie
60000002973800335,TELEVID6046_SCANNER18,ES391900391700886363660000002973800335,13/06/2025,07/06/2025,9170088636,ES391,Romance,ES,9003,36,B,0.7929,B,,Match,D441/01,D
60000002973800343,TELEVID6046_SCANNER18,ES391980191700886362860000002973800343,13/06/2025,07/06/2025,9170088636,ES391,Romance,ES,9801,28,AN IMPRESSION THAT LED ME TO BELIEVE,0.79,AN IMPRESSION THAT LED ME TO BELIEVE,,Match,D441/01,been led to believe/been led/to believe/been led to think/been led/to think/been led to understand/been led/to understand
60000002973800347,TELEVID6046_SCANNER18,ES39198059170088636360000002973800347,13/06/2025,07/06/2025,9170088636,ES391,Romance,ES,9805,3,D,0.7997,D,,Match,D441/01,D
60000002974000049,TELEVID6037_SCANNER18,IT282801191700886361760000002974000049,13/06/2025,07/06/2025,9170088636,IT282,Romance,IT,8011,17,INVALUEABLE,0.7927,INVALVEABLE,,NoMatch,D441/01,invaluable
60000002974700268,TELEVID6054_SCANNER18,CZ014800391700886362560000002974700268,13/06/2025,07/06/2025,9170088636,CZ014,Slavic,CZ,8003,25,WITH THE EXECPTION OF AUNT SOPHIE,0.7943,WITH THE EXECPTION OF AUNT SOPHIE,,Match,D441/01,with the exception of Aunt Sophie/with the exception/of Aunt Sophie
60000002974700273,TELEVID6054_SCANNER18,CZ014800891700886363460000002974700273,13/06/2025,07/06/2025,9170088636,CZ014,Slavic,CZ,8008,34,D,0.7604,--blank--,,NoMatch,D441/01,D
60000002976200599,TELEVID6058_SCANNER18,ES426000191700886362460000002976200599,13/06/2025,07/06/2025,9170088636,ES426,Romance,ES,1,24,EXHAUSTIVE,0.7776,EXNAUSTIVE,,NoMatch,D441/01,exhaustive
60000002976500120,TELEVID6036_SCANNER18,BG005005391700886361760000002976500120,13/06/2025,07/06/2025,9170088636,BG005,Slavic,BG,53,17,INVALUABLE,0.7987,INVALVABLE,,NoMatch,D441/01,invaluable
60000002976500124,TELEVID6036_SCANNER18,BG005005791700886362760000002976500124,13/06/2025,07/06/2025,9170088636,BG005,Slavic,BG,57,27,ONE DAY GOES BY WITHOUT ME,0.7625,ONE DAY GOES BY WITHOUT ME,,Match,D441/01,a (single) day goes by without me/a (single) day goes by/without me/a (single) day goes by without my/a (single) day goes by/without my/a (single) day goes past without me/a (single) day goes past/without me/a (single) day goes past without my/a (single) day goes past/without my/one (single) day goes by without me/one (single) day goes by/without me/one (single) day goes by without my/one (single) day goes by/without my/one (single) day goes past without me/one (single) day goes past/without me/one (single) day goes past without my/one (single) day goes past/without my
60000002976500577,TELEVID6036_SCANNER18,BG00800689170088636960000002976500577,13/06/2025,07/06/2025,9170088636,BG008,Slavic,BG,68,9,OF,0.7591,DF,,NoMatch,D441/01,of
60000002976500578,TELEVID6036_SCANNER18,BG008006991700886361460000002976500578,13/06/2025,07/06/2025,9170088636,BG008,Slavic,BG,69,14,OUT,0.7693,DUT,,NoMatch,D441/01,out
60000002976500579,TELEVID6036_SCANNER18,BG008007091700886363260000002976500579,13/06/2025,07/06/2025,9170088636,BG008,Slavic,BG,70,32,B,0.7723,B,,Match,D441/01,B
60000002976500580,TELEVID6036_SCANNER18,BG008007191700886363160000002976500580,13/06/2025,07/06/2025,9170088636,BG008,Slavic,BG,71,31,C,0.7804,C,,Match,D441/01,D
60000002976500586,TELEVID6036_SCANNER18,BG008007791700886361860000002976500586,13/06/2025,07/06/2025,9170088636,BG008,Slavic,BG,77,18,INTUITIVE,0.7947,INTUITIVE,,Match,D441/01,intuitive
60000002976900328,TELEVID6051_SCANNER18,PL277000191700886363060000002976900328,13/06/2025,07/06/2025,9170088636,PL277,Slavic,PL,1,30,DREW THE CONCLUSION THAT,0.7911,DREW THE CONCLUSION THAT,,Match,D441/01,drew it to our attention that/drew it to/our attention that/drew my attention to the fact that/drew my attention/to the fact that/drew our attention to the fact that/drew our attention/to the fact that/drew to my attention the fact that/drew to my attention/the fact that/drew to our attention the fact that/drew to our attention/the fact that/drew it to my attention that/drew it to/my attention that
60000002976900328,TELEVID6051_SCANNER18,PL277000191700886363360000002976900328,13/06/2025,07/06/2025,9170088636,PL277,Slavic,PL,1,33,B,0.7624,B,,Match,D441/01,B
60000002976900328,TELEVID6051_SCANNER18,PL277000191700886363560000002976900328,13/06/2025,07/06/2025,9170088636,PL277,Slavic,PL,1,35,C,0.779,C,,Match,D441/01,A
60000002976900330,TELEVID6051_SCANNER18,PL27700039170088636360000002976900330,13/06/2025,07/06/2025,9170088636,PL277,Slavic,PL,3,3,B,0.7857,B,,Match,D441/01,D
60000002976900330,TELEVID6051_SCANNER18,PL277000391700886363460000002976900330,13/06/2025,07/06/2025,9170088636,PL277,Slavic,PL,3,34,B,0.788,B,,Match,D441/01,D
60000002982800166,TELEVID6050_SCANNER18,ES438002091700886362760000002982800166,14/06/2025,07/06/2025,9170088636,ES438,Romance,ES,20,27,A SINGLE DAY GOES ON WITHOUT,0.783,A SINGLE DAY GOES ON WITHOUT,,Match,D441/01,a (single) day goes by without me/a (single) day goes by/without me/a (single) day goes by without my/a (single) day goes by/without my/a (single) day goes past without me/a (single) day goes past/without me/a (single) day goes past without my/a (single) day goes past/without my/one (single) day goes by without me/one (single) day goes by/without me/one (single) day goes by without my/one (single) day goes by/without my/one (single) day goes past without me/one (single) day goes past/without me/one (single) day goes past without my/one (single) day goes past/without my
60000002982800168,TELEVID6050_SCANNER18,ES438002291700886361960000002982800168,14/06/2025,07/06/2025,9170088636,ES438,Romance,ES,22,19,EXPERTIESE,0.7546,EXPERTIESE,,Match,D441/01,expertise
60000002982800169,TELEVID6050_SCANNER18,ES438002391700886362760000002982800169,14/06/2025,07/06/2025,9170088636,ES438,Romance,ES,23,27,A DAY GOES BY WITHOUT ME,0.7755,A DAY GOES BY WITHOUT ME,,Match,D441/01,a (single) day goes by without me/a (single) day goes by/without me/a (single) day goes by without my/a (single) day goes by/without my/a (single) day goes past without me/a (single) day goes past/without me/a (single) day goes past without my/a (single) day goes past/without my/one (single) day goes by without me/one (single) day goes by/without me/one (single) day goes by without my/one (single) day goes by/without my/one (single) day goes past without me/one (single) day goes past/without me/one (single) day goes past without my/one (single) day goes past/without my
60000002982800170,TELEVID6050_SCANNER18,ES438002491700886362160000002982800170,14/06/2025,07/06/2025,9170088636,ES438,Romance,ES,24,21,PERSUADED,0.7596,PERSUADED,,Match,D441/01,persuasively
60000002983000499,TELEVID6056_SCANNER18,CZ014100291700886363560000002983000499,14/06/2025,07/06/2025,9170088636,CZ014,Slavic,CZ,1002,35,C,0.7507,C,,Match,D441/01,A
60000002983000501,TELEVID6056_SCANNER18,CZ014100491700886361860000002983000501,14/06/2025,07/06/2025,9170088636,CZ014,Slavic,CZ,1004,18,INTUITIVE,0.7709,LATOITIVE,,NoMatch,D441/01,intuitive
60000002983000503,TELEVID6056_SCANNER18,CZ014100691700886362760000002983000503,14/06/2025,07/06/2025,9170088636,CZ014,Slavic,CZ,1006,27,A DAY GOES BY WITHOUT MY,0.7851,A DAY GOES BY WITHOUT HY,,NoMatch,D441/01,a (single) day goes by without me/a (single) day goes by/without me/a (single) day goes by without my/a (single) day goes by/without my/a (single) day goes past without me/a (single) day goes past/without me/a (single) day goes past without my/a (single) day goes past/without my/one (single) day goes by without me/one (single) day goes by/without me/one (single) day goes by without my/one (single) day goes by/without my/one (single) day goes past without me/one (single) day goes past/without me/one (single) day goes past without my/one (single) day goes past/without my
60000002983300336,TELEVID6028_SCANNER18,ES001800191700886363260000002983300336,14/06/2025,07/06/2025,9170088636,ES001,Romance,ES,8001,32,B,0.7554,B,,Match,D441/01,B
60000002983300338,TELEVID6028_SCANNER18,ES001800391700886361860000002983300338,14/06/2025,07/06/2025,9170088636,ES001,Romance,ES,8003,18,INTUITIVE,0.7838,INTUITIVE,,Match,D441/01,intuitive
60000002983300547,TELEVID6028_SCANNER18,GE001000291700886362760000002983300547,14/06/2025,07/06/2025,9170088636,GE001,Others,GE,2,27,A DAY GOES BY WITHOUT ME,0.7793,A DAY GOESBY WITHOUT ME,,NoMatch,D441/01,a (single) day goes by without me/a (single) day goes by/without me/a (single) day goes by without my/a (single) day goes by/without my/a (single) day goes past without me/a (single) day goes past/without me/a (single) day goes past without my/a (single) day goes past/without my/one (single) day goes by without me/one (single) day goes by/without me/one (single) day goes by without my/one (single) day goes by/without my/one (single) day goes past without me/one (single) day goes past/without me/one (single) day goes past without my/one (single) day goes past/without my
60000002983300551,TELEVID6028_SCANNER18,GE001000691700886364260000002983300551,14/06/2025,07/06/2025,9170088636,GE001,Others,GE,6,42,G,0.7891,"D, G",,NoMatch,D441/01,F
60000003011800061,TELEVID6052_SCANNER18,ES337000591700886362960000003011800061,16/06/2025,07/06/2025,9170088636,ES337,Romance,ES,5,29,EXPLANATION WAS GIVEN AS,0.7513,EXPLANATION WAS VIVEN AS,,NoMatch,D441/01,explanation was (ever) given as/explanation was (ever) given/as/reason was (ever) given as/reason was (ever) given/as
60000003011800452,TELEVID6052_SCANNER18,ES467000391700886362860000003011800452,16/06/2025,07/06/2025,9170088636,ES467,Romance,ES,3,28,INFORMATION THAT LED ME TO BELIEVE,0.7668,INFORMATION THAT LED BE TO BELIEVE,,NoMatch,D441/01,been led to believe/been led/to believe/been led to think/been led/to think/been led to understand/been led/to understand
60000003011800454,TELEVID6052_SCANNER18,ES467000591700886363660000003011800454,16/06/2025,07/06/2025,9170088636,ES467,Romance,ES,5,36,D,0.7972,D,,Match,D441/01,D
60000003011800458,TELEVID6052_SCANNER18,ES467000991700886362560000003011800458,16/06/2025,07/06/2025,9170088636,ES467,Romance,ES,9,25,"WITH THE EXCEPTION OF AUNT SOPHIE,",0.7599,WITH THE EXCEPTION OF AUNT SOPHIE,,NoMatch,D441/01,with the exception of Aunt Sophie/with the exception/of Aunt Sophie
60000003012400514,TELEVID6063_SCANNER18,ES383808491700886363260000003012400514,16/06/2025,07/06/2025,9170088636,ES383,Romance,ES,8084,32,B,0.7579,B,,Match,D441/01,B
60000003012800001,TELEVID6072_SCANNER18,ES383803691700886361860000003012800001,16/06/2025,07/06/2025,9170088636,ES383,Romance,ES,8036,18,INTUIVE,0.7778,INTUIVE,,Match,D441/01,intuitive
60000003012800001,TELEVID6072_SCANNER18,ES383803691700886363260000003012800001,16/06/2025,07/06/2025,9170088636,ES383,Romance,ES,8036,32,B,0.7671,B,,Match,D441/01,B
60000003012800002,TELEVID6072_SCANNER18,ES383803791700886362860000003012800002,16/06/2025,07/06/2025,9170088636,ES383,Romance,ES,8037,28,BEEN LED TO THE IDEA,0.7643,BEEN LED TO THE IDEA,,Match,D441/01,been led to believe/been led/to believe/been led to think/been led/to think/been led to understand/been led/to understand
60000003012800007,TELEVID6072_SCANNER18,ES383804291700886363660000003012800007,16/06/2025,07/06/2025,9170088636,ES383,Romance,ES,8042,36,B,0.7613,C,,NoMatch,D441/01,D
60000003012800015,TELEVID6072_SCANNER18,ES383805091700886361860000003012800015,16/06/2025,07/06/2025,9170088636,ES383,Romance,ES,8050,18,INTUITICIOUS,0.7833,INTUITICIOUS,,Match,D441/01,intuitive
60000003012800021,TELEVID6072_SCANNER18,ES38380569170088636360000003012800021,16/06/2025,07/06/2025,9170088636,ES383,Romance,ES,8056,3,A,0.7887,A,,Match,D441/01,D
60000003012800028,TELEVID6072_SCANNER18,ES383806391700886363260000003012800028,16/06/2025,07/06/2025,9170088636,ES383,Romance,ES,8063,32,B,0.7538,B,,Match,D441/01,B
60000003012800321,TELEVID6072_SCANNER18,ES383801591700886361760000003012800321,16/06/2025,07/06/2025,9170088636,ES383,Romance,ES,8015,17,UNVALUABLE,0.7591,UNVALUABLE,,Match,D441/01,invaluable
60000003012800324,TELEVID6072_SCANNER18,ES383801891700886363260000003012800324,16/06/2025,07/06/2025,9170088636,ES383,Romance,ES,8018,32,B,0.7675,C,,NoMatch,D441/01,B
60000003012800328,TELEVID6072_SCANNER18,ES383802291700886363060000003012800328,16/06/2025,07/06/2025,9170088636,ES383,Romance,ES,8022,30,DREW OUT THAT,0.7952,DREW OUTTHAT,,NoMatch,D441/01,drew it to our attention that/drew it to/our attention that/drew my attention to the fact that/drew my attention/to the fact that/drew our attention to the fact that/drew our attention/to the fact that/drew to my attention the fact that/drew to my attention/the fact that/drew to our attention the fact that/drew to our attention/the fact that/drew it to my attention that/drew it to/my attention that
60000003012800333,TELEVID6072_SCANNER18,ES383802791700886362260000003012800333,16/06/2025,07/06/2025,9170088636,ES383,Romance,ES,8027,22,UNPACKS,0.7593,UNPACKS,,Match,D441/01,unpacks
60000003012800333,TELEVID6072_SCANNER18,ES383802791700886363060000003012800333,16/06/2025,07/06/2025,9170088636,ES383,Romance,ES,8027,30,DREW UPON THE FACT THAT,0.797,DREW UPON THE FACT THAT,,Match,D441/01,drew it to our attention that/drew it to/our attention that/drew my attention to the fact that/drew my attention/to the fact that/drew our attention to the fact that/drew our attention/to the fact that/drew to my attention the fact that/drew to my attention/the fact that/drew to our attention the fact that/drew to our attention/the fact that/drew it to my attention that/drew it to/my attention that
60000003012800334,TELEVID6072_SCANNER18,ES383802891700886362260000003012800334,16/06/2025,07/06/2025,9170088636,ES383,Romance,ES,8028,22,UNPACKS,0.7658,UNPACKS,,Match,D441/01,unpacks
60000003012800335,TELEVID6072_SCANNER18,ES383802991700886363460000003012800335,16/06/2025,07/06/2025,9170088636,ES383,Romance,ES,8029,34,D,0.7865,D,,Match,D441/01,D
60000003012800338,TELEVID6072_SCANNER18,ES383803291700886361960000003012800338,16/06/2025,07/06/2025,9170088636,ES383,Romance,ES,8032,19,EXPERTISES,0.7523,EXPERTISES,,Match,D441/01,expertise
60000003012800341,TELEVID6072_SCANNER18,ES38380359170088636960000003012800341,16/06/2025,07/06/2025,9170088636,ES383,Romance,ES,8035,9,TO,0.7573,TO,,Match,D441/01,of
60000003012800341,TELEVID6072_SCANNER18,ES383803591700886361760000003012800341,16/06/2025,07/06/2025,9170088636,ES383,Romance,ES,8035,17,INVALUABLE,0.7961,INVALUABLE,,Match,D441/01,invaluable
60000003012800341,TELEVID6072_SCANNER18,ES383803591700886362160000003012800341,16/06/2025,07/06/2025,9170088636,ES383,Romance,ES,8035,21,PERSUASIVELY,0.7508,PERSUASIVELY,,Match,D441/01,persuasively
60000003012800341,TELEVID6072_SCANNER18,ES383803591700886364160000003012800341,16/06/2025,07/06/2025,9170088636,ES383,Romance,ES,8035,41,B,0.7552,B,,Match,D441/01,B
60000003044400387,TELEVID8003_SCANNER18,GR118000258217111922860000003044400387,18/06/2025,13/06/2025,5821711192,GR118,Greek,GR,2,28,THE STORM NOT DIED BY ITSELF,0.7827,THE STORM NOT DIED RY ITSELF,,NoMatch,D441/01,the storm not died out/the storm not/died out/the storm not died down/the storm not/died down
60000003045100196,TELEVID8009_SCANNER18,PL161010258217111922960000003045100196,18/06/2025,13/06/2025,5821711192,PL161,Slavic,PL,102,29,PUT MARIA OFF WANTING TO BUY BUYING,0.7992,PUT MARIA OFF WANTING TO BUY / BUYING,,NoMatch,D441/01,put Maria off buying/put Maria off/buying/put Maria off going to buy/put Maria off/going to buy/put Maria off wanting to buy/put Maria off/wanting to buy
60000003045100196,TELEVID8009_SCANNER18,PL161010258217111923060000003045100196,18/06/2025,13/06/2025,5821711192,PL161,Slavic,PL,102,30,IN THE HOPE OF FINDING,0.7576,IN (THE) HOPE OF FINDING,,NoMatch,D441/01,in (the) hope of finding/in (the) hope of/finding/in (the) hope of being able to find/in (the) hope of/being able to find/in (the) hopes of being able to find/in (the) hopes of finding/in (the) hopes of/finding/in (the) hopes of/being able to find/in (the) hope (that) she [would/'d] find/in (the) hope (that)/she [would/'d] find/in (the) hopes (that) she [would/'d] find/in (the) hopes (that)/she [would/'d] find
60000003045100197,TELEVID8009_SCANNER18,PL161010358217111922360000003045100197,18/06/2025,13/06/2025,5821711192,PL161,Slavic,PL,103,23,INTELLECTUALY,0.7741,INTELLECTUALY,,Match,D441/01,intellectually
60000003045100197,TELEVID8009_SCANNER18,PL161010358217111922760000003045100197,18/06/2025,13/06/2025,5821711192,PL161,Slavic,PL,103,27,ABLE TO SHED ANY LIGHT,0.7866,ABLE TO SMED ANY LIGHT,,NoMatch,D441/01,able to shed (any) light/able to/shed (any) light
60000003045500086,TELEVID8029_SCANNER18,PL090001091700886362760000003045500086,18/06/2025,07/06/2025,9170088636,PL090,Slavic,PL,10,27,A DAY GOES BY WITHOUT ME,0.7533,A DAY GUES BY WITHOUT ME,,NoMatch,D441/01,a (single) day goes by without me/a (single) day goes by/without me/a (single) day goes by without my/a (single) day goes by/without my/a (single) day goes past without me/a (single) day goes past/without me/a (single) day goes past without my/a (single) day goes past/without my/one (single) day goes by without me/one (single) day goes by/without me/one (single) day goes by without my/one (single) day goes by/without my/one (single) day goes past without me/one (single) day goes past/without me/one (single) day goes past without my/one (single) day goes past/without my
60000003045500086,TELEVID8029_SCANNER18,PL090001091700886363360000003045500086,18/06/2025,07/06/2025,9170088636,PL090,Slavic,PL,10,33,B,0.7895,B,,Match,D441/01,B
60000003050700461,TELEVID6106_SCANNER18,ES407000291700886362660000003050700461,18/06/2025,07/06/2025,9170088636,ES407,Romance,ES,2,26,NO INTENTION OF BEING RUDE,0.7613,110 INTENTION OF BEING RUDE,,NoMatch,D441/01,no intention of being rude/no intention/of being rude
60000003050700462,TELEVID6106_SCANNER18,ES407000391700886362260000003050700462,18/06/2025,07/06/2025,9170088636,ES407,Romance,ES,3,22,UNPACKS,0.7942,UNPACKS,,Match,D441/01,unpacks
60000003051000414,TELEVID6100_SCANNER19,BR249002991700886363660000003051000414,18/06/2025,07/06/2025,9170088636,BR249,Romance,BR,29,36,B,0.7621,B,,Match,D441/01,D
60000003051000487,TELEVID6100_SCANNER19,BR249005791700886363360000003051000487,18/06/2025,07/06/2025,9170088636,BR249,Romance,BR,57,33,B,0.7953,B,,Match,D441/01,B
60000003051000519,TELEVID6100_SCANNER19,BR249006991700886362260000003051000519,18/06/2025,07/06/2025,9170088636,BR249,Romance,BR,69,22,UNPACKES,0.7567,UNPACKES,,Match,D441/01,unpacks
60000003051000534,TELEVID6100_SCANNER19,BR249008491700886363260000003051000534,18/06/2025,07/06/2025,9170088636,BR249,Romance,BR,84,32,B,0.781,C,,NoMatch,D441/01,B
60000003051000673,TELEVID6100_SCANNER19,ES379000758217111922660000003051000673,18/06/2025,13/06/2025,5821711192,ES379,Romance,ES,7,26,CAN ESCAPE FROM THE OBLIGATION TO,0.7715,CAN ESCAPE FROM THE OBLIGATION TO,,Match,D441/01,can escape (from) having to/can escape (from)/having to/can escape (from) needing to/can escape (from)/needing to/can escape (from) the need to/can escape (from)/the need to/can escape (from) the fact of having to/can escape (from)/the fact of having to/can escape (from) the fact of needing to/can escape (from)/the fact of needing to/[is/'s] able to escape (from) having to/[is/'s] able to escape (from)/having to/[is/'s] able to escape (from) needing to/[is/'s] able to escape (from)/needing to/[is/'s] able to escape (from) the need to/[is/'s] able to escape (from)/the need to
60000003053000338,TELEVID8044_SCANNER19,ES040800358217111922660000003053000338,18/06/2025,13/06/2025,5821711192,ES040,Romance,ES,8003,26,CAN ESCAPE FROM HAVING TO,0.7665,CAN ESCAPE FROM HAVING TO,,Match,D441/01,can escape (from) having to/can escape (from)/having to/can escape (from) needing to/can escape (from)/needing to/can escape (from) the need to/can escape (from)/the need to/can escape (from) the fact of having to/can escape (from)/the fact of having to/can escape (from) the fact of needing to/can escape (from)/the fact of needing to/[is/'s] able to escape (from) having to/[is/'s] able to escape (from)/having to/[is/'s] able to escape (from) needing to/[is/'s] able to escape (from)/needing to/[is/'s] able to escape (from) the need to/[is/'s] able to escape (from)/the need to
60000003053000345,TELEVID8044_SCANNER19,ES040801058217111923060000003053000345,18/06/2025,13/06/2025,5821711192,ES040,Romance,ES,8010,30,IN HOPES TO FIND,0.7885,IN HOPES TO FIND,,Match,D441/01,in (the) hope of finding/in (the) hope of/finding/in (the) hope of being able to find/in (the) hope of/being able to find/in (the) hopes of being able to find/in (the) hopes of finding/in (the) hopes of/finding/in (the) hopes of/being able to find/in (the) hope (that) she [would/'d] find/in (the) hope (that)/she [would/'d] find/in (the) hopes (that) she [would/'d] find/in (the) hopes (that)/she [would/'d] find
60000003053000354,TELEVID8044_SCANNER19,ES040801958217111922560000003053000354,18/06/2025,13/06/2025,5821711192,ES040,Romance,ES,8019,25,BEEN MORE DELIGHTED,0.7569,BEEN MORE DELIGHTED,,Match,D441/01,been (any) more delighted/been/(any) more delighted
60000003054500231,TELEVID8043_SCANNER19,ES382000791700886362860000003054500231,18/06/2025,07/06/2025,9170088636,ES382,Romance,ES,7,28,BEEN LED TO BELIEVE,0.7924,BEEN LED TO BELIEVE,,Match,D441/01,been led to believe/been led/to believe/been led to think/been led/to think/been led to understand/been led/to understand
60000003054500234,TELEVID8043_SCANNER19,ES382000591700886362560000003054500234,18/06/2025,07/06/2025,9170088636,ES382,Romance,ES,5,25,WITH THE EXCEPTION OF AUNT SOPHIE,0.7884,WITH THE EXCEPTION OF AUNT SOPHIE,,Match,D441/01,with the exception of Aunt Sophie/with the exception/of Aunt Sophie
60000003054500236,TELEVID8043_SCANNER19,ES382000291700886362160000003054500236,18/06/2025,07/06/2025,9170088636,ES382,Romance,ES,2,21,PERSUASEULY,0.7958,PERSUBSEULY,,NoMatch,D441/01,persuasively
60000003054500236,TELEVID8043_SCANNER19,ES382000291700886362860000003054500236,18/06/2025,07/06/2025,9170088636,ES382,Romance,ES,2,28,BEEN LED TO BELIEVE,0.7849,BEEN LED TO BELIEVE,,Match,D441/01,been led to believe/been led/to believe/been led to think/been led/to think/been led to understand/been led/to understand
60000003054500494,TELEVID8043_SCANNER19,ES383802958217111924460000003054500494,18/06/2025,13/06/2025,5821711192,ES383,Romance,ES,8029,44,A,0.7757,"A, B",,NoMatch,D441/01,C
60000003054500503,TELEVID8043_SCANNER19,ES383803858217111923660000003054500503,18/06/2025,13/06/2025,5821711192,ES383,Romance,ES,8038,36,--impossible--,0.7892,C,,NoMatch,D441/01,C
60000003054500504,TELEVID8043_SCANNER19,ES383803958217111924560000003054500504,18/06/2025,13/06/2025,5821711192,ES383,Romance,ES,8039,45,A,0.7763,"A, B",,NoMatch,D441/01,A
60000003054500507,TELEVID8043_SCANNER19,ES383804258217111922760000003054500507,18/06/2025,13/06/2025,5821711192,ES383,Romance,ES,8042,27,ABLE TO SHED ANY LIGHT,0.7605,ABLE TO SHED ANY LIGHT,,Match,D441/01,able to shed (any) light/able to/shed (any) light
60000003054500517,TELEVID8043_SCANNER19,ES383805258217111923460000003054500517,18/06/2025,13/06/2025,5821711192,ES383,Romance,ES,8052,34,B,0.7781,B,,Match,D441/01,A
60000003054500523,TELEVID8043_SCANNER19,ES383805858217111922960000003054500523,18/06/2025,13/06/2025,5821711192,ES383,Romance,ES,8058,29,PUT OFF MARIA IN BUYING,0.7919,PUT OFF MARIA IN BUYING,,Match,D441/01,put Maria off buying/put Maria off/buying/put Maria off going to buy/put Maria off/going to buy/put Maria off wanting to buy/put Maria off/wanting to buy
60000003054800037,TELEVID8040_SCANNER19,ES383810658217111923160000003054800037,18/06/2025,13/06/2025,5821711192,ES383,Romance,ES,8106,31,B,0.7832,B,,Match,D441/01,B
60000003054800039,TELEVID8040_SCANNER19,ES383810858217111921860000003054800039,18/06/2025,13/06/2025,5821711192,ES383,Romance,ES,8108,18,BENEFFITIAL,0.7797,BENEFFITIAL,,Match,D441/01,beneficial
60000003054800039,TELEVID8040_SCANNER19,ES383810858217111922960000003054800039,18/06/2025,13/06/2025,5821711192,ES383,Romance,ES,8108,29,PUT OFF MARIA FROM WANTING TO BUY,0.7687,PUT OFF MARIA FROM WANTING TO BUY,,Match,D441/01,put Maria off buying/put Maria off/buying/put Maria off going to buy/put Maria off/going to buy/put Maria off wanting to buy/put Maria off/wanting to buy
60000003054800045,TELEVID8040_SCANNER19,ES383811458217111922660000003054800045,18/06/2025,13/06/2025,5821711192,ES383,Romance,ES,8114,26,CAN ESCAPE FROM HAVING TO,0.7649,CAN ESCAPE FROM HAVING TO,,Match,D441/01,can escape (from) having to/can escape (from)/having to/can escape (from) needing to/can escape (from)/needing to/can escape (from) the need to/can escape (from)/the need to/can escape (from) the fact of having to/can escape (from)/the fact of having to/can escape (from) the fact of needing to/can escape (from)/the fact of needing to/[is/'s] able to escape (from) having to/[is/'s] able to escape (from)/having to/[is/'s] able to escape (from) needing to/[is/'s] able to escape (from)/needing to/[is/'s] able to escape (from) the need to/[is/'s] able to escape (from)/the need to
60000003054800045,TELEVID8040_SCANNER19,ES383811458217111922860000003054800045,18/06/2025,13/06/2025,5821711192,ES383,Romance,ES,8114,28,THE STORM NOT DIED OUT ITSELF,0.7906,THE STORM NOT DIED OUT ITSELF,,Match,D441/01,the storm not died out/the storm not/died out/the storm not died down/the storm not/died down
60000003054800063,TELEVID8040_SCANNER19,ES383806358217111923160000003054800063,18/06/2025,13/06/2025,5821711192,ES383,Romance,ES,8063,31,B,0.7638,B,,Match,D441/01,B
60000003054800074,TELEVID8040_SCANNER19,ES383807458217111923660000003054800074,18/06/2025,13/06/2025,5821711192,ES383,Romance,ES,8074,36,B,0.7534,"B, C",,NoMatch,D441/01,C
60000003055800056,TELEVID8054_SCANNER19,IT955000291700886361860000003055800056,18/06/2025,07/06/2025,9170088636,IT955,Romance,IT,2,18,INTUITIVE,0.7608,INTUITIVEE,,NoMatch,D441/01,intuitive
60000003055800057,TELEVID8054_SCANNER19,IT95500039170088636360000003055800057,18/06/2025,07/06/2025,9170088636,IT955,Romance,IT,3,3,D,0.7851,D,,Match,D441/01,D
60000003059200492,televid8007_SCANNER19,ES589502558217111921760000003059200492,18/06/2025,13/06/2025,5821711192,ES589,Romance,ES,5025,17,CELEBER,0.7558,CELEBER,,Match,D441/01,celebrated
60000003059800535,televid8046_SCANNER19,ES383800458217111922960000003059800535,18/06/2025,13/06/2025,5821711192,ES383,Romance,ES,8004,29,MADE MARIA PUT AWAY THE BUYING OF,0.7939,MADE MARIA PUT AWAY THE BUYING OF,,Match,D441/01,put Maria off buying/put Maria off/buying/put Maria off going to buy/put Maria off/going to buy/put Maria off wanting to buy/put Maria off/wanting to buy
60000003059800538,televid8046_SCANNER19,ES38380075821711192460000003059800538,18/06/2025,13/06/2025,5821711192,ES383,Romance,ES,8007,4,B,0.7681,B,,Match,D441/01,D
60000003059800590,televid8046_SCANNER19,ES383812258217111922960000003059800590,18/06/2025,13/06/2025,5821711192,ES383,Romance,ES,8122,29,PUT MARIA AWAY FROM BUYING,0.7593,PUT MARIA AWAY FROM BUYING,,Match,D441/01,put Maria off buying/put Maria off/buying/put Maria off going to buy/put Maria off/going to buy/put Maria off wanting to buy/put Maria off/wanting to buy
60000003059800600,televid8046_SCANNER19,ES383813258217111922760000003059800600,18/06/2025,13/06/2025,5821711192,ES383,Romance,ES,8132,27,ABLE TO SHED A REASON,0.7605,ABLE TO SHED A REASON,,Match,D441/01,able to shed (any) light/able to/shed (any) light
60000003059800601,televid8046_SCANNER19,ES383813358217111922360000003059800601,18/06/2025,13/06/2025,5821711192,ES383,Romance,ES,8133,23,INTELECTUALLY,0.7656,INTELECTUALLY,,Match,D441/01,intellectually
60000003059800606,televid8046_SCANNER19,ES383813858217111923860000003059800606,18/06/2025,13/06/2025,5821711192,ES383,Romance,ES,8138,38,H,0.7634,H,,Match,D441/01,H
60000003059800610,televid8046_SCANNER19,ES383814258217111921360000003059800610,18/06/2025,13/06/2025,5821711192,ES383,Romance,ES,8142,13,LITTLE,0.7839,LITTLE,,Match,D441/01,little
60000003059800610,televid8046_SCANNER19,ES383814258217111923060000003059800610,18/06/2025,13/06/2025,5821711192,ES383,Romance,ES,8142,30,IN HOPES OF FINDING,0.7921,IN HOPES OF FINDING,,Match,D441/01,in (the) hope of finding/in (the) hope of/finding/in (the) hope of being able to find/in (the) hope of/being able to find/in (the) hopes of being able to find/in (the) hopes of finding/in (the) hopes of/finding/in (the) hopes of/being able to find/in (the) hope (that) she [would/'d] find/in (the) hope (that)/she [would/'d] find/in (the) hopes (that) she [would/'d] find/in (the) hopes (that)/she [would/'d] find
60000003059800621,televid8046_SCANNER19,ES383815358217111923160000003059800621,18/06/2025,13/06/2025,5821711192,ES383,Romance,ES,8153,31,B,0.7944,C,,NoMatch,D441/01,B
60000003059800626,televid8046_SCANNER19,ES383815858217111923160000003059800626,18/06/2025,13/06/2025,5821711192,ES383,Romance,ES,8158,31,B,0.7782,B,,Match,D441/01,B
60000003071900470,TELEVID8059_SCANNER19,PL161001558217111921960000003071900470,19/06/2025,13/06/2025,5821711192,PL161,Slavic,PL,15,19,STRENGTHTEND,0.7507,STRENGTHTEND,,Match,D441/01,strengthened
60000003071900476,TELEVID8059_SCANNER19,PL161002158217111923660000003071900476,19/06/2025,13/06/2025,5821711192,PL161,Slavic,PL,21,36,C,0.7511,C,,Match,D441/01,C
60000003073100617,TELEVID8005_SCANNER19,ES397602558217111923160000003073100617,19/06/2025,13/06/2025,5821711192,ES397,Romance,ES,6025,31,B,0.7659,"B, C",,NoMatch,D441/01,B
60000003073100621,TELEVID8005_SCANNER19,ES397602958217111922960000003073100621,19/06/2025,13/06/2025,5821711192,ES397,Romance,ES,6029,29,DID NOT PUT MARIA IN POSITION TO BUY,0.7904,DID NOT PUT MARIA IN POSITION TO BUY,,Match,D441/01,put Maria off buying/put Maria off/buying/put Maria off going to buy/put Maria off/going to buy/put Maria off wanting to buy/put Maria off/wanting to buy
60000003075000513,TELEVID8060_SCANNER19,BG005000858217111923160000003075000513,19/06/2025,13/06/2025,5821711192,BG005,Slavic,BG,8,31,B,0.7684,B,,Match,D441/01,B
60000003075000514,TELEVID8060_SCANNER19,BG005000958217111923960000003075000514,19/06/2025,13/06/2025,5821711192,BG005,Slavic,BG,9,39,A,0.7702,A,,Match,D441/01,A
60000003075000515,TELEVID8060_SCANNER19,BG005001058217111922660000003075000515,19/06/2025,13/06/2025,5821711192,BG005,Slavic,BG,10,26,CAN ESCAPE HAVING TO,0.7941,CAN ESCAPE HAVING TO,,Match,D441/01,can escape (from) having to/can escape (from)/having to/can escape (from) needing to/can escape (from)/needing to/can escape (from) the need to/can escape (from)/the need to/can escape (from) the fact of having to/can escape (from)/the fact of having to/can escape (from) the fact of needing to/can escape (from)/the fact of needing to/[is/'s] able to escape (from) having to/[is/'s] able to escape (from)/having to/[is/'s] able to escape (from) needing to/[is/'s] able to escape (from)/needing to/[is/'s] able to escape (from) the need to/[is/'s] able to escape (from)/the need to
60000003075000515,TELEVID8060_SCANNER19,BG005001058217111923660000003075000515,19/06/2025,13/06/2025,5821711192,BG005,Slavic,BG,10,36,--impossible--,0.7777,D,,NoMatch,D441/01,C
60000003075300559,TELEVID8067_SCANNER19,ES685800658217111923560000003075300559,19/06/2025,13/06/2025,5821711192,ES685,Romance,ES,8006,35,C,0.7581,C,,Match,D441/01,C
60000003075300559,TELEVID8067_SCANNER19,ES685800658217111923660000003075300559,19/06/2025,13/06/2025,5821711192,ES685,Romance,ES,8006,36,C,0.7924,C,,Match,D441/01,C
60000003075300563,TELEVID8067_SCANNER19,ES685801058217111921360000003075300563,19/06/2025,13/06/2025,5821711192,ES685,Romance,ES,8010,13,LITTLE,0.7724,LITTLE,,Match,D441/01,little
60000003075300565,TELEVID8067_SCANNER19,ES685801258217111922860000003075300565,19/06/2025,13/06/2025,5821711192,ES685,Romance,ES,8012,28,IT NOT BEEN FOR THE STORM HAVING DIED,0.7576,IT NOT BEEN FOR THE STORM HAVING DIED,,Match,D441/01,the storm not died out/the storm not/died out/the storm not died down/the storm not/died down
60000003075300566,TELEVID8067_SCANNER19,ES685801358217111921760000003075300566,19/06/2025,13/06/2025,5821711192,ES685,Romance,ES,8013,17,CELEBRATED,0.7976,CELEBRATED,,Match,D441/01,celebrated
60000003075300566,TELEVID8067_SCANNER19,ES685801358217111923160000003075300566,19/06/2025,13/06/2025,5821711192,ES685,Romance,ES,8013,31,B,0.7608,B,,Match,D441/01,B
60000003075300576,TELEVID8067_SCANNER19,ES685802358217111921860000003075300576,19/06/2025,13/06/2025,5821711192,ES685,Romance,ES,8023,18,BENEFITIAL,0.7572,BENEFITSAL,,NoMatch,D441/01,beneficial
60000003075300576,TELEVID8067_SCANNER19,ES685802358217111922860000003075300576,19/06/2025,13/06/2025,5821711192,ES685,Romance,ES,8023,28,THE STORM NOT DIED ON ITS OWN,0.7828,THE STOAM NOT DIED ON ITS OWN,,NoMatch,D441/01,the storm not died out/the storm not/died out/the storm not died down/the storm not/died down
60000003075300576,TELEVID8067_SCANNER19,ES685802358217111923460000003075300576,19/06/2025,13/06/2025,5821711192,ES685,Romance,ES,8023,34,--impossible--,0.7863,C,,NoMatch,D441/01,A
60000003078400359,TELEVID8086_SCANNER19,IT313000458217111922960000003078400359,19/06/2025,13/06/2025,5821711192,IT313,Romance,IT,4,29,PUT MARIA OFF THE VOLUNTEE OF BUYING,0.7756,PUT MARIA OFF THE VOLUNTEE OF BUYING,,Match,D441/01,put Maria off buying/put Maria off/buying/put Maria off going to buy/put Maria off/going to buy/put Maria off wanting to buy/put Maria off/wanting to buy
60000003078900027,TELEVID8095_SCANNER19,DE004800258217111923660000003078900027,19/06/2025,13/06/2025,5821711192,DE004,Germanic,DE,8002,36,--impossible--,0.7835,D,,NoMatch,D441/01,C
60000003078900028,TELEVID8095_SCANNER19,DE004800358217111922960000003078900028,19/06/2025,13/06/2025,5821711192,DE004,Germanic,DE,8003,29,HAD PUT MARIA INTO NOT BUYING,0.7782,HAD PUT MARIA INTO NOT BUYING,,Match,D441/01,put Maria off buying/put Maria off/buying/put Maria off going to buy/put Maria off/going to buy/put Maria off wanting to buy/put Maria off/wanting to buy
60000003078900030,TELEVID8095_SCANNER19,DE004800558217111922960000003078900030,19/06/2025,13/06/2025,5821711192,DE004,Germanic,DE,8005,29,PUT AN END TO MARIA'S DECISION OF BUYING,0.7708,PUT AN END TO MARIA'S DECISION OF BUYING,,Match,D441/01,put Maria off buying/put Maria off/buying/put Maria off going to buy/put Maria off/going to buy/put Maria off wanting to buy/put Maria off/wanting to buy
60000003078900033,TELEVID8095_SCANNER19,DE00480085821711192360000003078900033,19/06/2025,13/06/2025,5821711192,DE004,Germanic,DE,8008,3,D,0.7731,D,,Match,D441/01,A
60000003079500769,TELEVID8069_SCANNER19,CH001490258217111922660000003079500769,19/06/2025,13/06/2025,5821711192,CH001,Germanic,CH,4902,26,IS ABLE TO ESCAPE AND MUST,0.7573,IS ABLE TO ESCAPE AND MUST,,Match,D441/01,can escape (from) having to/can escape (from)/having to/can escape (from) needing to/can escape (from)/needing to/can escape (from) the need to/can escape (from)/the need to/can escape (from) the fact of having to/can escape (from)/the fact of having to/can escape (from) the fact of needing to/can escape (from)/the fact of needing to/[is/'s] able to escape (from) having to/[is/'s] able to escape (from)/having to/[is/'s] able to escape (from) needing to/[is/'s] able to escape (from)/needing to/[is/'s] able to escape (from) the need to/[is/'s] able to escape (from)/the need to
60000003079500772,TELEVID8069_SCANNER19,CH001490558217111921760000003079500772,19/06/2025,13/06/2025,5821711192,CH001,Germanic,CH,4905,17,CELEBRATED,0.7961,CELEBRATED,,Match,D441/01,celebrated
60000003079500776,TELEVID8069_SCANNER19,CH001490958217111923560000003079500776,19/06/2025,13/06/2025,5821711192,CH001,Germanic,CH,4909,35,C,0.7898,C,,Match,D441/01,C
60000003079500782,TELEVID8069_SCANNER19,CH001491558217111923460000003079500782,19/06/2025,13/06/2025,5821711192,CH001,Germanic,CH,4915,34,B,0.7558,"B, C",,NoMatch,D441/01,A
60000003079500785,TELEVID8069_SCANNER19,CH001491858217111921960000003079500785,19/06/2025,13/06/2025,5821711192,CH001,Germanic,CH,4918,19,STRENGTHEND,0.7999,STRENGTHEND,,Match,D441/01,strengthened
60000003079500840,TELEVID8069_SCANNER19,CH001480358217111922960000003079500840,19/06/2025,13/06/2025,5821711192,CH001,Germanic,CH,4803,29,PUT MARIA OFF BUYING,0.7789,PUT MARIA OFF BUYING,,Match,D441/01,put Maria off buying/put Maria off/buying/put Maria off going to buy/put Maria off/going to buy/put Maria off wanting to buy/put Maria off/wanting to buy
60000003079500852,TELEVID8069_SCANNER19,CH001481558217111923460000003079500852,19/06/2025,13/06/2025,5821711192,CH001,Germanic,CH,4815,34,B,0.7527,B,,Match,D441/01,A
60000003079500859,TELEVID8069_SCANNER19,CH001482258217111923460000003079500859,19/06/2025,13/06/2025,5821711192,CH001,Germanic,CH,4822,34,B,0.7598,B,,Match,D441/01,A
60000003081400211,TELEVID8106_SCANNER19,ES439700458217111922060000003081400211,19/06/2025,13/06/2025,5821711192,ES439,Romance,ES,7004,20,PUBLICALY,0.7712,PUBLICACY,,NoMatch,D441/01,publication
60000003081400228,TELEVID8106_SCANNER19,ES439702158217111923260000003081400228,19/06/2025,13/06/2025,5821711192,ES439,Romance,ES,7021,32,C,0.7599,C,,Match,D441/01,A
60000003082200383,TELEVID8102_SCANNER19,DE008002458217111923960000003082200383,19/06/2025,13/06/2025,5821711192,DE008,Germanic,DE,24,39,A,0.7761,A,,Match,D441/01,A
60000003082700021,TELEVID8101_SCANNER19,PL277000658217111922660000003082700021,19/06/2025,13/06/2025,5821711192,PL277,Slavic,PL,6,26,CAN ESCAPE PUTTING TO,0.789,CAN ESCAPE PUTTING TO,,Match,D441/01,can escape (from) having to/can escape (from)/having to/can escape (from) needing to/can escape (from)/needing to/can escape (from) the need to/can escape (from)/the need to/can escape (from) the fact of having to/can escape (from)/the fact of having to/can escape (from) the fact of needing to/can escape (from)/the fact of needing to/[is/'s] able to escape (from) having to/[is/'s] able to escape (from)/having to/[is/'s] able to escape (from) needing to/[is/'s] able to escape (from)/needing to/[is/'s] able to escape (from) the need to/[is/'s] able to escape (from)/the need to
60000003082700024,TELEVID8101_SCANNER19,PL277000958217111922160000003082700024,19/06/2025,13/06/2025,5821711192,PL277,Slavic,PL,9,21,UNREASONABLE,0.7935,UNREADONABLE,,NoMatch,D441/01,reasoning
60000003082700024,TELEVID8101_SCANNER19,PL277000958217111922760000003082700024,19/06/2025,13/06/2025,5821711192,PL277,Slavic,PL,9,27,ABLE TO SHED ANY EXPLANATIONS,0.7795,ABLE TO SHED ALLY EXPLANATIONS,,NoMatch,D441/01,able to shed (any) light/able to/shed (any) light
60000003082700025,TELEVID8101_SCANNER19,PL277001058217111922660000003082700025,19/06/2025,13/06/2025,5821711192,PL277,Slavic,PL,10,26,CAN ESCAPE HAVING TO,0.7837,CAN ESCAPE HAVING TO,,Match,D441/01,can escape (from) having to/can escape (from)/having to/can escape (from) needing to/can escape (from)/needing to/can escape (from) the need to/can escape (from)/the need to/can escape (from) the fact of having to/can escape (from)/the fact of having to/can escape (from) the fact of needing to/can escape (from)/the fact of needing to/[is/'s] able to escape (from) having to/[is/'s] able to escape (from)/having to/[is/'s] able to escape (from) needing to/[is/'s] able to escape (from)/needing to/[is/'s] able to escape (from) the need to/[is/'s] able to escape (from)/the need to
60000003082700028,TELEVID8101_SCANNER19,PL27700135821711192960000003082700028,19/06/2025,13/06/2025,5821711192,PL277,Slavic,PL,13,9,IF,0.7562,1F,,NoMatch,D441/01,for
60000003082700326,TELEVID8101_SCANNER19,PL277001958217111921260000003082700326,19/06/2025,13/06/2025,5821711192,PL277,Slavic,PL,19,12,OTHER,0.7541,OTHER,,Match,D441/01,other
60000003082700326,TELEVID8101_SCANNER19,PL277001958217111921660000003082700326,19/06/2025,13/06/2025,5821711192,PL277,Slavic,PL,19,16,BY,0.7682,B,,NoMatch,D441/01,by
60000003082700331,TELEVID8101_SCANNER19,PL277002458217111923160000003082700331,19/06/2025,13/06/2025,5821711192,PL277,Slavic,PL,24,31,B,0.7705,B,,Match,D441/01,B
60000003092300428,TELEVID8124_SCANNER19,IT305800358217111923160000003092300428,20/06/2025,13/06/2025,5821711192,IT305,Romance,IT,8003,31,B,0.7728,B,,Match,D441/01,B
60000003092300429,TELEVID8124_SCANNER19,IT305800458217111922660000003092300429,20/06/2025,13/06/2025,5821711192,IT305,Romance,IT,8004,26,MUST ESCAPE TO,0.7593,MUST ESCAPE TO,,Match,D441/01,can escape (from) having to/can escape (from)/having to/can escape (from) needing to/can escape (from)/needing to/can escape (from) the need to/can escape (from)/the need to/can escape (from) the fact of having to/can escape (from)/the fact of having to/can escape (from) the fact of needing to/can escape (from)/the fact of needing to/[is/'s] able to escape (from) having to/[is/'s] able to escape (from)/having to/[is/'s] able to escape (from) needing to/[is/'s] able to escape (from)/needing to/[is/'s] able to escape (from) the need to/[is/'s] able to escape (from)/the need to
60000003094000861,televid8133_SCANNER19,ES421000458217111921960000003094000861,20/06/2025,13/06/2025,5821711192,ES421,Romance,ES,4,19,STRENGHED,0.7891,STRENGHED,,Match,D441/01,strengthened
60000003094000864,televid8133_SCANNER19,ES421000758217111921260000003094000864,20/06/2025,13/06/2025,5821711192,ES421,Romance,ES,7,12,ITS,0.7774,ITIS,,NoMatch,D441/01,other
60000003094000866,televid8133_SCANNER19,ES421000958217111922660000003094000866,20/06/2025,13/06/2025,5821711192,ES421,Romance,ES,9,26,CAN ESCAPE HAVING TO,0.7873,CAN ESCAPE HAVING TO,,Match,D441/01,can escape (from) having to/can escape (from)/having to/can escape (from) needing to/can escape (from)/needing to/can escape (from) the need to/can escape (from)/the need to/can escape (from) the fact of having to/can escape (from)/the fact of having to/can escape (from) the fact of needing to/can escape (from)/the fact of needing to/[is/'s] able to escape (from) having to/[is/'s] able to escape (from)/having to/[is/'s] able to escape (from) needing to/[is/'s] able to escape (from)/needing to/[is/'s] able to escape (from) the need to/[is/'s] able to escape (from)/the need to
60000003094700261,televid8132_SCANNER19,ES252020658217111922560000003094700261,20/06/2025,13/06/2025,5821711192,ES252,Romance,ES,206,25,ANY MORE DELIGHTNESS,0.7904,ANY TIORE DELIGHTNESS,,NoMatch,D441/01,been (any) more delighted/been/(any) more delighted
60000003094700261,televid8132_SCANNER19,ES252020658217111923560000003094700261,20/06/2025,13/06/2025,5821711192,ES252,Romance,ES,206,35,C,0.7556,C,,Match,D441/01,C
60000003094700519,televid8132_SCANNER19,IT966000258217111922960000003094700519,20/06/2025,13/06/2025,5821711192,IT966,Romance,IT,2,29,DID NOT PUT MARTA INTO WANTING TO BUY,0.7803,DID NOT PUT MARTA INTO WANTING TO BUY,,Match,D441/01,put Maria off buying/put Maria off/buying/put Maria off going to buy/put Maria off/going to buy/put Maria off wanting to buy/put Maria off/wanting to buy
60000003094700521,televid8132_SCANNER19,IT966000458217111922960000003094700521,20/06/2025,13/06/2025,5821711192,IT966,Romance,IT,4,29,PUT INTO PERSPECTIVE FOR MARIA TO NOT BUY,0.7708,PUT INTO PERSPECTIVE FOR MARIA TO NOT BUY,,Match,D441/01,put Maria off buying/put Maria off/buying/put Maria off going to buy/put Maria off/going to buy/put Maria off wanting to buy/put Maria off/wanting to buy
60000003101400830,televid8166_SCANNER19,ES497001758217111921060000003101400830,23/06/2025,13/06/2025,5821711192,ES497,Romance,ES,17,10,ANOTHER,0.759,ANOTHER,,Match,D441/01,one
60000003113900149,TELEVID8179_SCANNER18,ES330001658217111923660000003113900149,23/06/2025,13/06/2025,5821711192,ES330,Romance,ES,16,36,B,0.7694,B,,Match,D441/01,C
60000003113900157,TELEVID8179_SCANNER18,ES330001558217111921260000003113900157,23/06/2025,13/06/2025,5821711192,ES330,Romance,ES,15,12,KIND,0.7573,KIND,,Match,D441/01,other
60000003115400166,televid8180_SCANNER19,IT056001358217111922660000003115400166,24/06/2025,13/06/2025,5821711192,IT056,Romance,IT,13,26,CAN ESCAPE FROM HAVING TO,0.7972,CAN ESCAPE FROM HAVING TO,,Match,D441/01,can escape (from) having to/can escape (from)/having to/can escape (from) needing to/can escape (from)/needing to/can escape (from) the need to/can escape (from)/the need to/can escape (from) the fact of having to/can escape (from)/the fact of having to/can escape (from) the fact of needing to/can escape (from)/the fact of needing to/[is/'s] able to escape (from) having to/[is/'s] able to escape (from)/having to/[is/'s] able to escape (from) needing to/[is/'s] able to escape (from)/needing to/[is/'s] able to escape (from) the need to/[is/'s] able to escape (from)/the need to
60000003115400400,televid8180_SCANNER19,IT560800758217111923460000003115400400,24/06/2025,13/06/2025,5821711192,IT560,Romance,IT,8007,34,C,0.7617,C,,Match,D441/01,A
60000003116700171,televid8170_SCANNER19,BR020005058217111923460000003116700171,24/06/2025,13/06/2025,5821711192,BR020,Romance,BR,50,34,C,0.7637,C,,Match,D441/01,A
60000003116700499,televid8170_SCANNER19,BR020002658217111922560000003116700499,24/06/2025,13/06/2025,5821711192,BR020,Romance,BR,26,25,BEEN MORE DELIGHTED,0.7902,BEEN MORE DELIGHTED,,Match,D441/01,been (any) more delighted/been/(any) more delighted
60000003116700503,televid8170_SCANNER19,BR020003058217111922060000003116700503,24/06/2025,13/06/2025,5821711192,BR020,Romance,BR,30,20,PUBLICATION,0.7852,PUBLICATION,,Match,D441/01,publication
60000003116700503,televid8170_SCANNER19,BR020003058217111923160000003116700503,24/06/2025,13/06/2025,5821711192,BR020,Romance,BR,30,31,B,0.7962,B,,Match,D441/01,B
60000003116700514,televid8170_SCANNER19,BR020004158217111923160000003116700514,24/06/2025,13/06/2025,5821711192,BR020,Romance,BR,41,31,B,0.7507,C,,NoMatch,D441/01,B
60000003116900002,televid8186_SCANNER19,ES377000258217111921760000003116900002,24/06/2025,13/06/2025,5821711192,ES377,Romance,ES,2,17,CELEBRATED,0.7806,CELEBRATED,,Match,D441/01,celebrated
60000003118100058,televid8174_SCANNER19,ES330000258217111924860000003118100058,24/06/2025,13/06/2025,5821711192,ES330,Romance,ES,2,48,--impossible--,0.7594,D,,NoMatch,D441/01,C
300003694700415,TELEVID4892_SCANNER12,CZ0018006964317437914300003694700415,06/03/2025,01/03/2025,9643174379,CZ001,Slavic,CZ,8006,14,STEEL,0.7981,STEEL,,Match,D441/03,steel
300003694700417,TELEVID4892_SCANNER12,CZ001800896431743799300003694700417,06/03/2025,01/03/2025,9643174379,CZ001,Slavic,CZ,8008,9,IDEOLOGY,0.7956,IDEOLOGY,,Match,D441/03,geometry
300004029500312,TELEVID5466_SCANNER12,CH008500624086699293300004029500312,21/05/2025,10/05/2025,2408669929,CH008,Germanic,CH,5006,3,A,0.7733,A,,Match,D441/03,A
300004029500315,TELEVID5466_SCANNER12,CH0085009240866992913300004029500315,21/05/2025,10/05/2025,2408669929,CH008,Germanic,CH,5009,13,WELLKNOWN,0.7967,WELLKNOWN,,Match,D441/03,landscape
300004029500322,TELEVID5466_SCANNER12,CH008501624086699293300004029500322,21/05/2025,10/05/2025,2408669929,CH008,Germanic,CH,5016,3,A,0.7921,B,,NoMatch,D441/03,A
300004029500323,TELEVID5466_SCANNER12,CH0085017240866992914300004029500323,21/05/2025,10/05/2025,2408669929,CH008,Germanic,CH,5017,14,FINGERPRINTS,0.77,FINGERPRINTS,,Match,D441/03,fingerprints
300004029500326,TELEVID5466_SCANNER12,CH0085020240866992914300004029500326,21/05/2025,10/05/2025,2408669929,CH008,Germanic,CH,5020,14,FINGERPRINTS,0.7991,FINGERPRINTS,,Match,D441/03,fingerprints
300004029500508,TELEVID5466_SCANNER12,CH0595301240866992914300004029500508,21/05/2025,10/05/2025,2408669929,CH059,Germanic,CH,5301,14,FINGERPRINTS,0.7951,FINGERPRINTS,,Match,D441/03,fingerprints
300004029500514,TELEVID5466_SCANNER12,CH0595307240866992914300004029500514,21/05/2025,10/05/2025,2408669929,CH059,Germanic,CH,5307,14,FINGERPRINTS,0.796,FINGERPRINTS,,Match,D441/03,fingerprints
300004029500515,TELEVID5466_SCANNER12,CH0595308240866992914300004029500515,21/05/2025,10/05/2025,2408669929,CH059,Germanic,CH,5308,14,FINGERPRINTS,0.7505,FINGERPRINTS,,Match,D441/03,fingerprints
300004048600006,TELEVID5480_SCANNER12,CH188000124812759986300004048600006,22/05/2025,17/05/2025,2481275998,CH188,Germanic,CH,1,6,C,0.7605,C,,Match,D441/03,C
300004048600103,TELEVID5480_SCANNER12,GR118823224812759982300004048600103,22/05/2025,17/05/2025,2481275998,GR118,Greek,GR,8232,2,A,0.7521,A,,Match,D441/03,A
300004048600131,TELEVID5480_SCANNER12,GR118826024812759986300004048600131,22/05/2025,17/05/2025,2481275998,GR118,Greek,GR,8260,6,C,0.7956,"A, C",,NoMatch,D441/03,C
300004048600131,TELEVID5480_SCANNER12,GR118826024812759989300004048600131,22/05/2025,17/05/2025,2481275998,GR118,Greek,GR,8260,9,LAPIS STONE,0.7881,LAPIS STONE,,Match,D441/03,beads/artefacts
300004048600137,TELEVID5480_SCANNER12,GR1188266248127599810300004048600137,22/05/2025,17/05/2025,2481275998,GR118,Greek,GR,8266,10,STAMP SEALS,0.7773,STAMP SEALS,,Match,D441/03,grain(s)
300004048600151,TELEVID5480_SCANNER12,GR118828024812759982300004048600151,22/05/2025,17/05/2025,2481275998,GR118,Greek,GR,8280,2,A,0.7773,A,,Match,D441/03,A
300004048600234,TELEVID5480_SCANNER12,GR1180014248127599813300004048600234,22/05/2025,17/05/2025,2481275998,GR118,Greek,GR,14,13,LIFE SIZE CLAY STATUE,0.7589,LIFE SIZE CLAY STAJUE,,NoMatch,D441/03,metal flag
300004048600237,TELEVID5480_SCANNER12,GR1180017248127599813300004048600237,22/05/2025,17/05/2025,2481275998,GR118,Greek,GR,17,13,METAL FLAG,0.7644,METAL FLAG,,Match,D441/03,metal flag
300004048600256,TELEVID5480_SCANNER12,GR118003624812759982300004048600256,22/05/2025,17/05/2025,2481275998,GR118,Greek,GR,36,2,A,0.7954,A,,Match,D441/03,A
300004048600256,TELEVID5480_SCANNER12,GR1180036248127599811300004048600256,22/05/2025,17/05/2025,2481275998,GR118,Greek,GR,36,11,SOCIAL STATUS,0.7539,SOCIAL STATUS,,Match,D441/03,(social) status
300004048600776,TELEVID5480_SCANNER12,GR118874524812759982300004048600776,22/05/2025,17/05/2025,2481275998,GR118,Greek,GR,8745,2,A,0.7972,A,,Match,D441/03,A
300004048600856,TELEVID5480_SCANNER12,GR118871424812759989300004048600856,22/05/2025,17/05/2025,2481275998,GR118,Greek,GR,8714,9,ROYAL TOMBS,0.7801,ROYAL TOMBS,,Match,D441/03,beads/artefacts
300004064000200,TELEVID5514_SCANNER12,GR1188542248127599810300004064000200,23/05/2025,17/05/2025,2481275998,GR118,Greek,GR,8542,10,GOATS GRAIN SHEEPS,0.7832,SHIP GOATS GRAIN SHEEPS,,NoMatch,D441/03,grain(s)
300004064000374,TELEVID5514_SCANNER12,GR1188778248127599812300004064000374,23/05/2025,17/05/2025,2481275998,GR118,Greek,GR,8778,12,DIET,0.7857,DIET,,Match,D441/03,mobility
300004064000384,TELEVID5514_SCANNER12,GR118878824812759987300004064000384,23/05/2025,17/05/2025,2481275998,GR118,Greek,GR,8788,7,CERAMIC MAKING,0.7621,CERAMIC MARING,,NoMatch,D441/03,textile (production)
300004064000609,TELEVID5514_SCANNER12,GR118859724812759988300004064000609,23/05/2025,17/05/2025,2481275998,GR118,Greek,GR,8597,8,SHELLS,0.7743,SHELES,,NoMatch,D441/03,copper
300004064000890,TELEVID5514_SCANNER12,GR806802024812759987300004064000890,23/05/2025,17/05/2025,2481275998,GR806,Greek,GR,8020,7,FLURISHING,0.779,FLURISHING,,Match,D441/03,textile (production)
300004064000894,TELEVID5514_SCANNER12,GR8068003248127599811300004064000894,23/05/2025,17/05/2025,2481275998,GR806,Greek,GR,8003,11,SOCIAL STATUS,0.7982,SOCIAL STATUS,,Match,D441/03,(social) status
300004064000900,TELEVID5514_SCANNER12,GR806800924812759989300004064000900,23/05/2025,17/05/2025,2481275998,GR806,Greek,GR,8009,9,BEADS,0.7781,BEADS,,Match,D441/03,beads/artefacts
300004067700113,TELEVID5511_SCANNER13,GR1188679248127599812300004067700113,23/05/2025,17/05/2025,2481275998,GR118,Greek,GR,8679,12,MOBILITY,0.7771,MOBILITY,,Match,D441/03,mobility
300004067700120,TELEVID5511_SCANNER13,GR118868624812759987300004067700120,23/05/2025,17/05/2025,2481275998,GR118,Greek,GR,8686,7,FLANISHING,0.7864,FLANISHING,,Match,D441/03,textile (production)
300004067700424,TELEVID5511_SCANNER13,GR1188494248127599820300004067700424,23/05/2025,17/05/2025,2481275998,GR118,Greek,GR,8494,20,D,0.7637,D,,Match,D441/03,D
300004067700505,TELEVID5511_SCANNER13,GR1188477248127599819300004067700505,23/05/2025,17/05/2025,2481275998,GR118,Greek,GR,8477,19,B,0.7518,"A, B",,NoMatch,D441/03,C
300004067700791,TELEVID5511_SCANNER13,GR118845824812759981300004067700791,23/05/2025,17/05/2025,2481275998,GR118,Greek,GR,8458,1,C,0.7956,"A, C",,NoMatch,D441/03,B
300004067700799,TELEVID5511_SCANNER13,GR118846624812759983300004067700799,23/05/2025,17/05/2025,2481275998,GR118,Greek,GR,8466,3,A,0.7742,A,,Match,D441/03,B
300004075000859,TELEVID5516_SCANNER13,GR1188807248127599812300004075000859,23/05/2025,17/05/2025,2481275998,GR118,Greek,GR,8807,12,FINDINGS,0.7894,FINDINGS,,Match,D441/03,mobility
300004075000862,TELEVID5516_SCANNER13,GR118881024812759988300004075000862,23/05/2025,17/05/2025,2481275998,GR118,Greek,GR,8810,8,COPPER,0.7717,LOPPER,,NoMatch,D441/03,copper
300004075000891,TELEVID5516_SCANNER13,GR1188839248127599814300004075000891,23/05/2025,17/05/2025,2481275998,GR118,Greek,GR,8839,14,CHEMICAL COMPONENT,0.7836,CHEMICAL COMPUNENT,,NoMatch,D441/03,cosmetic
300004075000898,TELEVID5516_SCANNER13,GR118884624812759987300004075000898,23/05/2025,17/05/2025,2481275998,GR118,Greek,GR,8846,7,SERAMIC MANING,0.7965,SERAMIC MANING,,Match,D441/03,textile (production)
300004127000117,TELEVID5594_SCANNER12,GR0358122248127599813300004127000117,27/05/2025,17/05/2025,2481275998,GR035,Greek,GR,8122,13,LIFE SIZED STATUES,0.7685,LIFE SIZED STATUES,,Match,D441/03,metal flag
300004127000120,TELEVID5594_SCANNER12,GR035811224812759981300004127000120,27/05/2025,17/05/2025,2481275998,GR035,Greek,GR,8112,1,B,0.783,B,,Match,D441/03,B
300004127000121,TELEVID5594_SCANNER12,GR0358113248127599814300004127000121,27/05/2025,17/05/2025,2481275998,GR035,Greek,GR,8113,14,BIANDOR,0.7922,BIANDOR,,Match,D441/03,cosmetic
300004128000102,TELEVID5546_SCANNER12,GR0058306248127599813300004128000102,27/05/2025,17/05/2025,2481275998,GR005,Greek,GR,8306,13,FRAGMENT,0.7979,FRAGUENT,,NoMatch,D441/03,metal flag
300004128000105,TELEVID5546_SCANNER12,GR0058309248127599824300004128000105,27/05/2025,17/05/2025,2481275998,GR005,Greek,GR,8309,24,A,0.7565,A,,Match,D441/03,A
300004128000115,TELEVID5546_SCANNER12,GR005831924812759987300004128000115,27/05/2025,17/05/2025,2481275998,GR005,Greek,GR,8319,7,CERAMIC,0.7618,CERAMIC,,Match,D441/03,textile (production)
300004128000117,TELEVID5546_SCANNER12,GR0058321248127599811300004128000117,27/05/2025,17/05/2025,2481275998,GR005,Greek,GR,8321,11,AREA,0.7507,ARTA,,NoMatch,D441/03,(social) status
300004128300012,TELEVID5554_SCANNER12,GR0058462248127599811300004128300012,27/05/2025,17/05/2025,2481275998,GR005,Greek,GR,8462,11,SOCIAL STATUS,0.7901,SOCIAL STATUS,,Match,D441/03,(social) status
300004128300016,TELEVID5554_SCANNER12,GR005846624812759988300004128300016,27/05/2025,17/05/2025,2481275998,GR005,Greek,GR,8466,8,COOPER,0.7622,LOOPER,,NoMatch,D441/03,copper
300004128300016,TELEVID5554_SCANNER12,GR0058466248127599811300004128300016,27/05/2025,17/05/2025,2481275998,GR005,Greek,GR,8466,11,INDICATION,0.7512,INDICATION,,Match,D441/03,(social) status
300004128300023,TELEVID5554_SCANNER12,GR0058473248127599812300004128300023,27/05/2025,17/05/2025,2481275998,GR005,Greek,GR,8473,12,MOBILITY,0.7898,MOBILITY,,Match,D441/03,mobility
300004129400425,TELEVID5557_SCANNER13,GR005858924812759982300004129400425,27/05/2025,17/05/2025,2481275998,GR005,Greek,GR,8589,2,A,0.7671,A,,Match,D441/03,A
300004129400733,TELEVID5557_SCANNER13,GR0358090248127599811300004129400733,27/05/2025,17/05/2025,2481275998,GR035,Greek,GR,8090,11,SOCIAL STATUS,0.763,SOCIAL STATUS,,Match,D441/03,(social) status
300004129400736,TELEVID5557_SCANNER13,GR035809324812759987300004129400736,27/05/2025,17/05/2025,2481275998,GR035,Greek,GR,8093,7,SERONIC-MAKING,0.7877,SERONIC-MAKING,,Match,D441/03,textile (production)
300004136200012,TELEVID5555_SCANNER13,GR0058193248127599813300004136200012,27/05/2025,17/05/2025,2481275998,GR005,Greek,GR,8193,13,CLAY STATUE,0.7827,CLAY STATUE,,Match,D441/03,metal flag
300004136200013,TELEVID5555_SCANNER13,GR0058194248127599810300004136200013,27/05/2025,17/05/2025,2481275998,GR005,Greek,GR,8194,10,SIMPLE TRASECTIONS,0.7819,SIMPLE TRASECTIONS,,Match,D441/03,grain(s)
300004136200025,TELEVID5555_SCANNER13,GR0058206248127599810300004136200025,27/05/2025,17/05/2025,2481275998,GR005,Greek,GR,8206,10,SHIP GOATS GRAINS,0.7633,SHIP GOATS GRAINS,,Match,D441/03,grain(s)
300004136200057,TELEVID5555_SCANNER13,GR0058238248127599825300004136200057,27/05/2025,17/05/2025,2481275998,GR005,Greek,GR,8238,25,E,0.7983,--blank--,,NoMatch,D441/03,E
300004136200059,TELEVID5555_SCANNER13,GR0058240248127599828300004136200059,27/05/2025,17/05/2025,2481275998,GR005,Greek,GR,8240,28,E,0.7918,E,,Match,D441/03,C
300004136200074,TELEVID5555_SCANNER13,GR005825524812759989300004136200074,27/05/2025,17/05/2025,2481275998,GR005,Greek,GR,8255,9,BEADS,0.7839,BEADS,,Match,D441/03,beads/artefacts
300004136200080,TELEVID5555_SCANNER13,GR005826124812759985300004136200080,27/05/2025,17/05/2025,2481275998,GR005,Greek,GR,8261,5,B,0.7888,B,,Match,D441/03,B
300004136200082,TELEVID5555_SCANNER13,GR005826324812759985300004136200082,27/05/2025,17/05/2025,2481275998,GR005,Greek,GR,8263,5,B,0.7884,B,,Match,D441/03,B
300004136200084,TELEVID5555_SCANNER13,GR005826524812759982300004136200084,27/05/2025,17/05/2025,2481275998,GR005,Greek,GR,8265,2,A,0.754,A,,Match,D441/03,A
300004136200551,TELEVID5555_SCANNER13,GR0268049248127599815300004136200551,27/05/2025,17/05/2025,2481275998,GR026,Greek,GR,8049,15,RAINFALL,0.7773,RAINFA,,NoMatch,D441/03,rain/rainfall/(rain) water
300004136200565,TELEVID5555_SCANNER13,GR0268063248127599810300004136200565,27/05/2025,17/05/2025,2481275998,GR026,Greek,GR,8063,10,SHEEP,0.75,SHEER,,NoMatch,D441/03,grain(s)
300004136200566,TELEVID5555_SCANNER13,GR026806424812759985300004136200566,27/05/2025,17/05/2025,2481275998,GR026,Greek,GR,8064,5,B,0.7517,C,,NoMatch,D441/03,B
300004136200580,TELEVID5555_SCANNER13,GR0268078248127599812300004136200580,27/05/2025,17/05/2025,2481275998,GR026,Greek,GR,8078,12,HEALTH AND DIET,0.772,HEALTH AND DIET,,Match,D441/03,mobility
300004136200682,TELEVID5555_SCANNER13,GR0268013248127599812300004136200682,27/05/2025,17/05/2025,2481275998,GR026,Greek,GR,8013,12,POPULATION,0.784,POPULATION,,Match,D441/03,mobility
300004136200689,TELEVID5555_SCANNER13,GR026802024812759982300004136200689,27/05/2025,17/05/2025,2481275998,GR026,Greek,GR,8020,2,A,0.751,A,,Match,D441/03,A
300004136200811,TELEVID5555_SCANNER13,GR0358069248127599813300004136200811,27/05/2025,17/05/2025,2481275998,GR035,Greek,GR,8069,13,METAL FLAG,0.7862,METAL FLAG,,Match,D441/03,metal flag
300004384200184,TELEVID5975_SCANNER12,PL007802578495672609300004384200184,12/06/2025,07/06/2025,7849567260,PL007,Slavic,PL,8025,9,COLOUR,0.7751,COLOUR,,Match,D441/03,[colour/color](s)
300004384300677,TELEVID5950_SCANNER12,BG0010034784956726011300004384300677,12/06/2025,07/06/2025,7849567260,BG001,Slavic,BG,34,11,SKIN JACKET,0.7823,SKIN JACKET,,Match,D441/03,ski jacket
300004387000136,TELEVID5956_SCANNER13,PL0018003784956726013300004387000136,12/06/2025,07/06/2025,7849567260,PL001,Slavic,PL,8003,13,CHRONICAL ISSUES,0.7654,CHRONICAL ISSUES,,Match,D441/03,flooding/floods
300004387000161,TELEVID5956_SCANNER13,PL0018028784956726012300004387000161,12/06/2025,07/06/2025,7849567260,PL001,Slavic,PL,8028,12,PANORAMIC VIEW,0.763,PANORAMIC VIEW,,Match,D441/03,panoramic view/panorama
300004387000164,TELEVID5956_SCANNER13,PL0018031784956726014300004387000164,12/06/2025,07/06/2025,7849567260,PL001,Slavic,PL,8031,14,CROP MARK,0.7628,CROP MARK,,Match,D441/03,fish trap
300004387000167,TELEVID5956_SCANNER13,PL001803478495672601300004387000167,12/06/2025,07/06/2025,7849567260,PL001,Slavic,PL,8034,1,A,0.791,A,,Match,D441/03,A
300004387000180,TELEVID5956_SCANNER13,PL0018047784956726011300004387000180,12/06/2025,07/06/2025,7849567260,PL001,Slavic,PL,8047,11,SKII JACKET,0.7591,SKII JACKET,,Match,D441/03,ski jacket
300004387100242,TELEVID5981_SCANNER12,IT888000878495672604300004387100242,12/06/2025,07/06/2025,7849567260,IT888,Romance,IT,8,4,A,0.7834,A,,Match,D441/03,A
300004387100242,TELEVID5981_SCANNER12,IT8880008784956726015300004387100242,12/06/2025,07/06/2025,7849567260,IT888,Romance,IT,8,15,VIDEOGAMES,0.7679,VIDEOGAMES,,Match,D441/03,computer games/video games
300004387100245,TELEVID5981_SCANNER12,IT8880011784956726014300004387100245,12/06/2025,07/06/2025,7849567260,IT888,Romance,IT,11,14,FISH TRAP,0.7801,FISH TRAP,,Match,D441/03,fish trap
300004388500435,TELEVID5979_SCANNER12,IT007000978495672608300004388500435,12/06/2025,07/06/2025,7849567260,IT007,Romance,IT,9,8,BIRD'S EYE,0.7558,BIRDIS EYE,,NoMatch,D441/03,bird's eye
300004388500447,TELEVID5979_SCANNER12,IT0070021784956726016300004388500447,12/06/2025,07/06/2025,7849567260,IT007,Romance,IT,21,16,B,0.7598,B,,Match,D441/03,C
300004388700098,TELEVID5974_SCANNER12,ES3760006784956726015300004388700098,12/06/2025,07/06/2025,7849567260,ES376,Romance,ES,6,15,VIDEOGAMES,0.7944,VIDEOGAMES,,Match,D441/03,computer games/video games
300004388700103,TELEVID5974_SCANNER12,ES3760011784956726021300004388700103,12/06/2025,07/06/2025,7849567260,ES376,Romance,ES,11,21,H,0.7972,H,,Match,D441/03,B
300004389200562,TELEVID5984_SCANNER12,ES9960011784956726019300004389200562,12/06/2025,07/06/2025,7849567260,ES996,Romance,ES,11,19,A,0.7969,"A, B",,NoMatch,D441/03,A
300004389200564,TELEVID5984_SCANNER12,ES9960013784956726012300004389200564,12/06/2025,07/06/2025,7849567260,ES996,Romance,ES,13,12,PANORAMIC VIEW,0.7759,PANORAMIC VIEW,,Match,D441/03,panoramic view/panorama
300004389200564,TELEVID5984_SCANNER12,ES9960013784956726015300004389200564,12/06/2025,07/06/2025,7849567260,ES996,Romance,ES,13,15,VIDEOGAMES,0.7773,VIDEOGAMES,,Match,D441/03,computer games/video games
300004392200246,televid6010_SCANNER13,IT0010005784956726015300004392200246,12/06/2025,07/06/2025,7849567260,IT001,Romance,IT,5,15,VIDEO GAMES,0.762,VIDEOGAMES,,NoMatch,D441/03,computer games/video games
300004392200328,televid6010_SCANNER13,GR118833778495672608300004392200328,12/06/2025,07/06/2025,7849567260,GR118,Greek,GR,8337,8,GREAT NOTORIETY,0.7992,GREAT NOTORIETY,,Match,D441/03,bird's eye
300004392200328,televid6010_SCANNER13,GR1188337784956726011300004392200328,12/06/2025,07/06/2025,7849567260,GR118,Greek,GR,8337,11,SKI JACKET,0.7652,STI JACKET,,NoMatch,D441/03,ski jacket
300004392200342,televid6010_SCANNER13,GR1188271784956726015300004392200342,12/06/2025,07/06/2025,7849567260,GR118,Greek,GR,8271,15,VIDEO GAMES,0.7586,VIDEO GAMES,,Match,D441/03,computer games/video games
300004392200356,televid6010_SCANNER13,GR1188367784956726012300004392200356,12/06/2025,07/06/2025,7849567260,GR118,Greek,GR,8367,12,PANORAMIC VIEW,0.794,PANORAMIC VIEW,,Match,D441/03,panoramic view/panorama
300004392200383,televid6010_SCANNER13,GR118001978495672608300004392200383,12/06/2025,07/06/2025,7849567260,GR118,Greek,GR,19,8,BIRDS EYE,0.781,BIRDS EXE,,NoMatch,D441/03,bird's eye
300004392200383,televid6010_SCANNER13,GR1180019784956726011300004392200383,12/06/2025,07/06/2025,7849567260,GR118,Greek,GR,19,11,SKI JACKET,0.7576,SKI JACKET,,Match,D441/03,ski jacket
300004392400539,televid5998_SCANNER13,PL006801078495672608300004392400539,12/06/2025,07/06/2025,7849567260,PL006,Slavic,PL,8010,8,BIRDS EYE,0.7772,BIRDS EYE,,Match,D441/03,bird's eye
300004392400602,televid5998_SCANNER13,PL002803078495672608300004392400602,12/06/2025,07/06/2025,7849567260,PL002,Slavic,PL,8030,8,VIEW FROM THE SKY,0.79,VIEW FROM THE SKY,,Match,D441/03,bird's eye
300004392400620,televid5998_SCANNER13,PL0028048784956726011300004392400620,12/06/2025,07/06/2025,7849567260,PL002,Slavic,PL,8048,11,SKI JACKET,0.7585,SKI JACKET,,Match,D441/03,ski jacket
300004394300323,TELEVID5991_SCANNER13,GR1188369784956726012300004394300323,12/06/2025,07/06/2025,7849567260,GR118,Greek,GR,8369,12,PANORAMIC VIEW,0.7763,PANORAMIC VIEW,,Match,D441/03,panoramic view/panorama
300004394500546,TELEVID6016_SCANNER13,ES438001178495672607300004394500546,12/06/2025,07/06/2025,7849567260,ES438,Romance,ES,11,7,SEARCH-TERMS,0.7825,SEARCH-TERMS,,Match,D441/03,search terms
300004394500546,TELEVID6016_SCANNER13,ES4380011784956726015300004394500546,12/06/2025,07/06/2025,7849567260,ES438,Romance,ES,11,15,VIDEOGAMES,0.7989,VIDEOGAMES,,Match,D441/03,computer games/video games
300004394900243,TELEVID5999_SCANNER13,PL006802278495672609300004394900243,12/06/2025,07/06/2025,7849567260,PL006,Slavic,PL,8022,9,COLOUR,0.7826,COLOUR,,Match,D441/03,[colour/color](s)
300004394900357,TELEVID5999_SCANNER13,GR118803878495672608300004394900357,12/06/2025,07/06/2025,7849567260,GR118,Greek,GR,8038,8,VIEW FROM THE SKY,0.781,VIEW-FROM THE SKY,,NoMatch,D441/03,bird's eye
300004394900357,TELEVID5999_SCANNER13,GR1188038784956726014300004394900357,12/06/2025,07/06/2025,7849567260,GR118,Greek,GR,8038,14,SIGHT OF A FISHTPAP,0.764,SIGHT OF A FISHTPAP,,Match,D441/03,fish trap
300004396000224,TELEVID5997_SCANNER13,GR118818878495672607300004396000224,12/06/2025,07/06/2025,7849567260,GR118,Greek,GR,8188,7,SEARCH-TERMS,0.787,SEARCH-TERMS,,Match,D441/03,search terms
300004396800398,TELEVID6005_SCANNER12,IT017801078495672607300004396800398,12/06/2025,07/06/2025,7849567260,IT017,Romance,IT,8010,7,AERIAL PHOTOGRAPY,0.7636,AERIAL PHOTOGRAPY,,Match,D441/03,search terms
300004396800399,TELEVID6005_SCANNER12,IT017801178495672607300004396800399,12/06/2025,07/06/2025,7849567260,IT017,Romance,IT,8011,7,SEARCHED TERMS,0.7717,SEARCHED TERMS,,Match,D441/03,search terms
300004396800402,TELEVID6005_SCANNER12,IT017800278495672607300004396800402,12/06/2025,07/06/2025,7849567260,IT017,Romance,IT,8002,7,SEARCH TERMS,0.7506,SEARCH TERMS,,Match,D441/03,search terms
300004396800406,TELEVID6005_SCANNER12,IT0178006784956726011300004396800406,12/06/2025,07/06/2025,7849567260,IT017,Romance,IT,8006,11,SUI JACHET,0.7909,SUI JACHET,,Match,D441/03,ski jacket
300004459000196,televid6091_SCANNER13,ES3790002521230128313300004459000196,17/06/2025,13/06/2025,5212301283,ES379,Romance,ES,2,13,DEEP-SPACE-NETWORK,0.7931,DEEP-SPACE-NETWORK,,Match,D441/03,Deep Space Network
300004459000197,televid6091_SCANNER13,ES3790003521230128311300004459000197,17/06/2025,13/06/2025,5212301283,ES379,Romance,ES,3,11,NATURAL SUNLIGHT,0.785,NATURAL SUNLIGHT,,Match,D441/03,(natural) sunlight
300004459000199,televid6091_SCANNER13,ES379000552123012838300004459000199,17/06/2025,13/06/2025,5212301283,ES379,Romance,ES,5,8,FOOD,0.7917,LOOD,,NoMatch,D441/03,potatoes
300004459000390,televid6091_SCANNER13,ES4397005784956726015300004459000390,17/06/2025,07/06/2025,7849567260,ES439,Romance,ES,7005,15,VIDEO GAMES,0.7979,VIDEOGAMES,,NoMatch,D441/03,computer games/video games
300004466000525,TELEVID6103_SCANNER12,BR2490029784956726015300004466000525,17/06/2025,07/06/2025,7849567260,BR249,Romance,BR,29,15,VIDEO GAMES,0.7714,VINEO GAMES,,NoMatch,D441/03,computer games/video games
300004471600366,TELEVID6114_SCANNER12,PL036000478495672605300004471600366,17/06/2025,07/06/2025,7849567260,PL036,Slavic,PL,4,5,B,0.7962,B,,Match,D441/03,C
300004475400202,TELEVID6093_SCANNER12,ES291800252123012839300004475400202,17/06/2025,13/06/2025,5212301283,ES291,Romance,ES,8002,9,VOLCANO,0.7786,OLCANO,,NoMatch,D441/03,volcano
300004475400203,TELEVID6093_SCANNER12,ES291800352123012832300004475400203,17/06/2025,13/06/2025,5212301283,ES291,Romance,ES,8003,2,A,0.7596,A,,Match,D441/03,A
300004492400433,TELEVID8019_SCANNER13,ES1033579521230128312300004492400433,18/06/2025,13/06/2025,5212301283,ES103,Romance,ES,3579,12,SIMULATION,0.7973,SIMULATION,,Match,D441/03,blog
300004492600316,TELEVID8039_SCANNER13,ES3838160521230128313300004492600316,18/06/2025,13/06/2025,5212301283,ES383,Romance,ES,8160,13,DEEP SPACE NETWORK,0.7873,DEEP SPACE NETWORK,,Match,D441/03,Deep Space Network
300004492600320,TELEVID8039_SCANNER13,ES3838164521230128313300004492600320,18/06/2025,13/06/2025,5212301283,ES383,Romance,ES,8164,13,DEEP SPACE NETWORK,0.7836,DEEP SPACE NETWORK,,Match,D441/03,Deep Space Network
300004492600323,TELEVID8039_SCANNER13,ES3838167521230128313300004492600323,18/06/2025,13/06/2025,5212301283,ES383,Romance,ES,8167,13,DEAPSPACE NETWORK,0.7928,DEADSPACE NETWORK,,NoMatch,D441/03,Deep Space Network
300004492700040,TELEVID8049_SCANNER13,ES165000252123012839300004492700040,18/06/2025,13/06/2025,5212301283,ES165,Romance,ES,2,9,VOLCANO,0.7716,VOLCANO,,Match,D441/03,volcano
300004492700045,TELEVID8049_SCANNER13,ES1650007521230128312300004492700045,18/06/2025,13/06/2025,5212301283,ES165,Romance,ES,7,12,VLOGS,0.7797,VL065,,NoMatch,D441/03,blog
300004492700375,TELEVID8049_SCANNER13,PL004800552123012839300004492700375,18/06/2025,13/06/2025,5212301283,PL004,Slavic,PL,8005,9,VOLCANO,0.7544,VOLCANO,,Match,D441/03,volcano
300004492700381,TELEVID8049_SCANNER13,PL0048011521230128312300004492700381,18/06/2025,13/06/2025,5212301283,PL004,Slavic,PL,8011,12,FROM ALL AROUND THE WORLD,0.7653,FROM ALL AROUND THE WORLD,,Match,D441/03,blog
300004492700382,TELEVID8049_SCANNER13,PL0048012521230128315300004492700382,18/06/2025,13/06/2025,5212301283,PL004,Slavic,PL,8012,15,EMERGENCIES,0.7942,EMERGENCIES,,Match,D441/03,[emergency/emergencies]
300004492700384,TELEVID8049_SCANNER13,PL004801452123012839300004492700384,18/06/2025,13/06/2025,5212301283,PL004,Slavic,PL,8014,9,VOLCANO,0.7534,VOLLANO,,NoMatch,D441/03,volcano
300004503100652,TELEVID8008_SCANNER12,PL161000152123012839300004503100652,19/06/2025,13/06/2025,5212301283,PL161,Slavic,PL,1,9,VOLCANO,0.7757,VOLCANO,,Match,D441/03,volcano
300004503100652,TELEVID8008_SCANNER12,PL1610001521230128313300004503100652,19/06/2025,13/06/2025,5212301283,PL161,Slavic,PL,1,13,DEEP SPACE NETWORK,0.7905,DEEP SPACE NETWORK,,Match,D441/03,Deep Space Network
300004503100657,TELEVID8008_SCANNER12,PL1610006521230128313300004503100657,19/06/2025,13/06/2025,5212301283,PL161,Slavic,PL,6,13,INDYWIDUALS,0.7725,INDYWIDUALS,,Match,D441/03,Deep Space Network
300004503100658,TELEVID8008_SCANNER12,PL161000752123012837300004503100658,19/06/2025,13/06/2025,5212301283,PL161,Slavic,PL,7,7,HOUSEHIFE,0.759,HOUSEHIFE,,Match,D441/03,home owner/house owner
300004507300329,TELEVID8033_SCANNER13,ES4598071521230128313300004507300329,19/06/2025,13/06/2025,5212301283,ES459,Romance,ES,8071,13,DEE SPACE NETWORK,0.7646,DEE SPACE NETWORK,,Match,D441/03,Deep Space Network
300004507300330,TELEVID8033_SCANNER13,ES4598072521230128310300004507300330,19/06/2025,13/06/2025,5212301283,ES459,Romance,ES,8072,10,CAVES,0.7877,COVES,,NoMatch,D441/03,(stunning) caves
300004507300345,TELEVID8033_SCANNER13,ES459802152123012834300004507300345,19/06/2025,13/06/2025,5212301283,ES459,Romance,ES,8021,4,A,0.7951,A,,Match,D441/03,A
300004507700709,TELEVID8014_SCANNER13,PL090000978495672602300004507700709,19/06/2025,07/06/2025,7849567260,PL090,Slavic,PL,9,2,B,0.771,B,,Match,D441/03,B
300004507700709,TELEVID8014_SCANNER13,PL0900009784956726013300004507700709,19/06/2025,07/06/2025,7849567260,PL090,Slavic,PL,9,13,FLOODS,0.7605,TLOODS,,NoMatch,D441/03,flooding/floods
300004508200076,TELEVID8042_2_SCANNER13,IT0710005521230128312300004508200076,19/06/2025,13/06/2025,5212301283,IT071,Romance,IT,5,12,BLOG,0.7741,BLOG SPACE VIEWORK,,NoMatch,D441/03,blog
300004508200410,TELEVID8042_2_SCANNER13,ES3838020521230128320300004508200410,19/06/2025,13/06/2025,5212301283,ES383,Romance,ES,8020,20,B,0.7836,B,,Match,D441/03,B
300004513200271,TELEVID8093_SCANNER13,PL277000552123012837300004513200271,19/06/2025,13/06/2025,5212301283,PL277,Slavic,PL,5,7,HOMEOWNER,0.7759,HOMEOWNER,,Match,D441/03,home owner/house owner
300004513200428,TELEVID8093_SCANNER13,ES0038004521230128314300004513200428,19/06/2025,13/06/2025,5212301283,ES003,Romance,ES,8004,14,DEEPSPACE NETWORK,0.7651,DEEPSPACE NETWORK,,Match,D441/03,(time) delay(s)
300004513700511,TELEVID8096_SCANNER13,PL0360004521230128311300004513700511,19/06/2025,13/06/2025,5212301283,PL036,Slavic,PL,4,11,NATURAL SUN LIGHT,0.7992,NATURAL SUN LIGHT,,Match,D441/03,(natural) sunlight
300004517300008,TELEVID8099_SCANNER13,DE008001652123012833300004517300008,20/06/2025,13/06/2025,5212301283,DE008,Germanic,DE,16,3,B,0.7975,B,,Match,D441/03,C
300004517300717,TELEVID8099_SCANNER13,DE0080006521230128311300004517300717,20/06/2025,13/06/2025,5212301283,DE008,Germanic,DE,6,11,NATURAL SUNLIGHT,0.7965,NATURAL SUNLIGHT,,Match,D441/03,(natural) sunlight
300004518500402,TELEVID8110_SCANNER13,ES439700252123012832300004518500402,20/06/2025,13/06/2025,5212301283,ES439,Romance,ES,7002,2,A,0.7938,A,,Match,D441/03,A
300004518500415,TELEVID8110_SCANNER13,ES439701552123012839300004518500415,20/06/2025,13/06/2025,5212301283,ES439,Romance,ES,7015,9,VOLCANO,0.7619,VOLCANO,,Match,D441/03,volcano
300004518500424,TELEVID8110_SCANNER13,ES4397101521230128313300004518500424,20/06/2025,13/06/2025,5212301283,ES439,Romance,ES,7101,13,DEEP-SPACE NETWORK,0.7757,DEEP-SPACE NETWORK,,Match,D441/03,Deep Space Network
300004522300099,televid8121_SCANNER13,PL034010952123012837300004522300099,20/06/2025,13/06/2025,5212301283,PL034,Slavic,PL,109,7,FULL-TIME JOB,0.7551,FULL-TIME JOB,,Match,D441/03,home owner/house owner
300004523800061,TELEVID8097_SCANNER13,DE0080028521230128310300004523800061,20/06/2025,13/06/2025,5212301283,DE008,Germanic,DE,28,10,CAVES,0.7733,LAVES,,NoMatch,D441/03,(stunning) caves
300004557500001,TELEVID8212_SCANNER12,BR008000152123012831300004557500001,24/06/2025,13/06/2025,5212301283,BR008,Romance,BR,1,1,A,0.786,A,,Match,D441/03,C
300004557500390,TELEVID8212_SCANNER12,ES0130001521230128312300004557500390,24/06/2025,13/06/2025,5212301283,ES013,Romance,ES,1,12,WORK,0.7887,WORU,,NoMatch,D441/03,blog
300004557500402,TELEVID8212_SCANNER12,ES013001352123012834300004557500402,24/06/2025,13/06/2025,5212301283,ES013,Romance,ES,13,4,A,0.767,A,,Match,D441/03,A
300004557500427,TELEVID8212_SCANNER12,ES0130026521230128312300004557500427,24/06/2025,13/06/2025,5212301283,ES013,Romance,ES,26,12,BLOG,0.7602,BLCG,,NoMatch,D441/03,blog
300004557500427,TELEVID8212_SCANNER12,ES0130026521230128315300004557500427,24/06/2025,13/06/2025,5212301283,ES013,Romance,ES,26,15,EMERGENCIES,0.7756,EMERSENCIES,,NoMatch,D441/03,[emergency/emergencies]
300004557500428,TELEVID8212_SCANNER12,ES0130027521230128313300004557500428,24/06/2025,13/06/2025,5212301283,ES013,Romance,ES,27,13,DEEP SPACE NETWORK,0.7879,DEEP SPACE NETWORK,,Match,D441/03,Deep Space Network
300004557500436,TELEVID8212_SCANNER12,ES013003552123012834300004557500436,24/06/2025,13/06/2025,5212301283,ES013,Romance,ES,35,4,A,0.7924,A,,Match,D441/03,A
300004571100086,TELEVID8250_SCANNER13,IT3060003521230128313300004571100086,25/06/2025,13/06/2025,5212301283,IT306,Romance,IT,3,13,DEEP SPACE NETWORK,0.7768,DREP SPACE NETWORK,,NoMatch,D441/03,Deep Space Network
300004592500260,TELEVID8307_SCANNER12,ES426008752123012837300004592500260,26/06/2025,13/06/2025,5212301283,ES426,Romance,ES,87,7,FULL TIME JOB,0.7985,FULL TIME JOB,,Match,D441/03,home owner/house owner
300004595500139,TELEVID8308_SCANNER12,ES431000352123012838300004595500139,26/06/2025,13/06/2025,5212301283,ES431,Romance,ES,3,8,POTATOES,0.7675,POTATOES,,Match,D441/03,potatoes
300004622700649,TELEVID6262_SCANNER12,GR0058122784956726011300004622700649,03/07/2025,07/06/2025,7849567260,GR005,Greek,GR,8122,11,SKII JACKET,0.7759,SKIL JACKET,,NoMatch,D441/03,ski jacket
300004623000174,TELEVID6270_SCANNER13,GR0358047784956726012300004623000174,04/07/2025,07/06/2025,7849567260,GR035,Greek,GR,8047,12,PANORAMIC VIEW,0.7534,PANORAMZC VIEW,,NoMatch,D441/03,panoramic view/panorama
400004556800503,TELEVID4896_Scanner20,DE299890896431743797400004556800503,07/03/2025,01/03/2025,9643174379,DE299,Germanic,DE,8908,7,SUIT,0.7599,SUIT,,Match,D441/03,suit
400004556800510,TELEVID4896_Scanner20,DE2998915964317437911400004556800510,07/03/2025,01/03/2025,9643174379,DE299,Germanic,DE,8915,11,CYCLING MUSEUM,0.7762,CYCLING MUSEUM,,Match,D441/03,(cycling) museum
400004556800513,TELEVID4896_Scanner20,DE299891896431743797400004556800513,07/03/2025,01/03/2025,9643174379,DE299,Germanic,DE,8918,7,SUIT,0.7557,SUIT,,Match,D441/03,suit
400004556800803,TELEVID4896_Scanner20,DE2998873964317437915400004556800803,07/03/2025,01/03/2025,9643174379,DE299,Germanic,DE,8873,15,UNIQUENESS OF BYCYCLES,0.7738,UNIQUENESSOF BYCYCLES,,NoMatch,D441/03,spirit
400004556800809,TELEVID4896_Scanner20,DE299887996431743794400004556800809,07/03/2025,01/03/2025,9643174379,DE299,Germanic,DE,8879,4,A,0.7731,A,,Match,D441/03,A
400004556800815,TELEVID4896_Scanner20,DE2998885964317437911400004556800815,07/03/2025,01/03/2025,9643174379,DE299,Germanic,DE,8885,11,CYCLING MUSEUM,0.787,CYCLING-MUSEUM,,NoMatch,D441/03,(cycling) museum
400004560300040,TELEVID4898_Scanner20,CH1880014964317437911400004560300040,07/03/2025,01/03/2025,9643174379,CH188,Germanic,CH,14,11,CYCLING MUSEUM,0.7632,CYCLING MUSEUM,,Match,D441/03,(cycling) museum
400004950300870,TELEVID5478_SCANNER14,CH2118001240866992914400004950300870,21/05/2025,10/05/2025,2408669929,CH211,Germanic,CH,8001,14,FINGERPRINTS,0.7846,FINGERPRINTS,,Match,D441/03,fingerprints
400004950300875,TELEVID5478_SCANNER14,CH2118006240866992914400004950300875,21/05/2025,10/05/2025,2408669929,CH211,Germanic,CH,8006,14,FINGERPRINTS,0.7889,FINGERPRINTS,,Match,D441/03,fingerprints
400004950300877,TELEVID5478_SCANNER14,CH2118008240866992914400004950300877,21/05/2025,10/05/2025,2408669929,CH211,Germanic,CH,8008,14,FINGERPRINTS,0.7953,FINGERPRINTS,,Match,D441/03,fingerprints
400004950300878,TELEVID5478_SCANNER14,CH2118009240866992914400004950300878,21/05/2025,10/05/2025,2408669929,CH211,Germanic,CH,8009,14,FINGERPRINTS,0.784,FINGERPRINTS,,Match,D441/03,fingerprints
400004950300886,TELEVID5478_SCANNER14,CH211801724086699293400004950300886,21/05/2025,10/05/2025,2408669929,CH211,Germanic,CH,8017,3,A,0.7856,A,,Match,D441/03,A
400004950300890,TELEVID5478_SCANNER14,CH2118021240866992911400004950300890,21/05/2025,10/05/2025,2408669929,CH211,Germanic,CH,8021,11,COLOUR MAP,0.7552,COLOUR MAP,,Match,D441/03,[colour/color] map
400004950300893,TELEVID5478_SCANNER14,CH2118024240866992914400004950300893,21/05/2025,10/05/2025,2408669929,CH211,Germanic,CH,8024,14,FINGERPRINTS,0.7721,FINGERPRINTS,,Match,D441/03,fingerprints
400004953200351,TELEVID5481_SCANNER14,GR1188065248127599812400004953200351,21/05/2025,17/05/2025,2481275998,GR118,Greek,GR,8065,12,MOBILITY,0.7725,MOBILITY,,Match,D441/03,mobility
400004953200355,TELEVID5481_SCANNER14,GR118813724812759989400004953200355,21/05/2025,17/05/2025,2481275998,GR118,Greek,GR,8137,9,LAPIS BEETS,0.7794,LAPIS BEETS,,Match,D441/03,beads/artefacts
400004953200371,TELEVID5481_SCANNER14,GR1188153248127599812400004953200371,21/05/2025,17/05/2025,2481275998,GR118,Greek,GR,8153,12,MOBILITY,0.7746,MCBILITY,,NoMatch,D441/03,mobility
400004953200375,TELEVID5481_SCANNER14,GR118815724812759987400004953200375,21/05/2025,17/05/2025,2481275998,GR118,Greek,GR,8157,7,CERAMIC MAKING,0.7614,CERAMIC MAUING,,NoMatch,D441/03,textile (production)
400004953200507,TELEVID5481_SCANNER14,GR118803424812759987400004953200507,21/05/2025,17/05/2025,2481275998,GR118,Greek,GR,8034,7,CERAMIC,0.7702,CERAMIC,,Match,D441/03,textile (production)
400004953200515,TELEVID5481_SCANNER14,GR118804224812759989400004953200515,21/05/2025,17/05/2025,2481275998,GR118,Greek,GR,8042,9,TOMBS,0.7829,TOMBS,,Match,D441/03,beads/artefacts
400004953200591,TELEVID5481_SCANNER14,GR1188077248127599810400004953200591,21/05/2025,17/05/2025,2481275998,GR118,Greek,GR,8077,10,TRANSACTIONS,0.7802,TRANSACTIONS,,Match,D441/03,grain(s)
400004953200802,TELEVID5481_SCANNER14,GR1188636248127599826400004953200802,21/05/2025,17/05/2025,2481275998,GR118,Greek,GR,8636,26,--impossible--,0.773,C,,NoMatch,D441/03,B
400004953200809,TELEVID5481_SCANNER14,GR118864324812759988400004953200809,21/05/2025,17/05/2025,2481275998,GR118,Greek,GR,8643,8,CELLSANDGEMSTONES,0.794,CELLSANDGEMSTONES,,Match,D441/03,copper
400004953200815,TELEVID5481_SCANNER14,GR1188649248127599815400004953200815,21/05/2025,17/05/2025,2481275998,GR118,Greek,GR,8649,15,VIBRANT WILDLIFE,0.7894,VIBRANY WILDLIFE,,NoMatch,D441/03,rain/rainfall/(rain) water
400004953200815,TELEVID5481_SCANNER14,GR1188649248127599817400004953200815,21/05/2025,17/05/2025,2481275998,GR118,Greek,GR,8649,17,A,0.7619,A,,Match,D441/03,B
400004953200889,TELEVID5481_SCANNER14,GR118818124812759987400004953200889,21/05/2025,17/05/2025,2481275998,GR118,Greek,GR,8181,7,TEXTILE,0.7846,TEXPILE,,NoMatch,D441/03,textile (production)
400004953200895,TELEVID5481_SCANNER14,GR118818724812759982400004953200895,21/05/2025,17/05/2025,2481275998,GR118,Greek,GR,8187,2,A,0.7878,A,,Match,D441/03,A
400004953200903,TELEVID5481_SCANNER14,GR1188195248127599814400004953200903,21/05/2025,17/05/2025,2481275998,GR118,Greek,GR,8195,14,COSMETIC,0.7545,COSMETIC,,Match,D441/03,cosmetic
400004953200927,TELEVID5481_SCANNER14,GR1188219248127599812400004953200927,21/05/2025,17/05/2025,2481275998,GR118,Greek,GR,8219,12,HEALT AND DIET,0.7511,HEALT AND DIET,,Match,D441/03,mobility
400004960800954,TELEVID5519_SCANNER14,GR118857924812759983400004960800954,22/05/2025,17/05/2025,2481275998,GR118,Greek,GR,8579,3,A,0.7785,A,,Match,D441/03,B
400004961800359,TELEVID5489_SCANNER14,GR1188128248127599812400004961800359,22/05/2025,17/05/2025,2481275998,GR118,Greek,GR,8128,12,POPULATION,0.7669,POPULATION,,Match,D441/03,mobility
400004961800361,TELEVID5489_SCANNER14,GR118813024812759989400004961800361,22/05/2025,17/05/2025,2481275998,GR118,Greek,GR,8130,9,GEMSTONES,0.7558,GEMSTONES,,Match,D441/03,beads/artefacts
400004961800361,TELEVID5489_SCANNER14,GR1188130248127599811400004961800361,22/05/2025,17/05/2025,2481275998,GR118,Greek,GR,8130,11,MIND THOUGHT,0.7807,MIND THOUGHT,,Match,D441/03,(social) status
400004961800678,TELEVID5489_SCANNER14,GR1188097248127599813400004961800678,22/05/2025,17/05/2025,2481275998,GR118,Greek,GR,8097,13,METAL FLAG,0.7685,METAL FLAG,,Match,D441/03,metal flag
400004961800689,TELEVID5489_SCANNER14,GR1188108248127599812400004961800689,22/05/2025,17/05/2025,2481275998,GR118,Greek,GR,8108,12,HEALTH AND DIET,0.76,HEALTH AND DIET,,Match,D441/03,mobility
400004961800705,TELEVID5489_SCANNER14,GR1188124248127599810400004961800705,22/05/2025,17/05/2025,2481275998,GR118,Greek,GR,8124,10,SHELVES,0.7863,SHELVES,,Match,D441/03,grain(s)
400004961800706,TELEVID5489_SCANNER14,GR1188125248127599810400004961800706,22/05/2025,17/05/2025,2481275998,GR118,Greek,GR,8125,10,TRANSACTIONS,0.7924,TRANSACTIONS,,Match,D441/03,grain(s)
400004961900060,TELEVID5495_SCANNER14,GR118833224812759988400004961900060,22/05/2025,17/05/2025,2481275998,GR118,Greek,GR,8332,8,COPER,0.7842,COPER,,Match,D441/03,copper
400004964400846,TELEVID5501_SCANNER14,GR1188346248127599812400004964400846,22/05/2025,17/05/2025,2481275998,GR118,Greek,GR,8346,12,REMAINS,0.7846,REMAINS,,Match,D441/03,mobility
400004964400848,TELEVID5501_SCANNER14,GR1188348248127599813400004964400848,22/05/2025,17/05/2025,2481275998,GR118,Greek,GR,8348,13,METAL FLAG,0.7894,NETAL FLAG,,NoMatch,D441/03,metal flag
400004964700855,TELEVID5512_SCANNER14,GR806802224812759989400004964700855,22/05/2025,17/05/2025,2481275998,GR806,Greek,GR,8022,9,WAR MATERIALS,0.7973,MAR MATERIALS,,NoMatch,D441/03,beads/artefacts
400004966400035,TELEVID5521_SCANNER14,GR118854524812759987400004966400035,22/05/2025,17/05/2025,2481275998,GR118,Greek,GR,8545,7,FLOWER,0.7752,FLOWER,,Match,D441/03,textile (production)
400004966400778,TELEVID5521_SCANNER14,GR118866724812759983400004966400778,22/05/2025,17/05/2025,2481275998,GR118,Greek,GR,8667,3,A,0.7752,A,,Match,D441/03,B
400004966400786,TELEVID5521_SCANNER14,GR1188522248127599810400004966400786,22/05/2025,17/05/2025,2481275998,GR118,Greek,GR,8522,10,GOODS,0.7527,GOODS,,Match,D441/03,grain(s)
400004966500333,TELEVID5510_SCANNER14,GR1188548248127599815400004966500333,22/05/2025,17/05/2025,2481275998,GR118,Greek,GR,8548,15,RAINFALL,0.7558,RAINFALL,,Match,D441/03,rain/rainfall/(rain) water
400004968200437,TELEVID5505_SCANNER14,GR1188004248127599813400004968200437,22/05/2025,17/05/2025,2481275998,GR118,Greek,GR,8004,13,SPECTACULAR ART EFFECT,0.7791,SPECTACULAR ART EFFECT,,Match,D441/03,metal flag
400004968300726,TELEVID5513_SCANNER14,GR118851624812759984400004968300726,22/05/2025,17/05/2025,2481275998,GR118,Greek,GR,8516,4,A,0.7581,A,,Match,D441/03,A
400005029500267,TELEVID5577_SCANNER14,GR801002424812759989400005029500267,27/05/2025,17/05/2025,2481275998,GR801,Greek,GR,24,9,CIVILAZIATION,0.7952,CIVILAZIATION,,Match,D441/03,beads/artefacts
400005032100340,TELEVID5559_SCANNER14,GR005845024812759982400005032100340,27/05/2025,17/05/2025,2481275998,GR005,Greek,GR,8450,2,A,0.7985,A,,Match,D441/03,A
400005032100359,TELEVID5559_SCANNER14,GR0058481248127599812400005032100359,27/05/2025,17/05/2025,2481275998,GR005,Greek,GR,8481,12,MOBILITY,0.7628,HOBILITY,,NoMatch,D441/03,mobility
400005032100374,TELEVID5559_SCANNER14,GR0058496248127599812400005032100374,27/05/2025,17/05/2025,2481275998,GR005,Greek,GR,8496,12,MOBILITY,0.7853,MODILITY,,NoMatch,D441/03,mobility
400005032400380,TELEVID5547_SCANNER14,GR0358009248127599812400005032400380,27/05/2025,17/05/2025,2481275998,GR035,Greek,GR,8009,12,MOBILITY,0.7818,MOBILITY,,Match,D441/03,mobility
400005032400380,TELEVID5547_SCANNER14,GR0358009248127599814400005032400380,27/05/2025,17/05/2025,2481275998,GR035,Greek,GR,8009,14,COSMETIC,0.7903,COSUETIC,,NoMatch,D441/03,cosmetic
400005032400383,TELEVID5547_SCANNER14,GR035801224812759988400005032400383,27/05/2025,17/05/2025,2481275998,GR035,Greek,GR,8012,8,COPPER,0.7753,COPPER,,Match,D441/03,copper
400005034700081,TELEVID5556_SCANNER14,GR005810424812759989400005034700081,27/05/2025,17/05/2025,2481275998,GR005,Greek,GR,8104,9,ROYAL TOMBS,0.7874,ROYAL TOMBS,,Match,D441/03,beads/artefacts
400005034700095,TELEVID5556_SCANNER14,GR0058118248127599810400005034700095,27/05/2025,17/05/2025,2481275998,GR005,Greek,GR,8118,10,SIMPLE TRANSACTIONS,0.7602,SIMPLE TRANSACTIONS,,Match,D441/03,grain(s)
400005034700097,TELEVID5556_SCANNER14,GR005812024812759983400005034700097,27/05/2025,17/05/2025,2481275998,GR005,Greek,GR,8120,3,A,0.7672,A,,Match,D441/03,B
400005034700104,TELEVID5556_SCANNER14,GR0058127248127599814400005034700104,27/05/2025,17/05/2025,2481275998,GR005,Greek,GR,8127,14,BYNDER,0.7824,BYNDER,,Match,D441/03,cosmetic
400005034700109,TELEVID5556_SCANNER14,GR005813224812759987400005034700109,27/05/2025,17/05/2025,2481275998,GR005,Greek,GR,8132,7,FLOWERISHING,0.7785,FLOWERISHING,,Match,D441/03,textile (production)
400005034700109,TELEVID5556_SCANNER14,GR0058132248127599814400005034700109,27/05/2025,17/05/2025,2481275998,GR005,Greek,GR,8132,14,COSMETIC,0.7552,COSMERIC,,NoMatch,D441/03,cosmetic
400005034700135,TELEVID5556_SCANNER14,GR0058158248127599811400005034700135,27/05/2025,17/05/2025,2481275998,GR005,Greek,GR,8158,11,SOCIAL STATUS,0.7799,SOLIAL STATUS,,NoMatch,D441/03,(social) status
400005034700142,TELEVID5556_SCANNER14,GR0058165248127599812400005034700142,27/05/2025,17/05/2025,2481275998,GR005,Greek,GR,8165,12,HEALTH AND DIET,0.794,HEALTH AND DIET,,Match,D441/03,mobility
400005034800697,TELEVID5548_SCANNER14,GR0058532248127599813400005034800697,27/05/2025,17/05/2025,2481275998,GR005,Greek,GR,8532,13,METAL FLAG,0.7521,METAL FLAG,,Match,D441/03,metal flag
400005034800711,TELEVID5548_SCANNER14,GR005854624812759987400005034800711,27/05/2025,17/05/2025,2481275998,GR005,Greek,GR,8546,7,TEXTILE,0.7718,TEXTILE,,Match,D441/03,textile (production)
400005034800841,TELEVID5548_SCANNER14,GR0358198248127599811400005034800841,27/05/2025,17/05/2025,2481275998,GR035,Greek,GR,8198,11,ARTEFACTS,0.7872,ARTEFACTS,,Match,D441/03,(social) status
400005034800848,TELEVID5548_SCANNER14,GR0358205248127599811400005034800848,27/05/2025,17/05/2025,2481275998,GR035,Greek,GR,8205,11,MARK OF THE SOCIAL STATUS,0.7961,HARK OF THE SOCIAL STATUS,,NoMatch,D441/03,(social) status
400005034800976,TELEVID5548_SCANNER14,GR0358079248127599818400005034800976,27/05/2025,17/05/2025,2481275998,GR035,Greek,GR,8079,18,A,0.7578,A,,Match,D441/03,A
400005034800979,TELEVID5548_SCANNER14,GR035808224812759983400005034800979,27/05/2025,17/05/2025,2481275998,GR035,Greek,GR,8082,3,A,0.7862,A,,Match,D441/03,B
400005034800979,TELEVID5548_SCANNER14,GR0358082248127599812400005034800979,27/05/2025,17/05/2025,2481275998,GR035,Greek,GR,8082,12,EXCOVATION,0.7794,EXCAVATION,,NoMatch,D441/03,mobility
400005034801068,TELEVID5548_SCANNER14,GR005861424812759987400005034801068,27/05/2025,17/05/2025,2481275998,GR005,Greek,GR,8614,7,FLOWERISHING,0.7979,FLOWERISHING,,Match,D441/03,textile (production)
400005035000122,TELEVID5571_SCANNER14,GR801001724812759982400005035000122,27/05/2025,17/05/2025,2481275998,GR801,Greek,GR,17,2,A,0.7736,A,,Match,D441/03,A
400005035000382,TELEVID5571_SCANNER14,GR035817324812759984400005035000382,27/05/2025,17/05/2025,2481275998,GR035,Greek,GR,8173,4,A,0.7552,A,,Match,D441/03,A
400005035000390,TELEVID5571_SCANNER14,GR035818124812759982400005035000390,27/05/2025,17/05/2025,2481275998,GR035,Greek,GR,8181,2,A,0.7908,A,,Match,D441/03,A
400005035000409,TELEVID5571_SCANNER14,GR0358290248127599810400005035000409,27/05/2025,17/05/2025,2481275998,GR035,Greek,GR,8290,10,SHEEP GOATS AND GRAINS,0.7595,SHEEP GRAINS,,NoMatch,D441/03,grain(s)
400005346300144,TELEVID6047_SCANNER14,ES4458003784956726012400005346300144,13/06/2025,07/06/2025,7849567260,ES445,Romance,ES,8003,12,PANORAMIC VIEW,0.7564,PANCRAMIC VIEW,,NoMatch,D441/03,panoramic view/panorama
400005348000087,TELEVID6022_SCANNER14,GE001000278495672607400005348000087,13/06/2025,07/06/2025,7849567260,GE001,Others,GE,2,7,SEARCH TERMS,0.7524,SEARCH TERMS,,Match,D441/03,search terms
400005348000089,TELEVID6022_SCANNER14,GE0010004784956726015400005348000089,13/06/2025,07/06/2025,7849567260,GE001,Others,GE,4,15,VIDEOGAMES,0.7697,VIDEOGAMES,,Match,D441/03,computer games/video games
400005415200085,TELEVID6068_SCANNER14,ES3838010784956726014400005415200085,16/06/2025,07/06/2025,7849567260,ES383,Romance,ES,8010,14,FISH TRAP,0.7577,FISH TRAP,,Match,D441/03,fish trap
400005415200091,TELEVID6068_SCANNER14,ES383801678495672602400005415200091,16/06/2025,07/06/2025,7849567260,ES383,Romance,ES,8016,2,A,0.7586,A,,Match,D441/03,B
400005415200103,TELEVID6068_SCANNER14,ES383802878495672608400005415200103,16/06/2025,07/06/2025,7849567260,ES383,Romance,ES,8028,8,BIRDS EYE,0.7872,BIRDS EYE,,Match,D441/03,bird's eye
400005415200109,TELEVID6068_SCANNER14,ES3838034784956726011400005415200109,16/06/2025,07/06/2025,7849567260,ES383,Romance,ES,8034,11,SKI JACKET,0.791,SK1 JACKET,,NoMatch,D441/03,ski jacket
400005417000545,TELEVID6071_SCANNER14,IT0320001784956726015400005417000545,16/06/2025,07/06/2025,7849567260,IT032,Romance,IT,1,15,VIDEO GAMES,0.7846,VIDEO GAMES,,Match,D441/03,computer games/video games
400005417000654,TELEVID6071_SCANNER14,IT2670005784956726012400005417000654,16/06/2025,07/06/2025,7849567260,IT267,Romance,IT,5,12,PANORAMIC VIEW,0.7741,PANORAMIC VIEW,,Match,D441/03,panoramic view/panorama
400005417000659,TELEVID6071_SCANNER14,IT267001078495672608400005417000659,16/06/2025,07/06/2025,7849567260,IT267,Romance,IT,10,8,BIRDS' EYE,0.7944,BIRDS' EYE,,Match,D441/03,bird's eye
400005417000661,TELEVID6071_SCANNER14,IT267001278495672604400005417000661,16/06/2025,07/06/2025,7849567260,IT267,Romance,IT,12,4,A,0.7866,A,,Match,D441/03,A
400005417300091,TELEVID6066_SCANNER14,ES3838068784956726011400005417300091,16/06/2025,07/06/2025,7849567260,ES383,Romance,ES,8068,11,SKY JAKET,0.7933,SKY JAKET,,Match,D441/03,ski jacket
400005417300094,TELEVID6066_SCANNER14,ES3838071784956726015400005417300094,16/06/2025,07/06/2025,7849567260,ES383,Romance,ES,8071,15,VIDEOGAMES,0.7746,VIDEOGAMES,,Match,D441/03,computer games/video games
400005417300095,TELEVID6066_SCANNER14,ES3838072784956726011400005417300095,16/06/2025,07/06/2025,7849567260,ES383,Romance,ES,8072,11,SKII JACKET,0.7826,SKII JACKET,,Match,D441/03,ski jacket
400005417300122,TELEVID6066_SCANNER14,ES3838088784956726011400005417300122,16/06/2025,07/06/2025,7849567260,ES383,Romance,ES,8088,11,SKII JACKET,0.7543,SKII JACKET,,Match,D441/03,ski jacket
400005417300124,TELEVID6066_SCANNER14,ES3838090784956726015400005417300124,16/06/2025,07/06/2025,7849567260,ES383,Romance,ES,8090,15,VIDEOGAMES,0.7514,VIDEOGAMES,,Match,D441/03,computer games/video games
400005417300548,TELEVID6066_SCANNER14,ES3838094784956726011400005417300548,16/06/2025,07/06/2025,7849567260,ES383,Romance,ES,8094,11,SKI JAKET,0.7895,SKI JAKET,,Match,D441/03,ski jacket
400005417300549,TELEVID6066_SCANNER14,ES3838095784956726012400005417300549,16/06/2025,07/06/2025,7849567260,ES383,Romance,ES,8095,12,PANORAMIC VIEW,0.7869,PANORAMIL VIEW,,NoMatch,D441/03,panoramic view/panorama
400005417300564,TELEVID6066_SCANNER14,ES383811078495672608400005417300564,16/06/2025,07/06/2025,7849567260,ES383,Romance,ES,8110,8,BIRD'S EYE,0.7637,BIRD'S EYE,,Match,D441/03,bird's eye
400005417300564,TELEVID6066_SCANNER14,ES3838110784956726015400005417300564,16/06/2025,07/06/2025,7849567260,ES383,Romance,ES,8110,15,VIDEOGAMES,0.7693,VIDEOGAMES,,Match,D441/03,computer games/video games
400005421800328,TELEVID6064_SCANNER14,IT088000278495672604400005421800328,16/06/2025,07/06/2025,7849567260,IT088,Romance,IT,2,4,A,0.7893,A,,Match,D441/03,A
400005421800333,TELEVID6064_SCANNER14,IT0880007784956726012400005421800333,16/06/2025,07/06/2025,7849567260,IT088,Romance,IT,7,12,PANORAMIC VIEW,0.7996,PANORAMIC VIEW,,Match,D441/03,panoramic view/panorama
400005421800334,TELEVID6064_SCANNER14,IT0880008784956726025400005421800334,16/06/2025,07/06/2025,7849567260,IT088,Romance,IT,8,25,B,0.7592,"B, C",,NoMatch,D441/03,C
400005523600231,TELEVID8163_Scanner20,BG008000552123012831400005523600231,21/06/2025,13/06/2025,5212301283,BG008,Slavic,BG,5,1,C,0.7729,C,,Match,D441/03,C
400005524600268,TELEVID8147_Scanner20,ES810800752123012834400005524600268,21/06/2025,13/06/2025,5212301283,ES810,Romance,ES,8007,4,A,0.7554,A,,Match,D441/03,A
400005524600272,TELEVID8147_Scanner20,ES810801152123012831400005524600272,21/06/2025,13/06/2025,5212301283,ES810,Romance,ES,8011,1,C,0.7692,--impossible--,,NoMatch,D441/03,C
400005524700473,TELEVID8143_Scanner20,IT3040003521230128311400005524700473,21/06/2025,13/06/2025,5212301283,IT304,Romance,IT,3,11,VEGETATION,0.7826,VEGETATION,,Match,D441/03,(natural) sunlight
60000002198700915,TELEVID4604_SCANNER19,PE044000887506657081360000002198700915,10/12/2024,05/12/2024,8750665708,PE044,Romance,PE,8,13,SUNSCREEN,0.7602,SUNSCREEN,,Match,D441/03,sun cream/suncream/sunscreen/suntan cream/suntan lotion
60000002199000879,TELEVID4606_SCANNER19,PE008800587506657081460000002199000879,10/12/2024,05/12/2024,8750665708,PE008,Romance,PE,8005,14,SOLITARY,0.7563,SOLITARY,,Match,D441/03,solitary
60000002199301151,TELEVID4608_SCANNER19,PE044002887506657081260000002199301151,10/12/2024,05/12/2024,8750665708,PE044,Romance,PE,28,12,UPDATING,0.7569,UPDATING,,Match,D441/03,integrity
60000002250000197,TELEVID4891_SCANNER19,CH00114049643174379860000002250000197,06/03/2025,01/03/2025,9643174379,CH001,Germanic,CH,1404,8,SALAD-DAYS,0.7503,SALAD-DAYS,,Match,D441/03,salad days
60000002250000493,TELEVID4891_SCANNER19,DE29989199643174379160000002250000493,06/03/2025,01/03/2025,9643174379,DE299,Germanic,DE,8919,1,C,0.7585,C,,Match,D441/03,C
60000002252200304,TELEVID4903_SCANNER19,CH188000696431743791260000002252200304,10/03/2025,01/03/2025,9643174379,CH188,Germanic,CH,6,12,SOUNDS,0.751,SOUNDS,,Match,D441/03,sound(s)
60000002252200306,TELEVID4903_SCANNER19,CH188002696431743791360000002252200306,10/03/2025,01/03/2025,9643174379,CH188,Germanic,CH,26,13,WAITING LISTS,0.7862,WAITING LISTS,,Match,D441/03,waiting lists
60000002259300216,TELEVID4914_SCANNER19,CH008500396431743791060000002259300216,11/03/2025,01/03/2025,9643174379,CH008,Germanic,CH,5003,10,NEEDS,0.7575,NEEDS,,Match,D441/03,[riding style/style of riding]
60000002259300223,TELEVID4914_SCANNER19,CH00850109643174379860000002259300223,11/03/2025,01/03/2025,9643174379,CH008,Germanic,CH,5010,8,SOLID DAYS,0.79,FOLID DAYS,,NoMatch,D441/03,salad days
60000002259300231,TELEVID4914_SCANNER19,CH008501896431743791160000002259300231,11/03/2025,01/03/2025,9643174379,CH008,Germanic,CH,5018,11,CYCLING MUSEUM,0.7876,CYCLING HUSEUM,,NoMatch,D441/03,(cycling) museum
60000002259300234,TELEVID4914_SCANNER19,CH008502196431743792760000002259300234,11/03/2025,01/03/2025,9643174379,CH008,Germanic,CH,5021,27,D,0.7838,D,,Match,D441/03,F
60000002259800282,TELEVID4915_SCANNER19,CH01080039643174379260000002259800282,11/03/2025,01/03/2025,9643174379,CH010,Germanic,CH,8003,2,B,0.772,C,,NoMatch,D441/03,B
60000002259800282,TELEVID4915_SCANNER19,CH01080039643174379860000002259800282,11/03/2025,01/03/2025,9643174379,CH010,Germanic,CH,8003,8,SALID DAYS,0.7723,SALID DAYS,,Match,D441/03,salad days
60000002259800292,TELEVID4915_SCANNER19,CH010801396431743791160000002259800292,11/03/2025,01/03/2025,9643174379,CH010,Germanic,CH,8013,11,MUSEUM,0.7639,MOSEUM,,NoMatch,D441/03,(cycling) museum
60000002259800301,TELEVID4915_SCANNER19,CH010802296431743792660000002259800301,11/03/2025,01/03/2025,9643174379,CH010,Germanic,CH,8022,26,D,0.7861,D,,Match,D441/03,B
60000002264900372,TELEVID4930_SCANNER19,DE00480049643174379860000002264900372,12/03/2025,01/03/2025,9643174379,DE004,Germanic,DE,8004,8,SALARD,0.7686,SALARD,,Match,D441/03,salad days
60000002264900376,TELEVID4930_SCANNER19,DE004800896431743792260000002264900376,12/03/2025,01/03/2025,9643174379,DE004,Germanic,DE,8008,22,H,0.7585,H,,Match,D441/03,H
60000002275500044,TELEVID4952_SCANNER19,DE07780039643174379960000002275500044,17/03/2025,01/03/2025,9643174379,DE077,Germanic,DE,8003,9,GEOMETRY,0.7959,GEDMETRY,,NoMatch,D441/03,geometry
60000002645200627,BX0756448_SCANNER19,GR118801924812759981160000002645200627,21/05/2025,17/05/2025,2481275998,GR118,Greek,GR,8019,11,SOCIALSTATUS,0.7936,SOCIAL STATUS,,NoMatch,D441/03,(social) status
60000002645200630,BX0756448_SCANNER19,GR11880222481275998960000002645200630,21/05/2025,17/05/2025,2481275998,GR118,Greek,GR,8022,9,SEMIPESTAL,0.7919,SEMIPESTAL,,Match,D441/03,beads/artefacts
60000002645200633,BX0756448_SCANNER19,GR11880252481275998960000002645200633,21/05/2025,17/05/2025,2481275998,GR118,Greek,GR,8025,9,ROYALI  TUMES,0.7882,ROYALITUMES,,NoMatch,D441/03,beads/artefacts
60000002645200637,BX0756448_SCANNER19,GR11880292481275998760000002645200637,21/05/2025,17/05/2025,2481275998,GR118,Greek,GR,8029,7,FLEUDISHES,0.7906,FLCUDISHES,,NoMatch,D441/03,textile (production)
60000002710200215,TELEVID5552_SCANNER18,GR035825824812759981360000002710200215,27/05/2025,17/05/2025,2481275998,GR035,Greek,GR,8258,13,METAL FLAG,0.7532,METAL FLAB,,NoMatch,D441/03,metal flag
60000002934300750,TELEVID5945_SCANNER18,ES02080027849567260260000002934300750,11/06/2025,07/06/2025,7849567260,ES020,Romance,ES,8002,2,B,0.7965,C,,NoMatch,D441/03,B
60000002934300752,TELEVID5945_SCANNER18,ES020800478495672601560000002934300752,11/06/2025,07/06/2025,7849567260,ES020,Romance,ES,8004,15,VIDEOGAMES,0.7844,VIDEOGAMES,,Match,D441/03,computer games/video games
60000002934300754,TELEVID5945_SCANNER18,ES020800678495672601560000002934300754,11/06/2025,07/06/2025,7849567260,ES020,Romance,ES,8006,15,VIDEOGAMES,0.7926,VIDEOGAMES,,Match,D441/03,computer games/video games
60000002934300755,TELEVID5945_SCANNER18,ES020800778495672601560000002934300755,11/06/2025,07/06/2025,7849567260,ES020,Romance,ES,8007,15,VIDEO GAMES,0.7885,VIDEO GAPES,,NoMatch,D441/03,computer games/video games
60000002934300763,TELEVID5945_SCANNER18,ES020801578495672601460000002934300763,11/06/2025,07/06/2025,7849567260,ES020,Romance,ES,8015,14,FISH TRAP,0.7937,FISH TRAP,,Match,D441/03,fish trap
60000002934300772,TELEVID5945_SCANNER18,ES020802478495672602860000002934300772,11/06/2025,07/06/2025,7849567260,ES020,Romance,ES,8024,28,B,0.7883,B,,Match,D441/03,B
60000002934300775,TELEVID5945_SCANNER18,ES020802778495672601560000002934300775,11/06/2025,07/06/2025,7849567260,ES020,Romance,ES,8027,15,VIDEOGAMES,0.7604,VIDEOGAMES,,Match,D441/03,computer games/video games
60000002934300781,TELEVID5945_SCANNER18,ES020803378495672601260000002934300781,11/06/2025,07/06/2025,7849567260,ES020,Romance,ES,8033,12,PANORAMIC VIEW,0.7874,PANORAMIC VIEW,,Match,D441/03,panoramic view/panorama
60000002934300786,TELEVID5945_SCANNER18,ES020803878495672601560000002934300786,11/06/2025,07/06/2025,7849567260,ES020,Romance,ES,8038,15,VIDEOGAMES,0.7837,VIDEOGAMES,,Match,D441/03,computer games/video games
60000002934800332,TELEVID5951_SCANNER18,ES072801478495672601560000002934800332,11/06/2025,07/06/2025,7849567260,ES072,Romance,ES,8014,15,VIDEOGAMES,0.7701,VIDEOGAMES,,Match,D441/03,computer games/video games
60000002934800333,TELEVID5951_SCANNER18,ES072801578495672601160000002934800333,11/06/2025,07/06/2025,7849567260,ES072,Romance,ES,8015,11,SKI JACKET,0.7641,SKI JACKET,,Match,D441/03,ski jacket
60000002934800337,TELEVID5951_SCANNER18,ES07280197849567260360000002934800337,11/06/2025,07/06/2025,7849567260,ES072,Romance,ES,8019,3,A,0.7809,A,,Match,D441/03,C
60000002934800351,TELEVID5951_SCANNER18,ES07280337849567260860000002934800351,11/06/2025,07/06/2025,7849567260,ES072,Romance,ES,8033,8,BIRDS' EYE,0.779,BIRDS' EYE,,Match,D441/03,bird's eye
60000002934800353,TELEVID5951_SCANNER18,ES072803578495672601560000002934800353,11/06/2025,07/06/2025,7849567260,ES072,Romance,ES,8035,15,VIDEOGAMES,0.7974,VIDEOGAMES,,Match,D441/03,computer games/video games
60000002934800355,TELEVID5951_SCANNER18,ES072803778495672601560000002934800355,11/06/2025,07/06/2025,7849567260,ES072,Romance,ES,8037,15,VIDEOGAMES,0.7538,VIDEOGAMES,,Match,D441/03,computer games/video games
60000002934800473,TELEVID5951_SCANNER18,BG00100147849567260860000002934800473,11/06/2025,07/06/2025,7849567260,BG001,Slavic,BG,14,8,BIRD'S EYE,0.7644,BIRD'S EYE,,Match,D441/03,bird's eye
60000002936600641,TELEVID5969_SCANNER18,ES815050378495672601560000002936600641,11/06/2025,07/06/2025,7849567260,ES815,Romance,ES,503,15,VIDEO GAMES,0.7751,VIDEOGAMES,,NoMatch,D441/03,computer games/video games
60000002936600642,TELEVID5969_SCANNER18,ES815050478495672601160000002936600642,11/06/2025,07/06/2025,7849567260,ES815,Romance,ES,504,11,SKIJACKET,0.7684,SKIJACKER,,NoMatch,D441/03,ski jacket
60000002937300106,TELEVID5964_SCANNER18,PL00780017849567260460000002937300106,11/06/2025,07/06/2025,7849567260,PL007,Slavic,PL,8001,4,A,0.7628,A,,Match,D441/03,A
60000002937300111,TELEVID5964_SCANNER18,PL007800678495672601160000002937300111,11/06/2025,07/06/2025,7849567260,PL007,Slavic,PL,8006,11,SKIL JACKET,0.7515,SKIL JACKET,,Match,D441/03,ski jacket
60000002937300113,TELEVID5964_SCANNER18,PL00780087849567260160000002937300113,11/06/2025,07/06/2025,7849567260,PL007,Slavic,PL,8008,1,A,0.7583,A,,Match,D441/03,A
60000002937300121,TELEVID5964_SCANNER18,PL00780167849567260860000002937300121,11/06/2025,07/06/2025,7849567260,PL007,Slavic,PL,8016,8,BIRD'S EYE,0.7852,BIRD'S EYE,,Match,D441/03,bird's eye
60000002937700591,TELEVID5949_SCANNER18,BG008002678495672601160000002937700591,11/06/2025,07/06/2025,7849567260,BG008,Slavic,BG,26,11,SKI JACKET,0.7751,SKI TACKET,,NoMatch,D441/03,ski jacket
60000002938200346,TELEVID5954_SCANNER18,PL00580327849567260860000002938200346,11/06/2025,07/06/2025,7849567260,PL005,Slavic,PL,8032,8,BIRD'S VIEW,0.7533,BIRD'S VIEW,,Match,D441/03,bird's eye
60000002940900327,TELEVID5966_SCANNER18,ES247000578495672601560000002940900327,11/06/2025,07/06/2025,7849567260,ES247,Romance,ES,5,15,VIDEOGAMES,0.7931,VIDEOGAMES,,Match,D441/03,computer games/video games
60000002940900503,TELEVID5966_SCANNER18,BG00800467849567260260000002940900503,11/06/2025,07/06/2025,7849567260,BG008,Slavic,BG,46,2,A,0.7562,A,,Match,D441/03,B
60000002941300023,TELEVID5959_SCANNER18,PL005800378495672601460000002941300023,11/06/2025,07/06/2025,7849567260,PL005,Slavic,PL,8003,14,SITE OF A FISH TRAP,0.7855,SITE OF A FISH TRAP,,Match,D441/03,fish trap
60000002941300028,TELEVID5959_SCANNER18,PL00580087849567260560000002941300028,11/06/2025,07/06/2025,7849567260,PL005,Slavic,PL,8008,5,C,0.7699,C,,Match,D441/03,C
60000002941300047,TELEVID5959_SCANNER18,PL005802778495672601360000002941300047,11/06/2025,07/06/2025,7849567260,PL005,Slavic,PL,8027,13,COSTS,0.7739,COSTS,,Match,D441/03,flooding/floods
60000002941300153,TELEVID5959_SCANNER18,BG008000178495672601560000002941300153,11/06/2025,07/06/2025,7849567260,BG008,Slavic,BG,1,15,VIDEOGAMES,0.78,VIDEOGAMES,,Match,D441/03,computer games/video games
60000002941700090,TELEVID5960_SCANNER18,PL010800378495672601160000002941700090,11/06/2025,07/06/2025,7849567260,PL010,Slavic,PL,8003,11,SKI JACKET,0.7822,SKI JACKET,,Match,D441/03,ski jacket
60000002942300157,TELEVID5946_SCANNER18,IT278000378495672601260000002942300157,11/06/2025,07/06/2025,7849567260,IT278,Romance,IT,3,12,PHENOMENAL VIEW,0.7719,PHENOMENAL VIEW,,Match,D441/03,panoramic view/panorama
60000002942300688,TELEVID5946_SCANNER18,ES44200117849567260360000002942300688,11/06/2025,07/06/2025,7849567260,ES442,Romance,ES,11,3,A,0.7746,A,,Match,D441/03,C
60000002942300689,TELEVID5946_SCANNER18,ES442001278495672601260000002942300689,11/06/2025,07/06/2025,7849567260,ES442,Romance,ES,12,12,PANORAMIC VIEW,0.7652,PANORAMIC VIEW,,Match,D441/03,panoramic view/panorama
60000002942300695,TELEVID5946_SCANNER18,ES442001878495672601360000002942300695,11/06/2025,07/06/2025,7849567260,ES442,Romance,ES,18,13,FLOADING,0.7947,FLOADING,,Match,D441/03,flooding/floods
60000002952400575,televid5996_SCANNER18,GR11880807849567260860000002952400575,12/06/2025,07/06/2025,7849567260,GR118,Greek,GR,8080,8,VIEW FROM THE SKY,0.7713,VIEW FROM THE SEY,,NoMatch,D441/03,bird's eye
60000002952700272,televid5995_SCANNER18,GR118812678495672601060000002952700272,12/06/2025,07/06/2025,7849567260,GR118,Greek,GR,8126,10,DINING,0.7972,DININO,,NoMatch,D441/03,dining table
60000002952700281,televid5995_SCANNER18,GR118813578495672601160000002952700281,12/06/2025,07/06/2025,7849567260,GR118,Greek,GR,8135,11,SKI JACKET,0.7984,SEI JACKET,,NoMatch,D441/03,ski jacket
60000002952700282,televid5995_SCANNER18,GR118813678495672602160000002952700282,12/06/2025,07/06/2025,7849567260,GR118,Greek,GR,8136,21,F,0.7852,F,,Match,D441/03,B
60000002958700812,TELEVID6008_SCANNER18,PL00200017849567260860000002958700812,12/06/2025,07/06/2025,7849567260,PL002,Slavic,PL,1,8,VIEW FROM THE SKY,0.7982,VIEW FROM THE SKY,,Match,D441/03,bird's eye
60000002959700049,TELEVID6000_SCANNER18,DE299893578495672602660000002959700049,12/06/2025,07/06/2025,7849567260,DE299,Germanic,DE,8935,26,--impossible--,0.7827,G,,NoMatch,D441/03,E
60000002959700052,TELEVID6000_SCANNER18,DE299893878495672601160000002959700052,12/06/2025,07/06/2025,7849567260,DE299,Germanic,DE,8938,11,SWI JACKET,0.7897,SUI JACKET,,NoMatch,D441/03,ski jacket
60000002970900647,TELEVID6042_SCANNER18,ES448000478495672601560000002970900647,13/06/2025,07/06/2025,7849567260,ES448,Romance,ES,4,15,VIDEOGAMES,0.7831,VIDEOGAMES,,Match,D441/03,computer games/video games
60000002971600763,TELEVID6025_SCANNER18,BG005003978495672601360000002971600763,13/06/2025,07/06/2025,7849567260,BG005,Slavic,BG,39,13,PANORAMIC VIEW,0.7749,PANORAMIC VIEW,,Match,D441/03,flooding/floods
60000002971600816,TELEVID6025_SCANNER18,BG005005078495672601560000002971600816,13/06/2025,07/06/2025,7849567260,BG005,Slavic,BG,50,15,VIDEOGAMES,0.7914,VIDEOGAMES,,Match,D441/03,computer games/video games
60000002973800195,TELEVID6046_SCANNER18,ES391900478495672601260000002973800195,13/06/2025,07/06/2025,7849567260,ES391,Romance,ES,9004,12,PANORAMIC,0.775,PANORAHIC,,NoMatch,D441/03,panoramic view/panorama
60000002973800198,TELEVID6046_SCANNER18,ES39190077849567260660000002973800198,13/06/2025,07/06/2025,7849567260,ES391,Romance,ES,9007,6,A,0.766,A,,Match,D441/03,A
60000002973800353,TELEVID6046_SCANNER18,ES391980578495672601560000002973800353,13/06/2025,07/06/2025,7849567260,ES391,Romance,ES,9805,15,VIDEOGAMES,0.7735,VIDEOGANES,,NoMatch,D441/03,computer games/video games
60000002973800354,TELEVID6046_SCANNER18,ES39198067849567260860000002973800354,13/06/2025,07/06/2025,7849567260,ES391,Romance,ES,9806,8,BIRD'S EYE,0.7901,BIRD'S EYE,,Match,D441/03,bird's eye
60000002973800354,TELEVID6046_SCANNER18,ES391980678495672601560000002973800354,13/06/2025,07/06/2025,7849567260,ES391,Romance,ES,9806,15,VIDEOGAMES,0.7862,VIDEOGAMES,,Match,D441/03,computer games/video games
60000002976200594,TELEVID6058_SCANNER18,ES42600017849567260860000002976200594,13/06/2025,07/06/2025,7849567260,ES426,Romance,ES,1,8,VIEW FROM THE SKY,0.7789,VIEW FROM THE SKY,,Match,D441/03,bird's eye
60000002976200594,TELEVID6058_SCANNER18,ES426000178495672601260000002976200594,13/06/2025,07/06/2025,7849567260,ES426,Romance,ES,1,12,PANORAMIC VIEW,0.7775,PANORAMIC VIEW,,Match,D441/03,panoramic view/panorama
60000002976200594,TELEVID6058_SCANNER18,ES426000178495672601560000002976200594,13/06/2025,07/06/2025,7849567260,ES426,Romance,ES,1,15,VIDEOGAMES,0.7745,VIDEOGAMES,,Match,D441/03,computer games/video games
60000002976500710,TELEVID6036_SCANNER18,IT282800578495672601260000002976500710,13/06/2025,07/06/2025,7849567260,IT282,Romance,IT,8005,12,PANORAMIC VIEW,0.7862,PANORAMIC VIEW,,Match,D441/03,panoramic view/panorama
60000002976500763,TELEVID6036_SCANNER18,ES43480047849567260360000002976500763,13/06/2025,07/06/2025,7849567260,ES434,Romance,ES,8004,3,A,0.7785,A,,Match,D441/03,C
60000002977400721,TELEVID6045_SCANNER18,BG00800587849567260760000002977400721,13/06/2025,07/06/2025,7849567260,BG008,Slavic,BG,58,7,SEARCHTERMS,0.7895,SEARCHIERMS,,NoMatch,D441/03,search terms
60000002977400729,TELEVID6045_SCANNER18,BG008006678495672601260000002977400729,13/06/2025,07/06/2025,7849567260,BG008,Slavic,BG,66,12,PANORAMIC VIEW,0.772,PANORAMIC VIEW,,Match,D441/03,panoramic view/panorama
60000002977400782,TELEVID6045_SCANNER18,BG00800717849567260860000002977400782,13/06/2025,07/06/2025,7849567260,BG008,Slavic,BG,71,8,BIRD'S EYE,0.7749,BIRD'S EYE,,Match,D441/03,bird's eye
60000002977400782,TELEVID6045_SCANNER18,BG008007178495672601260000002977400782,13/06/2025,07/06/2025,7849567260,BG008,Slavic,BG,71,12,PANORAMIC VIEW,0.7561,PANORAMIC VIEW,,Match,D441/03,panoramic view/panorama
60000002977400787,TELEVID6045_SCANNER18,BG008007678495672601560000002977400787,13/06/2025,07/06/2025,7849567260,BG008,Slavic,BG,76,15,VIDEOGAMES,0.7793,VIDEOGAMES,,Match,D441/03,computer games/video games
60000002982800183,TELEVID6050_SCANNER18,ES33700107849567260860000002982800183,14/06/2025,07/06/2025,7849567260,ES337,Romance,ES,10,8,BIRD'S EYE,0.7841,BIRD'S EYE,,Match,D441/03,bird's eye
60000003011800328,TELEVID6052_SCANNER18,ES467000278495672601560000003011800328,16/06/2025,07/06/2025,7849567260,ES467,Romance,ES,2,15,VIDEOGAMES,0.7991,VIDEOGAMES,,Match,D441/03,computer games/video games
60000003015000114,TELEVID6078_SCANNER19,ES383804878495672601560000003015000114,16/06/2025,07/06/2025,7849567260,ES383,Romance,ES,8048,15,VIDEOGAMES,0.7875,VIDEOGAMES,,Match,D441/03,computer games/video games
60000003015000117,TELEVID6078_SCANNER19,ES383805178495672601560000003015000117,16/06/2025,07/06/2025,7849567260,ES383,Romance,ES,8051,15,VIDEOGAMES,0.779,VIDEOGAMES,,Match,D441/03,computer games/video games
60000003015000127,TELEVID6078_SCANNER19,ES383806178495672601160000003015000127,16/06/2025,07/06/2025,7849567260,ES383,Romance,ES,8061,11,SKI JACKET,0.7626,SKI JACKET,,Match,D441/03,ski jacket
60000003015000129,TELEVID6078_SCANNER19,ES38380637849567260360000003015000129,16/06/2025,07/06/2025,7849567260,ES383,Romance,ES,8063,3,A,0.7549,A,,Match,D441/03,C
60000003015000130,TELEVID6078_SCANNER19,ES383806478495672601460000003015000130,16/06/2025,07/06/2025,7849567260,ES383,Romance,ES,8064,14,UNDERWATER FEATUR,0.7999,UNDERWATER FEATUR,,Match,D441/03,fish trap
60000003015000131,TELEVID6078_SCANNER19,ES38380657849567260960000003015000131,16/06/2025,07/06/2025,7849567260,ES383,Romance,ES,8065,9,COLOUR,0.7556,COLCUR,,NoMatch,D441/03,[colour/color](s)
60000003044400408,TELEVID8003_SCANNER18,PL090000778495672601160000003044400408,18/06/2025,07/06/2025,7849567260,PL090,Slavic,PL,7,11,SKIN JACKET,0.7711,SKIN JACKET,,Match,D441/03,ski jacket
60000003049000760,TELEVID6104_SCANNER18,ES071800478495672601160000003049000760,18/06/2025,07/06/2025,7849567260,ES071,Romance,ES,8004,11,SKII JACKET,0.7748,SKII JACKET,,Match,D441/03,ski jacket
60000003050000682,TELEVID6099_SCANNER18,ES03100145212301283960000003050000682,18/06/2025,13/06/2025,5212301283,ES031,Romance,ES,14,9,VOLCANO,0.7719,VOLCANO,,Match,D441/03,volcano
60000003050000682,TELEVID6099_SCANNER18,ES031001452123012831260000003050000682,18/06/2025,13/06/2025,5212301283,ES031,Romance,ES,14,12,VLOG,0.7872,VLOG,,Match,D441/03,blog
60000003051000510,TELEVID6100_SCANNER19,BR249008078495672601160000003051000510,18/06/2025,07/06/2025,7849567260,BR249,Romance,BR,80,11,SKI JACKET,0.7508,SKI JACKET,,Match,D441/03,ski jacket
60000003051000512,TELEVID6100_SCANNER19,BR249008278495672601260000003051000512,18/06/2025,07/06/2025,7849567260,BR249,Romance,BR,82,12,PANORAMIC VIEW,0.7741,PANORAMIC VIEW,,Match,D441/03,panoramic view/panorama
60000003054200189,TELEVID8045_SCANNER19,ES04080075212301283360000003054200189,18/06/2025,13/06/2025,5212301283,ES040,Romance,ES,8007,3,A,0.7654,A,,Match,D441/03,C
60000003054200189,TELEVID8045_SCANNER19,ES04080075212301283960000003054200189,18/06/2025,13/06/2025,5212301283,ES040,Romance,ES,8007,9,VOLCANO,0.7979,GOLCANO,,NoMatch,D441/03,volcano
60000003054200196,TELEVID8045_SCANNER19,ES040801452123012831260000003054200196,18/06/2025,13/06/2025,5212301283,ES040,Romance,ES,8014,12,BLOG,0.7885,BLOU,,NoMatch,D441/03,blog
60000003054200198,TELEVID8045_SCANNER19,ES04080165212301283760000003054200198,18/06/2025,13/06/2025,5212301283,ES040,Romance,ES,8016,7,EVERYDAY LIFE,0.7856,EVERYDAY LIFE,,Match,D441/03,home owner/house owner
60000003054500334,TELEVID8043_SCANNER19,ES382000278495672601460000003054500334,18/06/2025,07/06/2025,7849567260,ES382,Romance,ES,2,14,FISH TRAP,0.7781,FISH TRBP,,NoMatch,D441/03,fish trap
60000003054500334,TELEVID8043_SCANNER19,ES382000278495672601560000003054500334,18/06/2025,07/06/2025,7849567260,ES382,Romance,ES,2,15,VIDEO GAMES,0.752,VIDEO GOMES,,NoMatch,D441/03,computer games/video games
60000003054500337,TELEVID8043_SCANNER19,ES38200037849567260760000003054500337,18/06/2025,07/06/2025,7849567260,ES382,Romance,ES,3,7,SEARCH TERMS,0.753,SEANCH TERMS,,NoMatch,D441/03,search terms
60000003054500337,TELEVID8043_SCANNER19,ES382000378495672601560000003054500337,18/06/2025,07/06/2025,7849567260,ES382,Romance,ES,3,15,VIDEOGAMES,0.7722,VIDEOGAMES,,Match,D441/03,computer games/video games
60000003054500453,TELEVID8043_SCANNER19,ES383802552123012831260000003054500453,18/06/2025,13/06/2025,5212301283,ES383,Romance,ES,8025,12,BLOG,0.7889,BLOG,,Match,D441/03,blog
60000003054500478,TELEVID8043_SCANNER19,ES38380505212301283760000003054500478,18/06/2025,13/06/2025,5212301283,ES383,Romance,ES,8050,7,HOMEOWNER,0.7809,HOMEOWNER,,Match,D441/03,home owner/house owner
60000003054500485,TELEVID8043_SCANNER19,ES38380575212301283160000003054500485,18/06/2025,13/06/2025,5212301283,ES383,Romance,ES,8057,1,C,0.7552,--impossible--,,NoMatch,D441/03,C
60000003054800015,TELEVID8040_SCANNER19,ES383810252123012831160000003054800015,18/06/2025,13/06/2025,5212301283,ES383,Romance,ES,8102,11,SUNLIGHT,0.7988,SUNLIGHT,,Match,D441/03,(natural) sunlight
60000003059800312,televid8046_SCANNER19,ES460040352123012832660000003059800312,18/06/2025,13/06/2025,5212301283,ES460,Romance,ES,403,26,B,0.7895,B,,Match,D441/03,F
60000003059800405,televid8046_SCANNER19,ES38381215212301283860000003059800405,18/06/2025,13/06/2025,5212301283,ES383,Romance,ES,8121,8,POTATOS,0.7746,POTATOS,,Match,D441/03,potatoes
60000003059800420,televid8046_SCANNER19,ES383813652123012831360000003059800420,18/06/2025,13/06/2025,5212301283,ES383,Romance,ES,8136,13,DEEP SPACE NETWORK,0.7954,DEEP SPACE NETWORK,,Match,D441/03,Deep Space Network
60000003059800435,televid8046_SCANNER19,ES383815152123012831160000003059800435,18/06/2025,13/06/2025,5212301283,ES383,Romance,ES,8151,11,VEGETATION,0.7832,VEGETATION,,Match,D441/03,(natural) sunlight
60000003072800111,TELEVID8015_SCANNER19,ES38381755212301283760000003072800111,19/06/2025,13/06/2025,5212301283,ES383,Romance,ES,8175,7,HOME-OWNER,0.7594,HOME-OWNER,,Match,D441/03,home owner/house owner
60000003073100306,TELEVID8005_SCANNER19,ES39760075212301283760000003073100306,19/06/2025,13/06/2025,5212301283,ES397,Romance,ES,6007,7,HOMEOWNER,0.7856,HOMEOWNER,,Match,D441/03,home owner/house owner
60000003073100309,TELEVID8005_SCANNER19,ES39760105212301283960000003073100309,19/06/2025,13/06/2025,5212301283,ES397,Romance,ES,6010,9,VOLCANOE,0.7523,VOLCANOE,,Match,D441/03,volcano
60000003073100318,TELEVID8005_SCANNER19,ES397601952123012831160000003073100318,19/06/2025,13/06/2025,5212301283,ES397,Romance,ES,6019,11,NATURAL SUNLIGHT,0.7789,NATURAL SUNLIGHT,,Match,D441/03,(natural) sunlight
60000003073100324,TELEVID8005_SCANNER19,ES39760255212301283960000003073100324,19/06/2025,13/06/2025,5212301283,ES397,Romance,ES,6025,9,VOLCANO,0.7973,VOLCANO,,Match,D441/03,volcano
60000003075300594,TELEVID8067_SCANNER19,ES685801852123012831360000003075300594,19/06/2025,13/06/2025,5212301283,ES685,Romance,ES,8018,13,DEEP SPACE NETWORK,0.7723,DEEP SPACE NETWORK,,Match,D441/03,Deep Space Network
60000003075300597,TELEVID8067_SCANNER19,ES68580215212301283760000003075300597,19/06/2025,13/06/2025,5212301283,ES685,Romance,ES,8021,7,HOMONON,0.7925,HOMONON,,Match,D441/03,home owner/house owner
60000003079500716,TELEVID8069_SCANNER19,CH001491652123012831160000003079500716,19/06/2025,13/06/2025,5212301283,CH001,Germanic,CH,4916,11,NATURAL SUNLIGHT,0.7551,NATURAL SUNLIGHT,,Match,D441/03,(natural) sunlight
60000003079500895,TELEVID8069_SCANNER19,CH00148285212301283960000003079500895,19/06/2025,13/06/2025,5212301283,CH001,Germanic,CH,4828,9,VOLCANO,0.7848,VOLCANO,,Match,D441/03,volcano
60000003082700164,TELEVID8101_SCANNER19,DE10680025212301283760000003082700164,19/06/2025,13/06/2025,5212301283,DE106,Germanic,DE,8002,7,HOMEOWNER,0.7844,HOMEOWNER,,Match,D441/03,home owner/house owner
60000003082700229,TELEVID8101_SCANNER19,PL27700195212301283960000003082700229,19/06/2025,13/06/2025,5212301283,PL277,Slavic,PL,19,9,VOLCANO,0.7518,VOLLANC,,NoMatch,D441/03,volcano
60000003082700229,TELEVID8101_SCANNER19,PL277001952123012831960000003082700229,19/06/2025,13/06/2025,5212301283,PL277,Slavic,PL,19,19,A,0.776,A,,Match,D441/03,C
60000003082700235,TELEVID8101_SCANNER19,PL27700255212301283460000003082700235,19/06/2025,13/06/2025,5212301283,PL277,Slavic,PL,25,4,A,0.7885,A,,Match,D441/03,A
60000003082700237,TELEVID8101_SCANNER19,PL277003352123012832060000003082700237,19/06/2025,13/06/2025,5212301283,PL277,Slavic,PL,33,20,B,0.7587,B,,Match,D441/03,B
60000003082700277,TELEVID8101_SCANNER19,PL27700075212301283460000003082700277,19/06/2025,13/06/2025,5212301283,PL277,Slavic,PL,7,4,A,0.7844,A,,Match,D441/03,A
60000003082700279,TELEVID8101_SCANNER19,PL277000952123012831360000003082700279,19/06/2025,13/06/2025,5212301283,PL277,Slavic,PL,9,13,DEEP SPACE NETWORK,0.7819,DEEP SPACE NETHORK,,NoMatch,D441/03,Deep Space Network
60000003092300464,TELEVID8124_SCANNER19,IT027000452123012831060000003092300464,20/06/2025,13/06/2025,5212301283,IT027,Romance,IT,4,10,--blank--,0.7572,L,,NoMatch,D441/03,(stunning) caves
