scan_id,batch_name,UID,scan_date,exam_date,version_number,centre_number,Language group,Prefix centre,candidate_number,question_number,Published,confidence,Captured,Question type,1_Published vs Captured,PoS,ANSWER Key
300003655801254,TELEVID4831_SCANNER12,TH4550042998649575916300003655801254,30/01/2025,25/01/2025,9986495759,TH455,Kadai ,TH,42,16,B,0.5684,"A, B",,NoMatch,D822/03,B
300003655801256,TELEVID4831_SCANNER12,TH4550044998649575921300003655801256,30/01/2025,25/01/2025,9986495759,TH455,Kadai ,TH,44,21,F,0.618,"B, F",,NoMatch,D822/03,F
300003655801260,TELEVID4831_SCANNER12,TH4550048998649575919300003655801260,30/01/2025,25/01/2025,9986495759,TH455,Kadai ,TH,48,19,C,0.9695,"B, C",,NoMatch,D822/03,A
300003655801260,TELEVID4831_SCANNER12,TH4550048998649575920300003655801260,30/01/2025,25/01/2025,9986495759,TH455,Kadai ,TH,48,20,A,0.8013,"A, C",,NoMatch,D822/03,C
300003656000185,TELEVID4832_SCANNER12,TH4550117998649575914300003656000185,30/01/2025,25/01/2025,9986495759,TH455,Kadai ,TH,117,14,C,0.9363,"A, C",,NoMatch,D822/03,A
300003656000217,TELEVID4832_SCANNER12,TH4550019998649575922300003656000217,30/01/2025,25/01/2025,9986495759,TH455,Kadai ,TH,19,22,H,0.9675,"E, H",,NoMatch,D822/03,H
300003656001344,TELEVID4832_SCANNER12,TH4550080998649575921300003656001344,30/01/2025,25/01/2025,9986495759,TH455,Kadai ,TH,80,21,F,0.9922,"E, F",,NoMatch,D822/03,F
300003656001352,TELEVID4832_SCANNER12,TH4550088998649575920300003656001352,30/01/2025,25/01/2025,9986495759,TH455,Kadai ,TH,88,20,C,0.9343,"A, C",,NoMatch,D822/03,C
300003656001366,TELEVID4832_SCANNER12,TH4550102998649575925300003656001366,30/01/2025,25/01/2025,9986495759,TH455,Kadai ,TH,102,25,D,0.9906,"C, D",,NoMatch,D822/03,D
300003656500467,televid4833_SCANNER12,TH455006799864957591300003656500467,30/01/2025,25/01/2025,9986495759,TH455,Kadai ,TH,67,1,B,0.7514,"A, B",,NoMatch,D822/03,B
300003717300647,TELEVID5096_SCANNER13,SG3003490778530355912300003717300647,02/04/2025,27/03/2025,7785303559,SG300,Chinese,SG,3490,12,C,0.8623,"A, C",,NoMatch,D822/03,C
300004036500351,TELEVID5476_SCANNER13,IT0060015696197463923300004036500351,21/05/2025,13/05/2025,6961974639,IT006,Romance,IT,15,23,E,0.9645,"C, E",,NoMatch,D822/03,E
300004064401067,TELEVID5508_SCANNER12,ID4800003990291766625300004064401067,23/05/2025,10/05/2025,9902917666,ID480,Malayo,ID,3,25,D,0.9393,"B, D",,NoMatch,D822/03,D
300004135300698,TELEVID5582_SCANNER13,LK0010322410329427415300004135300698,27/05/2025,17/05/2025,4103294274,LK001,Indo-Iranian,LK,322,15,B,0.7857,"B, C",,NoMatch,D822/03,B
300004135300715,TELEVID5582_SCANNER13,LK0010339410329427421300004135300715,27/05/2025,17/05/2025,4103294274,LK001,Indo-Iranian,LK,339,21,A,0.737,"A, B",,NoMatch,D822/03,A
300004135300802,TELEVID5582_SCANNER13,LK0010426410329427421300004135300802,27/05/2025,17/05/2025,4103294274,LK001,Indo-Iranian,LK,426,21,A,0.6283,"A, B",,NoMatch,D822/03,A
300004135300818,TELEVID5582_SCANNER13,LK0010442410329427411300004135300818,27/05/2025,17/05/2025,4103294274,LK001,Indo-Iranian,LK,442,11,B,0.9507,"B, C",,NoMatch,D822/03,B
300004135900477,TELEVID5580_SCANNER13,TW0070524228890267123300004135900477,27/05/2025,18/05/2025,2288902671,TW007,Chinese,TW,524,23,A,0.505,"A, B",,NoMatch,D822/03,A
300004135900515,TELEVID5580_SCANNER13,TW0070562228890267111300004135900515,27/05/2025,18/05/2025,2288902671,TW007,Chinese,TW,562,11,C,0.7506,"A, C",,NoMatch,D822/03,C
300004135900539,TELEVID5580_SCANNER13,TW0070586228890267124300004135900539,27/05/2025,18/05/2025,2288902671,TW007,Chinese,TW,586,24,A,0.7582,"A, F",,NoMatch,D822/03,H
300004143700255,TELEVID5596_SCANNER13,LK001049041032942741300004143700255,28/05/2025,17/05/2025,4103294274,LK001,Indo-Iranian,LK,490,1,C,0.9978,"A, C",,NoMatch,D822/03,B
300004143700255,TELEVID5596_SCANNER13,LK0010490410329427414300004143700255,28/05/2025,17/05/2025,4103294274,LK001,Indo-Iranian,LK,490,14,C,0.9755,"B, C",,NoMatch,D822/03,C
300004146900063,TELEVID5618_SCANNER13,IT326000669619746393300004146900063,28/05/2025,21/05/2025,6961974639,IT326,Romance,IT,6,3,C,0.9373,--impossible--,,NoMatch,D822/03,C
300004164400095,TELEVID5650_SCANNER12,IT017452969619746392300004164400095,29/05/2025,24/05/2025,6961974639,IT017,Romance,IT,4529,2,B,0.6901,"B, C",,NoMatch,D822/03,A
300004164400095,TELEVID5650_SCANNER12,IT0174529696197463915300004164400095,29/05/2025,24/05/2025,6961974639,IT017,Romance,IT,4529,15,B,0.824,"A, B",,NoMatch,D822/03,C
300004182200077,TELEVID5706_SCANNER13,ID0031223990291766613300004182200077,30/05/2025,22/05/2025,9902917666,ID003,Malayo,ID,1223,13,B,0.7988,"B, C",,NoMatch,D822/03,B
300004182200555,TELEVID5706_SCANNER13,ID0031190990291766623300004182200555,30/05/2025,22/05/2025,9902917666,ID003,Malayo,ID,1190,23,A,0.7691,"A, B",,NoMatch,D822/03,G
300004182200899,TELEVID5706_SCANNER13,IT2400019908413306120300004182200899,30/05/2025,25/05/2025,9084133061,IT240,Romance,IT,19,20,B,0.9681,"B, C",,NoMatch,D822/03,C
300004182800053,TELEVID5707_SCANNER13,ID0031354990291766618300004182800053,30/05/2025,22/05/2025,9902917666,ID003,Malayo,ID,1354,18,C,0.7832,"B, C",,NoMatch,D822/03,B
300004185400623,TELEVID5692_SCANNER12,IT0174629696197463914300004185400623,30/05/2025,24/05/2025,6961974639,IT017,Romance,IT,4629,14,C,0.9466,"A, C",,NoMatch,D822/03,A
300004185400623,TELEVID5692_SCANNER12,IT0174629696197463919300004185400623,30/05/2025,24/05/2025,6961974639,IT017,Romance,IT,4629,19,C,0.56,"B, C",,NoMatch,D822/03,C
300004189100221,TELEVID5691_SCANNER12,SG1021026778530355915300004189100221,30/05/2025,24/05/2025,7785303559,SG102,Chinese,SG,1026,15,A,0.9779,"A, C",,NoMatch,D822/03,C
300004189100229,TELEVID5691_SCANNER12,SG1021034778530355923300004189100229,30/05/2025,24/05/2025,7785303559,SG102,Chinese,SG,1034,23,E,0.669,"A, E",,NoMatch,D822/03,E
300004189100275,TELEVID5691_SCANNER12,SG1021080778530355911300004189100275,30/05/2025,24/05/2025,7785303559,SG102,Chinese,SG,1080,11,A,0.9731,"A, B",,NoMatch,D822/03,A
300004189100574,TELEVID5691_SCANNER12,MA0180008729596956122300004189100574,30/05/2025,17/05/2025,7295969561,MA018,Afro-Asiatic,MA,8,22,G,0.9398,"A, G",,NoMatch,D822/03,G
300004192000650,TELEVID5703_SCANNER12,CN7241095410329427414300004192000650,31/05/2025,24/05/2025,4103294274,CN724,Chinese,CN,1095,14,C,0.5157,"B, C",,NoMatch,D822/03,C
300004192100049,TELEVID5688_SCANNER12,ID003124999029176663300004192100049,31/05/2025,22/05/2025,9902917666,ID003,Malayo,ID,1249,3,C,0.9531,"B, C",,NoMatch,D822/03,C
300004192100883,TELEVID5688_SCANNER12,CN7241065410329427425300004192100883,31/05/2025,24/05/2025,4103294274,CN724,Chinese,CN,1065,25,F,0.8256,"E, F",,NoMatch,D822/03,F
300004242500688,TELEVID5734_SCANNER13,IT4770003696197463923300004242500688,03/06/2025,20/05/2025,6961974639,IT477,Romance,IT,3,23,E,0.9962,"E, H",,NoMatch,D822/03,E
300004259000178,TELEVID5792_SCANNER13,CZ0011036837894500013300004259000178,04/06/2025,31/05/2025,8378945000,CZ001,Slavic,CZ,1036,13,C,0.8126,"B, C",,NoMatch,D822/03,B
300004259000178,TELEVID5792_SCANNER13,CZ0011036837894500015300004259000178,04/06/2025,31/05/2025,8378945000,CZ001,Slavic,CZ,1036,15,B,0.6133,"B, C",,NoMatch,D822/03,B
300004259000178,TELEVID5792_SCANNER13,CZ0011036837894500018300004259000178,04/06/2025,31/05/2025,8378945000,CZ001,Slavic,CZ,1036,18,C,0.9664,"A, C",,NoMatch,D822/03,B
300004259000178,TELEVID5792_SCANNER13,CZ0011036837894500022300004259000178,04/06/2025,31/05/2025,8378945000,CZ001,Slavic,CZ,1036,22,C,0.7655,"C, G",,NoMatch,D822/03,G
300004259000183,TELEVID5792_SCANNER13,CZ0011041837894500022300004259000183,04/06/2025,31/05/2025,8378945000,CZ001,Slavic,CZ,1041,22,G,0.5094,"G, H",,NoMatch,D822/03,G
300004261200491,TELEVID5772_SCANNER12,PL0100019837894500011300004261200491,04/06/2025,31/05/2025,8378945000,PL010,Slavic,PL,19,11,A,0.6073,"A, B",,NoMatch,D822/03,A
300004275601011,TELEVID5811_1_SCANNER13,GR1184105410329427411300004275601011,04/06/2025,31/05/2025,4103294274,GR118,Greek,GR,4105,11,B,0.5306,"A, B",,NoMatch,D822/03,B
300004305000043,TELEVID5842_SCANNER12,IT0600423696197463920300004305000043,06/06/2025,24/05/2025,6961974639,IT060,Romance,IT,423,20,C,0.7915,"A, C",,NoMatch,D822/03,C
300004387000033,TELEVID5956_SCANNER13,PL250021683789450002300004387000033,12/06/2025,05/06/2025,8378945000,PL250,Slavic,PL,216,2,B,0.8292,"B, C",,NoMatch,D822/03,A
300004387000033,TELEVID5956_SCANNER13,PL2500216837894500018300004387000033,12/06/2025,05/06/2025,8378945000,PL250,Slavic,PL,216,18,B,0.9072,"B, C",,NoMatch,D822/03,B
300004393100569,TELEVID6001_SCANNER13,IT060112269619746392300004393100569,12/06/2025,24/05/2025,6961974639,IT060,Romance,IT,1122,2,A,0.3018,"A, B",,NoMatch,D822/03,A
300004504900437,TELEVID6102_SCANNER12,GE0020037410329427412300004504900437,19/06/2025,01/06/2025,4103294274,GE002,Others,GE,37,12,A,0.9666,"A, C",,NoMatch,D822/03,A
300004518800481,TELEVID8116_SCANNER13,ES7170023696197463923300004518800481,20/06/2025,14/06/2025,6961974639,ES717,Romance,ES,23,23,E,0.9781,"E, H",,NoMatch,D822/03,E
400004541800059,TELEVID4879_SCANNER14,VN070001869674028493400004541800059,28/02/2025,22/02/2025,6967402849,VN070,Austro-Asiatic,VN,18,3,C,0.7665,"A, C",,NoMatch,D822/03,A
400004541800059,TELEVID4879_SCANNER14,VN0700018696740284916400004541800059,28/02/2025,22/02/2025,6967402849,VN070,Austro-Asiatic,VN,18,16,C,0.8441,"B, C",,NoMatch,D822/03,C
400004605500296,TELEVID5107_Scanner20,BU0010085421336104017400004605500296,02/04/2025,25/03/2025,4213361040,BU001,Burmese-Tibetan,BU,85,17,C,0.9818,"A, C",,NoMatch,D822/03,B
400004605500429,TELEVID5107_Scanner20,BU001021842133610407400004605500429,02/04/2025,25/03/2025,4213361040,BU001,Burmese-Tibetan,BU,218,7,6,0.67,16,,NoMatch,D822/03,[18/[18/eighteen]/([0/O/o])6/[6/[06/six]]]([h/hour/hours/hr/hrs/hs])([&/-/./:/;])(([0/O/o])[[0/O/o]/[[0/O/o]/[O/nought/o/zero]]])(([-/ ])[in the afternoon/in the evening/p(.)m(.)])(.)/[18/[18/eighteen]/([0/O/o])6/[6/[06/six]]][h/hour/hours/hr/hrs/hs]([&/-/./:/;])(([0/O/o])[[0/O/o]/[[0/O/o]/[O/nought/o/zero]]])([m/min/mins/minute/minutes/ms])(([-/ ])[in the afternoon/in the evening/p(.)m(.)])(.)/[18/[18/eighteen]/([0/O/o])6/[6/[06/six]]]([h/hour/hours/hr/hrs/hs])([&/-/./:/;])(([0/O/o])[[0/O/o]/[[0/O/o]/[O/nought/o/zero]]])([-/ ])[h/hour/hours/hr/hrs/hs](.)(([-/ ])[in the afternoon/in the evening/p(.)m(.)])(.)/[18/[18/eighteen]/([0/O/o])6/[6/[06/six]]]([h/hour/hours/hr/hrs/hs])([&/-/./:/;](([0/O/o])[[0/O/o]/[[0/O/o]/[O/nought/o/zero]]]))(([-/ ])[in the afternoon/in the evening/p(.)m(.)])(.)/[18/[18/eighteen]/([0/O/o])6/[6/[06/six]]]([h/hour/hours/hr/hrs/hs])([&/-/./:/;])(([0/O/o])[[0/O/o]/[[0/O/o]/[O/nought/o/zero]]])([-/ ])[o'clock/o'clock in the afternoon/o'clock in the evening/o'clock in afternoon/o'clock in evening](.)/(([0/O/o])[[0/O/o]/[[0/O/o]/[O/nought/o/zero]]])([m/min/mins/minute/minutes/ms](.))([-/ ])[past/after]([-/ ])[18/[18/eighteen]/([0/O/o])6/[6/[06/six]]]([h/hour/hours/hr/hrs/hs])(.)(([-/ ])[in the afternoon/in the evening/p(.)m(.)])(.)
400004608700713,TELEVID5105_Scanner20,BU0014086421336104011400004608700713,03/04/2025,25/03/2025,4213361040,BU001,Burmese-Tibetan,BU,4086,11,C,0.5743,--impossible--,,NoMatch,D822/03,C
400004626300600,TELEVID5163_Scanner20,NP0130053410329427420400004626300600,10/04/2025,04/04/2025,4103294274,NP013,Indo-Iranian,NP,53,20,C,0.9842,"A, C",,NoMatch,D822/03,B
400004792300061,TELEVID5330_SCANNER14,LK0910001410329427423400004792300061,09/05/2025,01/05/2025,4103294274,LK091,Indo-Iranian,LK,1,23,D,0.9436,"C, D",,NoMatch,D822/03,D
400004862300371,TELEVID5361_Scanner20,IT0880024908413306123400004862300371,15/05/2025,07/05/2025,9084133061,IT088,Romance,IT,24,23,H,0.9988,"D, H",,NoMatch,D822/03,H
400004869100317,TELEVID5383_SCANNER14,CN5190045410329427421400004869100317,15/05/2025,10/05/2025,4103294274,CN519,Chinese,CN,45,21,A,0.6641,"A, B",,NoMatch,D822/03,A
400004884900535,TELEVID5412_SCANNER14,IT071000869619746393400004884900535,16/05/2025,12/05/2025,6961974639,IT071,Romance,IT,8,3,C,0.7561,--impossible--,,NoMatch,D822/03,C
400004923900040,TELEVID5431_SCANNER14,VN0700040696740284913400004923900040,19/05/2025,11/05/2025,6967402849,VN070,Austro-Asiatic,VN,40,13,A,0.7057,"A, C",,NoMatch,D822/03,C
400004923900102,TELEVID5431_SCANNER14,VN070010269674028492400004923900102,19/05/2025,11/05/2025,6967402849,VN070,Austro-Asiatic,VN,102,2,A,0.8171,"A, C",,NoMatch,D822/03,C
400004923900231,TELEVID5431_SCANNER14,VN0700231696740284916400004923900231,19/05/2025,11/05/2025,6967402849,VN070,Austro-Asiatic,VN,231,16,C,0.8083,"A, C",,NoMatch,D822/03,C
400004923900267,TELEVID5431_SCANNER14,VN0700267696740284924400004923900267,19/05/2025,11/05/2025,6967402849,VN070,Austro-Asiatic,VN,267,24,B,0.9262,"B, G",,NoMatch,D822/03,B
400004923900355,TELEVID5431_SCANNER14,VN0700355696740284921400004923900355,19/05/2025,11/05/2025,6967402849,VN070,Austro-Asiatic,VN,355,21,F,0.7928,"E, F",,NoMatch,D822/03,F
400004923900360,TELEVID5431_SCANNER14,VN0700360696740284917400004923900360,19/05/2025,11/05/2025,6967402849,VN070,Austro-Asiatic,VN,360,17,C,0.9383,"B, C",,NoMatch,D822/03,B
400004923900360,TELEVID5431_SCANNER14,VN0700360696740284921400004923900360,19/05/2025,11/05/2025,6967402849,VN070,Austro-Asiatic,VN,360,21,E,0.9819,"E, F",,NoMatch,D822/03,F
400004923900360,TELEVID5431_SCANNER14,VN0700360696740284922400004923900360,19/05/2025,11/05/2025,6967402849,VN070,Austro-Asiatic,VN,360,22,G,0.4701,"C, G",,NoMatch,D822/03,A
400004923900360,TELEVID5431_SCANNER14,VN0700360696740284925400004923900360,19/05/2025,11/05/2025,6967402849,VN070,Austro-Asiatic,VN,360,25,C,0.9842,"A, C",,NoMatch,D822/03,C
400004923900362,TELEVID5431_SCANNER14,VN0700362696740284914400004923900362,19/05/2025,11/05/2025,6967402849,VN070,Austro-Asiatic,VN,362,14,B,0.6589,--blank--,,NoMatch,D822/03,A
400004923900363,TELEVID5431_SCANNER14,VN0700363696740284918400004923900363,19/05/2025,11/05/2025,6967402849,VN070,Austro-Asiatic,VN,363,18,A,0.9205,"A, C",,NoMatch,D822/03,A
400004923900367,TELEVID5431_SCANNER14,VN0700367696740284917400004923900367,19/05/2025,11/05/2025,6967402849,VN070,Austro-Asiatic,VN,367,17,C,0.9747,"B, C",,NoMatch,D822/03,B
400004923900385,TELEVID5431_SCANNER14,VN070038569674028495400004923900385,19/05/2025,11/05/2025,6967402849,VN070,Austro-Asiatic,VN,385,5,C,0.4674,"B, C",,NoMatch,D822/03,A
400004923900385,TELEVID5431_SCANNER14,VN0700385696740284915400004923900385,19/05/2025,11/05/2025,6967402849,VN070,Austro-Asiatic,VN,385,15,B,0.8481,"A, B",,NoMatch,D822/03,C
400004923900385,TELEVID5431_SCANNER14,VN0700385696740284922400004923900385,19/05/2025,11/05/2025,6967402849,VN070,Austro-Asiatic,VN,385,22,A,0.8628,"A, E",,NoMatch,D822/03,A
400004923900385,TELEVID5431_SCANNER14,VN0700385696740284925400004923900385,19/05/2025,11/05/2025,6967402849,VN070,Austro-Asiatic,VN,385,25,D,0.5559,"D, F",,NoMatch,D822/03,C
400004923900424,TELEVID5431_SCANNER14,VN0700424696740284918400004923900424,19/05/2025,11/05/2025,6967402849,VN070,Austro-Asiatic,VN,424,18,A,0.7287,"A, B",,NoMatch,D822/03,A
400004923900424,TELEVID5431_SCANNER14,VN0700424696740284924400004923900424,19/05/2025,11/05/2025,6967402849,VN070,Austro-Asiatic,VN,424,24,B,0.8226,"A, B",,NoMatch,D822/03,B
400005044400703,TELEVID5583_SCANNER14,LK0010050410329427420400005044400703,28/05/2025,17/05/2025,4103294274,LK001,Indo-Iranian,LK,50,20,C,0.8879,"A, C",,NoMatch,D822/03,B
400005250000210,TELEVID5894_SCANNER14,IT2670002908413306122400005250000210,10/06/2025,27/05/2025,9084133061,IT267,Romance,IT,2,22,F,0.8897,"E, F",,NoMatch,D822/03,F
400005492300525,TELEVID8072_Scanner20,IT8440007696197463911400005492300525,19/06/2025,12/06/2025,6961974639,IT844,Romance,IT,7,11,B,0.6828,"A, B",,NoMatch,D822/03,B
400005492300529,TELEVID8072_Scanner20,IT8440011696197463922400005492300529,19/06/2025,12/06/2025,6961974639,IT844,Romance,IT,11,22,C,0.906,"B, C",,NoMatch,D822/03,D
400005492300529,TELEVID8072_Scanner20,IT8440011696197463924400005492300529,19/06/2025,12/06/2025,6961974639,IT844,Romance,IT,11,24,B,0.8909,"B, G",,NoMatch,D822/03,B
60000002246900389,TELEVID4880_SCANNER19,MY313500199029176661960000002246900389,03/03/2025,22/02/2025,9902917666,MY313,Malayo,MY,5001,19,C,0.9405,"B, C",,NoMatch,D822/03,B
60000002248800015,TELEVID4883_SCANNER19,CN418138641032942742160000002248800015,04/03/2025,22/02/2025,4103294274,CN418,Chinese,CN,1386,21,A,0.5575,"A, B",,NoMatch,D822/03,A
60000002248801382,TELEVID4883_SCANNER19,CN418152941032942742260000002248801382,04/03/2025,22/02/2025,4103294274,CN418,Chinese,CN,1529,22,E,0.9932,"A, E",,NoMatch,D822/03,G
60000002249300804,TELEVID4884_SCANNER19,CN41810034103294274460000002249300804,04/03/2025,22/02/2025,4103294274,CN418,Chinese,CN,1003,4,C,0.9667,"A, C",,NoMatch,D822/03,C
60000002249300812,TELEVID4884_SCANNER19,CN418101141032942742560000002249300812,04/03/2025,22/02/2025,4103294274,CN418,Chinese,CN,1011,25,D,0.9244,"C, D",,NoMatch,D822/03,F
60000002249300873,TELEVID4884_SCANNER19,CN418145641032942741560000002249300873,04/03/2025,22/02/2025,4103294274,CN418,Chinese,CN,1456,15,B,0.9066,"A, B",,NoMatch,D822/03,B
60000002249301188,TELEVID4884_SCANNER19,CN418156941032942741760000002249301188,04/03/2025,22/02/2025,4103294274,CN418,Chinese,CN,1569,17,C,0.9647,"A, C",,NoMatch,D822/03,C
60000002249301199,TELEVID4884_SCANNER19,CN418158041032942741760000002249301199,04/03/2025,22/02/2025,4103294274,CN418,Chinese,CN,1580,17,C,0.992,"A, C",,NoMatch,D822/03,C
60000002249301215,TELEVID4884_SCANNER19,CN418159641032942741160000002249301215,04/03/2025,22/02/2025,4103294274,CN418,Chinese,CN,1596,11,B,0.8513,"B, C",,NoMatch,D822/03,B
60000002249301355,TELEVID4884_SCANNER19,CN418116941032942741460000002249301355,04/03/2025,22/02/2025,4103294274,CN418,Chinese,CN,1169,14,C,0.9684,"A, C",,NoMatch,D822/03,C
60000002249301376,TELEVID4884_SCANNER19,CN418119041032942742160000002249301376,04/03/2025,22/02/2025,4103294274,CN418,Chinese,CN,1190,21,E,0.9967,"A, E",,NoMatch,D822/03,A
60000002249301423,TELEVID4884_SCANNER19,CN418116541032942741160000002249301423,04/03/2025,22/02/2025,4103294274,CN418,Chinese,CN,1165,11,B,0.5203,"A, B",,NoMatch,D822/03,B
60000002249400934,TELEVID4885_SCANNER19,CN41816034103294274160000002249400934,05/03/2025,22/02/2025,4103294274,CN418,Chinese,CN,1603,1,C,0.9832,"A, C",,NoMatch,D822/03,B
60000002249400934,TELEVID4885_SCANNER19,CN418160341032942742260000002249400934,05/03/2025,22/02/2025,4103294274,CN418,Chinese,CN,1603,22,G,0.9901,"B, G",,NoMatch,D822/03,G
60000002249400938,TELEVID4885_SCANNER19,CN418160741032942742260000002249400938,05/03/2025,22/02/2025,4103294274,CN418,Chinese,CN,1607,22,G,0.9947,"E, G",,NoMatch,D822/03,G
60000002249400944,TELEVID4885_SCANNER19,CN418161341032942742260000002249400944,05/03/2025,22/02/2025,4103294274,CN418,Chinese,CN,1613,22,G,0.986,"E, G",,NoMatch,D822/03,G
60000002249400982,TELEVID4885_SCANNER19,CN41815044103294274260000002249400982,05/03/2025,22/02/2025,4103294274,CN418,Chinese,CN,1504,2,B,0.7906,"A, B",,NoMatch,D822/03,B
60000002249400983,TELEVID4885_SCANNER19,CN41815054103294274260000002249400983,05/03/2025,22/02/2025,4103294274,CN418,Chinese,CN,1505,2,A,0.825,"A, B",,NoMatch,D822/03,B
60000002249400983,TELEVID4885_SCANNER19,CN418150541032942741960000002249400983,05/03/2025,22/02/2025,4103294274,CN418,Chinese,CN,1505,19,A,0.7996,"A, B",,NoMatch,D822/03,C
60000002249401006,TELEVID4885_SCANNER19,CN418152841032942742460000002249401006,05/03/2025,22/02/2025,4103294274,CN418,Chinese,CN,1528,24,E,0.777,"A, E",,NoMatch,D822/03,C
60000002249401038,TELEVID4885_SCANNER19,CN418105341032942741360000002249401038,05/03/2025,22/02/2025,4103294274,CN418,Chinese,CN,1053,13,B,0.9229,"A, B",,NoMatch,D822/03,A
60000002249401049,TELEVID4885_SCANNER19,CN418106441032942741460000002249401049,05/03/2025,22/02/2025,4103294274,CN418,Chinese,CN,1064,14,C,0.888,"A, C",,NoMatch,D822/03,C
60000002249401050,TELEVID4885_SCANNER19,CN418106541032942741760000002249401050,05/03/2025,22/02/2025,4103294274,CN418,Chinese,CN,1065,17,C,0.8773,"A, C",,NoMatch,D822/03,C
60000002249401179,TELEVID4885_SCANNER19,CN418141941032942741160000002249401179,05/03/2025,22/02/2025,4103294274,CN418,Chinese,CN,1419,11,B,0.7701,"B, C",,NoMatch,D822/03,B
60000002249401219,TELEVID4885_SCANNER19,CN418133941032942741160000002249401219,05/03/2025,22/02/2025,4103294274,CN418,Chinese,CN,1339,11,B,0.6847,"A, B",,NoMatch,D822/03,B
60000002249401872,TELEVID4885_SCANNER19,CN418103541032942742160000002249401872,05/03/2025,22/02/2025,4103294274,CN418,Chinese,CN,1035,21,A,0.9323,"A, G",,NoMatch,D822/03,A
60000002252900249,TELEVID4909_SCANNER19,IT275000669619746391260000002252900249,10/03/2025,01/03/2025,6961974639,IT275,Romance,IT,6,12,B,0.7899,"B, C",,NoMatch,D822/03,C
60000002272600435,TELEVID4956_SCANNER19,JP026389522406715132260000002272600435,17/03/2025,10/03/2025,2240671513,JP026,Japanese,JP,3895,22,C,0.9922,"B, C",,NoMatch,D822/03,F
60000002272600563,TELEVID4956_SCANNER19,JP02639862240671513360000002272600563,17/03/2025,10/03/2025,2240671513,JP026,Japanese,JP,3986,3,C,0.6104,--impossible--,,NoMatch,D822/03,A
60000002274500258,TELEVID4958_SCANNER19,JP026417822406715131860000002274500258,17/03/2025,10/03/2025,2240671513,JP026,Japanese,JP,4178,18,B,0.706,"B, C",,NoMatch,D822/03,B
60000002274500272,TELEVID4958_SCANNER19,JP026419222406715132160000002274500272,17/03/2025,10/03/2025,2240671513,JP026,Japanese,JP,4192,21,H,0.9171,"F, H",,NoMatch,D822/03,H
60000002274500384,TELEVID4958_SCANNER19,JP02640482240671513560000002274500384,17/03/2025,10/03/2025,2240671513,JP026,Japanese,JP,4048,5,C,0.9965,"A, C",,NoMatch,D822/03,C
60000002275500827,TELEVID4952_SCANNER19,JP026424322406715131160000002275500827,17/03/2025,10/03/2025,2240671513,JP026,Japanese,JP,4243,11,B,0.7943,"A, B",,NoMatch,D822/03,A
60000002275500854,TELEVID4952_SCANNER19,JP02642702240671513160000002275500854,17/03/2025,10/03/2025,2240671513,JP026,Japanese,JP,4270,1,C,0.5382,"B, C",,NoMatch,D822/03,C
60000002275500854,TELEVID4952_SCANNER19,JP026427022406715131660000002275500854,17/03/2025,10/03/2025,2240671513,JP026,Japanese,JP,4270,16,C,0.8235,"B, C",,NoMatch,D822/03,B
60000002277300555,TELEVID4972_SCANNER19,CN41030954103294274160000002277300555,18/03/2025,08/03/2025,4103294274,CN410,Chinese,CN,3095,1,C,0.9628,"B, C",,NoMatch,D822/03,B
60000002281700052,TELEVID4971_SCANNER19,CN41020784103294274360000002281700052,18/03/2025,08/03/2025,4103294274,CN410,Chinese,CN,2078,3,A,0.9442,"A, B",,NoMatch,D822/03,B
60000002281700225,TELEVID4971_SCANNER19,CN410205241032942742160000002281700225,18/03/2025,08/03/2025,4103294274,CN410,Chinese,CN,2052,21,G,0.9984,"A, G",,NoMatch,D822/03,A
60000002281700936,TELEVID4971_SCANNER19,CN410103341032942742160000002281700936,18/03/2025,08/03/2025,4103294274,CN410,Chinese,CN,1033,21,G,0.9899,"A, G",,NoMatch,D822/03,A
60000002281700943,TELEVID4971_SCANNER19,CN410104041032942741960000002281700943,18/03/2025,08/03/2025,4103294274,CN410,Chinese,CN,1040,19,C,0.879,"B, C",,NoMatch,D822/03,C
60000002308800105,TELEVID5183_1_SCANNER19,TN001005169619746391460000002308800105,15/04/2025,09/04/2025,6961974639,TN001,Afro-Asiatic,TN,51,14,C,0.5682,"B, C",,NoMatch,D822/03,A
60000002309200854,TELEVID5187_SCANNER19,CN334100141032942741460000002309200854,15/04/2025,30/03/2025,4103294274,CN334,Chinese,CN,1001,14,C,0.9889,"A, C",,NoMatch,D822/03,C
60000002309200867,TELEVID5187_SCANNER19,CN334101441032942742260000002309200867,15/04/2025,30/03/2025,4103294274,CN334,Chinese,CN,1014,22,G,0.9517,"D, G",,NoMatch,D822/03,G
60000002309500325,TELEVID5188_SCANNER19,CN334105641032942742160000002309500325,15/04/2025,30/03/2025,4103294274,CN334,Chinese,CN,1056,21,E,0.9435,"E, F",,NoMatch,D822/03,A
60000002309500329,TELEVID5188_SCANNER19,CN334106041032942742260000002309500329,15/04/2025,30/03/2025,4103294274,CN334,Chinese,CN,1060,22,G,0.9984,"E, G",,NoMatch,D822/03,G
60000002311700784,TELEVID5195_SCANNER19,TH259000199864957591560000002311700784,16/04/2025,28/03/2025,9986495759,TH259,Kadai ,TH,1,15,C,0.9529,"A, C",,NoMatch,D822/03,A
60000002311700798,TELEVID5195_SCANNER19,TH259001599864957592560000002311700798,16/04/2025,28/03/2025,9986495759,TH259,Kadai ,TH,15,25,D,0.9895,"C, D",,NoMatch,D822/03,D
60000002316700235,TELEVID5208_SCANNER19,IT363004369619746391360000002316700235,17/04/2025,14/04/2025,6961974639,IT363,Romance,IT,43,13,A,0.6896,"A, B",,NoMatch,D822/03,A
60000002367700103,TELEVID5300_SCANNER19,MA220001469619746392160000002367700103,01/05/2025,27/04/2025,6961974639,MA220,Afro-Asiatic,MA,14,21,F,0.9948,"C, F",,NoMatch,D822/03,F
60000002367700107,TELEVID5300_SCANNER19,MA220001869619746392360000002367700107,01/05/2025,27/04/2025,6961974639,MA220,Afro-Asiatic,MA,18,23,F,0.9969,"D, F",,NoMatch,D822/03,E
60000002367700187,TELEVID5300_SCANNER19,MA220002169619746392360000002367700187,01/05/2025,27/04/2025,6961974639,MA220,Afro-Asiatic,MA,21,23,F,0.9629,"F, H",,NoMatch,D822/03,E
60000002367700288,TELEVID5300_SCANNER19,MA22000426961974639560000002367700288,01/05/2025,27/04/2025,6961974639,MA220,Afro-Asiatic,MA,42,5,B,0.8188,"A, B",,NoMatch,D822/03,C
60000002367700297,TELEVID5300_SCANNER19,MA220005269619746391660000002367700297,01/05/2025,27/04/2025,6961974639,MA220,Afro-Asiatic,MA,52,16,C,0.6694,"A, C",,NoMatch,D822/03,B
60000002420801329,TELEVID5317_1_SCANNER18,IT304000890841330611660000002420801329,10/05/2025,29/04/2025,9084133061,IT304,Romance,IT,8,16,B,0.8053,"A, B",,NoMatch,D822/03,A
60000002452000264,TELEVID5344_SCANNER18,KH041003869674028491560000002452000264,13/05/2025,04/05/2025,6967402849,KH041,Austro-Asiatic,KH,38,15,C,0.9935,"A, C",,NoMatch,D822/03,C
60000002452000264,TELEVID5344_SCANNER18,KH041003869674028492360000002452000264,13/05/2025,04/05/2025,6967402849,KH041,Austro-Asiatic,KH,38,23,D,0.7845,"D, E",,NoMatch,D822/03,D
60000002452000331,TELEVID5344_SCANNER18,IT382001890841330611560000002452000331,13/05/2025,07/05/2025,9084133061,IT382,Romance,IT,18,15,A,0.9765,"A, C",,NoMatch,D822/03,A
60000002455300100,TELEVID5348_SCANNER18,IT52500106961974639560000002455300100,13/05/2025,07/05/2025,6961974639,IT525,Romance,IT,10,5,C,0.7508,--blank--,,NoMatch,D822/03,C
60000002472800841,TELEVID5358_SCANNER18,IT278000869619746391360000002472800841,14/05/2025,10/05/2025,6961974639,IT278,Romance,IT,8,13,C,0.5685,"A, C",,NoMatch,D822/03,A
60000002668400217,TELEVID5535_SCANNER19,IT95500319084133061360000002668400217,23/05/2025,12/05/2025,9084133061,IT955,Romance,IT,31,3,C,0.9767,"B, C",,NoMatch,D822/03,C
60000002668400217,TELEVID5535_SCANNER19,IT955003190841330611160000002668400217,23/05/2025,12/05/2025,9084133061,IT955,Romance,IT,31,11,A,0.9865,"A, C",,NoMatch,D822/03,C
60000002668400217,TELEVID5535_SCANNER19,IT955003190841330611560000002668400217,23/05/2025,12/05/2025,9084133061,IT955,Romance,IT,31,15,A,0.96,"A, C",,NoMatch,D822/03,A
60000002720200770,TELEVID5578_SCANNER18,TW007250222889026712160000002720200770,28/05/2025,18/05/2025,2288902671,TW007,Chinese,TW,2502,21,E,0.9056,"A, E",,NoMatch,D822/03,E
60000002720200778,TELEVID5578_SCANNER18,TW007251022889026712360000002720200778,28/05/2025,18/05/2025,2288902671,TW007,Chinese,TW,2510,23,H,0.9326,"E, H",,NoMatch,D822/03,A
60000002750100333,TELEVID5642_SCANNER18,IT017459469619746392460000002750100333,30/05/2025,24/05/2025,6961974639,IT017,Romance,IT,4594,24,C,0.9981,"C, G",,NoMatch,D822/03,B
60000002751400858,TELEVID5678_SCANNER18,IT22300176961974639860000002751400858,30/05/2025,21/05/2025,6961974639,IT223,Romance,IT,17,8,4,0.4541,DO104,,NoMatch,D822/03,[15/[15/fifteen]/([0/O/o])3/[3/[03/three]]][h/hour/hours/hr/hrs/hs]([&/-/./:/;])[25/[twenty([-/ ])[5/[05/five]]/25]]([m/min/mins/minute/minutes/ms])(([-/ ])[in the afternoon/in the evening/p(.)m(.)])(.)/[15/[15/fifteen]/([0/O/o])3/[3/[03/three]]]([h/hour/hours/hr/hrs/hs])([&/-/./:/;])[25/[twenty([-/ ])[5/[05/five]]/25]]([-/ ])[h/hour/hours/hr/hrs/hs](.)(([-/ ])[in the afternoon/in the evening/p(.)m(.)])(.)/[25/[twenty([-/ ])[5/[05/five]]/25]]([m/min/mins/minute/minutes/ms](.))([-/ ])[past/after]([-/ ])[15/[15/fifteen]/([0/O/o])3/[3/[03/three]]]([h/hour/hours/hr/hrs/hs])(.)(([-/ ])[in the afternoon/in the evening/p(.)m(.)])(.)/[15/[15/fifteen]/([0/O/o])3/[3/[03/three]]]([h/hour/hours/hr/hrs/hs])([&/-/./:/;])[25/[twenty([-/ ])[5/[05/five]]/25]](([-/ ])[in the afternoon/in the evening/p(.)m(.)])(.)
60000002751400864,TELEVID5678_SCANNER18,IT22300236961974639360000002751400864,30/05/2025,21/05/2025,6961974639,IT223,Romance,IT,23,3,C,0.6003,--impossible--,,NoMatch,D822/03,C
60000002751400865,TELEVID5678_SCANNER18,IT22300246961974639160000002751400865,30/05/2025,21/05/2025,6961974639,IT223,Romance,IT,24,1,C,0.9853,"A, C",,NoMatch,D822/03,C
60000002828800595,TELEVID5798_SCANNER18,GR11842174103294274960000002828800595,04/06/2025,31/05/2025,4103294274,GR118,Greek,GR,4217,9,3,0.4241,37,,NoMatch,D822/03,[37/[thirty([-/ ])[7/[07/seven]]/37]]
60000002850500208,TELEVID5853_SCANNER18,IT03600236961974639260000002850500208,06/06/2025,29/05/2025,6961974639,IT036,Romance,IT,23,2,C,0.9746,--impossible--,,NoMatch,D822/03,A
60000002850900547,TELEVID5845_SCANNER18,IT060098369619746391760000002850900547,06/06/2025,24/05/2025,6961974639,IT060,Romance,IT,983,17,C,0.9639,"A, C",,NoMatch,D822/03,C
60000002851400222,TELEVID5843_SCANNER18,IT060006969619746391160000002851400222,06/06/2025,24/05/2025,6961974639,IT060,Romance,IT,69,11,B,0.727,--blank--,,NoMatch,D822/03,B
60000002891000989,TELEVID5882_SCANNER18,TR022003922889026712160000002891000989,09/06/2025,31/05/2025,2288902671,TR022,Turkic,TR,39,21,E,0.9492,"D, E",,NoMatch,D822/03,E
60000002918500028,TELEVID5914_SCANNER18,MM025001242133610402260000002918500028,10/06/2025,19/05/2025,4213361040,MM025,Burmese-Tibetan,MM,12,22,F,0.9303,"C, F",,NoMatch,D822/03,G
60000002918500031,TELEVID5914_SCANNER18,MM025001542133610401360000002918500031,10/06/2025,19/05/2025,4213361040,MM025,Burmese-Tibetan,MM,15,13,B,0.9415,"A, B",,NoMatch,D822/03,B
60000002918500037,TELEVID5914_SCANNER18,MM025002142133610401760000002918500037,10/06/2025,19/05/2025,4213361040,MM025,Burmese-Tibetan,MM,21,17,B,0.8217,"A, B",,NoMatch,D822/03,B
60000002918500040,TELEVID5914_SCANNER18,MM025002442133610402260000002918500040,10/06/2025,19/05/2025,4213361040,MM025,Burmese-Tibetan,MM,24,22,G,0.9938,"E, G",,NoMatch,D822/03,G
60000002918500045,TELEVID5914_SCANNER18,MM02500294213361040160000002918500045,10/06/2025,19/05/2025,4213361040,MM025,Burmese-Tibetan,MM,29,1,B,0.8447,"A, B",,NoMatch,D822/03,B
60000002918500045,TELEVID5914_SCANNER18,MM025002942133610401260000002918500045,10/06/2025,19/05/2025,4213361040,MM025,Burmese-Tibetan,MM,29,12,C,0.9739,"A, C",,NoMatch,D822/03,A
60000002918500060,TELEVID5914_SCANNER18,MM025004442133610401260000002918500060,10/06/2025,19/05/2025,4213361040,MM025,Burmese-Tibetan,MM,44,12,C,0.9794,"A, C",,NoMatch,D822/03,A
60000002918500060,TELEVID5914_SCANNER18,MM025004442133610401360000002918500060,10/06/2025,19/05/2025,4213361040,MM025,Burmese-Tibetan,MM,44,13,C,0.9799,"B, C",,NoMatch,D822/03,B
60000002922900328,TELEVID5918_SCANNER19,ES810000969619746392560000002922900328,11/06/2025,31/05/2025,6961974639,ES810,Romance,ES,9,25,A,0.7377,"A, B",,NoMatch,D822/03,H
60000002922900334,TELEVID5918_SCANNER19,ES81000156961974639460000002922900334,11/06/2025,31/05/2025,6961974639,ES810,Romance,ES,15,4,C,0.9753,"A, C",,NoMatch,D822/03,C
60000002922900337,TELEVID5918_SCANNER19,ES810001869619746391460000002922900337,11/06/2025,31/05/2025,6961974639,ES810,Romance,ES,18,14,B,0.9572,"B, C",,NoMatch,D822/03,A
60000002922900337,TELEVID5918_SCANNER19,ES810001869619746392460000002922900337,11/06/2025,31/05/2025,6961974639,ES810,Romance,ES,18,24,H,0.9946,"B, H",,NoMatch,D822/03,B
60000002930800560,TELEVID5904_SCANNER18,ES78150276961974639460000002930800560,11/06/2025,03/06/2025,6961974639,ES781,Romance,ES,5027,4,A,0.8774,"A, B",,NoMatch,D822/03,C
60000002935900004,TELEVID5962_SCANNER18,PL250002483789450001960000002935900004,11/06/2025,05/06/2025,8378945000,PL250,Slavic,PL,24,19,A,0.8383,"A, B",,NoMatch,D822/03,A
60000002936200438,TELEVID5963_SCANNER18,PL250014383789450001860000002936200438,11/06/2025,05/06/2025,8378945000,PL250,Slavic,PL,143,18,B,0.6654,--blank--,,NoMatch,D822/03,B
60000002959700159,TELEVID6000_SCANNER18,IT042001990841330611760000002959700159,12/06/2025,06/06/2025,9084133061,IT042,Romance,IT,19,17,B,0.4778,"A, B",,NoMatch,D822/03,A
60000002970900171,TELEVID6042_SCANNER18,BG00500058378945000460000002970900171,13/06/2025,07/06/2025,8378945000,BG005,Slavic,BG,5,4,C,0.6712,--impossible--,,NoMatch,D822/03,C
60000002970900174,TELEVID6042_SCANNER18,BG005000883789450002560000002970900174,13/06/2025,07/06/2025,8378945000,BG005,Slavic,BG,8,25,E,0.8591,"D, E",,NoMatch,D822/03,B
60000002982700121,TELEVID6059_SCANNER18,IT560301969619746391260000002982700121,14/06/2025,03/06/2025,6961974639,IT560,Romance,IT,3019,12,C,0.8481,--blank--,,NoMatch,D822/03,C
60000002982700121,TELEVID6059_SCANNER18,IT560301969619746392560000002982700121,14/06/2025,03/06/2025,6961974639,IT560,Romance,IT,3019,25,H,0.7806,--blank--,,NoMatch,D822/03,H
60000002982700151,TELEVID6059_SCANNER18,IT560304969619746391960000002982700151,14/06/2025,03/06/2025,6961974639,IT560,Romance,IT,3049,19,B,0.5894,--blank--,,NoMatch,D822/03,C
60000002982700155,TELEVID6059_SCANNER18,IT560305369619746391260000002982700155,14/06/2025,03/06/2025,6961974639,IT560,Romance,IT,3053,12,C,0.5903,"A, C",,NoMatch,D822/03,C
60000002982700155,TELEVID6059_SCANNER18,IT560305369619746392160000002982700155,14/06/2025,03/06/2025,6961974639,IT560,Romance,IT,3053,21,F,0.6852,"B, F",,NoMatch,D822/03,F
60000002983000158,TELEVID6056_SCANNER18,IT95500316961974639560000002983000158,14/06/2025,30/05/2025,6961974639,IT955,Romance,IT,31,5,C,0.9619,"B, C",,NoMatch,D822/03,C
60000002983000158,TELEVID6056_SCANNER18,IT955003169619746392460000002983000158,14/06/2025,30/05/2025,6961974639,IT955,Romance,IT,31,24,A,0.9722,"A, E",,NoMatch,D822/03,B
60000002983000177,TELEVID6056_SCANNER18,IT955005069619746392460000002983000177,14/06/2025,30/05/2025,6961974639,IT955,Romance,IT,50,24,B,0.9957,"B, E",,NoMatch,D822/03,B
60000003053000016,TELEVID8044_SCANNER19,CH00170086997539272360000003053000016,18/06/2025,14/06/2025,6997539272,CH001,Germanic,CH,7008,3,C,0.7113,--impossible--,,NoMatch,D822/03,C
60000003054500440,TELEVID8043_SCANNER19,ES430001469619746392060000003054500440,18/06/2025,14/06/2025,6961974639,ES430,Romance,ES,14,20,C,0.929,"B, C",,NoMatch,D822/03,C
60000003054500442,TELEVID8043_SCANNER19,ES430001669619746391160000003054500442,18/06/2025,14/06/2025,6961974639,ES430,Romance,ES,16,11,B,0.5376,"A, B",,NoMatch,D822/03,B
60000003054500442,TELEVID8043_SCANNER19,ES430001669619746392260000003054500442,18/06/2025,14/06/2025,6961974639,ES430,Romance,ES,16,22,A,0.6017,"A, G",,NoMatch,D822/03,D
60000003054500593,TELEVID8043_SCANNER19,IT087000690841330611260000003054500593,18/06/2025,10/06/2025,9084133061,IT087,Romance,IT,6,12,B,0.618,"A, B",,NoMatch,D822/03,B
60000003073500679,TELEVID8075_SCANNER19,IT06002406961974639260000003073500679,19/06/2025,24/05/2025,6961974639,IT060,Romance,IT,240,2,A,0.7903,"A, B",,NoMatch,D822/03,A
60000003075900364,TELEVID8080_SCANNER19,GE001001441032942741960000003075900364,19/06/2025,11/06/2025,4103294274,GE001,Others,GE,14,19,A,0.6575,"A, C",,NoMatch,D822/03,C
60000003075900384,TELEVID8080_SCANNER19,GE001003441032942741960000003075900384,19/06/2025,11/06/2025,4103294274,GE001,Others,GE,34,19,C,0.6049,"A, C",,NoMatch,D822/03,C
60000003100500339,televid8168_SCANNER19,GR005016341032942741960000003100500339,23/06/2025,14/06/2025,4103294274,GR005,Greek,GR,163,19,C,0.988,"A, C",,NoMatch,D822/03,C
60000003105300359,televid8164_SCANNER19,GR00501954103294274360000003105300359,23/06/2025,14/06/2025,4103294274,GR005,Greek,GR,195,3,B,0.9416,"B, C",,NoMatch,D822/03,B
60000003105300397,televid8164_SCANNER19,GR005006341032942742360000003105300397,23/06/2025,14/06/2025,4103294274,GR005,Greek,GR,63,23,D,0.9671,"D, G",,NoMatch,D822/03,D
60000003105300505,televid8164_SCANNER19,GR005005941032942742560000003105300505,23/06/2025,14/06/2025,4103294274,GR005,Greek,GR,59,25,H,0.9991,"D, H",,NoMatch,D822/03,F
60000003116700268,televid8170_SCANNER19,ID28000059902917666160000003116700268,24/06/2025,13/06/2025,9902917666,ID280,Malayo,ID,5,1,A,0.8065,"A, B",,NoMatch,D822/03,C
60000003118400017,televid8196_SCANNER19,TR00305362288902671160000003118400017,24/06/2025,14/06/2025,2288902671,TR003,Turkic,TR,536,1,B,0.9761,"B, C",,NoMatch,D822/03,A
60000003119800072,televid8172_SCANNER19,ES426002469619746392160000003119800072,24/06/2025,10/06/2025,6961974639,ES426,Romance,ES,24,21,F,0.9958,"A, F",,NoMatch,D822/03,F
60000003119800072,televid8172_SCANNER19,ES426002469619746392260000003119800072,24/06/2025,10/06/2025,6961974639,ES426,Romance,ES,24,22,C,0.9938,"B, C",,NoMatch,D822/03,D
60000003119800072,televid8172_SCANNER19,ES426002469619746392360000003119800072,24/06/2025,10/06/2025,6961974639,ES426,Romance,ES,24,23,E,0.8471,"E, H",,NoMatch,D822/03,E
60000003126800336,TELEVID8201_SCANNER19,TR00302982288902671360000003126800336,24/06/2025,14/06/2025,2288902671,TR003,Turkic,TR,298,3,C,0.8166,--impossible--,,NoMatch,D822/03,C
60000003140900477,televid8239_SCANNER19,ES397703369619746391260000003140900477,25/06/2025,21/06/2025,6961974639,ES397,Romance,ES,7033,12,C,0.7026,"A, C",,NoMatch,D822/03,C
60000003146100338,televid8230_SCANNER19,ES397706769619746392360000003146100338,25/06/2025,21/06/2025,6961974639,ES397,Romance,ES,7067,23,E,0.9949,"B, E",,NoMatch,D822/03,E
60000003173800418,televid6142_SCANNER19,CY006016141032942742360000003173800418,27/06/2025,20/06/2025,4103294274,CY006,Greek,CY,161,23,D,0.8154,"C, D",,NoMatch,D822/03,D
60000003173800472,televid6142_SCANNER19,CY006021541032942741960000003173800472,27/06/2025,20/06/2025,4103294274,CY006,Greek,CY,215,19,C,0.9736,"A, C",,NoMatch,D822/03,C
60000003174200304,televid8318_SCANNER19,CY006067641032942741760000003174200304,27/06/2025,20/06/2025,4103294274,CY006,Greek,CY,676,17,C,0.5105,"B, C",,NoMatch,D822/03,C
60000003175400715,televid6140_SCANNER19,CY00601194103294274460000003175400715,27/06/2025,20/06/2025,4103294274,CY006,Greek,CY,119,4,C,0.9657,"B, C",,NoMatch,D822/03,C
300003709200244,TELEVID5075_SCANNER12,MA0171096444335780840300003709200244,28/03/2025,22/03/2025,4443357808,MA017,Afro-Asiatic,MA,1096,40,A,0.8869,"A, C",,NoMatch,D432/01,A
300003711900074,TELEVID5081_SCANNER12,MA0171323444335780845300003711900074,28/03/2025,22/03/2025,4443357808,MA017,Afro-Asiatic,MA,1323,45,D,0.9897,"B, D",,NoMatch,D432/01,D
300003712300015,TELEVID5074_SCANNER12,MA0171129444335780849300003712300015,28/03/2025,22/03/2025,4443357808,MA017,Afro-Asiatic,MA,1129,49,D,0.9982,"B, D",,NoMatch,D432/01,D
300003712300016,TELEVID5074_SCANNER12,MA0171130444335780848300003712300016,28/03/2025,22/03/2025,4443357808,MA017,Afro-Asiatic,MA,1130,48,B,0.8799,"B, C",,NoMatch,D432/01,B
300003712300075,TELEVID5074_SCANNER12,MA0171175444335780844300003712300075,28/03/2025,22/03/2025,4443357808,MA017,Afro-Asiatic,MA,1175,44,C,0.9483,"A, C",,NoMatch,D432/01,C
300003712500437,TELEVID5076_SCANNER12,MA017135144433578081300003712500437,28/03/2025,22/03/2025,4443357808,MA017,Afro-Asiatic,MA,1351,1,B,0.7888,"B, D",,NoMatch,D432/01,C
300003712500437,TELEVID5076_SCANNER12,MA0171351444335780838300003712500437,28/03/2025,22/03/2025,4443357808,MA017,Afro-Asiatic,MA,1351,38,B,0.943,"A, B",,NoMatch,D432/01,C
300003719300118,TELEVID5098_SCANNER13,CN9941020444335780837300003719300118,02/04/2025,22/03/2025,4443357808,CN994,Chinese,CN,1020,37,G,0.9964,"B, G",,NoMatch,D432/01,F
300003756200135,TELEVID5248_SCANNER13,LY001001990564652827300003756200135,23/04/2025,05/04/2025,9056465282,LY001,Afro-Asiatic,LY,19,7,D,0.9063,--impossible--,,NoMatch,D432/01,A
300004127000017,TELEVID5594_SCANNER12,GR1187620628131276846300004127000017,27/05/2025,18/05/2025,6281312768,GR118,Greek,GR,7620,46,B,0.5601,--blank--,,NoMatch,D432/01,A
300004128000255,TELEVID5546_SCANNER12,GR118810762813127686300004128000255,27/05/2025,18/05/2025,6281312768,GR118,Greek,GR,8107,6,A,0.7867,"A, D",,NoMatch,D432/01,D
300004128300152,TELEVID5554_SCANNER12,GR1187498628131276845300004128300152,27/05/2025,18/05/2025,6281312768,GR118,Greek,GR,7498,45,D,0.953,"B, D",,NoMatch,D432/01,D
300004147600390,TELEVID5616_SCANNER12,GR0050016628131276838300004147600390,28/05/2025,18/05/2025,6281312768,GR005,Greek,GR,16,38,C,0.9819,"C, E",,NoMatch,D432/01,C
300004147600663,TELEVID5616_SCANNER12,GR0050698628131276840300004147600663,28/05/2025,18/05/2025,6281312768,GR005,Greek,GR,698,40,A,0.5065,"A, B",,NoMatch,D432/01,A
300004153500984,TELEVID5625_SCANNER12,GR005039962813127681300004153500984,28/05/2025,18/05/2025,6281312768,GR005,Greek,GR,399,1,C,0.7451,"C, D",,NoMatch,D432/01,C
300004153500984,TELEVID5625_SCANNER12,GR005039962813127682300004153500984,28/05/2025,18/05/2025,6281312768,GR005,Greek,GR,399,2,D,0.9902,"B, D",,NoMatch,D432/01,D
300004153500984,TELEVID5625_SCANNER12,GR005039962813127684300004153500984,28/05/2025,18/05/2025,6281312768,GR005,Greek,GR,399,4,B,0.5663,"A, B",,NoMatch,D432/01,B
300004153500984,TELEVID5625_SCANNER12,GR005039962813127686300004153500984,28/05/2025,18/05/2025,6281312768,GR005,Greek,GR,399,6,D,0.9723,"B, D",,NoMatch,D432/01,D
300004153500984,TELEVID5625_SCANNER12,GR005039962813127687300004153500984,28/05/2025,18/05/2025,6281312768,GR005,Greek,GR,399,7,C,0.8169,"A, C",,NoMatch,D432/01,B
300004153500984,TELEVID5625_SCANNER12,GR005039962813127688300004153500984,28/05/2025,18/05/2025,6281312768,GR005,Greek,GR,399,8,A,0.6566,"A, B",,NoMatch,D432/01,A
300004153500984,TELEVID5625_SCANNER12,GR0050399628131276839300004153500984,28/05/2025,18/05/2025,6281312768,GR005,Greek,GR,399,39,D,0.9964,"D, F",,NoMatch,D432/01,G
300004153500984,TELEVID5625_SCANNER12,GR0050399628131276842300004153500984,28/05/2025,18/05/2025,6281312768,GR005,Greek,GR,399,42,B,0.8868,"B, D",,NoMatch,D432/01,B
300004153800354,TELEVID5624_SCANNER12,GR0350624628131276844300004153800354,28/05/2025,18/05/2025,6281312768,GR035,Greek,GR,624,44,C,0.9322,"A, C",,NoMatch,D432/01,B
300004154900666,TELEVID5619_SCANNER13,GR0050201628131276837300004154900666,28/05/2025,18/05/2025,6281312768,GR005,Greek,GR,201,37,C,0.7865,"A, C",,NoMatch,D432/01,F
300004154900666,TELEVID5619_SCANNER13,GR0050201628131276850300004154900666,28/05/2025,18/05/2025,6281312768,GR005,Greek,GR,201,50,C,0.7184,"C, D",,NoMatch,D432/01,C
300004154900673,TELEVID5619_SCANNER13,GR0050208628131276849300004154900673,28/05/2025,18/05/2025,6281312768,GR005,Greek,GR,208,49,A,0.6491,"A, B",,NoMatch,D432/01,D
300004154900946,TELEVID5619_SCANNER13,GR0050641628131276837300004154900946,28/05/2025,18/05/2025,6281312768,GR005,Greek,GR,641,37,F,0.7968,"A, F",,NoMatch,D432/01,F
300004214300660,TELEVID5562_1_SCANNER12,GR1186313628131276836300004214300660,02/06/2025,18/05/2025,6281312768,GR118,Greek,GR,6313,36,A,0.8353,"A, B",,NoMatch,D432/01,A
300004214300660,TELEVID5562_1_SCANNER12,GR1186313628131276846300004214300660,02/06/2025,18/05/2025,6281312768,GR118,Greek,GR,6313,46,B,0.5759,"B, C",,NoMatch,D432/01,A
300004214300937,TELEVID5562_1_SCANNER12,GR1188261628131276844300004214300937,02/06/2025,18/05/2025,6281312768,GR118,Greek,GR,8261,44,B,0.9436,"A, B",,NoMatch,D432/01,B
300004214300937,TELEVID5562_1_SCANNER12,GR1188261628131276849300004214300937,02/06/2025,18/05/2025,6281312768,GR118,Greek,GR,8261,49,C,0.9605,"C, D",,NoMatch,D432/01,D
300004386200809,TELEVID5985_SCANNER12,TR0030061638961792237300004386200809,12/06/2025,31/05/2025,6389617922,TR003,Turkic,TR,61,37,C,0.6813,"C, E",,NoMatch,D432/01,C
300004386200809,TELEVID5985_SCANNER12,TR0030061638961792248300004386200809,12/06/2025,31/05/2025,6389617922,TR003,Turkic,TR,61,48,D,0.9988,"B, D",,NoMatch,D432/01,D
300004386200809,TELEVID5985_SCANNER12,TR0030061638961792251300004386200809,12/06/2025,31/05/2025,6389617922,TR003,Turkic,TR,61,51,B,0.989,"A, B",,NoMatch,D432/01,B
300004393100072,TELEVID6001_SCANNER13,TR0201029638961792246300004393100072,12/06/2025,31/05/2025,6389617922,TR020,Turkic,TR,1029,46,C,0.994,"A, C",,NoMatch,D432/01,C
300004504500816,TELEVID8006_SCANNER12,TR003022563896179223300004504500816,19/06/2025,31/05/2025,6389617922,TR003,Turkic,TR,225,3,A,0.8148,"A, B",,NoMatch,D432/01,B
300004504500829,TELEVID8006_SCANNER12,TR0030238638961792237300004504500829,19/06/2025,31/05/2025,6389617922,TR003,Turkic,TR,238,37,F,0.8638,"C, F",,NoMatch,D432/01,C
300004504500863,TELEVID8006_SCANNER12,TR003021663896179226300004504500863,19/06/2025,31/05/2025,6389617922,TR003,Turkic,TR,216,6,D,0.9778,"A, D",,NoMatch,D432/01,D
300004504900370,TELEVID6102_SCANNER12,GE002002625893117293300004504900370,19/06/2025,07/06/2025,2589311729,GE002,Others,GE,26,3,A,0.8969,"A, B",,NoMatch,D432/01,A
300004556900479,TELEVID8211_SCANNER13,ES098404572771257687300004556900479,24/06/2025,21/06/2025,7277125768,ES098,Romance,ES,4045,7,C,0.4725,"B, D",,NoMatch,D432/01,C
300004560100530,TELEVID8225_SCANNER13,ES3830210727712576833300004560100530,25/06/2025,21/06/2025,7277125768,ES383,Romance,ES,210,33,D,0.921,"B, D",,NoMatch,D432/01,D
300004560100530,TELEVID8225_SCANNER13,ES3830210727712576835300004560100530,25/06/2025,21/06/2025,7277125768,ES383,Romance,ES,210,35,C,0.7558,"C, D",,NoMatch,D432/01,C
300004560100572,TELEVID8225_SCANNER13,ES3830252727712576839300004560100572,25/06/2025,21/06/2025,7277125768,ES383,Romance,ES,252,39,G,0.9869,"E, G",,NoMatch,D432/01,F
300004560100572,TELEVID8225_SCANNER13,ES3830252727712576849300004560100572,25/06/2025,21/06/2025,7277125768,ES383,Romance,ES,252,49,C,0.855,"B, C",,NoMatch,D432/01,B
300004560100572,TELEVID8225_SCANNER13,ES3830252727712576850300004560100572,25/06/2025,21/06/2025,7277125768,ES383,Romance,ES,252,50,E,0.9862,"B, E",,NoMatch,D432/01,B
300004571000241,TELEVID8255_SCANNER12,ES291027472771257681300004571000241,25/06/2025,21/06/2025,7277125768,ES291,Romance,ES,274,1,A,0.921,"A, C",,NoMatch,D432/01,D
300004571000486,TELEVID8255_SCANNER12,ES291032272771257681300004571000486,25/06/2025,21/06/2025,7277125768,ES291,Romance,ES,322,1,B,0.926,"B, C",,NoMatch,D432/01,D
300004571000503,TELEVID8255_SCANNER12,ES2910339727712576850300004571000503,25/06/2025,21/06/2025,7277125768,ES291,Romance,ES,339,50,B,0.9962,"B, E",,NoMatch,D432/01,B
300004571100978,TELEVID8250_SCANNER13,ES0720146727712576832300004571100978,25/06/2025,21/06/2025,7277125768,ES072,Romance,ES,146,32,B,0.6015,--blank--,,NoMatch,D432/01,B
300004571101002,TELEVID8250_SCANNER13,ES0720171727712576832300004571101002,25/06/2025,21/06/2025,7277125768,ES072,Romance,ES,171,32,B,0.6422,--blank--,,NoMatch,D432/01,B
300004571500073,TELEVID8258_SCANNER13,IT2404036727712576836300004571500073,25/06/2025,21/06/2025,7277125768,IT240,Romance,IT,4036,36,A,0.6661,"A, D",,NoMatch,D432/01,D
300004571500073,TELEVID8258_SCANNER13,IT2404036727712576848300004571500073,25/06/2025,21/06/2025,7277125768,IT240,Romance,IT,4036,48,D,0.9579,"B, D",,NoMatch,D432/01,D
300004571500073,TELEVID8258_SCANNER13,IT2404036727712576849300004571500073,25/06/2025,21/06/2025,7277125768,IT240,Romance,IT,4036,49,B,0.8908,"A, B",,NoMatch,D432/01,B
300004571500074,TELEVID8258_SCANNER13,IT2404037727712576834300004571500074,25/06/2025,21/06/2025,7277125768,IT240,Romance,IT,4037,34,D,0.9385,"A, D",,NoMatch,D432/01,D
300004571500101,TELEVID8258_SCANNER13,ES434001872771257688300004571500101,25/06/2025,21/06/2025,7277125768,ES434,Romance,ES,18,8,B,0.7011,"B, C",,NoMatch,D432/01,B
300004572100002,TELEVID8257_SCANNER12,IT3030002727712576840300004572100002,25/06/2025,21/06/2025,7277125768,IT303,Romance,IT,2,40,A,0.4806,"A, B",,NoMatch,D432/01,A
300004572100002,TELEVID8257_SCANNER12,IT3030002727712576846300004572100002,25/06/2025,21/06/2025,7277125768,IT303,Romance,IT,2,46,E,0.6759,"A, E",,NoMatch,D432/01,E
300004572100028,TELEVID8257_SCANNER12,IT3030029727712576847300004572100028,25/06/2025,21/06/2025,7277125768,IT303,Romance,IT,29,47,A,0.8353,--blank--,,NoMatch,D432/01,A
300004572300883,TELEVID8254_SCANNER13,ES0720292727712576849300004572300883,25/06/2025,21/06/2025,7277125768,ES072,Romance,ES,292,49,B,0.9334,"B, E",,NoMatch,D432/01,B
300004573300005,TELEVID8262_SCANNER12,IT2404005727712576848300004573300005,25/06/2025,21/06/2025,7277125768,IT240,Romance,IT,4005,48,D,0.9456,"A, D",,NoMatch,D432/01,D
300004573300011,TELEVID8262_SCANNER12,IT2404011727712576847300004573300011,25/06/2025,21/06/2025,7277125768,IT240,Romance,IT,4011,47,A,0.7077,"A, B",,NoMatch,D432/01,A
300004574100536,TELEVID8259_SCANNER13,IT0176024727712576846300004574100536,25/06/2025,21/06/2025,7277125768,IT017,Romance,IT,6024,46,B,0.9998,"B, C",,NoMatch,D432/01,E
300004574700248,TELEVID8261_SCANNER13,ES3010028727712576840300004574700248,25/06/2025,21/06/2025,7277125768,ES301,Romance,ES,28,40,B,0.9821,"B, F",,NoMatch,D432/01,A
300004574700729,TELEVID8261_SCANNER13,ES291038672771257686300004574700729,25/06/2025,21/06/2025,7277125768,ES291,Romance,ES,386,6,A,0.679,"A, B",,NoMatch,D432/01,A
300004575400224,TELEVID8268_SCANNER13,IT460004272771257681300004575400224,25/06/2025,21/06/2025,7277125768,IT460,Romance,IT,42,1,A,0.5019,--blank--,,NoMatch,D432/01,D
300004575400371,TELEVID8268_SCANNER13,IT2170033727712576852300004575400371,25/06/2025,21/06/2025,7277125768,IT217,Romance,IT,33,52,C,0.9849,"A, C",,NoMatch,D432/01,C
300004575900608,TELEVID8274_SCANNER12,ES4380085727712576836300004575900608,25/06/2025,21/06/2025,7277125768,ES438,Romance,ES,85,36,B,0.5729,--blank--,,NoMatch,D432/01,D
300004576600412,TELEVID8260_SCANNER13,ES4300013727712576834300004576600412,25/06/2025,21/06/2025,7277125768,ES430,Romance,ES,13,34,D,0.5293,--blank--,,NoMatch,D432/01,D
300004576600430,TELEVID8260_SCANNER13,ES4300031727712576844300004576600430,25/06/2025,21/06/2025,7277125768,ES430,Romance,ES,31,44,C,0.7196,--blank--,,NoMatch,D432/01,C
300004576600430,TELEVID8260_SCANNER13,ES4300031727712576846300004576600430,25/06/2025,21/06/2025,7277125768,ES430,Romance,ES,31,46,B,0.7448,--blank--,,NoMatch,D432/01,E
300004589700571,TELEVID8279_SCANNER12,CZ0031011727712576836300004589700571,26/06/2025,21/06/2025,7277125768,CZ003,Slavic,CZ,1011,36,A,0.9284,"A, B",,NoMatch,D432/01,D
300004589700581,TELEVID8279_SCANNER12,CZ0031021727712576848300004589700581,26/06/2025,21/06/2025,7277125768,CZ003,Slavic,CZ,1021,48,B,0.9944,"B, C",,NoMatch,D432/01,D
300004590100562,TELEVID8272_SCANNER12,ES2990137727712576837300004590100562,26/06/2025,21/06/2025,7277125768,ES299,Romance,ES,137,37,G,0.9621,"A, G",,NoMatch,D432/01,G
300004591100130,TELEVID6134_SCANNER13,ES0656130727712576845300004591100130,26/06/2025,21/06/2025,7277125768,ES065,Romance,ES,6130,45,A,0.9885,"A, E",,NoMatch,D432/01,A
300004591100425,TELEVID6134_SCANNER13,TN001004172771257686300004591100425,26/06/2025,21/06/2025,7277125768,TN001,Afro-Asiatic,TN,41,6,A,0.6279,"A, D",,NoMatch,D432/01,A
300004591100425,TELEVID6134_SCANNER13,TN0010041727712576840300004591100425,26/06/2025,21/06/2025,7277125768,TN001,Afro-Asiatic,TN,41,40,B,0.908,"A, B",,NoMatch,D432/01,A
300004591100455,TELEVID6134_SCANNER13,TN0010071727712576848300004591100455,26/06/2025,21/06/2025,7277125768,TN001,Afro-Asiatic,TN,71,48,C,0.7419,"C, D",,NoMatch,D432/01,D
300004591300832,TELEVID8302_SCANNER12,ES040221772771257683300004591300832,26/06/2025,21/06/2025,7277125768,ES040,Romance,ES,2217,3,C,0.6558,--blank--,,NoMatch,D432/01,C
300004591300834,TELEVID8302_SCANNER12,ES0402219727712576843300004591300834,26/06/2025,21/06/2025,7277125768,ES040,Romance,ES,2219,43,D,0.979,"B, D",,NoMatch,D432/01,D
300004591500480,TELEVID6124_SCANNER13,ES4110029727712576840300004591500480,26/06/2025,21/06/2025,7277125768,ES411,Romance,ES,29,40,A,0.771,"A, B",,NoMatch,D432/01,A
300004591900565,TELEVID6133_SCANNER12,LK0010029727712576847300004591900565,26/06/2025,21/06/2025,7277125768,LK001,Indo-Iranian,LK,29,47,E,0.9987,"A, E",,NoMatch,D432/01,A
300004591900576,TELEVID6133_SCANNER12,LK0010040727712576846300004591900576,26/06/2025,21/06/2025,7277125768,LK001,Indo-Iranian,LK,40,46,B,0.8822,"B, C",,NoMatch,D432/01,E
300004591900607,TELEVID6133_SCANNER12,LK0010071727712576837300004591900607,26/06/2025,21/06/2025,7277125768,LK001,Indo-Iranian,LK,71,37,G,0.9974,"B, G",,NoMatch,D432/01,G
300004592500046,TELEVID8307_SCANNER12,PL002103872771257683300004592500046,26/06/2025,21/06/2025,7277125768,PL002,Slavic,PL,1038,3,C,0.9793,"A, C",,NoMatch,D432/01,C
300004592800419,TELEVID8290_SCANNER13,PL2770016727712576840300004592800419,26/06/2025,21/06/2025,7277125768,PL277,Slavic,PL,16,40,A,0.6296,"A, B",,NoMatch,D432/01,A
300004592800527,TELEVID8290_SCANNER13,ES2910216727712576837300004592800527,26/06/2025,21/06/2025,7277125768,ES291,Romance,ES,216,37,G,0.9967,"A, G",,NoMatch,D432/01,G
300004592800527,TELEVID8290_SCANNER13,ES2910216727712576843300004592800527,26/06/2025,21/06/2025,7277125768,ES291,Romance,ES,216,43,C,0.9955,"B, C",,NoMatch,D432/01,D
300004593200316,TELEVID8265_SCANNER13,IT4600017727712576848300004593200316,26/06/2025,21/06/2025,7277125768,IT460,Romance,IT,17,48,B,0.7549,"B, C",,NoMatch,D432/01,D
300004593900269,TELEVID8276_SCANNER12,ES0070156727712576841300004593900269,26/06/2025,21/06/2025,7277125768,ES007,Romance,ES,156,41,C,0.9727,"C, D",,NoMatch,D432/01,C
300004593900269,TELEVID8276_SCANNER12,ES0070156727712576851300004593900269,26/06/2025,21/06/2025,7277125768,ES007,Romance,ES,156,51,D,0.7662,"D, E",,NoMatch,D432/01,D
300004593900319,TELEVID8276_SCANNER12,ES0070206727712576849300004593900319,26/06/2025,21/06/2025,7277125768,ES007,Romance,ES,206,49,B,0.8375,"B, F",,NoMatch,D432/01,B
300004593900319,TELEVID8276_SCANNER12,ES0070206727712576850300004593900319,26/06/2025,21/06/2025,7277125768,ES007,Romance,ES,206,50,D,0.7063,"D, E",,NoMatch,D432/01,B
300004593900371,TELEVID8276_SCANNER12,ES0070258727712576844300004593900371,26/06/2025,21/06/2025,7277125768,ES007,Romance,ES,258,44,C,0.9319,"B, C",,NoMatch,D432/01,C
300004593900371,TELEVID8276_SCANNER12,ES0070258727712576850300004593900371,26/06/2025,21/06/2025,7277125768,ES007,Romance,ES,258,50,D,0.992,"B, D",,NoMatch,D432/01,B
300004594700381,TELEVID6129_SCANNER12,PL0021097727712576840300004594700381,26/06/2025,21/06/2025,7277125768,PL002,Slavic,PL,1097,40,A,0.5861,"A, B",,NoMatch,D432/01,A
300004595100061,TELEVID8309_SCANNER12,PL0021076727712576840300004595100061,26/06/2025,21/06/2025,7277125768,PL002,Slavic,PL,1076,40,A,0.6538,"A, B",,NoMatch,D432/01,A
300004597200283,TELEVID8306_SCANNER13,PL0021015727712576834300004597200283,27/06/2025,21/06/2025,7277125768,PL002,Slavic,PL,1015,34,A,0.5774,"A, B",,NoMatch,D432/01,D
300004597200359,TELEVID8306_SCANNER13,PL002101372771257681300004597200359,27/06/2025,21/06/2025,7277125768,PL002,Slavic,PL,1013,1,A,0.7783,"A, D",,NoMatch,D432/01,D
300004597300376,TELEVID8304_SCANNER13,ES2910501727712576848300004597300376,27/06/2025,21/06/2025,7277125768,ES291,Romance,ES,501,48,B,0.9993,"B, C",,NoMatch,D432/01,D
300004597800017,TELEVID6135_SCANNER13,PL002117972771257681300004597800017,27/06/2025,21/06/2025,7277125768,PL002,Slavic,PL,1179,1,C,0.7491,"B, C",,NoMatch,D432/01,D
300004597800017,TELEVID6135_SCANNER13,PL0021179727712576846300004597800017,27/06/2025,21/06/2025,7277125768,PL002,Slavic,PL,1179,46,B,0.9983,"B, C",,NoMatch,D432/01,E
300004597800041,TELEVID6135_SCANNER13,PL0021203727712576840300004597800041,27/06/2025,21/06/2025,7277125768,PL002,Slavic,PL,1203,40,A,0.6821,"A, B",,NoMatch,D432/01,A
300004597800054,TELEVID6135_SCANNER13,PL002121672771257682300004597800054,27/06/2025,21/06/2025,7277125768,PL002,Slavic,PL,1216,2,C,0.6639,"B, C",,NoMatch,D432/01,C
300004599000262,TELEVID6121_SCANNER13,ES2910593727712576846300004599000262,27/06/2025,21/06/2025,7277125768,ES291,Romance,ES,593,46,B,0.545,"B, C",,NoMatch,D432/01,E
300004599300507,TELEVID6127_SCANNER13,LK0010103727712576848300004599300507,27/06/2025,21/06/2025,7277125768,LK001,Indo-Iranian,LK,103,48,B,0.9989,"B, C",,NoMatch,D432/01,D
300004599300554,TELEVID6127_SCANNER13,LK0010150727712576832300004599300554,27/06/2025,21/06/2025,7277125768,LK001,Indo-Iranian,LK,150,32,D,0.6566,"A, D",,NoMatch,D432/01,B
300004599300554,TELEVID6127_SCANNER13,LK0010150727712576834300004599300554,27/06/2025,21/06/2025,7277125768,LK001,Indo-Iranian,LK,150,34,D,0.8131,--blank--,,NoMatch,D432/01,D
300004599300557,TELEVID6127_SCANNER13,LK0010153727712576844300004599300557,27/06/2025,21/06/2025,7277125768,LK001,Indo-Iranian,LK,153,44,B,0.6001,--blank--,,NoMatch,D432/01,C
300004599500272,TELEVID6148_SCANNER13,IT2810001727712576836300004599500272,27/06/2025,21/06/2025,7277125768,IT281,Romance,IT,1,36,D,0.6404,"A, D",,NoMatch,D432/01,D
300004605100264,TELEVID6139_SCANNER13,ES0301037727712576840300004605100264,30/06/2025,21/06/2025,7277125768,ES030,Romance,ES,1037,40,B,0.8979,"B, E",,NoMatch,D432/01,A
300004605100264,TELEVID6139_SCANNER13,ES0301037727712576845300004605100264,30/06/2025,21/06/2025,7277125768,ES030,Romance,ES,1037,45,A,0.9989,"A, E",,NoMatch,D432/01,A
300004605100264,TELEVID6139_SCANNER13,ES0301037727712576849300004605100264,30/06/2025,21/06/2025,7277125768,ES030,Romance,ES,1037,49,C,0.7068,"B, C",,NoMatch,D432/01,B
300004605100264,TELEVID6139_SCANNER13,ES0301037727712576851300004605100264,30/06/2025,21/06/2025,7277125768,ES030,Romance,ES,1037,51,D,0.9482,"D, E",,NoMatch,D432/01,D
300004605500007,TELEVID8317_SCANNER13,PL0900013727712576848300004605500007,30/06/2025,21/06/2025,7277125768,PL090,Slavic,PL,13,48,B,0.7859,--blank--,,NoMatch,D432/01,D
300004605700271,TELEVID8320_SCANNER13,PL0900021727712576847300004605700271,30/06/2025,21/06/2025,7277125768,PL090,Slavic,PL,21,47,B,0.6153,"A, B",,NoMatch,D432/01,A
300004605700271,TELEVID8320_SCANNER13,PL0900021727712576849300004605700271,30/06/2025,21/06/2025,7277125768,PL090,Slavic,PL,21,49,D,0.9172,"A, D",,NoMatch,D432/01,B
300004605900239,TELEVID8312_SCANNER13,TN0010105727712576848300004605900239,30/06/2025,21/06/2025,7277125768,TN001,Afro-Asiatic,TN,105,48,C,0.9702,"C, D",,NoMatch,D432/01,D
300004605900248,TELEVID8312_SCANNER13,TN001011472771257681300004605900248,30/06/2025,21/06/2025,7277125768,TN001,Afro-Asiatic,TN,114,1,B,0.8376,"A, B",,NoMatch,D432/01,D
300004605900248,TELEVID8312_SCANNER13,TN0010114727712576840300004605900248,30/06/2025,21/06/2025,7277125768,TN001,Afro-Asiatic,TN,114,40,A,0.9766,"A, E",,NoMatch,D432/01,A
300004607100483,TELEVID6163_SCANNER13,PE506001572771257681300004607100483,30/06/2025,21/06/2025,7277125768,PE506,Romance,PE,15,1,C,0.6163,"A, C",,NoMatch,D432/01,D
300004608300126,TELEVID6175_SCANNER13,ES8505206727712576846300004608300126,01/07/2025,21/06/2025,7277125768,ES850,Romance,ES,5206,46,B,0.6712,"B, C",,NoMatch,D432/01,E
300004610500207,TELEVID6196_SCANNER13,ES4399008727712576842300004610500207,01/07/2025,21/06/2025,7277125768,ES439,Romance,ES,9008,42,D,0.9938,"C, D",,NoMatch,D432/01,D
300004610500207,TELEVID6196_SCANNER13,ES4399008727712576849300004610500207,01/07/2025,21/06/2025,7277125768,ES439,Romance,ES,9008,49,B,0.9983,"B, E",,NoMatch,D432/01,B
300004610500488,TELEVID6196_SCANNER13,ES3300019727712576850300004610500488,01/07/2025,21/06/2025,7277125768,ES330,Romance,ES,19,50,B,0.9925,"B, C",,NoMatch,D432/01,B
300004611000336,TELEVID6207_SCANNER12,ES4970191857122788645300004611000336,01/07/2025,28/06/2025,8571227886,ES497,Romance,ES,191,45,C,0.872,"C, D",,NoMatch,D432/01,D
300004614500118,TELEVID6211_SCANNER13,ES2990371727712576843300004614500118,02/07/2025,21/06/2025,7277125768,ES299,Romance,ES,371,43,D,0.9648,"C, D",,NoMatch,D432/01,D
300004614500118,TELEVID6211_SCANNER13,ES2990371727712576848300004614500118,02/07/2025,21/06/2025,7277125768,ES299,Romance,ES,371,48,A,0.9886,"A, D",,NoMatch,D432/01,D
300004617600066,TELEVID6237_SCANNER12,ES4470009727712576835300004617600066,03/07/2025,21/06/2025,7277125768,ES447,Romance,ES,9,35,A,0.7326,"A, C",,NoMatch,D432/01,C
300004617600066,TELEVID6237_SCANNER12,ES4470009727712576836300004617600066,03/07/2025,21/06/2025,7277125768,ES447,Romance,ES,9,36,D,0.7794,"C, D",,NoMatch,D432/01,D
300004618900189,TELEVID6241_SCANNER12,ES1035871857122788634300004618900189,03/07/2025,28/06/2025,8571227886,ES103,Romance,ES,5871,34,B,0.7283,--blank--,,NoMatch,D432/01,B
300004618900614,TELEVID6241_SCANNER12,ES103579185712278862300004618900614,03/07/2025,28/06/2025,8571227886,ES103,Romance,ES,5791,2,A,0.9039,"A, C",,NoMatch,D432/01,C
300004618900812,TELEVID6241_SCANNER12,ES103558285712278863300004618900812,03/07/2025,28/06/2025,8571227886,ES103,Romance,ES,5582,3,A,0.8728,"A, B",,NoMatch,D432/01,A
300004619700294,TELEVID6243_SCANNER12,PL1150041727712576851300004619700294,03/07/2025,21/06/2025,7277125768,PL115,Slavic,PL,41,51,B,0.9501,"B, E",,NoMatch,D432/01,D
300004620600703,TELEVID6251_SCANNER12,IT1600015727712576848300004620600703,03/07/2025,21/06/2025,7277125768,IT160,Romance,IT,15,48,B,0.9015,"B, C",,NoMatch,D432/01,D
300004620600710,TELEVID6251_SCANNER12,IT160002272771257681300004620600710,03/07/2025,21/06/2025,7277125768,IT160,Romance,IT,22,1,D,0.8029,"B, D",,NoMatch,D432/01,D
300004620600710,TELEVID6251_SCANNER12,IT160002272771257682300004620600710,03/07/2025,21/06/2025,7277125768,IT160,Romance,IT,22,2,B,0.8482,"B, D",,NoMatch,D432/01,C
300004621900595,TELEVID6254_SCANNER12,IT2170020857122788635300004621900595,03/07/2025,28/06/2025,8571227886,IT217,Romance,IT,20,35,C,0.6342,"A, C, D",,NoMatch,D432/01,A
300004621900601,TELEVID6254_SCANNER12,IT217002685712278864300004621900601,03/07/2025,28/06/2025,8571227886,IT217,Romance,IT,26,4,B,0.9507,"A, B",,NoMatch,D432/01,B
300004621900601,TELEVID6254_SCANNER12,IT2170026857122788639300004621900601,03/07/2025,28/06/2025,8571227886,IT217,Romance,IT,26,39,G,0.9908,"F, G",,NoMatch,D432/01,G
300004621900601,TELEVID6254_SCANNER12,IT2170026857122788641300004621900601,03/07/2025,28/06/2025,8571227886,IT217,Romance,IT,26,41,D,0.9924,"D, F",,NoMatch,D432/01,F
300004621900601,TELEVID6254_SCANNER12,IT2170026857122788648300004621900601,03/07/2025,28/06/2025,8571227886,IT217,Romance,IT,26,48,D,0.6338,"B, D",,NoMatch,D432/01,D
300004622300171,TELEVID6258_SCANNER12,ES4380126857122788639300004622300171,03/07/2025,28/06/2025,8571227886,ES438,Romance,ES,126,39,C,0.9965,"A, C",,NoMatch,D432/01,G
300004622501047,TELEVID6264_SCANNER12,ES3917080857122788645300004622501047,03/07/2025,28/06/2025,8571227886,ES391,Romance,ES,7080,45,D,0.9907,"C, D",,NoMatch,D432/01,D
300004622501064,TELEVID6264_SCANNER12,ES3917097857122788638300004622501064,03/07/2025,28/06/2025,8571227886,ES391,Romance,ES,7097,38,B,0.6691,"B, D",,NoMatch,D432/01,B
300004623200360,TELEVID6261_SCANNER13,ES7500176857122788636300004623200360,04/07/2025,28/06/2025,8571227886,ES750,Romance,ES,176,36,D,0.9873,"A, D",,NoMatch,D432/01,D
300004623200420,TELEVID6261_SCANNER13,ES7500256857122788640300004623200420,04/07/2025,28/06/2025,8571227886,ES750,Romance,ES,256,40,A,0.4815,"A, B",,NoMatch,D432/01,A
300004627800081,TELEVID6312_SCANNER13,ES8154207857122788632300004627800081,08/07/2025,28/06/2025,8571227886,ES815,Romance,ES,4207,32,D,0.569,--blank--,,NoMatch,D432/01,B
300004631800722,TELEVID6337_SCANNER12,ES4366020857122788646300004631800722,10/07/2025,28/06/2025,8571227886,ES436,Romance,ES,6020,46,B,0.9997,"B, C",,NoMatch,D432/01,C
300004632300223,TELEVID8328_SCANNER12,IT9550016857122788639300004632300223,10/07/2025,28/06/2025,8571227886,IT955,Romance,IT,16,39,C,0.9949,"C, G",,NoMatch,D432/01,G
300004632300321,TELEVID8328_SCANNER12,IT9550036857122788648300004632300321,10/07/2025,28/06/2025,8571227886,IT955,Romance,IT,36,48,B,0.5941,--blank--,,NoMatch,D432/01,D
300004633100270,TELEVID6342_SCANNER12,ES2119602727712576849300004633100270,10/07/2025,21/06/2025,7277125768,ES211,Romance,ES,9602,49,D,0.8136,--blank--,,NoMatch,D432/01,B
400004589600321,TELEVID5025_Scanner20,MA0130115444335780845400004589600321,26/03/2025,22/03/2025,4443357808,MA013,Afro-Asiatic,MA,115,45,B,0.9709,"B, C",,NoMatch,D432/01,D
400004589600323,TELEVID5025_Scanner20,MA0130117444335780844400004589600323,26/03/2025,22/03/2025,4443357808,MA013,Afro-Asiatic,MA,117,44,D,0.6595,"C, D",,NoMatch,D432/01,C
400004589600489,TELEVID5025_Scanner20,MA0130255444335780834400004589600489,26/03/2025,22/03/2025,4443357808,MA013,Afro-Asiatic,MA,255,34,B,0.5351,--blank--,,NoMatch,D432/01,D
400004589800031,TELEVID5030_Scanner20,CH0550304444335780838400004589800031,26/03/2025,22/03/2025,4443357808,CH055,Germanic,CH,304,38,G,0.5362,"E, G",,NoMatch,D432/01,C
400004589800259,TELEVID5030_Scanner20,CH0550003444335780839400004589800259,26/03/2025,22/03/2025,4443357808,CH055,Germanic,CH,3,39,E,0.9889,"A, E",,NoMatch,D432/01,E
400004589800274,TELEVID5030_Scanner20,CH0550018444335780845400004589800274,26/03/2025,22/03/2025,4443357808,CH055,Germanic,CH,18,45,D,0.9993,"B, D",,NoMatch,D432/01,D
400004589800274,TELEVID5030_Scanner20,CH0550018444335780846400004589800274,26/03/2025,22/03/2025,4443357808,CH055,Germanic,CH,18,46,B,0.9412,"A, B",,NoMatch,D432/01,C
400004590000758,TELEVID5023_Scanner20,DE0731020444335780844400004590000758,26/03/2025,22/03/2025,4443357808,DE073,Germanic,DE,1020,44,C,0.8987,"B, C",,NoMatch,D432/01,C
400004590000758,TELEVID5023_Scanner20,DE0731020444335780848400004590000758,26/03/2025,22/03/2025,4443357808,DE073,Germanic,DE,1020,48,C,0.9394,"B, C",,NoMatch,D432/01,B
400004590000765,TELEVID5023_Scanner20,DE073102744433578082400004590000765,26/03/2025,22/03/2025,4443357808,DE073,Germanic,DE,1027,2,C,0.7976,"C, D",,NoMatch,D432/01,D
400004592500232,TELEVID5024_Scanner20,CH0012513444335780848400004592500232,26/03/2025,22/03/2025,4443357808,CH001,Germanic,CH,2513,48,C,0.9927,"A, C",,NoMatch,D432/01,B
400004592700295,TELEVID5029_Scanner20,CH1880010444335780840400004592700295,26/03/2025,22/03/2025,4443357808,CH188,Germanic,CH,10,40,A,0.5986,"A, B",,NoMatch,D432/01,A
400004593800217,TELEVID5079_Scanner20,MA017130644433578081400004593800217,31/03/2025,22/03/2025,4443357808,MA017,Afro-Asiatic,MA,1306,1,B,0.8381,"B, C",,NoMatch,D432/01,C
400004594500764,TELEVID5048_Scanner20,CN4183221444335780840400004594500764,31/03/2025,22/03/2025,4443357808,CN418,Chinese,CN,3221,40,A,0.8561,"A, E",,NoMatch,D432/01,A
400004594500810,TELEVID5048_Scanner20,CN418301644433578083400004594500810,31/03/2025,22/03/2025,4443357808,CN418,Chinese,CN,3016,3,A,0.8001,"A, B",,NoMatch,D432/01,B
400004597600116,TELEVID5049_Scanner20,MA0171301444335780832400004597600116,01/04/2025,22/03/2025,4443357808,MA017,Afro-Asiatic,MA,1301,32,C,0.689,"C, D",,NoMatch,D432/01,C
400004597600730,TELEVID5049_Scanner20,CN4183051444335780851400004597600730,01/04/2025,22/03/2025,4443357808,CN418,Chinese,CN,3051,51,D,0.5959,"B, D",,NoMatch,D432/01,B
400004599000715,TELEVID5092_Scanner20,CN4104010444335780844400004599000715,01/04/2025,22/03/2025,4443357808,CN410,Chinese,CN,4010,44,C,0.9958,"A, C",,NoMatch,D432/01,C
400004599000715,TELEVID5092_Scanner20,CN4104010444335780845400004599000715,01/04/2025,22/03/2025,4443357808,CN410,Chinese,CN,4010,45,D,0.9979,"B, D",,NoMatch,D432/01,D
400004599000715,TELEVID5092_Scanner20,CN4104010444335780851400004599000715,01/04/2025,22/03/2025,4443357808,CN410,Chinese,CN,4010,51,A,0.9679,"A, C",,NoMatch,D432/01,B
400004599000715,TELEVID5092_Scanner20,CN4104010444335780852400004599000715,01/04/2025,22/03/2025,4443357808,CN410,Chinese,CN,4010,52,C,0.9882,"B, C",,NoMatch,D432/01,D
400004601100524,TELEVID5054_Scanner20,DE106104544433578081400004601100524,01/04/2025,22/03/2025,4443357808,DE106,Germanic,DE,1045,1,C,0.6851,"A, C",,NoMatch,D432/01,C
400004601900409,TELEVID5090_Scanner20,TW0020007444335780836400004601900409,01/04/2025,22/03/2025,4443357808,TW002,Chinese,TW,7,36,A,0.9146,"A, B",,NoMatch,D432/01,A
400004601900418,TELEVID5090_Scanner20,TW0020016444335780834400004601900418,01/04/2025,22/03/2025,4443357808,TW002,Chinese,TW,16,34,B,0.9916,"B, C",,NoMatch,D432/01,D
400004601900475,TELEVID5090_Scanner20,TW0020073444335780848400004601900475,01/04/2025,22/03/2025,4443357808,TW002,Chinese,TW,73,48,B,0.6272,"B, C",,NoMatch,D432/01,B
400004601900490,TELEVID5090_Scanner20,TW0020088444335780836400004601900490,01/04/2025,22/03/2025,4443357808,TW002,Chinese,TW,88,36,A,0.8858,"A, B",,NoMatch,D432/01,A
400004601900490,TELEVID5090_Scanner20,TW0020088444335780848400004601900490,01/04/2025,22/03/2025,4443357808,TW002,Chinese,TW,88,48,D,0.9918,"A, D",,NoMatch,D432/01,B
400004601900503,TELEVID5090_Scanner20,TW0020101444335780846400004601900503,01/04/2025,22/03/2025,4443357808,TW002,Chinese,TW,101,46,B,0.9026,"B, C",,NoMatch,D432/01,C
400004601900508,TELEVID5090_Scanner20,TW0020106444335780846400004601900508,01/04/2025,22/03/2025,4443357808,TW002,Chinese,TW,106,46,B,0.9745,"B, C",,NoMatch,D432/01,C
400004601900528,TELEVID5090_Scanner20,TW002012644433578083400004601900528,01/04/2025,22/03/2025,4443357808,TW002,Chinese,TW,126,3,B,0.9977,"B, C",,NoMatch,D432/01,B
400004602800242,TELEVID5052_Scanner20,CN4183202444335780843400004602800242,01/04/2025,22/03/2025,4443357808,CN418,Chinese,CN,3202,43,B,0.9326,"A, B",,NoMatch,D432/01,B
400004602800270,TELEVID5052_Scanner20,CN418318544433578084400004602800270,01/04/2025,22/03/2025,4443357808,CN418,Chinese,CN,3185,4,D,0.6009,"A, D",,NoMatch,D432/01,D
400004602800270,TELEVID5052_Scanner20,CN4183185444335780834400004602800270,01/04/2025,22/03/2025,4443357808,CN418,Chinese,CN,3185,34,D,0.7545,"A, D",,NoMatch,D432/01,D
400004602800270,TELEVID5052_Scanner20,CN4183185444335780837400004602800270,01/04/2025,22/03/2025,4443357808,CN418,Chinese,CN,3185,37,F,0.815,"C, F",,NoMatch,D432/01,F
400004602800270,TELEVID5052_Scanner20,CN4183185444335780844400004602800270,01/04/2025,22/03/2025,4443357808,CN418,Chinese,CN,3185,44,C,0.9937,"B, C",,NoMatch,D432/01,C
400004602800270,TELEVID5052_Scanner20,CN4183185444335780847400004602800270,01/04/2025,22/03/2025,4443357808,CN418,Chinese,CN,3185,47,C,0.8974,"B, C",,NoMatch,D432/01,A
400004602800270,TELEVID5052_Scanner20,CN4183185444335780851400004602800270,01/04/2025,22/03/2025,4443357808,CN418,Chinese,CN,3185,51,B,0.9075,"A, B",,NoMatch,D432/01,B
400004602800292,TELEVID5052_Scanner20,CN4183159444335780833400004602800292,01/04/2025,22/03/2025,4443357808,CN418,Chinese,CN,3159,33,B,0.9207,"A, B",,NoMatch,D432/01,A
400004607900383,TELEVID5109_Scanner20,DE0080005444335780848400004607900383,03/04/2025,22/03/2025,4443357808,DE008,Germanic,DE,5,48,B,0.5623,"B, C",,NoMatch,D432/01,B
400004625900237,TELEVID5161_Scanner20,MA0040006905646528233400004625900237,10/04/2025,05/04/2025,9056465282,MA004,Afro-Asiatic,MA,6,33,B,0.8288,"B, D",,NoMatch,D432/01,C
400005032200604,TELEVID5558_SCANNER14,GR1188036628131276838400005032200604,27/05/2025,18/05/2025,6281312768,GR118,Greek,GR,8036,38,C,0.9297,"C, F",,NoMatch,D432/01,C
400005033800544,TELEVID5549_SCANNER14,GR118691362813127687400005033800544,27/05/2025,18/05/2025,6281312768,GR118,Greek,GR,6913,7,A,0.6596,"A, B",,NoMatch,D432/01,B
400005052100897,TELEVID5606_SCANNER14,GR0350145628131276838400005052100897,28/05/2025,18/05/2025,6281312768,GR035,Greek,GR,145,38,C,0.8675,"C, G",,NoMatch,D432/01,C
400005230800973,TELEVID5875_SCANNER14,TR0221012638961792241400005230800973,09/06/2025,31/05/2025,6389617922,TR022,Turkic,TR,1012,41,D,0.7584,"B, D",,NoMatch,D432/01,D
400005230801055,TELEVID5875_SCANNER14,TR0221045638961792244400005230801055,09/06/2025,31/05/2025,6389617922,TR022,Turkic,TR,1045,44,A,0.9986,"A, D",,NoMatch,D432/01,A
400005274200101,TELEVID5909_SCANNER14,TR0960008638961792238400005274200101,11/06/2025,31/05/2025,6389617922,TR096,Turkic,TR,8,38,C,0.7407,"A, C",,NoMatch,D432/01,E
400005274200101,TELEVID5909_SCANNER14,TR0960008638961792252400005274200101,11/06/2025,31/05/2025,6389617922,TR096,Turkic,TR,8,52,C,0.9913,"B, C",,NoMatch,D432/01,C
400005346800567,TELEVID6029_SCANNER14,GE0010042258931172946400005346800567,13/06/2025,07/06/2025,2589311729,GE001,Others,GE,42,46,D,0.994,"A, D",,NoMatch,D432/01,A
400005346800567,TELEVID6029_SCANNER14,GE0010042258931172952400005346800567,13/06/2025,07/06/2025,2589311729,GE001,Others,GE,42,52,B,0.7521,"B, C",,NoMatch,D432/01,B
400005346800624,TELEVID6029_SCANNER14,GE001009925893117293400005346800624,13/06/2025,07/06/2025,2589311729,GE001,Others,GE,99,3,A,0.85,"A, B",,NoMatch,D432/01,A
400005346800627,TELEVID6029_SCANNER14,GE001010225893117295400005346800627,13/06/2025,07/06/2025,2589311729,GE001,Others,GE,102,5,B,0.7789,"B, D",,NoMatch,D432/01,D
400005346800627,TELEVID6029_SCANNER14,GE001010225893117296400005346800627,13/06/2025,07/06/2025,2589311729,GE001,Others,GE,102,6,A,0.9441,"A, D",,NoMatch,D432/01,A
400005346800630,TELEVID6029_SCANNER14,GE001010525893117294400005346800630,13/06/2025,07/06/2025,2589311729,GE001,Others,GE,105,4,C,0.9776,"A, C",,NoMatch,D432/01,B
400005346800630,TELEVID6029_SCANNER14,GE0010105258931172938400005346800630,13/06/2025,07/06/2025,2589311729,GE001,Others,GE,105,38,F,0.6637,"A, F",,NoMatch,D432/01,F
400005346800630,TELEVID6029_SCANNER14,GE0010105258931172940400005346800630,13/06/2025,07/06/2025,2589311729,GE001,Others,GE,105,40,B,0.9393,"B, G",,NoMatch,D432/01,G
400005346800652,TELEVID6029_SCANNER14,GE0010127258931172950400005346800652,13/06/2025,07/06/2025,2589311729,GE001,Others,GE,127,50,A,0.8194,"A, B",,NoMatch,D432/01,C
400005349900728,TELEVID6039_SCANNER14,NP013004785672766755400005349900728,13/06/2025,04/06/2025,8567276675,NP013,Indo-Iranian,NP,47,5,C,0.5231,"A, C",,NoMatch,D432/01,A
400005349900728,TELEVID6039_SCANNER14,NP0130047856727667543400005349900728,13/06/2025,04/06/2025,8567276675,NP013,Indo-Iranian,NP,47,43,C,0.7448,"A, C",,NoMatch,D432/01,C
400005349900734,TELEVID6039_SCANNER14,NP013005385672766751400005349900734,13/06/2025,04/06/2025,8567276675,NP013,Indo-Iranian,NP,53,1,D,0.6891,"C, D",,NoMatch,D432/01,C
400005349900795,TELEVID6039_SCANNER14,NP0130091856727667550400005349900795,13/06/2025,04/06/2025,8567276675,NP013,Indo-Iranian,NP,91,50,D,0.8615,"A, D",,NoMatch,D432/01,A
400005349900831,TELEVID6039_SCANNER14,NP0130107856727667531400005349900831,13/06/2025,04/06/2025,8567276675,NP013,Indo-Iranian,NP,107,31,D,0.8373,"A, D",,NoMatch,D432/01,C
60000002708600619,TELEVID5561_SCANNER18,GR118005162813127684460000002708600619,27/05/2025,18/05/2025,6281312768,GR118,Greek,GR,51,44,C,0.9849,"B, C",,NoMatch,D432/01,B
60000002708600813,TELEVID5561_SCANNER18,GR118782562813127683260000002708600813,27/05/2025,18/05/2025,6281312768,GR118,Greek,GR,7825,32,D,0.9822,"C, D",,NoMatch,D432/01,D
60000002734200646,TELEVID5622_SCANNER18,GR035027862813127683760000002734200646,29/05/2025,18/05/2025,6281312768,GR035,Greek,GR,278,37,F,0.9481,"A, F",,NoMatch,D432/01,F
60000002734500093,TELEVID5615_SCANNER18,GR00504626281312768660000002734500093,29/05/2025,18/05/2025,6281312768,GR005,Greek,GR,462,6,D,0.7841,"C, D",,NoMatch,D432/01,D
60000002734500903,TELEVID5615_SCANNER18,GR00505066281312768360000002734500903,29/05/2025,18/05/2025,6281312768,GR005,Greek,GR,506,3,A,0.6336,"A, B",,NoMatch,D432/01,A
60000002902800313,TELEVID5877_SCANNER19,TR022105063896179224960000002902800313,10/06/2025,31/05/2025,6389617922,TR022,Turkic,TR,1050,49,B,0.9733,"B, D",,NoMatch,D432/01,B
60000002902800316,TELEVID5877_SCANNER19,TR022105363896179223460000002902800316,10/06/2025,31/05/2025,6389617922,TR022,Turkic,TR,1053,34,A,0.9249,"A, C",,NoMatch,D432/01,D
60000002902800528,TELEVID5877_SCANNER19,TR022102863896179225060000002902800528,10/06/2025,31/05/2025,6389617922,TR022,Turkic,TR,1028,50,A,0.982,"A, C",,NoMatch,D432/01,A
60000002902800534,TELEVID5877_SCANNER19,TR022103463896179224860000002902800534,10/06/2025,31/05/2025,6389617922,TR022,Turkic,TR,1034,48,B,0.8778,"B, C",,NoMatch,D432/01,D
60000002930500319,TELEVID5935_SCANNER18,TR096000163896179223860000002930500319,11/06/2025,31/05/2025,6389617922,TR096,Turkic,TR,1,38,E,0.9873,"A, E",,NoMatch,D432/01,E
60000002931200526,TELEVID5933_SCANNER18,TR156000563896179224360000002931200526,11/06/2025,31/05/2025,6389617922,TR156,Turkic,TR,5,43,B,0.9482,"B, C",,NoMatch,D432/01,C
60000002931200526,TELEVID5933_SCANNER18,TR156000563896179224760000002931200526,11/06/2025,31/05/2025,6389617922,TR156,Turkic,TR,5,47,A,0.9291,"A, B",,NoMatch,D432/01,A
60000002931200526,TELEVID5933_SCANNER18,TR156000563896179224860000002931200526,11/06/2025,31/05/2025,6389617922,TR156,Turkic,TR,5,48,B,0.767,"B, C",,NoMatch,D432/01,D
60000002931200526,TELEVID5933_SCANNER18,TR156000563896179225060000002931200526,11/06/2025,31/05/2025,6389617922,TR156,Turkic,TR,5,50,A,0.5912,"A, B",,NoMatch,D432/01,A
60000002931200528,TELEVID5933_SCANNER18,TR156000763896179223760000002931200528,11/06/2025,31/05/2025,6389617922,TR156,Turkic,TR,7,37,C,0.9241,"A, C",,NoMatch,D432/01,C
60000002931200550,TELEVID5933_SCANNER18,TR156001363896179225160000002931200550,11/06/2025,31/05/2025,6389617922,TR156,Turkic,TR,13,51,B,0.9821,"A, B",,NoMatch,D432/01,B
60000002972000292,TELEVID6040_SCANNER18,NP01300128567276675160000002972000292,13/06/2025,04/06/2025,8567276675,NP013,Indo-Iranian,NP,12,1,D,0.8162,"C, D",,NoMatch,D432/01,C
60000002972000292,TELEVID6040_SCANNER18,NP013001285672766755160000002972000292,13/06/2025,04/06/2025,8567276675,NP013,Indo-Iranian,NP,12,51,D,0.9985,"A, D",,NoMatch,D432/01,D
60000002972000293,TELEVID6040_SCANNER18,NP01300138567276675560000002972000293,13/06/2025,04/06/2025,8567276675,NP013,Indo-Iranian,NP,13,5,C,0.9925,"A, C",,NoMatch,D432/01,A
60000002972000293,TELEVID6040_SCANNER18,NP013001385672766753760000002972000293,13/06/2025,04/06/2025,8567276675,NP013,Indo-Iranian,NP,13,37,A,0.9881,"A, D",,NoMatch,D432/01,E
60000002972000293,TELEVID6040_SCANNER18,NP013001385672766753960000002972000293,13/06/2025,04/06/2025,8567276675,NP013,Indo-Iranian,NP,13,39,C,0.9985,"C, E",,NoMatch,D432/01,D
60000002972000295,TELEVID6040_SCANNER18,NP01300158567276675760000002972000295,13/06/2025,04/06/2025,8567276675,NP013,Indo-Iranian,NP,15,7,B,0.4976,"B, C",,NoMatch,D432/01,B
60000002972000295,TELEVID6040_SCANNER18,NP01300158567276675860000002972000295,13/06/2025,04/06/2025,8567276675,NP013,Indo-Iranian,NP,15,8,A,0.9842,"A, D",,NoMatch,D432/01,C
60000002972000346,TELEVID6040_SCANNER18,NP013004385672766755060000002972000346,13/06/2025,04/06/2025,8567276675,NP013,Indo-Iranian,NP,43,50,D,0.911,"D, E",,NoMatch,D432/01,A
60000003013400432,TELEVID6069_SCANNER18,TR003007163896179224060000003013400432,16/06/2025,31/05/2025,6389617922,TR003,Turkic,TR,71,40,G,0.9717,"F, G",,NoMatch,D432/01,G
60000003045100218,TELEVID8009_SCANNER18,TR003020563896179224760000003045100218,18/06/2025,31/05/2025,6389617922,TR003,Turkic,TR,205,47,A,0.9942,"A, C",,NoMatch,D432/01,A
60000003045100219,TELEVID8009_SCANNER18,TR003020663896179224560000003045100219,18/06/2025,31/05/2025,6389617922,TR003,Turkic,TR,206,45,B,0.9755,"A, B",,NoMatch,D432/01,D
60000003045100252,TELEVID8009_SCANNER18,TR00301466389617922760000003045100252,18/06/2025,31/05/2025,6389617922,TR003,Turkic,TR,146,7,B,0.7245,"B, C",,NoMatch,D432/01,C
60000003054800354,TELEVID8040_SCANNER19,TR003018863896179223960000003054800354,18/06/2025,31/05/2025,6389617922,TR003,Turkic,TR,188,39,A,0.9922,"A, E",,NoMatch,D432/01,A
60000003054800354,TELEVID8040_SCANNER19,TR003018863896179224860000003054800354,18/06/2025,31/05/2025,6389617922,TR003,Turkic,TR,188,48,D,0.9977,"A, D",,NoMatch,D432/01,D
60000003074700003,TELEVID8082_SCANNER19,CY200000325893117294360000003074700003,19/06/2025,07/06/2025,2589311729,CY200,Greek,CY,3,43,C,0.985,"A, C",,NoMatch,D432/01,C
60000003074700003,TELEVID8082_SCANNER19,CY200000325893117294860000003074700003,19/06/2025,07/06/2025,2589311729,CY200,Greek,CY,3,48,C,0.9701,"B, C",,NoMatch,D432/01,C
60000003080400467,TELEVID8085_SCANNER19,CY200003125893117293660000003080400467,19/06/2025,07/06/2025,2589311729,CY200,Greek,CY,31,36,D,0.8462,--blank--,,NoMatch,D432/01,D
60000003123900087,TELEVID8202_SCANNER19,LK095200472771257684360000003123900087,24/06/2025,21/06/2025,7277125768,LK095,Indo-Iranian,LK,2004,43,D,0.8857,"A, D",,NoMatch,D432/01,D
60000003140100331,televid8238_SCANNER19,ES049000372771257684860000003140100331,25/06/2025,21/06/2025,7277125768,ES049,Romance,ES,3,48,C,0.9994,"B, C",,NoMatch,D432/01,D
60000003140600350,televid8233_SCANNER19,ES397305872771257683760000003140600350,25/06/2025,21/06/2025,7277125768,ES397,Romance,ES,3058,37,G,0.9928,"E, G",,NoMatch,D432/01,G
60000003140900490,televid8239_SCANNER19,ES397313072771257684060000003140900490,25/06/2025,21/06/2025,7277125768,ES397,Romance,ES,3130,40,A,0.5781,"A, B",,NoMatch,D432/01,A
60000003141400687,televid8229_SCANNER19,ES383033772771257684060000003141400687,25/06/2025,21/06/2025,7277125768,ES383,Romance,ES,337,40,A,0.6294,"A, B",,NoMatch,D432/01,A
60000003146100490,televid8230_SCANNER19,ES397309672771257684860000003146100490,25/06/2025,21/06/2025,7277125768,ES397,Romance,ES,3096,48,D,0.9977,"A, D",,NoMatch,D432/01,D
60000003146100537,televid8230_SCANNER19,IT001000372771257683660000003146100537,25/06/2025,21/06/2025,7277125768,IT001,Romance,IT,3,36,D,0.798,"A, D",,NoMatch,D432/01,D
60000003146100537,televid8230_SCANNER19,IT001000372771257685260000003146100537,25/06/2025,21/06/2025,7277125768,IT001,Romance,IT,3,52,C,0.8007,"B, C",,NoMatch,D432/01,C
60000003146100540,televid8230_SCANNER19,IT001000672771257684560000003146100540,25/06/2025,21/06/2025,7277125768,IT001,Romance,IT,6,45,E,0.8997,"A, E",,NoMatch,D432/01,A
60000003156700064,televid8291_SCANNER19,ES29903227277125768360000003156700064,26/06/2025,21/06/2025,7277125768,ES299,Romance,ES,322,3,D,0.8307,"B, D",,NoMatch,D432/01,C
60000003156900869,televid8283_SCANNER19,ES391758572771257684860000003156900869,26/06/2025,21/06/2025,7277125768,ES391,Romance,ES,7585,48,A,0.9511,"A, B",,NoMatch,D432/01,D
60000003156900888,televid8283_SCANNER19,ES391760472771257685160000003156900888,26/06/2025,21/06/2025,7277125768,ES391,Romance,ES,7604,51,E,0.9571,"A, E",,NoMatch,D432/01,D
60000003157200212,televid8286_SCANNER19,ES391703572771257683260000003157200212,26/06/2025,21/06/2025,7277125768,ES391,Romance,ES,7035,32,B,0.5263,"A, B",,NoMatch,D432/01,B
60000003157200250,televid8286_SCANNER19,ES391782072771257684560000003157200250,26/06/2025,21/06/2025,7277125768,ES391,Romance,ES,7820,45,A,0.9195,"A, B",,NoMatch,D432/01,A
60000003157200251,televid8286_SCANNER19,ES391782172771257684460000003157200251,26/06/2025,21/06/2025,7277125768,ES391,Romance,ES,7821,44,C,0.9591,"C, E",,NoMatch,D432/01,C
60000003157200251,televid8286_SCANNER19,ES391782172771257684560000003157200251,26/06/2025,21/06/2025,7277125768,ES391,Romance,ES,7821,45,D,0.9915,"A, D",,NoMatch,D432/01,A
60000003157200251,televid8286_SCANNER19,ES391782172771257684760000003157200251,26/06/2025,21/06/2025,7277125768,ES391,Romance,ES,7821,47,E,0.9958,"C, E",,NoMatch,D432/01,A
60000003157200251,televid8286_SCANNER19,ES391782172771257685160000003157200251,26/06/2025,21/06/2025,7277125768,ES391,Romance,ES,7821,51,B,0.9675,"B, C",,NoMatch,D432/01,D
60000003157200273,televid8286_SCANNER19,ES39178437277125768760000003157200273,26/06/2025,21/06/2025,7277125768,ES391,Romance,ES,7843,7,A,0.74,"A, B",,NoMatch,D432/01,C
60000003157800698,televid8275_SCANNER19,PL00610087277125768860000003157800698,26/06/2025,21/06/2025,7277125768,PL006,Slavic,PL,1008,8,B,0.8971,"B, D",,NoMatch,D432/01,B
60000003158100044,televid8278_SCANNER19,ES391705172771257684960000003158100044,26/06/2025,21/06/2025,7277125768,ES391,Romance,ES,7051,49,B,0.9385,"A, B",,NoMatch,D432/01,B
60000003159200498,televid8277_SCANNER19,ES385002472771257684560000003159200498,26/06/2025,21/06/2025,7277125768,ES385,Romance,ES,24,45,D,0.9874,"C, D",,NoMatch,D432/01,A
60000003159200498,televid8277_SCANNER19,ES385002472771257684860000003159200498,26/06/2025,21/06/2025,7277125768,ES385,Romance,ES,24,48,B,0.9983,"B, C",,NoMatch,D432/01,D
60000003159200595,televid8277_SCANNER19,ES29108247277125768660000003159200595,26/06/2025,21/06/2025,7277125768,ES291,Romance,ES,824,6,A,0.846,--blank--,,NoMatch,D432/01,A
60000003160100233,televid8285_SCANNER19,ES44201747277125768460000003160100233,26/06/2025,21/06/2025,7277125768,ES442,Romance,ES,174,4,B,0.5745,--blank--,,NoMatch,D432/01,B
60000003160100357,televid8285_SCANNER19,CZ003100572771257683560000003160100357,26/06/2025,21/06/2025,7277125768,CZ003,Slavic,CZ,1005,35,B,0.6734,"B, C",,NoMatch,D432/01,C
60000003165600295,televid8270_SCANNER19,ES291018872771257684860000003165600295,26/06/2025,21/06/2025,7277125768,ES291,Romance,ES,188,48,B,0.9817,"B, E",,NoMatch,D432/01,D
60000003165600531,televid8270_SCANNER19,ES299055772771257684860000003165600531,26/06/2025,21/06/2025,7277125768,ES299,Romance,ES,557,48,A,0.7972,"A, B",,NoMatch,D432/01,D
60000003165600657,televid8270_SCANNER19,ES29100937277125768160000003165600657,26/06/2025,21/06/2025,7277125768,ES291,Romance,ES,93,1,A,0.9164,"A, C",,NoMatch,D432/01,D
60000003174000371,televid8313_SCANNER19,ES089103872771257684860000003174000371,27/06/2025,21/06/2025,7277125768,ES089,Romance,ES,1038,48,B,0.9119,"B, C",,NoMatch,D432/01,D
60000003174000612,televid8313_SCANNER19,ES089102772771257684460000003174000612,27/06/2025,21/06/2025,7277125768,ES089,Romance,ES,1027,44,C,0.982,"C, D",,NoMatch,D432/01,C
60000003174000612,televid8313_SCANNER19,ES089102772771257685160000003174000612,27/06/2025,21/06/2025,7277125768,ES089,Romance,ES,1027,51,E,0.9931,"B, E",,NoMatch,D432/01,D
60000003175400326,televid6140_SCANNER19,ES33700327277125768460000003175400326,27/06/2025,21/06/2025,7277125768,ES337,Romance,ES,32,4,A,0.6,"A, B",,NoMatch,D432/01,B
60000003178400588,TELEVID6151_SCANNER18,CZ01441067277125768160000003178400588,30/06/2025,21/06/2025,7277125768,CZ014,Slavic,CZ,4106,1,D,0.7817,--impossible--,,NoMatch,D432/01,D
60000003178800211,televid6153_SCANNER19,CZ014400372771257683960000003178800211,30/06/2025,21/06/2025,7277125768,CZ014,Slavic,CZ,4003,39,F,0.9741,"B, F",,NoMatch,D432/01,F
60000003178800211,televid6153_SCANNER19,CZ014400372771257684860000003178800211,30/06/2025,21/06/2025,7277125768,CZ014,Slavic,CZ,4003,48,D,0.9713,"A, D",,NoMatch,D432/01,D
60000003178800221,televid6153_SCANNER19,CZ014401372771257684060000003178800221,30/06/2025,21/06/2025,7277125768,CZ014,Slavic,CZ,4013,40,A,0.5245,"A, B",,NoMatch,D432/01,A
60000003179100097,televid8321_SCANNER19,CZ014300972771257684060000003179100097,30/06/2025,21/06/2025,7277125768,CZ014,Slavic,CZ,3009,40,A,0.8672,"A, B",,NoMatch,D432/01,A
60000003179100097,televid8321_SCANNER19,CZ014300972771257684460000003179100097,30/06/2025,21/06/2025,7277125768,CZ014,Slavic,CZ,3009,44,C,0.6798,"B, C",,NoMatch,D432/01,C
60000003179100097,televid8321_SCANNER19,CZ014300972771257684860000003179100097,30/06/2025,21/06/2025,7277125768,CZ014,Slavic,CZ,3009,48,D,0.9911,"C, D",,NoMatch,D432/01,D
60000003179100097,televid8321_SCANNER19,CZ014300972771257685060000003179100097,30/06/2025,21/06/2025,7277125768,CZ014,Slavic,CZ,3009,50,E,0.4839,"D, E",,NoMatch,D432/01,B
60000003179100097,televid8321_SCANNER19,CZ014300972771257685260000003179100097,30/06/2025,21/06/2025,7277125768,CZ014,Slavic,CZ,3009,52,E,0.9868,"C, E",,NoMatch,D432/01,C
60000003179100098,televid8321_SCANNER19,CZ014301072771257684060000003179100098,30/06/2025,21/06/2025,7277125768,CZ014,Slavic,CZ,3010,40,F,0.9979,"A, F",,NoMatch,D432/01,A
60000003179100335,televid8321_SCANNER19,CZ01460097277125768160000003179100335,30/06/2025,21/06/2025,7277125768,CZ014,Slavic,CZ,6009,1,C,0.847,--blank--,,NoMatch,D432/01,D
60000003179300064,televid6149_SCANNER19,ES330015072771257684960000003179300064,30/06/2025,21/06/2025,7277125768,ES330,Romance,ES,150,49,E,0.9951,"D, E",,NoMatch,D432/01,B
60000003179800513,televid6150_SCANNER19,CZ01461027277125768760000003179800513,30/06/2025,21/06/2025,7277125768,CZ014,Slavic,CZ,6102,7,C,0.8281,--blank--,,NoMatch,D432/01,C
60000003180100243,televid6156_SCANNER19,IT088001372771257685160000003180100243,30/06/2025,21/06/2025,7277125768,IT088,Romance,IT,13,51,D,0.5032,"B, D",,NoMatch,D432/01,D
60000003182200294,TELEVID6167_SCANNER18,ES378000572771257683560000003182200294,30/06/2025,21/06/2025,7277125768,ES378,Romance,ES,5,35,C,0.5795,"C, D",,NoMatch,D432/01,C
60000003182200296,TELEVID6167_SCANNER18,ES37800077277125768160000003182200296,30/06/2025,21/06/2025,7277125768,ES378,Romance,ES,7,1,D,0.5213,--impossible--,,NoMatch,D432/01,D
60000003182200296,TELEVID6167_SCANNER18,ES378000772771257684660000003182200296,30/06/2025,21/06/2025,7277125768,ES378,Romance,ES,7,46,B,0.993,"B, D",,NoMatch,D432/01,E
60000003186400398,televid6184_SCANNER19,IT03000067277125768660000003186400398,01/07/2025,21/06/2025,7277125768,IT030,Romance,IT,6,6,D,0.9945,"A, D",,NoMatch,D432/01,A
60000003188600351,televid6189_SCANNER19,ES81541097277125768360000003188600351,01/07/2025,21/06/2025,7277125768,ES815,Romance,ES,4109,3,A,0.9272,"A, B",,NoMatch,D432/01,C
60000003189400304,televid6182_SCANNER19,ES850562572771257684060000003189400304,01/07/2025,21/06/2025,7277125768,ES850,Romance,ES,5625,40,F,0.9969,"B, F",,NoMatch,D432/01,A
60000003190900112,televid6194_SCANNER19,GE001002572771257683660000003190900112,01/07/2025,21/06/2025,7277125768,GE001,Others,GE,25,36,D,0.9705,"A, D",,NoMatch,D432/01,D
60000003190900528,televid6194_SCANNER19,ES07100837277125768360000003190900528,01/07/2025,21/06/2025,7277125768,ES071,Romance,ES,83,3,B,0.8683,"B, C",,NoMatch,D432/01,C
60000003190900528,televid6194_SCANNER19,ES071008372771257683460000003190900528,01/07/2025,21/06/2025,7277125768,ES071,Romance,ES,83,34,C,0.3952,"B, D",,NoMatch,D432/01,D
60000003190900528,televid6194_SCANNER19,ES071008372771257683760000003190900528,01/07/2025,21/06/2025,7277125768,ES071,Romance,ES,83,37,G,0.9403,"A, G",,NoMatch,D432/01,G
60000003190900528,televid6194_SCANNER19,ES071008372771257683860000003190900528,01/07/2025,21/06/2025,7277125768,ES071,Romance,ES,83,38,E,0.9849,"B, E",,NoMatch,D432/01,E
60000003190900528,televid6194_SCANNER19,ES071008372771257684560000003190900528,01/07/2025,21/06/2025,7277125768,ES071,Romance,ES,83,45,C,0.847,"A, C",,NoMatch,D432/01,A
60000003190900528,televid6194_SCANNER19,ES071008372771257685060000003190900528,01/07/2025,21/06/2025,7277125768,ES071,Romance,ES,83,50,B,0.6471,"B, C",,NoMatch,D432/01,B
60000003193600035,TELEVID6201_SCANNER19,ES439922772771257684560000003193600035,01/07/2025,21/06/2025,7277125768,ES439,Romance,ES,9227,45,D,0.9889,"A, D",,NoMatch,D432/01,A
60000003193900163,TELEVID6197_SCANNER19,IT560400572771257685160000003193900163,01/07/2025,21/06/2025,7277125768,IT560,Romance,IT,4005,51,D,0.6834,"B, D",,NoMatch,D432/01,D
60000003193900173,TELEVID6197_SCANNER19,IT560401572771257684960000003193900173,01/07/2025,21/06/2025,7277125768,IT560,Romance,IT,4015,49,B,0.8707,"A, B",,NoMatch,D432/01,B
60000003193900175,TELEVID6197_SCANNER19,IT560401772771257684860000003193900175,01/07/2025,21/06/2025,7277125768,IT560,Romance,IT,4017,48,C,0.987,"C, E",,NoMatch,D432/01,D
60000003193900186,TELEVID6197_SCANNER19,IT56040287277125768460000003193900186,01/07/2025,21/06/2025,7277125768,IT560,Romance,IT,4028,4,B,0.9793,"B, C",,NoMatch,D432/01,B
60000003193900186,TELEVID6197_SCANNER19,IT56040287277125768560000003193900186,01/07/2025,21/06/2025,7277125768,IT560,Romance,IT,4028,5,D,0.9929,"B, D",,NoMatch,D432/01,D
60000003193900186,TELEVID6197_SCANNER19,IT56040287277125768660000003193900186,01/07/2025,21/06/2025,7277125768,IT560,Romance,IT,4028,6,A,0.9672,"A, D",,NoMatch,D432/01,A
60000003193900186,TELEVID6197_SCANNER19,IT56040287277125768760000003193900186,01/07/2025,21/06/2025,7277125768,IT560,Romance,IT,4028,7,C,0.9749,"A, C",,NoMatch,D432/01,C
60000003193900186,TELEVID6197_SCANNER19,IT560402872771257683760000003193900186,01/07/2025,21/06/2025,7277125768,IT560,Romance,IT,4028,37,G,0.9132,"A, G",,NoMatch,D432/01,G
60000003196400293,TELEVID6209_SCANNER19,ES299047272771257684060000003196400293,02/07/2025,21/06/2025,7277125768,ES299,Romance,ES,472,40,E,0.5798,"C, E",,NoMatch,D432/01,A
60000003197200014,TELEVID6221_SCANNER19,ES30100028571227886360000003197200014,02/07/2025,28/06/2025,8571227886,ES301,Romance,ES,2,3,A,0.8724,"A, B",,NoMatch,D432/01,A
60000003197200140,TELEVID6221_SCANNER19,ES301012885712278864860000003197200140,02/07/2025,28/06/2025,8571227886,ES301,Romance,ES,128,48,A,0.9336,"A, B",,NoMatch,D432/01,D
60000003197200187,TELEVID6221_SCANNER19,ES301017585712278864760000003197200187,02/07/2025,28/06/2025,8571227886,ES301,Romance,ES,175,47,A,0.8376,"A, D",,NoMatch,D432/01,A
60000003197200670,TELEVID6221_SCANNER19,ES397318885712278865160000003197200670,02/07/2025,28/06/2025,8571227886,ES397,Romance,ES,3188,51,C,0.9584,"A, C",,NoMatch,D432/01,A
60000003197500496,TELEVID6220_SCANNER19,IT056004072771257685060000003197500496,02/07/2025,21/06/2025,7277125768,IT056,Romance,IT,40,50,C,0.9774,"B, C",,NoMatch,D432/01,B
60000003199400198,TELEVID6222_SCANNER19,IT056000572771257683460000003199400198,02/07/2025,21/06/2025,7277125768,IT056,Romance,IT,5,34,A,0.8507,"A, B",,NoMatch,D432/01,D
60000003199400275,TELEVID6222_SCANNER19,IT278101085712278864260000003199400275,02/07/2025,28/06/2025,8571227886,IT278,Romance,IT,1010,42,D,0.5823,"D, E",,NoMatch,D432/01,D
60000003199400288,TELEVID6222_SCANNER19,IT278102385712278864960000003199400288,02/07/2025,28/06/2025,8571227886,IT278,Romance,IT,1023,49,B,0.9758,"A, B",,NoMatch,D432/01,C
60000003200000120,TELEVID6229_SCANNER19,ES58900688571227886660000003200000120,02/07/2025,28/06/2025,8571227886,ES589,Romance,ES,68,6,D,0.9952,"A, D",,NoMatch,D432/01,B
60000003200000238,TELEVID6229_SCANNER19,IT70600048571227886360000003200000238,02/07/2025,28/06/2025,8571227886,IT706,Romance,IT,4,3,A,0.7829,"A, B",,NoMatch,D432/01,A
60000003200000268,TELEVID6229_SCANNER19,ES43000058571227886260000003200000268,02/07/2025,28/06/2025,8571227886,ES430,Romance,ES,5,2,C,0.7831,--blank--,,NoMatch,D432/01,C
60000003200000268,TELEVID6229_SCANNER19,ES43000058571227886760000003200000268,02/07/2025,28/06/2025,8571227886,ES430,Romance,ES,5,7,D,0.5876,--impossible--,,NoMatch,D432/01,D
60000003200300276,TELEVID6230_SCANNER19,IT11200228571227886360000003200300276,02/07/2025,28/06/2025,8571227886,IT112,Romance,IT,22,3,A,0.985,"A, B",,NoMatch,D432/01,A
60000003200300282,TELEVID6230_SCANNER19,IT11200288571227886760000003200300282,02/07/2025,28/06/2025,8571227886,IT112,Romance,IT,28,7,D,0.4964,--impossible--,,NoMatch,D432/01,D
60000003200300548,TELEVID6230_SCANNER19,IT304000372771257684060000003200300548,02/07/2025,21/06/2025,7277125768,IT304,Romance,IT,3,40,F,0.992,"A, F",,NoMatch,D432/01,A
60000003200300548,TELEVID6230_SCANNER19,IT304000372771257684460000003200300548,02/07/2025,21/06/2025,7277125768,IT304,Romance,IT,3,44,D,0.9182,"D, E",,NoMatch,D432/01,C
60000003200300548,TELEVID6230_SCANNER19,IT304000372771257684560000003200300548,02/07/2025,21/06/2025,7277125768,IT304,Romance,IT,3,45,C,0.8746,"A, C",,NoMatch,D432/01,A
60000003200500510,TELEVID6216_SCANNER19,ES07201468571227886660000003200500510,02/07/2025,28/06/2025,8571227886,ES072,Romance,ES,146,6,B,0.944,"B, D",,NoMatch,D432/01,B
60000003202600500,TELEVID6217_SCANNER19,IT432001672771257684860000003202600500,02/07/2025,21/06/2025,7277125768,IT432,Romance,IT,16,48,D,0.8149,"B, D",,NoMatch,D432/01,D
60000003204600027,TELEVID6225_SCANNER19,IT706000985712278864860000003204600027,02/07/2025,28/06/2025,8571227886,IT706,Romance,IT,9,48,A,0.9814,"A, B",,NoMatch,D432/01,D
60000003205600325,TELEVID6266_SCANNER19,ES434000885712278865060000003205600325,03/07/2025,28/06/2025,8571227886,ES434,Romance,ES,8,50,E,0.6486,"B, E",,NoMatch,D432/01,B
60000003205800014,televid6269_SCANNER19,ES04900718571227886360000003205800014,03/07/2025,28/06/2025,8571227886,ES049,Romance,ES,71,3,D,0.9726,"A, D",,NoMatch,D432/01,A
60000003205800545,televid6269_SCANNER19,IT34800078571227886760000003205800545,03/07/2025,28/06/2025,8571227886,IT348,Romance,IT,7,7,D,0.9959,"A, D",,NoMatch,D432/01,D
60000003205800549,televid6269_SCANNER19,IT348001185712278864060000003205800549,03/07/2025,28/06/2025,8571227886,IT348,Romance,IT,11,40,F,0.9561,"A, F",,NoMatch,D432/01,A
60000003211200243,televid6249_SCANNER19,IT313000885712278864860000003211200243,04/07/2025,28/06/2025,8571227886,IT313,Romance,IT,8,48,C,0.5187,--blank--,,NoMatch,D432/01,D
60000003212000679,televid6273_SCANNER19,ES385005685712278864860000003212000679,04/07/2025,28/06/2025,8571227886,ES385,Romance,ES,56,48,B,0.6995,"B, C",,NoMatch,D432/01,D
60000003216000692,TELEVID6276_SCANNER18,ES396004072771257684860000003216000692,04/07/2025,21/06/2025,7277125768,ES396,Romance,ES,40,48,B,0.9995,"B, C",,NoMatch,D432/01,D
60000003216800515,TELEVID6271_SCANNER18,IT42100418571227886360000003216800515,04/07/2025,28/06/2025,8571227886,IT421,Romance,IT,41,3,D,0.7914,--impossible--,,NoMatch,D432/01,A
60000003216800519,TELEVID6271_SCANNER18,IT421004585712278864360000003216800519,04/07/2025,28/06/2025,8571227886,IT421,Romance,IT,45,43,D,0.8955,"A, D",,NoMatch,D432/01,D
60000003216800539,TELEVID6271_SCANNER18,IT42100658571227886260000003216800539,04/07/2025,28/06/2025,8571227886,IT421,Romance,IT,65,2,D,0.9655,"A, D",,NoMatch,D432/01,C
60000003216800554,TELEVID6271_SCANNER18,IT421008085712278864560000003216800554,04/07/2025,28/06/2025,8571227886,IT421,Romance,IT,80,45,D,0.9435,"C, D",,NoMatch,D432/01,D
60000003216800567,TELEVID6271_SCANNER18,IT42100938571227886760000003216800567,04/07/2025,28/06/2025,8571227886,IT421,Romance,IT,93,7,D,0.5728,--impossible--,,NoMatch,D432/01,D
60000003216800573,TELEVID6271_SCANNER18,IT421009985712278864460000003216800573,04/07/2025,28/06/2025,8571227886,IT421,Romance,IT,99,44,D,0.9761,"A, D",,NoMatch,D432/01,A
60000003221400202,TELEVID6291_SCANNER19,ES393002685712278863460000003221400202,07/07/2025,28/06/2025,8571227886,ES393,Romance,ES,26,34,B,0.805,--blank--,,NoMatch,D432/01,B
60000003221900037,TELEVID6294_SCANNER19,ES09501167277125768360000003221900037,07/07/2025,21/06/2025,7277125768,ES095,Romance,ES,116,3,B,0.8475,"B, C",,NoMatch,D432/01,C
60000003221900193,TELEVID6294_SCANNER19,ES095003072771257685060000003221900193,07/07/2025,21/06/2025,7277125768,ES095,Romance,ES,30,50,D,0.9871,"C, D",,NoMatch,D432/01,B
60000003221900212,TELEVID6294_SCANNER19,ES095004972771257684660000003221900212,07/07/2025,21/06/2025,7277125768,ES095,Romance,ES,49,46,E,0.7614,"D, E",,NoMatch,D432/01,E
60000003223100570,TELEVID6309_SCANNER19,IT844001185712278863660000003223100570,07/07/2025,28/06/2025,8571227886,IT844,Romance,IT,11,36,D,0.5371,"C, D",,NoMatch,D432/01,D
60000003223500579,TELEVID6299_SCANNER19,IT421014385712278864060000003223500579,07/07/2025,28/06/2025,8571227886,IT421,Romance,IT,143,40,A,0.5297,"A, B",,NoMatch,D432/01,A
60000003223500792,TELEVID6299_SCANNER19,IT42100068571227886760000003223500792,07/07/2025,28/06/2025,8571227886,IT421,Romance,IT,6,7,D,0.7649,--impossible--,,NoMatch,D432/01,D
60000003223800120,TELEVID6298_SCANNER19,IT42101538571227886760000003223800120,07/07/2025,28/06/2025,8571227886,IT421,Romance,IT,153,7,D,0.8224,--impossible--,,NoMatch,D432/01,D
60000003224400098,televid6297_SCANNER19,IT692001172771257684860000003224400098,07/07/2025,21/06/2025,7277125768,IT692,Romance,IT,11,48,D,0.9988,"B, D",,NoMatch,D432/01,D
300003694300416,TELEVID4889_SCANNER12,CH001140255357134432300003694300416,06/03/2025,01/03/2025,5535713443,CH001,Germanic,CH,1402,2,A,0.7188,"A, B",,NoMatch,D441/01,A
300003694300416,TELEVID4889_SCANNER12,CH0011402553571344344300003694300416,06/03/2025,01/03/2025,5535713443,CH001,Germanic,CH,1402,44,C,0.8043,"A, C",,NoMatch,D441/01,A
300003694300417,TELEVID4889_SCANNER12,CH0011403553571344339300003694300417,06/03/2025,01/03/2025,5535713443,CH001,Germanic,CH,1403,39,A,0.995,"A, F",,NoMatch,D441/01,A
300003694300426,TELEVID4889_SCANNER12,CH0011412553571344336300003694300426,06/03/2025,01/03/2025,5535713443,CH001,Germanic,CH,1412,36,B,0.9966,"B, C",,NoMatch,D441/01,C
300003694700401,TELEVID4892_SCANNER12,CZ0018003553571344334300003694700401,06/03/2025,01/03/2025,5535713443,CZ001,Slavic,CZ,8003,34,B,0.9896,"B, C",,NoMatch,D441/01,B
300003694700402,TELEVID4892_SCANNER12,CZ0018004553571344334300003694700402,06/03/2025,01/03/2025,5535713443,CZ001,Slavic,CZ,8004,34,B,0.8245,"B, C",,NoMatch,D441/01,B
300003694700405,TELEVID4892_SCANNER12,CZ0018007553571344334300003694700405,06/03/2025,01/03/2025,5535713443,CZ001,Slavic,CZ,8007,34,B,0.879,"B, C",,NoMatch,D441/01,B
300003694700408,TELEVID4892_SCANNER12,CZ0018010553571344348300003694700408,06/03/2025,01/03/2025,5535713443,CZ001,Slavic,CZ,8010,48,C,0.6846,--blank--,,NoMatch,D441/01,D
300003949000622,TELEVID5363_SCANNER13,CH0550003731192399744300003949000622,15/05/2025,10/05/2025,7311923997,CH055,Germanic,CH,3,44,D,0.9509,"B, D",,NoMatch,D441/01,D
300003949000622,TELEVID5363_SCANNER13,CH0550003731192399745300003949000622,15/05/2025,10/05/2025,7311923997,CH055,Germanic,CH,3,45,D,0.994,"B, D",,NoMatch,D441/01,D
300003972700005,TELEVID5400_SCANNER13,DE3210002731192399732300003972700005,16/05/2025,10/05/2025,7311923997,DE321,Germanic,DE,2,32,A,0.5203,"A, D",,NoMatch,D441/01,A
300004029500097,TELEVID5466_SCANNER12,CH0085005731192399751300004029500097,21/05/2025,10/05/2025,7311923997,CH008,Germanic,CH,5005,51,B,0.9995,"B, C",,NoMatch,D441/01,B
300004029500098,TELEVID5466_SCANNER12,CH0085006731192399751300004029500098,21/05/2025,10/05/2025,7311923997,CH008,Germanic,CH,5006,51,B,0.9861,"B, C",,NoMatch,D441/01,B
300004029500099,TELEVID5466_SCANNER12,CH008500773119239972300004029500099,21/05/2025,10/05/2025,7311923997,CH008,Germanic,CH,5007,2,A,0.795,"A, B",,NoMatch,D441/01,A
300004029500101,TELEVID5466_SCANNER12,CH0085009731192399736300004029500101,21/05/2025,10/05/2025,7311923997,CH008,Germanic,CH,5009,36,B,0.9557,"C, D",,NoMatch,D441/01,C
300004029500102,TELEVID5466_SCANNER12,CH008501073119239976300004029500102,21/05/2025,10/05/2025,7311923997,CH008,Germanic,CH,5010,6,D,0.4627,--impossible--,,NoMatch,D441/01,D
300004029500103,TELEVID5466_SCANNER12,CH0085011731192399744300004029500103,21/05/2025,10/05/2025,7311923997,CH008,Germanic,CH,5011,44,A,0.6467,"A, B",,NoMatch,D441/01,D
300004029500106,TELEVID5466_SCANNER12,CH008501473119239972300004029500106,21/05/2025,10/05/2025,7311923997,CH008,Germanic,CH,5014,2,A,0.8044,"A, B",,NoMatch,D441/01,A
300004029500112,TELEVID5466_SCANNER12,CH0085020731192399734300004029500112,21/05/2025,10/05/2025,7311923997,CH008,Germanic,CH,5020,34,B,0.6331,"B, C",,NoMatch,D441/01,A
300004029500377,TELEVID5466_SCANNER12,CH0595304731192399735300004029500377,21/05/2025,10/05/2025,7311923997,CH059,Germanic,CH,5304,35,D,0.7784,"A, D",,NoMatch,D441/01,D
300004029500377,TELEVID5466_SCANNER12,CH0595304731192399738300004029500377,21/05/2025,10/05/2025,7311923997,CH059,Germanic,CH,5304,38,C,0.6838,"A, C",,NoMatch,D441/01,C
300004029500381,TELEVID5466_SCANNER12,CH0595308731192399751300004029500381,21/05/2025,10/05/2025,7311923997,CH059,Germanic,CH,5308,51,B,0.6538,"B, C",,NoMatch,D441/01,B
300004029500382,TELEVID5466_SCANNER12,CH0595309731192399736300004029500382,21/05/2025,10/05/2025,7311923997,CH059,Germanic,CH,5309,36,B,0.6991,"B, C",,NoMatch,D441/01,C
300004048600013,TELEVID5480_SCANNER12,CH1880003236079224334300004048600013,22/05/2025,17/05/2025,2360792243,CH188,Germanic,CH,3,34,B,0.6554,"B, C",,NoMatch,D441/01,B
300004048600167,TELEVID5480_SCANNER12,GR1180007236079224345300004048600167,22/05/2025,17/05/2025,2360792243,GR118,Greek,GR,7,45,A,0.6543,"A, B",,NoMatch,D441/01,A
300004048600282,TELEVID5480_SCANNER12,GR1188736236079224341300004048600282,22/05/2025,17/05/2025,2360792243,GR118,Greek,GR,8736,41,C,0.9754,"A, C",,NoMatch,D441/01,F
300004048600285,TELEVID5480_SCANNER12,GR1188739236079224345300004048600285,22/05/2025,17/05/2025,2360792243,GR118,Greek,GR,8739,45,A,0.5509,"A, B",,NoMatch,D441/01,A
300004048600316,TELEVID5480_SCANNER12,GR1188770236079224334300004048600316,22/05/2025,17/05/2025,2360792243,GR118,Greek,GR,8770,34,B,0.6781,"B, C",,NoMatch,D441/01,B
300004048600332,TELEVID5480_SCANNER12,GR118811023607922438300004048600332,22/05/2025,17/05/2025,2360792243,GR118,Greek,GR,8110,8,D,0.9696,"C, D",,NoMatch,D441/01,D
300004048600332,TELEVID5480_SCANNER12,GR1188110236079224338300004048600332,22/05/2025,17/05/2025,2360792243,GR118,Greek,GR,8110,38,E,0.9858,"A, E",,NoMatch,D441/01,G
300004048600407,TELEVID5480_SCANNER12,GR1188073236079224351300004048600407,22/05/2025,17/05/2025,2360792243,GR118,Greek,GR,8073,51,B,0.9926,"B, C",,NoMatch,D441/01,B
300004048600824,TELEVID5480_SCANNER12,GR118871023607922433300004048600824,22/05/2025,17/05/2025,2360792243,GR118,Greek,GR,8710,3,A,0.7392,"A, B",,NoMatch,D441/01,A
300004048600841,TELEVID5480_SCANNER12,GR1188727236079224351300004048600841,22/05/2025,17/05/2025,2360792243,GR118,Greek,GR,8727,51,B,0.9821,"B, C",,NoMatch,D441/01,B
300004064000619,TELEVID5514_SCANNER12,GR1188630236079224331300004064000619,23/05/2025,17/05/2025,2360792243,GR118,Greek,GR,8630,31,B,0.877,"B, C",,NoMatch,D441/01,C
300004067700537,TELEVID5511_SCANNER13,GR1188833236079224345300004067700537,23/05/2025,17/05/2025,2360792243,GR118,Greek,GR,8833,45,A,0.993,"A, D",,NoMatch,D441/01,A
300004067700537,TELEVID5511_SCANNER13,GR1188833236079224351300004067700537,23/05/2025,17/05/2025,2360792243,GR118,Greek,GR,8833,51,B,0.9998,"B, C",,NoMatch,D441/01,B
300004067700727,TELEVID5511_SCANNER13,GR1188675236079224351300004067700727,23/05/2025,17/05/2025,2360792243,GR118,Greek,GR,8675,51,B,0.9626,"B, C",,NoMatch,D441/01,B
300004067700736,TELEVID5511_SCANNER13,GR1188684236079224351300004067700736,23/05/2025,17/05/2025,2360792243,GR118,Greek,GR,8684,51,B,0.9987,"B, C",,NoMatch,D441/01,B
300004067700748,TELEVID5511_SCANNER13,GR118869623607922434300004067700748,23/05/2025,17/05/2025,2360792243,GR118,Greek,GR,8696,4,A,0.9317,"A, B",,NoMatch,D441/01,B
300004067700748,TELEVID5511_SCANNER13,GR1188696236079224333300004067700748,23/05/2025,17/05/2025,2360792243,GR118,Greek,GR,8696,33,D,0.9821,"C, D",,NoMatch,D441/01,C
300004067700748,TELEVID5511_SCANNER13,GR1188696236079224351300004067700748,23/05/2025,17/05/2025,2360792243,GR118,Greek,GR,8696,51,B,0.9995,"B, C",,NoMatch,D441/01,B
300004067700812,TELEVID5511_SCANNER13,GR1188458236079224341300004067700812,23/05/2025,17/05/2025,2360792243,GR118,Greek,GR,8458,41,F,0.9977,"C, F",,NoMatch,D441/01,F
300004067700820,TELEVID5511_SCANNER13,GR1188466236079224341300004067700820,23/05/2025,17/05/2025,2360792243,GR118,Greek,GR,8466,41,B,0.9999,"B, C",,NoMatch,D441/01,F
300004075000019,TELEVID5516_SCANNER13,GR1188773236079224350300004075000019,23/05/2025,17/05/2025,2360792243,GR118,Greek,GR,8773,50,E,0.714,"B, E",,NoMatch,D441/01,A
300004075000073,TELEVID5516_SCANNER13,GR1188627236079224351300004075000073,23/05/2025,17/05/2025,2360792243,GR118,Greek,GR,8627,51,B,0.9393,"B, C",,NoMatch,D441/01,B
300004075000074,TELEVID5516_SCANNER13,GR1188628236079224344300004075000074,23/05/2025,17/05/2025,2360792243,GR118,Greek,GR,8628,44,E,0.83,--blank--,,NoMatch,D441/01,D
300004075000798,TELEVID5516_SCANNER13,GR1188786236079224345300004075000798,23/05/2025,17/05/2025,2360792243,GR118,Greek,GR,8786,45,A,0.6856,"A, B",,NoMatch,D441/01,A
300004128300324,TELEVID5554_SCANNER12,GR0268081236079224333300004128300324,27/05/2025,17/05/2025,2360792243,GR026,Greek,GR,8081,33,A,0.7768,"A, B",,NoMatch,D441/01,C
300004128300352,TELEVID5554_SCANNER12,GR0268109236079224345300004128300352,27/05/2025,17/05/2025,2360792243,GR026,Greek,GR,8109,45,A,0.6859,"A, B",,NoMatch,D441/01,A
300004128300355,TELEVID5554_SCANNER12,GR0268112236079224334300004128300355,27/05/2025,17/05/2025,2360792243,GR026,Greek,GR,8112,34,D,0.5482,--blank--,,NoMatch,D441/01,B
300004128300355,TELEVID5554_SCANNER12,GR0268112236079224341300004128300355,27/05/2025,17/05/2025,2360792243,GR026,Greek,GR,8112,41,B,0.9999,"B, C",,NoMatch,D441/01,F
300004128900131,TELEVID5551_SCANNER13,GR005800423607922437300004128900131,27/05/2025,17/05/2025,2360792243,GR005,Greek,GR,8004,7,C,0.5117,--blank--,,NoMatch,D441/01,C
300004128900141,TELEVID5551_SCANNER13,GR0058014236079224345300004128900141,27/05/2025,17/05/2025,2360792243,GR005,Greek,GR,8014,45,A,0.7409,"A, B",,NoMatch,D441/01,A
300004128900144,TELEVID5551_SCANNER13,GR0058017236079224334300004128900144,27/05/2025,17/05/2025,2360792243,GR005,Greek,GR,8017,34,D,0.5818,--blank--,,NoMatch,D441/01,B
300004128900836,TELEVID5551_SCANNER13,GR0058108236079224345300004128900836,27/05/2025,17/05/2025,2360792243,GR005,Greek,GR,8108,45,A,0.7583,"A, B",,NoMatch,D441/01,A
300004128900844,TELEVID5551_SCANNER13,GR005811623607922436300004128900844,27/05/2025,17/05/2025,2360792243,GR005,Greek,GR,8116,6,D,0.8588,"A, D",,NoMatch,D441/01,A
300004128900844,TELEVID5551_SCANNER13,GR0058116236079224334300004128900844,27/05/2025,17/05/2025,2360792243,GR005,Greek,GR,8116,34,B,0.4894,"B, C",,NoMatch,D441/01,B
300004128900909,TELEVID5551_SCANNER13,GR0058181236079224353300004128900909,27/05/2025,17/05/2025,2360792243,GR005,Greek,GR,8181,53,D,0.6044,--blank--,,NoMatch,D441/01,B
300004129400313,TELEVID5557_SCANNER13,GR0058452236079224342300004129400313,27/05/2025,17/05/2025,2360792243,GR005,Greek,GR,8452,42,B,0.9342,"B, C",,NoMatch,D441/01,A
300004129400364,TELEVID5557_SCANNER13,GR005856623607922433300004129400364,27/05/2025,17/05/2025,2360792243,GR005,Greek,GR,8566,3,A,0.9274,"A, B",,NoMatch,D441/01,A
300004129400380,TELEVID5557_SCANNER13,GR0058582236079224336300004129400380,27/05/2025,17/05/2025,2360792243,GR005,Greek,GR,8582,36,D,0.7937,--blank--,,NoMatch,D441/01,D
300004129400380,TELEVID5557_SCANNER13,GR0058582236079224350300004129400380,27/05/2025,17/05/2025,2360792243,GR005,Greek,GR,8582,50,D,0.8391,"B, D",,NoMatch,D441/01,A
300004129400389,TELEVID5557_SCANNER13,GR005859123607922438300004129400389,27/05/2025,17/05/2025,2360792243,GR005,Greek,GR,8591,8,B,0.6555,"B, C",,NoMatch,D441/01,D
300004129400389,TELEVID5557_SCANNER13,GR0058591236079224351300004129400389,27/05/2025,17/05/2025,2360792243,GR005,Greek,GR,8591,51,B,0.9725,"B, C",,NoMatch,D441/01,B
300004129400748,TELEVID5557_SCANNER13,GR005860223607922436300004129400748,27/05/2025,17/05/2025,2360792243,GR005,Greek,GR,8602,6,A,0.822,"A, B",,NoMatch,D441/01,A
300004136200489,TELEVID5555_SCANNER13,GR0058345236079224351300004136200489,27/05/2025,17/05/2025,2360792243,GR005,Greek,GR,8345,51,B,0.9989,"B, C",,NoMatch,D441/01,B
300004136200542,TELEVID5555_SCANNER13,GR0358284236079224352300004136200542,27/05/2025,17/05/2025,2360792243,GR035,Greek,GR,8284,52,A,0.5018,"A, D",,NoMatch,D441/01,E
300004136200597,TELEVID5555_SCANNER13,GR0268062236079224352300004136200597,27/05/2025,17/05/2025,2360792243,GR026,Greek,GR,8062,52,B,0.6693,"B, E",,NoMatch,D441/01,E
300004136200736,TELEVID5555_SCANNER13,GR0358271236079224335300004136200736,27/05/2025,17/05/2025,2360792243,GR035,Greek,GR,8271,35,A,0.7354,"A, B",,NoMatch,D441/01,A
300004214301008,TELEVID5562_1_SCANNER12,GR035813223607922432300004214301008,02/06/2025,17/05/2025,2360792243,GR035,Greek,GR,8132,2,D,0.5035,"A, D",,NoMatch,D441/01,D
300004214301010,TELEVID5562_1_SCANNER12,GR0358134236079224336300004214301010,02/06/2025,17/05/2025,2360792243,GR035,Greek,GR,8134,36,D,0.7767,--blank--,,NoMatch,D441/01,D
300004214301013,TELEVID5562_1_SCANNER12,GR0358137236079224340300004214301013,02/06/2025,17/05/2025,2360792243,GR035,Greek,GR,8137,40,F,0.999,"D, F",,NoMatch,D441/01,D
300004214301034,TELEVID5562_1_SCANNER12,GR0058367236079224337300004214301034,02/06/2025,17/05/2025,2360792243,GR005,Greek,GR,8367,37,H,0.9822,"G, H",,NoMatch,D441/01,H
300004214301035,TELEVID5562_1_SCANNER12,GR0058368236079224343300004214301035,02/06/2025,17/05/2025,2360792243,GR005,Greek,GR,8368,43,B,0.9936,"B, F",,NoMatch,D441/01,B
300004214301046,TELEVID5562_1_SCANNER12,GR0058379236079224338300004214301046,02/06/2025,17/05/2025,2360792243,GR005,Greek,GR,8379,38,G,0.5332,"A, G",,NoMatch,D441/01,G
300004214301059,TELEVID5562_1_SCANNER12,GR0058392236079224351300004214301059,02/06/2025,17/05/2025,2360792243,GR005,Greek,GR,8392,51,B,0.9998,"B, C",,NoMatch,D441/01,B
300004214301064,TELEVID5562_1_SCANNER12,GR0058397236079224332300004214301064,02/06/2025,17/05/2025,2360792243,GR005,Greek,GR,8397,32,A,0.7098,"A, B",,NoMatch,D441/01,D
300004384200098,TELEVID5975_SCANNER12,PL0078027917008863644300004384200098,12/06/2025,07/06/2025,9170088636,PL007,Slavic,PL,8027,44,A,0.6026,"A, B",,NoMatch,D441/01,D
300004384200098,TELEVID5975_SCANNER12,PL0078027917008863652300004384200098,12/06/2025,07/06/2025,9170088636,PL007,Slavic,PL,8027,52,D,0.9968,"B, D",,NoMatch,D441/01,D
300004384300747,TELEVID5950_SCANNER12,BG001003691700886361300004384300747,12/06/2025,07/06/2025,9170088636,BG001,Slavic,BG,36,1,B,0.9376,"B, D",,NoMatch,D441/01,C
300004384300747,TELEVID5950_SCANNER12,BG0010036917008863636300004384300747,12/06/2025,07/06/2025,9170088636,BG001,Slavic,BG,36,36,B,0.893,"B, C",,NoMatch,D441/01,D
300004384300754,TELEVID5950_SCANNER12,BG0010043917008863635300004384300754,12/06/2025,07/06/2025,9170088636,BG001,Slavic,BG,43,35,A,0.8776,"A, B",,NoMatch,D441/01,A
300004386200742,TELEVID5985_SCANNER12,ES4830004917008863634300004386200742,12/06/2025,07/06/2025,9170088636,ES483,Romance,ES,4,34,B,0.9528,"B, C",,NoMatch,D441/01,D
300004387100249,TELEVID5981_SCANNER12,IT8880004917008863632300004387100249,12/06/2025,07/06/2025,9170088636,IT888,Romance,IT,4,32,B,0.7518,"B, C",,NoMatch,D441/01,B
300004387100250,TELEVID5981_SCANNER12,IT8880005917008863641300004387100250,12/06/2025,07/06/2025,9170088636,IT888,Romance,IT,5,41,B,0.7655,"B, C",,NoMatch,D441/01,B
300004387100251,TELEVID5981_SCANNER12,IT8880006917008863635300004387100251,12/06/2025,07/06/2025,9170088636,IT888,Romance,IT,6,35,A,0.808,"A, B",,NoMatch,D441/01,A
300004387100254,TELEVID5981_SCANNER12,IT8880009917008863633300004387100254,12/06/2025,07/06/2025,9170088636,IT888,Romance,IT,9,33,A,0.6498,"A, B",,NoMatch,D441/01,B
300004387100255,TELEVID5981_SCANNER12,IT8880010917008863638300004387100255,12/06/2025,07/06/2025,9170088636,IT888,Romance,IT,10,38,H,0.9961,"A, H",,NoMatch,D441/01,A
300004388500150,TELEVID5979_SCANNER12,IT0070001917008863641300004388500150,12/06/2025,07/06/2025,9170088636,IT007,Romance,IT,1,41,B,0.9615,"B, C",,NoMatch,D441/01,B
300004388500151,TELEVID5979_SCANNER12,IT0070002917008863635300004388500151,12/06/2025,07/06/2025,9170088636,IT007,Romance,IT,2,35,A,0.9083,"A, B",,NoMatch,D441/01,A
300004388500155,TELEVID5979_SCANNER12,IT0070006917008863641300004388500155,12/06/2025,07/06/2025,9170088636,IT007,Romance,IT,6,41,B,0.9999,"B, C",,NoMatch,D441/01,B
300004388500156,TELEVID5979_SCANNER12,IT0070007917008863635300004388500156,12/06/2025,07/06/2025,9170088636,IT007,Romance,IT,7,35,A,0.5909,"A, B",,NoMatch,D441/01,A
300004388500156,TELEVID5979_SCANNER12,IT0070007917008863641300004388500156,12/06/2025,07/06/2025,9170088636,IT007,Romance,IT,7,41,B,0.9978,"B, C",,NoMatch,D441/01,B
300004388500161,TELEVID5979_SCANNER12,IT0070012917008863632300004388500161,12/06/2025,07/06/2025,9170088636,IT007,Romance,IT,12,32,B,0.9788,"B, C",,NoMatch,D441/01,B
300004388500165,TELEVID5979_SCANNER12,IT0070016917008863632300004388500165,12/06/2025,07/06/2025,9170088636,IT007,Romance,IT,16,32,B,0.9311,"C, D",,NoMatch,D441/01,B
300004388500170,TELEVID5979_SCANNER12,IT0070021917008863641300004388500170,12/06/2025,07/06/2025,9170088636,IT007,Romance,IT,21,41,B,0.9996,"B, C",,NoMatch,D441/01,B
300004388700130,TELEVID5974_SCANNER12,ES3760006917008863631300004388700130,12/06/2025,07/06/2025,9170088636,ES376,Romance,ES,6,31,D,0.721,--blank--,,NoMatch,D441/01,D
300004388700132,TELEVID5974_SCANNER12,ES3760008917008863632300004388700132,12/06/2025,07/06/2025,9170088636,ES376,Romance,ES,8,32,B,0.9393,"B, C",,NoMatch,D441/01,B
300004388700136,TELEVID5974_SCANNER12,ES3760012917008863641300004388700136,12/06/2025,07/06/2025,9170088636,ES376,Romance,ES,12,41,B,0.9999,"B, C",,NoMatch,D441/01,B
300004388700194,TELEVID5974_SCANNER12,PL0078002917008863636300004388700194,12/06/2025,07/06/2025,9170088636,PL007,Slavic,PL,8002,36,D,0.5007,--blank--,,NoMatch,D441/01,D
300004388700196,TELEVID5974_SCANNER12,PL0078004917008863641300004388700196,12/06/2025,07/06/2025,9170088636,PL007,Slavic,PL,8004,41,B,0.9795,"B, C",,NoMatch,D441/01,B
300004388700198,TELEVID5974_SCANNER12,PL0078006917008863641300004388700198,12/06/2025,07/06/2025,9170088636,PL007,Slavic,PL,8006,41,B,0.9936,"B, C",,NoMatch,D441/01,B
300004388700201,TELEVID5974_SCANNER12,PL0078009917008863636300004388700201,12/06/2025,07/06/2025,9170088636,PL007,Slavic,PL,8009,36,D,0.6287,--blank--,,NoMatch,D441/01,D
300004388700209,TELEVID5974_SCANNER12,PL0078017917008863632300004388700209,12/06/2025,07/06/2025,9170088636,PL007,Slavic,PL,8017,32,B,0.9163,"B, C",,NoMatch,D441/01,B
300004388700209,TELEVID5974_SCANNER12,PL0078017917008863641300004388700209,12/06/2025,07/06/2025,9170088636,PL007,Slavic,PL,8017,41,B,0.852,"B, C",,NoMatch,D441/01,B
300004388700214,TELEVID5974_SCANNER12,PL0078022917008863632300004388700214,12/06/2025,07/06/2025,9170088636,PL007,Slavic,PL,8022,32,B,0.9825,"B, C",,NoMatch,D441/01,B
300004389200568,TELEVID5984_SCANNER12,ES9960002917008863641300004389200568,12/06/2025,07/06/2025,9170088636,ES996,Romance,ES,2,41,B,0.9993,"B, C",,NoMatch,D441/01,B
300004389200574,TELEVID5984_SCANNER12,ES9960008917008863641300004389200574,12/06/2025,07/06/2025,9170088636,ES996,Romance,ES,8,41,B,0.9893,"B, C",,NoMatch,D441/01,B
300004389200575,TELEVID5984_SCANNER12,ES9960009917008863631300004389200575,12/06/2025,07/06/2025,9170088636,ES996,Romance,ES,9,31,D,0.4456,--blank--,,NoMatch,D441/01,D
300004392200063,televid6010_SCANNER13,GR1188430917008863641300004392200063,12/06/2025,07/06/2025,9170088636,GR118,Greek,GR,8430,41,B,0.9999,"B, C",,NoMatch,D441/01,B
300004392200099,televid6010_SCANNER13,GR1188234917008863641300004392200099,12/06/2025,07/06/2025,9170088636,GR118,Greek,GR,8234,41,B,0.995,"B, C",,NoMatch,D441/01,B
300004392200115,televid6010_SCANNER13,GR1188250917008863633300004392200115,12/06/2025,07/06/2025,9170088636,GR118,Greek,GR,8250,33,A,0.91,"A, B",,NoMatch,D441/01,B
300004392200124,televid6010_SCANNER13,GR1180006917008863646300004392200124,12/06/2025,07/06/2025,9170088636,GR118,Greek,GR,6,46,A,0.8659,"A, B",,NoMatch,D441/01,A
300004392200131,televid6010_SCANNER13,GR1180013917008863645300004392200131,12/06/2025,07/06/2025,9170088636,GR118,Greek,GR,13,45,C,0.7538,"C, D",,NoMatch,D441/01,C
300004392200233,televid6010_SCANNER13,GR1188005917008863637300004392200233,12/06/2025,07/06/2025,9170088636,GR118,Greek,GR,8005,37,H,0.9814,"D, H",,NoMatch,D441/01,H
300004392200290,televid6010_SCANNER13,GR1188333917008863632300004392200290,12/06/2025,07/06/2025,9170088636,GR118,Greek,GR,8333,32,A,0.6459,"A, B",,NoMatch,D441/01,B
300004392200364,televid6010_SCANNER13,CZ0018001917008863636300004392200364,12/06/2025,07/06/2025,9170088636,CZ001,Slavic,CZ,8001,36,D,0.6796,--blank--,,NoMatch,D441/01,D
300004392200694,televid6010_SCANNER13,GR1188165917008863638300004392200694,12/06/2025,07/06/2025,9170088636,GR118,Greek,GR,8165,38,H,0.5551,"A, H",,NoMatch,D441/01,A
300004392200717,televid6010_SCANNER13,GR1188188917008863648300004392200717,12/06/2025,07/06/2025,9170088636,GR118,Greek,GR,8188,48,C,0.7027,--blank--,,NoMatch,D441/01,D
300004392300315,TELEVID6002_SCANNER12,DE299892991700886362300004392300315,12/06/2025,07/06/2025,9170088636,DE299,Germanic,DE,8929,2,B,0.8525,"B, D",,NoMatch,D441/01,B
300004392300315,TELEVID6002_SCANNER12,DE2998929917008863649300004392300315,12/06/2025,07/06/2025,9170088636,DE299,Germanic,DE,8929,49,D,0.9987,"A, D",,NoMatch,D441/01,A
300004392300315,TELEVID6002_SCANNER12,DE2998929917008863653300004392300315,12/06/2025,07/06/2025,9170088636,DE299,Germanic,DE,8929,53,B,0.9413,"B, C",,NoMatch,D441/01,C
300004392300321,TELEVID6002_SCANNER12,DE2998935917008863641300004392300321,12/06/2025,07/06/2025,9170088636,DE299,Germanic,DE,8935,41,B,0.9981,"B, C",,NoMatch,D441/01,B
300004392300324,TELEVID6002_SCANNER12,DE299893891700886363300004392300324,12/06/2025,07/06/2025,9170088636,DE299,Germanic,DE,8938,3,D,0.7383,--impossible--,,NoMatch,D441/01,D
300004394300346,TELEVID5991_SCANNER13,GR1188375917008863634300004394300346,12/06/2025,07/06/2025,9170088636,GR118,Greek,GR,8375,34,B,0.741,"C, D",,NoMatch,D441/01,D
300004394300350,TELEVID5991_SCANNER13,GR1188379917008863638300004394300350,12/06/2025,07/06/2025,9170088636,GR118,Greek,GR,8379,38,A,0.5959,"A, B",,NoMatch,D441/01,A
300004394300354,TELEVID5991_SCANNER13,GR1188383917008863633300004394300354,12/06/2025,07/06/2025,9170088636,GR118,Greek,GR,8383,33,A,0.6638,"A, B",,NoMatch,D441/01,B
300004394300366,TELEVID5991_SCANNER13,IT0010005917008863641300004394300366,12/06/2025,07/06/2025,9170088636,IT001,Romance,IT,5,41,B,0.6566,"B, C",,NoMatch,D441/01,B
300004394300559,TELEVID5991_SCANNER13,GR118833991700886361300004394300559,12/06/2025,07/06/2025,9170088636,GR118,Greek,GR,8339,1,A,0.8633,"A, C",,NoMatch,D441/01,C
300004394300561,TELEVID5991_SCANNER13,GR118834191700886364300004394300561,12/06/2025,07/06/2025,9170088636,GR118,Greek,GR,8341,4,A,0.7634,"A, C",,NoMatch,D441/01,A
300004394300651,TELEVID5991_SCANNER13,GR1188272917008863636300004394300651,12/06/2025,07/06/2025,9170088636,GR118,Greek,GR,8272,36,B,0.9994,"B, C",,NoMatch,D441/01,D
300004394900219,TELEVID5999_SCANNER13,PL0068021917008863651300004394900219,12/06/2025,07/06/2025,9170088636,PL006,Slavic,PL,8021,51,B,0.9955,"B, C",,NoMatch,D441/01,C
300004394900221,TELEVID5999_SCANNER13,PL0068023917008863633300004394900221,12/06/2025,07/06/2025,9170088636,PL006,Slavic,PL,8023,33,A,0.7705,"A, B",,NoMatch,D441/01,B
300004394900228,TELEVID5999_SCANNER13,PL0068030917008863641300004394900228,12/06/2025,07/06/2025,9170088636,PL006,Slavic,PL,8030,41,B,0.9994,"B, C",,NoMatch,D441/01,B
300004396000297,TELEVID5997_SCANNER13,ES4230002917008863641300004396000297,12/06/2025,07/06/2025,9170088636,ES423,Romance,ES,2,41,B,0.9757,"B, C",,NoMatch,D441/01,B
300004396100360,TELEVID6013_SCANNER12,ES0070007917008863641300004396100360,12/06/2025,07/06/2025,9170088636,ES007,Romance,ES,7,41,B,0.9999,"B, C",,NoMatch,D441/01,B
300004396100361,TELEVID6013_SCANNER12,ES0070008917008863641300004396100361,12/06/2025,07/06/2025,9170088636,ES007,Romance,ES,8,41,B,0.9997,"B, C",,NoMatch,D441/01,B
300004396100362,TELEVID6013_SCANNER12,ES0070009917008863635300004396100362,12/06/2025,07/06/2025,9170088636,ES007,Romance,ES,9,35,A,0.6875,"A, B",,NoMatch,D441/01,A
300004396100567,TELEVID6013_SCANNER12,ES4380005917008863650300004396100567,12/06/2025,07/06/2025,9170088636,ES438,Romance,ES,5,50,B,0.9091,"B, C",,NoMatch,D441/01,B
300004396100568,TELEVID6013_SCANNER12,ES4380006917008863641300004396100568,12/06/2025,07/06/2025,9170088636,ES438,Romance,ES,6,41,B,0.9726,"B, C",,NoMatch,D441/01,B
300004396100573,TELEVID6013_SCANNER12,ES4380011917008863636300004396100573,12/06/2025,07/06/2025,9170088636,ES438,Romance,ES,11,36,B,0.9416,"B, C",,NoMatch,D441/01,D
300004396500692,TELEVID6011_SCANNER12,GR1188010917008863641300004396500692,12/06/2025,07/06/2025,9170088636,GR118,Greek,GR,8010,41,B,0.9937,"B, C",,NoMatch,D441/01,B
300004396500696,TELEVID6011_SCANNER12,GR118801491700886365300004396500696,12/06/2025,07/06/2025,9170088636,GR118,Greek,GR,8014,5,C,0.9932,"A, C",,NoMatch,D441/01,C
300004396500696,TELEVID6011_SCANNER12,GR1188014917008863634300004396500696,12/06/2025,07/06/2025,9170088636,GR118,Greek,GR,8014,34,D,0.576,"B, D",,NoMatch,D441/01,D
300004396500711,TELEVID6011_SCANNER12,GR1188029917008863636300004396500711,12/06/2025,07/06/2025,9170088636,GR118,Greek,GR,8029,36,B,0.7468,"B, C",,NoMatch,D441/01,D
300004396500721,TELEVID6011_SCANNER12,GR1188039917008863636300004396500721,12/06/2025,07/06/2025,9170088636,GR118,Greek,GR,8039,36,B,0.5362,"B, C",,NoMatch,D441/01,D
300004396500721,TELEVID6011_SCANNER12,GR1188039917008863648300004396500721,12/06/2025,07/06/2025,9170088636,GR118,Greek,GR,8039,48,D,0.9757,"C, D",,NoMatch,D441/01,D
300004396500739,TELEVID6011_SCANNER12,GR118805791700886361300004396500739,12/06/2025,07/06/2025,9170088636,GR118,Greek,GR,8057,1,A,0.6986,"A, D",,NoMatch,D441/01,C
300004396500739,TELEVID6011_SCANNER12,GR1188057917008863640300004396500739,12/06/2025,07/06/2025,9170088636,GR118,Greek,GR,8057,40,E,0.8523,"B, E",,NoMatch,D441/01,D
300004396500739,TELEVID6011_SCANNER12,GR1188057917008863651300004396500739,12/06/2025,07/06/2025,9170088636,GR118,Greek,GR,8057,51,C,0.9866,"B, C",,NoMatch,D441/01,C
300004396800358,TELEVID6005_SCANNER12,IT017800491700886363300004396800358,12/06/2025,07/06/2025,9170088636,IT017,Romance,IT,8004,3,A,0.9627,"A, D",,NoMatch,D441/01,D
300004396800358,TELEVID6005_SCANNER12,IT0178004917008863641300004396800358,12/06/2025,07/06/2025,9170088636,IT017,Romance,IT,8004,41,B,0.9117,"B, C",,NoMatch,D441/01,B
300004396800360,TELEVID6005_SCANNER12,IT0178006917008863636300004396800360,12/06/2025,07/06/2025,9170088636,IT017,Romance,IT,8006,36,B,0.9472,"B, C",,NoMatch,D441/01,D
300004459800443,TELEVID6120_SCANNER12,PL0360002917008863636300004459800443,17/06/2025,07/06/2025,9170088636,PL036,Slavic,PL,2,36,B,0.5252,"B, C",,NoMatch,D441/01,D
300004459800444,TELEVID6120_SCANNER12,PL036000391700886363300004459800444,17/06/2025,07/06/2025,9170088636,PL036,Slavic,PL,3,3,D,0.5767,--impossible--,,NoMatch,D441/01,D
300004459800445,TELEVID6120_SCANNER12,PL0360004917008863632300004459800445,17/06/2025,07/06/2025,9170088636,PL036,Slavic,PL,4,32,B,0.8627,"B, C",,NoMatch,D441/01,B
300004459800445,TELEVID6120_SCANNER12,PL0360004917008863634300004459800445,17/06/2025,07/06/2025,9170088636,PL036,Slavic,PL,4,34,B,0.3374,"B, C",,NoMatch,D441/01,D
300004459800448,TELEVID6120_SCANNER12,PL0360007917008863634300004459800448,17/06/2025,07/06/2025,9170088636,PL036,Slavic,PL,7,34,B,0.9904,"B, C",,NoMatch,D441/01,D
300004459800450,TELEVID6120_SCANNER12,PL0360009917008863641300004459800450,17/06/2025,07/06/2025,9170088636,PL036,Slavic,PL,9,41,B,0.7988,--blank--,,NoMatch,D441/01,B
300004459800452,TELEVID6120_SCANNER12,PL0360011917008863632300004459800452,17/06/2025,07/06/2025,9170088636,PL036,Slavic,PL,11,32,B,0.7723,"B, C",,NoMatch,D441/01,B
300004459800454,TELEVID6120_SCANNER12,PL0360013917008863641300004459800454,17/06/2025,07/06/2025,9170088636,PL036,Slavic,PL,13,41,B,0.999,"B, C",,NoMatch,D441/01,B
300004459800455,TELEVID6120_SCANNER12,PL0360014917008863641300004459800455,17/06/2025,07/06/2025,9170088636,PL036,Slavic,PL,14,41,B,0.9998,"B, C",,NoMatch,D441/01,B
300004465600494,TELEVID6110_SCANNER12,ES071800791700886367300004465600494,17/06/2025,07/06/2025,9170088636,ES071,Romance,ES,8007,7,D,0.7387,"B, D",,NoMatch,D441/01,B
300004465600494,TELEVID6110_SCANNER12,ES071800791700886368300004465600494,17/06/2025,07/06/2025,9170088636,ES071,Romance,ES,8007,8,A,0.6546,"A, D",,NoMatch,D441/01,D
300004465600496,TELEVID6110_SCANNER12,ES0718009917008863641300004465600496,17/06/2025,07/06/2025,9170088636,ES071,Romance,ES,8009,41,B,0.9948,"B, C",,NoMatch,D441/01,B
300004467700491,TELEVID6090_SCANNER12,ES4397008917008863632300004467700491,17/06/2025,07/06/2025,9170088636,ES439,Romance,ES,7008,32,B,0.8344,"B, C",,NoMatch,D441/01,B
300004468100264,TELEVID6116_SCANNER12,DE5055001917008863632300004468100264,17/06/2025,07/06/2025,9170088636,DE505,Germanic,DE,5001,32,B,0.7526,"B, C",,NoMatch,D441/01,B
300004468100267,TELEVID6116_SCANNER12,DE505500491700886361300004468100267,17/06/2025,07/06/2025,9170088636,DE505,Germanic,DE,5004,1,D,0.5368,--impossible--,,NoMatch,D441/01,C
300004468900309,TELEVID6111_SCANNER12,ES3890001917008863636300004468900309,17/06/2025,07/06/2025,9170088636,ES389,Romance,ES,1,36,B,0.7954,"B, C",,NoMatch,D441/01,D
300004471400548,TELEVID6107_SCANNER12,GR8010017917008863636300004471400548,17/06/2025,07/06/2025,9170088636,GR801,Greek,GR,17,36,B,0.9758,"B, C",,NoMatch,D441/01,D
300004475400137,TELEVID6093_SCANNER12,ES0310008582171119241300004475400137,17/06/2025,13/06/2025,5821711192,ES031,Romance,ES,8,41,B,0.9999,"B, C",,NoMatch,D441/01,G
300004475400148,TELEVID6093_SCANNER12,ES031001958217111923300004475400148,17/06/2025,13/06/2025,5821711192,ES031,Romance,ES,19,3,A,0.557,"A, B",,NoMatch,D441/01,A
300004475400217,TELEVID6093_SCANNER12,ES291800258217111922300004475400217,17/06/2025,13/06/2025,5821711192,ES291,Romance,ES,8002,2,B,0.9525,"A, B",,NoMatch,D441/01,B
300004475400217,TELEVID6093_SCANNER12,ES291800258217111925300004475400217,17/06/2025,13/06/2025,5821711192,ES291,Romance,ES,8002,5,B,0.6205,"B, C",,NoMatch,D441/01,C
300004475400217,TELEVID6093_SCANNER12,ES291800258217111926300004475400217,17/06/2025,13/06/2025,5821711192,ES291,Romance,ES,8002,6,A,0.5092,"A, B",,NoMatch,D441/01,D
300004475400218,TELEVID6093_SCANNER12,ES2918003582171119236300004475400218,17/06/2025,13/06/2025,5821711192,ES291,Romance,ES,8003,36,B,0.9335,"B, C",,NoMatch,D441/01,C
300004475400225,TELEVID6093_SCANNER12,ES2918010582171119242300004475400225,17/06/2025,13/06/2025,5821711192,ES291,Romance,ES,8010,42,H,0.7981,--blank--,,NoMatch,D441/01,D
300004475600337,TELEVID8001_SCANNER12,BG0158801582171119234300004475600337,17/06/2025,13/06/2025,5821711192,BG015,Slavic,BG,8801,34,B,0.931,"B, C",,NoMatch,D441/01,A
300004492600335,TELEVID8039_SCANNER13,ES3838164582171119236300004492600335,18/06/2025,13/06/2025,5821711192,ES383,Romance,ES,8164,36,B,0.688,--blank--,,NoMatch,D441/01,C
300004492600358,TELEVID8039_SCANNER13,ES7050012582171119241300004492600358,18/06/2025,13/06/2025,5821711192,ES705,Romance,ES,12,41,B,0.8329,"B, C",,NoMatch,D441/01,G
300004492700109,TELEVID8049_SCANNER13,ES1650024582171119250300004492700109,18/06/2025,13/06/2025,5821711192,ES165,Romance,ES,24,50,C,0.6845,--blank--,,NoMatch,D441/01,C
300004492700491,TELEVID8049_SCANNER13,PL0048006582171119232300004492700491,18/06/2025,13/06/2025,5821711192,PL004,Slavic,PL,8006,32,A,0.9577,"A, B",,NoMatch,D441/01,A
300004501800354,TELEVID8031_SCANNER12,IT0250008582171119236300004501800354,19/06/2025,13/06/2025,5821711192,IT025,Romance,IT,8,36,D,0.6143,--blank--,,NoMatch,D441/01,C
300004502400630,TELEVID8047_SCANNER12,ES3838077582171119234300004502400630,19/06/2025,13/06/2025,5821711192,ES383,Romance,ES,8077,34,B,0.7406,--blank--,,NoMatch,D441/01,A
300004503100706,TELEVID8008_SCANNER12,PL161000258217111925300004503100706,19/06/2025,13/06/2025,5821711192,PL161,Slavic,PL,2,5,A,0.7622,"A, C",,NoMatch,D441/01,C
300004503100710,TELEVID8008_SCANNER12,PL1610006582171119241300004503100710,19/06/2025,13/06/2025,5821711192,PL161,Slavic,PL,6,41,B,0.5368,--blank--,,NoMatch,D441/01,G
300004503100711,TELEVID8008_SCANNER12,PL1610007582171119232300004503100711,19/06/2025,13/06/2025,5821711192,PL161,Slavic,PL,7,32,B,0.6276,--blank--,,NoMatch,D441/01,A
300004503100712,TELEVID8008_SCANNER12,PL1610008582171119239300004503100712,19/06/2025,13/06/2025,5821711192,PL161,Slavic,PL,8,39,C,0.5015,"A, C",,NoMatch,D441/01,A
300004505200258,TELEVID8024_SCANNER12,ES3838093582171119236300004505200258,19/06/2025,13/06/2025,5821711192,ES383,Romance,ES,8093,36,B,0.8572,"B, C",,NoMatch,D441/01,C
300004505200259,TELEVID8024_SCANNER12,ES3838094582171119239300004505200259,19/06/2025,13/06/2025,5821711192,ES383,Romance,ES,8094,39,E,0.9943,"A, E",,NoMatch,D441/01,A
300004505200259,TELEVID8024_SCANNER12,ES3838094582171119240300004505200259,19/06/2025,13/06/2025,5821711192,ES383,Romance,ES,8094,40,A,0.9927,"A, E",,NoMatch,D441/01,E
300004505200259,TELEVID8024_SCANNER12,ES3838094582171119253300004505200259,19/06/2025,13/06/2025,5821711192,ES383,Romance,ES,8094,53,B,0.5073,"A, B",,NoMatch,D441/01,D
300004505200260,TELEVID8024_SCANNER12,ES3838095582171119236300004505200260,19/06/2025,13/06/2025,5821711192,ES383,Romance,ES,8095,36,B,0.7268,"B, C",,NoMatch,D441/01,C
300004505200260,TELEVID8024_SCANNER12,ES3838095582171119237300004505200260,19/06/2025,13/06/2025,5821711192,ES383,Romance,ES,8095,37,F,0.5229,"F, H",,NoMatch,D441/01,F
300004505200260,TELEVID8024_SCANNER12,ES3838095582171119239300004505200260,19/06/2025,13/06/2025,5821711192,ES383,Romance,ES,8095,39,A,0.995,"A, D",,NoMatch,D441/01,A
300004505200260,TELEVID8024_SCANNER12,ES3838095582171119240300004505200260,19/06/2025,13/06/2025,5821711192,ES383,Romance,ES,8095,40,B,0.6265,"B, G",,NoMatch,D441/01,E
300004505200260,TELEVID8024_SCANNER12,ES3838095582171119251300004505200260,19/06/2025,13/06/2025,5821711192,ES383,Romance,ES,8095,51,A,0.9659,"A, C",,NoMatch,D441/01,A
300004505200265,TELEVID8024_SCANNER12,ES3838100582171119236300004505200265,19/06/2025,13/06/2025,5821711192,ES383,Romance,ES,8100,36,B,0.9992,"B, C",,NoMatch,D441/01,C
300004507300049,TELEVID8033_SCANNER13,ES4598026582171119241300004507300049,19/06/2025,13/06/2025,5821711192,ES459,Romance,ES,8026,41,B,0.807,"B, D",,NoMatch,D441/01,G
300004507300052,TELEVID8033_SCANNER13,ES4598001582171119242300004507300052,19/06/2025,13/06/2025,5821711192,ES459,Romance,ES,8001,42,G,0.8669,"D, G",,NoMatch,D441/01,D
300004507300055,TELEVID8033_SCANNER13,ES459800458217111923300004507300055,19/06/2025,13/06/2025,5821711192,ES459,Romance,ES,8004,3,A,0.8547,"A, B",,NoMatch,D441/01,A
300004507300058,TELEVID8033_SCANNER13,ES459800758217111923300004507300058,19/06/2025,13/06/2025,5821711192,ES459,Romance,ES,8007,3,A,0.8025,"A, B",,NoMatch,D441/01,A
300004507300339,TELEVID8033_SCANNER13,ES4598051582171119234300004507300339,19/06/2025,13/06/2025,5821711192,ES459,Romance,ES,8051,34,B,0.9996,"B, C",,NoMatch,D441/01,A
300004507400481,TELEVID8030_SCANNER13,ES3919001582171119243300004507400481,19/06/2025,13/06/2025,5821711192,ES391,Romance,ES,9001,43,G,0.9349,"E, G",,NoMatch,D441/01,B
300004507400486,TELEVID8030_SCANNER13,ES3919006582171119251300004507400486,19/06/2025,13/06/2025,5821711192,ES391,Romance,ES,9006,51,A,0.9507,"A, B",,NoMatch,D441/01,A
300004507400488,TELEVID8030_SCANNER13,ES391900858217111924300004507400488,19/06/2025,13/06/2025,5821711192,ES391,Romance,ES,9008,4,D,0.9607,"A, D",,NoMatch,D441/01,D
300004507400488,TELEVID8030_SCANNER13,ES391900858217111925300004507400488,19/06/2025,13/06/2025,5821711192,ES391,Romance,ES,9008,5,A,0.9212,"A, D",,NoMatch,D441/01,C
300004507400488,TELEVID8030_SCANNER13,ES3919008582171119241300004507400488,19/06/2025,13/06/2025,5821711192,ES391,Romance,ES,9008,41,B,0.9932,"B, E",,NoMatch,D441/01,G
300004507400497,TELEVID8030_SCANNER13,ES3919017582171119245300004507400497,19/06/2025,13/06/2025,5821711192,ES391,Romance,ES,9017,45,A,0.5627,"A, B",,NoMatch,D441/01,A
300004507700704,TELEVID8014_SCANNER13,PL0900004917008863631300004507700704,19/06/2025,07/06/2025,9170088636,PL090,Slavic,PL,4,31,D,0.5724,--blank--,,NoMatch,D441/01,D
300004507700705,TELEVID8014_SCANNER13,PL0900005917008863631300004507700705,19/06/2025,07/06/2025,9170088636,PL090,Slavic,PL,5,31,D,0.7441,--blank--,,NoMatch,D441/01,D
300004507800298,TELEVID8002_SCANNER13,PL1610207582171119241300004507800298,19/06/2025,13/06/2025,5821711192,PL161,Slavic,PL,207,41,B,0.9998,"B, C",,NoMatch,D441/01,G
300004507800750,TELEVID8002_SCANNER13,DE7035012582171119241300004507800750,19/06/2025,13/06/2025,5821711192,DE703,Germanic,DE,5012,41,B,0.6253,"B, C",,NoMatch,D441/01,G
300004507800751,TELEVID8002_SCANNER13,DE703501358217111923300004507800751,19/06/2025,13/06/2025,5821711192,DE703,Germanic,DE,5013,3,A,0.6621,"A, B",,NoMatch,D441/01,A
300004508200541,TELEVID8042_2_SCANNER13,PL250000258217111923300004508200541,19/06/2025,13/06/2025,5821711192,PL250,Slavic,PL,2,3,A,0.8435,"A, B",,NoMatch,D441/01,A
300004513700414,TELEVID8096_SCANNER13,PL0360004582171119241300004513700414,19/06/2025,13/06/2025,5821711192,PL036,Slavic,PL,4,41,B,0.998,"B, C",,NoMatch,D441/01,G
300004518800105,TELEVID8116_SCANNER13,PL034010758217111923300004518800105,20/06/2025,13/06/2025,5821711192,PL034,Slavic,PL,107,3,A,0.8387,"A, B",,NoMatch,D441/01,A
300004518800107,TELEVID8116_SCANNER13,PL0340109582171119238300004518800107,20/06/2025,13/06/2025,5821711192,PL034,Slavic,PL,109,38,A,0.7202,"A, B",,NoMatch,D441/01,H
300004522700118,televid8123_SCANNER13,PL2770029582171119234300004522700118,20/06/2025,13/06/2025,5821711192,PL277,Slavic,PL,29,34,B,0.6915,"B, C",,NoMatch,D441/01,A
300004557500339,TELEVID8212_SCANNER12,ES0130028582171119241300004557500339,24/06/2025,13/06/2025,5821711192,ES013,Romance,ES,28,41,B,0.9999,"B, C",,NoMatch,D441/01,G
300004557500364,TELEVID8212_SCANNER12,ES0130053582171119241300004557500364,24/06/2025,13/06/2025,5821711192,ES013,Romance,ES,53,41,G,0.5691,--blank--,,NoMatch,D441/01,G
300004557500374,TELEVID8212_SCANNER12,ES013001058217111923300004557500374,24/06/2025,13/06/2025,5821711192,ES013,Romance,ES,10,3,A,0.8023,"A, B",,NoMatch,D441/01,A
300004557500381,TELEVID8212_SCANNER12,ES0130017582171119245300004557500381,24/06/2025,13/06/2025,5821711192,ES013,Romance,ES,17,45,A,0.5184,"A, B",,NoMatch,D441/01,A
300004557500382,TELEVID8212_SCANNER12,ES0130018582171119241300004557500382,24/06/2025,13/06/2025,5821711192,ES013,Romance,ES,18,41,B,0.5329,"B, C",,NoMatch,D441/01,G
300004576400502,TELEVID8245_SCANNER12,IT306000158217111921300004576400502,25/06/2025,13/06/2025,5821711192,IT306,Romance,IT,1,1,D,0.5032,--impossible--,,NoMatch,D441/01,D
300004576400511,TELEVID8245_SCANNER12,IT3060010582171119239300004576400511,25/06/2025,13/06/2025,5821711192,IT306,Romance,IT,10,39,A,0.8356,"A, B",,NoMatch,D441/01,A
300004592500217,TELEVID8307_SCANNER12,ES426000758217111921300004592500217,26/06/2025,13/06/2025,5821711192,ES426,Romance,ES,7,1,D,0.5947,--impossible--,,NoMatch,D441/01,D
300004622700152,TELEVID6262_SCANNER12,GR0058125917008863641300004622700152,03/07/2025,07/06/2025,9170088636,GR005,Greek,GR,8125,41,B,0.9988,"B, C",,NoMatch,D441/01,B
300004622700155,TELEVID6262_SCANNER12,GR0058128917008863636300004622700155,03/07/2025,07/06/2025,9170088636,GR005,Greek,GR,8128,36,D,0.5015,--blank--,,NoMatch,D441/01,D
300004622700168,TELEVID6262_SCANNER12,GR0058141917008863641300004622700168,03/07/2025,07/06/2025,9170088636,GR005,Greek,GR,8141,41,B,0.9999,"B, C",,NoMatch,D441/01,B
300004622700177,TELEVID6262_SCANNER12,GR0058150917008863652300004622700177,03/07/2025,07/06/2025,9170088636,GR005,Greek,GR,8150,52,D,0.6464,"B, D",,NoMatch,D441/01,D
300004622700190,TELEVID6262_SCANNER12,GR0058163917008863641300004622700190,03/07/2025,07/06/2025,9170088636,GR005,Greek,GR,8163,41,B,0.9915,"B, C",,NoMatch,D441/01,B
300004622700198,TELEVID6262_SCANNER12,GR0058171917008863632300004622700198,03/07/2025,07/06/2025,9170088636,GR005,Greek,GR,8171,32,B,0.8794,"B, C",,NoMatch,D441/01,B
300004622700217,TELEVID6262_SCANNER12,GR0058190917008863641300004622700217,03/07/2025,07/06/2025,9170088636,GR005,Greek,GR,8190,41,B,0.9937,"B, C",,NoMatch,D441/01,B
300004622700218,TELEVID6262_SCANNER12,GR0058191917008863641300004622700218,03/07/2025,07/06/2025,9170088636,GR005,Greek,GR,8191,41,B,0.9772,"B, C",,NoMatch,D441/01,B
300004622700223,TELEVID6262_SCANNER12,GR0058196917008863641300004622700223,03/07/2025,07/06/2025,9170088636,GR005,Greek,GR,8196,41,B,0.9997,"B, C",,NoMatch,D441/01,B
300004623000025,TELEVID6270_SCANNER13,GR0268025917008863642300004623000025,04/07/2025,07/06/2025,9170088636,GR026,Greek,GR,8025,42,D,0.927,"A, D",,NoMatch,D441/01,F
300004623000033,TELEVID6270_SCANNER13,GR026803391700886361300004623000033,04/07/2025,07/06/2025,9170088636,GR026,Greek,GR,8033,1,C,0.985,"A, C",,NoMatch,D441/01,C
300004623000033,TELEVID6270_SCANNER13,GR0268033917008863651300004623000033,04/07/2025,07/06/2025,9170088636,GR026,Greek,GR,8033,51,C,0.9331,"A, C",,NoMatch,D441/01,C
300004623000035,TELEVID6270_SCANNER13,GR0268035917008863636300004623000035,04/07/2025,07/06/2025,9170088636,GR026,Greek,GR,8035,36,D,0.3288,--blank--,,NoMatch,D441/01,D
300004623000089,TELEVID6270_SCANNER13,GR035803891700886365300004623000089,04/07/2025,07/06/2025,9170088636,GR035,Greek,GR,8038,5,D,0.9546,"A, D",,NoMatch,D441/01,C
300004623000089,TELEVID6270_SCANNER13,GR0358038917008863639300004623000089,04/07/2025,07/06/2025,9170088636,GR035,Greek,GR,8038,39,B,0.58,"B, C",,NoMatch,D441/01,G
300004623000089,TELEVID6270_SCANNER13,GR0358038917008863653300004623000089,04/07/2025,07/06/2025,9170088636,GR035,Greek,GR,8038,53,A,0.9813,"A, C",,NoMatch,D441/01,C
300004623400419,TELEVID6265_SCANNER13,GR0058338917008863636300004623400419,04/07/2025,07/06/2025,9170088636,GR005,Greek,GR,8338,36,B,0.7947,"B, C",,NoMatch,D441/01,D
400004454500738,TELEVID4610_Scanner20,GE0010001930244893039400004454500738,11/12/2024,05/12/2024,9302448930,GE001,Others,GE,1,39,G,0.8942,"D, G",,NoMatch,D441/01,G
400004456800597,TELEVID4625_Scanner20,CY0060001930244893041400004456800597,12/12/2024,05/12/2024,9302448930,CY006,Greek,CY,1,41,B,0.9999,"B, C",,NoMatch,D441/01,B
400004556800615,TELEVID4896_Scanner20,DE2998876553571344344400004556800615,07/03/2025,01/03/2025,5535713443,DE299,Germanic,DE,8876,44,A,0.5476,"A, B",,NoMatch,D441/01,A
400004556800616,TELEVID4896_Scanner20,DE2998877553571344334400004556800616,07/03/2025,01/03/2025,5535713443,DE299,Germanic,DE,8877,34,B,0.999,"B, C",,NoMatch,D441/01,B
400004556800617,TELEVID4896_Scanner20,DE2998878553571344339400004556800617,07/03/2025,01/03/2025,5535713443,DE299,Germanic,DE,8878,39,D,0.501,"A, D",,NoMatch,D441/01,A
400004556800620,TELEVID4896_Scanner20,DE2998881553571344336400004556800620,07/03/2025,01/03/2025,5535713443,DE299,Germanic,DE,8881,36,B,0.8348,"B, C",,NoMatch,D441/01,C
400004556800622,TELEVID4896_Scanner20,DE2998883553571344335400004556800622,07/03/2025,01/03/2025,5535713443,DE299,Germanic,DE,8883,35,D,0.9277,"A, D",,NoMatch,D441/01,A
400004556800624,TELEVID4896_Scanner20,DE2998885553571344334400004556800624,07/03/2025,01/03/2025,5535713443,DE299,Germanic,DE,8885,34,B,0.6995,"B, C",,NoMatch,D441/01,B
400004556800627,TELEVID4896_Scanner20,DE2998888553571344336400004556800627,07/03/2025,01/03/2025,5535713443,DE299,Germanic,DE,8888,36,B,0.6437,--blank--,,NoMatch,D441/01,C
400004887200092,TELEVID5409_SCANNER14,GR0058027731192399731400004887200092,16/05/2025,10/05/2025,7311923997,GR005,Greek,GR,8027,31,B,0.9814,"B, C",,NoMatch,D441/01,B
400004953200285,TELEVID5481_SCANNER14,GR1188180236079224348400004953200285,21/05/2025,17/05/2025,2360792243,GR118,Greek,GR,8180,48,E,0.9931,"B, E",,NoMatch,D441/01,D
400004953200285,TELEVID5481_SCANNER14,GR1188180236079224349400004953200285,21/05/2025,17/05/2025,2360792243,GR118,Greek,GR,8180,49,A,0.9421,"A, C",,NoMatch,D441/01,E
400004953200485,TELEVID5481_SCANNER14,GR118804723607922432400004953200485,21/05/2025,17/05/2025,2360792243,GR118,Greek,GR,8047,2,D,0.9812,"C, D",,NoMatch,D441/01,D
400004953200485,TELEVID5481_SCANNER14,GR1188047236079224341400004953200485,21/05/2025,17/05/2025,2360792243,GR118,Greek,GR,8047,41,F,0.9916,"A, F",,NoMatch,D441/01,F
400004953200530,TELEVID5481_SCANNER14,GR118823823607922433400004953200530,21/05/2025,17/05/2025,2360792243,GR118,Greek,GR,8238,3,A,0.7944,"A, B",,NoMatch,D441/01,A
400004953200545,TELEVID5481_SCANNER14,GR1188253236079224344400004953200545,21/05/2025,17/05/2025,2360792243,GR118,Greek,GR,8253,44,D,0.5409,"A, D",,NoMatch,D441/01,D
400004953200546,TELEVID5481_SCANNER14,GR1188254236079224336400004953200546,21/05/2025,17/05/2025,2360792243,GR118,Greek,GR,8254,36,D,0.6733,"A, D",,NoMatch,D441/01,D
400004953200551,TELEVID5481_SCANNER14,GR1188259236079224338400004953200551,21/05/2025,17/05/2025,2360792243,GR118,Greek,GR,8259,38,G,0.975,"D, G",,NoMatch,D441/01,G
400004953200566,TELEVID5481_SCANNER14,GR1188274236079224337400004953200566,21/05/2025,17/05/2025,2360792243,GR118,Greek,GR,8274,37,G,0.4992,"F, G",,NoMatch,D441/01,H
400004953200578,TELEVID5481_SCANNER14,GR1188286236079224341400004953200578,21/05/2025,17/05/2025,2360792243,GR118,Greek,GR,8286,41,B,0.8987,"B, C",,NoMatch,D441/01,F
400004953200681,TELEVID5481_SCANNER14,GR118803823607922433400004953200681,21/05/2025,17/05/2025,2360792243,GR118,Greek,GR,8038,3,A,0.8911,"A, B",,NoMatch,D441/01,A
400004953200846,TELEVID5481_SCANNER14,GR1188642236079224345400004953200846,21/05/2025,17/05/2025,2360792243,GR118,Greek,GR,8642,45,A,0.6184,"A, B",,NoMatch,D441/01,A
400004964400589,TELEVID5501_SCANNER14,GR1188363236079224353400004964400589,22/05/2025,17/05/2025,2360792243,GR118,Greek,GR,8363,53,D,0.9982,"B, D",,NoMatch,D441/01,B
400004966500281,TELEVID5510_SCANNER14,GR1188594236079224341400004966500281,22/05/2025,17/05/2025,2360792243,GR118,Greek,GR,8594,41,F,0.5755,"F, G",,NoMatch,D441/01,F
400004966500983,TELEVID5510_SCANNER14,GR118801523607922433400004966500983,22/05/2025,17/05/2025,2360792243,GR118,Greek,GR,8015,3,A,0.7662,"A, D",,NoMatch,D441/01,A
400004966500983,TELEVID5510_SCANNER14,GR1188015236079224340400004966500983,22/05/2025,17/05/2025,2360792243,GR118,Greek,GR,8015,40,D,0.8476,"D, H",,NoMatch,D441/01,D
400004966500983,TELEVID5510_SCANNER14,GR1188015236079224341400004966500983,22/05/2025,17/05/2025,2360792243,GR118,Greek,GR,8015,41,H,0.5814,"F, H",,NoMatch,D441/01,F
400004966500983,TELEVID5510_SCANNER14,GR1188015236079224343400004966500983,22/05/2025,17/05/2025,2360792243,GR118,Greek,GR,8015,43,E,0.9753,"E, H",,NoMatch,D441/01,B
400004969300551,TELEVID5504_SCANNER14,GR118850423607922433400004969300551,22/05/2025,17/05/2025,2360792243,GR118,Greek,GR,8504,3,A,0.6765,"A, B",,NoMatch,D441/01,A
400004969300561,TELEVID5504_SCANNER14,GR1188514236079224334400004969300561,22/05/2025,17/05/2025,2360792243,GR118,Greek,GR,8514,34,B,0.9593,"B, C",,NoMatch,D441/01,B
400005032400577,TELEVID5547_SCANNER14,GR0358011236079224345400005032400577,27/05/2025,17/05/2025,2360792243,GR035,Greek,GR,8011,45,A,0.7298,"A, B",,NoMatch,D441/01,A
400005032400581,TELEVID5547_SCANNER14,GR035801523607922431400005032400581,27/05/2025,17/05/2025,2360792243,GR035,Greek,GR,8015,1,C,0.8078,"C, D",,NoMatch,D441/01,C
400005032400581,TELEVID5547_SCANNER14,GR0358015236079224339400005032400581,27/05/2025,17/05/2025,2360792243,GR035,Greek,GR,8015,39,D,0.7191,"A, D",,NoMatch,D441/01,E
400005034800015,TELEVID5548_SCANNER14,GR0058198236079224351400005034800015,27/05/2025,17/05/2025,2360792243,GR005,Greek,GR,8198,51,B,0.9994,"B, C",,NoMatch,D441/01,B
400005034800039,TELEVID5548_SCANNER14,GR0058222236079224349400005034800039,27/05/2025,17/05/2025,2360792243,GR005,Greek,GR,8222,49,E,0.9849,"D, E",,NoMatch,D441/01,E
400005034800046,TELEVID5548_SCANNER14,GR0058229236079224334400005034800046,27/05/2025,17/05/2025,2360792243,GR005,Greek,GR,8229,34,D,0.6115,--blank--,,NoMatch,D441/01,B
400005034800060,TELEVID5548_SCANNER14,GR0058243236079224351400005034800060,27/05/2025,17/05/2025,2360792243,GR005,Greek,GR,8243,51,B,0.9846,"B, C",,NoMatch,D441/01,B
400005034800070,TELEVID5548_SCANNER14,GR0058253236079224351400005034800070,27/05/2025,17/05/2025,2360792243,GR005,Greek,GR,8253,51,B,0.8585,"B, C",,NoMatch,D441/01,B
400005034800071,TELEVID5548_SCANNER14,GR0058254236079224334400005034800071,27/05/2025,17/05/2025,2360792243,GR005,Greek,GR,8254,34,D,0.5309,--blank--,,NoMatch,D441/01,B
400005034800076,TELEVID5548_SCANNER14,GR0058259236079224351400005034800076,27/05/2025,17/05/2025,2360792243,GR005,Greek,GR,8259,51,B,0.9997,"B, C",,NoMatch,D441/01,B
400005034800088,TELEVID5548_SCANNER14,GR0058271236079224352400005034800088,27/05/2025,17/05/2025,2360792243,GR005,Greek,GR,8271,52,D,0.8782,"C, D",,NoMatch,D441/01,E
400005034800765,TELEVID5548_SCANNER14,GR0058423236079224334400005034800765,27/05/2025,17/05/2025,2360792243,GR005,Greek,GR,8423,34,D,0.7127,--blank--,,NoMatch,D441/01,B
400005034800765,TELEVID5548_SCANNER14,GR0058423236079224335400005034800765,27/05/2025,17/05/2025,2360792243,GR005,Greek,GR,8423,35,B,0.8302,--blank--,,NoMatch,D441/01,A
400005034800765,TELEVID5548_SCANNER14,GR0058423236079224336400005034800765,27/05/2025,17/05/2025,2360792243,GR005,Greek,GR,8423,36,D,0.797,--blank--,,NoMatch,D441/01,D
400005034800788,TELEVID5548_SCANNER14,GR0058446236079224342400005034800788,27/05/2025,17/05/2025,2360792243,GR005,Greek,GR,8446,42,C,0.9961,"A, C",,NoMatch,D441/01,A
400005034800803,TELEVID5548_SCANNER14,GR0358201236079224332400005034800803,27/05/2025,17/05/2025,2360792243,GR035,Greek,GR,8201,32,A,0.9488,"A, B",,NoMatch,D441/01,D
400005034800804,TELEVID5548_SCANNER14,GR0358202236079224336400005034800804,27/05/2025,17/05/2025,2360792243,GR035,Greek,GR,8202,36,D,0.6344,--blank--,,NoMatch,D441/01,D
400005034800816,TELEVID5548_SCANNER14,GR035821423607922433400005034800816,27/05/2025,17/05/2025,2360792243,GR035,Greek,GR,8214,3,A,0.5163,"A, B",,NoMatch,D441/01,A
400005034801033,TELEVID5548_SCANNER14,GR005861123607922433400005034801033,27/05/2025,17/05/2025,2360792243,GR005,Greek,GR,8611,3,A,0.8291,"A, B",,NoMatch,D441/01,A
400005034801045,TELEVID5548_SCANNER14,GR0058623236079224331400005034801045,27/05/2025,17/05/2025,2360792243,GR005,Greek,GR,8623,31,B,0.58,"B, C",,NoMatch,D441/01,C
400005035000005,TELEVID5571_SCANNER14,GR801001923607922431400005035000005,27/05/2025,17/05/2025,2360792243,GR801,Greek,GR,19,1,A,0.7159,"A, B",,NoMatch,D441/01,C
400005035000140,TELEVID5571_SCANNER14,GR8010009236079224342400005035000140,27/05/2025,17/05/2025,2360792243,GR801,Greek,GR,9,42,C,0.9958,"C, E",,NoMatch,D441/01,A
400005035000271,TELEVID5571_SCANNER14,GR026800323607922435400005035000271,27/05/2025,17/05/2025,2360792243,GR026,Greek,GR,8003,5,D,0.5208,--blank--,,NoMatch,D441/01,D
400005035000292,TELEVID5571_SCANNER14,GR026802423607922433400005035000292,27/05/2025,17/05/2025,2360792243,GR026,Greek,GR,8024,3,A,0.6958,"A, B",,NoMatch,D441/01,A
400005035000295,TELEVID5571_SCANNER14,GR0268027236079224341400005035000295,27/05/2025,17/05/2025,2360792243,GR026,Greek,GR,8027,41,B,0.8061,--blank--,,NoMatch,D441/01,F
400005035000298,TELEVID5571_SCANNER14,GR0268030236079224341400005035000298,27/05/2025,17/05/2025,2360792243,GR026,Greek,GR,8030,41,B,0.5742,"B, C",,NoMatch,D441/01,F
400005035000303,TELEVID5571_SCANNER14,GR0268035236079224331400005035000303,27/05/2025,17/05/2025,2360792243,GR026,Greek,GR,8035,31,C,0.92,"B, C",,NoMatch,D441/01,C
400005035000303,TELEVID5571_SCANNER14,GR0268035236079224346400005035000303,27/05/2025,17/05/2025,2360792243,GR026,Greek,GR,8035,46,B,0.9852,"B, E",,NoMatch,D441/01,A
400005337900046,TELEVID6034_SCANNER14,BG0050004917008863641400005337900046,13/06/2025,07/06/2025,9170088636,BG005,Slavic,BG,4,41,B,0.9661,"B, C",,NoMatch,D441/01,B
400005337900471,TELEVID6034_SCANNER14,BG0050012917008863641400005337900471,13/06/2025,07/06/2025,9170088636,BG005,Slavic,BG,12,41,B,0.9997,"B, C",,NoMatch,D441/01,B
400005347700686,TELEVID6048_SCANNER14,BG0080061917008863637400005347700686,13/06/2025,07/06/2025,9170088636,BG008,Slavic,BG,61,37,H,0.9943,"A, H",,NoMatch,D441/01,H
400005347700690,TELEVID6048_SCANNER14,BG0080065917008863641400005347700690,13/06/2025,07/06/2025,9170088636,BG008,Slavic,BG,65,41,B,0.9949,"B, C",,NoMatch,D441/01,B
400005417000671,TELEVID6071_SCANNER14,IT2670003917008863638400005417000671,16/06/2025,07/06/2025,9170088636,IT267,Romance,IT,3,38,A,0.6837,"A, B",,NoMatch,D441/01,A
400005417000677,TELEVID6071_SCANNER14,IT2670009917008863641400005417000677,16/06/2025,07/06/2025,9170088636,IT267,Romance,IT,9,41,B,0.9998,"B, C",,NoMatch,D441/01,B
400005417000679,TELEVID6071_SCANNER14,IT2670011917008863641400005417000679,16/06/2025,07/06/2025,9170088636,IT267,Romance,IT,11,41,B,0.9975,"B, C",,NoMatch,D441/01,B
400005417100196,TELEVID6062_SCANNER14,IT0320002917008863641400005417100196,16/06/2025,07/06/2025,9170088636,IT032,Romance,IT,2,41,B,0.8459,"B, C",,NoMatch,D441/01,B
400005417300103,TELEVID6066_SCANNER14,ES3838069917008863631400005417300103,16/06/2025,07/06/2025,9170088636,ES383,Romance,ES,8069,31,D,0.7416,--blank--,,NoMatch,D441/01,D
400005417300104,TELEVID6066_SCANNER14,ES3838070917008863633400005417300104,16/06/2025,07/06/2025,9170088636,ES383,Romance,ES,8070,33,A,0.9229,"A, B",,NoMatch,D441/01,B
400005417300570,TELEVID6066_SCANNER14,ES383809691700886363400005417300570,16/06/2025,07/06/2025,9170088636,ES383,Romance,ES,8096,3,A,0.8186,"A, B",,NoMatch,D441/01,D
400005417300575,TELEVID6066_SCANNER14,ES383810191700886363400005417300575,16/06/2025,07/06/2025,9170088636,ES383,Romance,ES,8101,3,D,0.5662,--impossible--,,NoMatch,D441/01,D
400005417300576,TELEVID6066_SCANNER14,ES3838102917008863641400005417300576,16/06/2025,07/06/2025,9170088636,ES383,Romance,ES,8102,41,B,0.9988,"B, C",,NoMatch,D441/01,B
400005417300578,TELEVID6066_SCANNER14,ES3838104917008863641400005417300578,16/06/2025,07/06/2025,9170088636,ES383,Romance,ES,8104,41,B,0.9997,"B, C",,NoMatch,D441/01,B
400005417300583,TELEVID6066_SCANNER14,ES3838109917008863641400005417300583,16/06/2025,07/06/2025,9170088636,ES383,Romance,ES,8109,41,B,0.9996,"B, C",,NoMatch,D441/01,B
400005421800320,TELEVID6064_SCANNER14,IT0880002917008863641400005421800320,16/06/2025,07/06/2025,9170088636,IT088,Romance,IT,2,41,B,0.9999,"B, C",,NoMatch,D441/01,B
400005421800320,TELEVID6064_SCANNER14,IT0880002917008863650400005421800320,16/06/2025,07/06/2025,9170088636,IT088,Romance,IT,2,50,B,0.9781,"A, B",,NoMatch,D441/01,B
400005421800322,TELEVID6064_SCANNER14,IT0880004917008863631400005421800322,16/06/2025,07/06/2025,9170088636,IT088,Romance,IT,4,31,D,0.4639,--blank--,,NoMatch,D441/01,D
400005421800322,TELEVID6064_SCANNER14,IT0880004917008863641400005421800322,16/06/2025,07/06/2025,9170088636,IT088,Romance,IT,4,41,B,0.8933,"B, C",,NoMatch,D441/01,B
400005493200514,TELEVID8065_Scanner20,ES4110002582171119232400005493200514,19/06/2025,13/06/2025,5821711192,ES411,Romance,ES,2,32,B,0.9219,"B, C",,NoMatch,D441/01,A
400005523600248,TELEVID8163_Scanner20,BG0080009582171119251400005523600248,21/06/2025,13/06/2025,5821711192,BG008,Slavic,BG,9,51,A,0.8428,"A, B",,NoMatch,D441/01,A
500003227000681,televid3894_SCANNER13,CY0060003468151430142500003227000681,13/06/2024,07/06/2024,4681514301,CY006,Greek,CY,3,42,G,0.9997,"A, G",,NoMatch,D441/01,C
60000002199000673,TELEVID4606_SCANNER19,PE044000793024489303660000002199000673,10/12/2024,05/12/2024,9302448930,PE044,Romance,PE,7,36,B,0.9309,"B, C",,NoMatch,D441/01,B
60000002199000676,TELEVID4606_SCANNER19,PE044001093024489303460000002199000676,10/12/2024,05/12/2024,9302448930,PE044,Romance,PE,10,34,B,0.9905,"B, C",,NoMatch,D441/01,B
60000002199000676,TELEVID4606_SCANNER19,PE044001093024489304160000002199000676,10/12/2024,05/12/2024,9302448930,PE044,Romance,PE,10,41,B,0.9972,"B, C",,NoMatch,D441/01,B
60000002199000677,TELEVID4606_SCANNER19,PE044001193024489304160000002199000677,10/12/2024,05/12/2024,9302448930,PE044,Romance,PE,11,41,B,0.9948,"B, C",,NoMatch,D441/01,B
60000002199000678,TELEVID4606_SCANNER19,PE044001293024489304160000002199000678,10/12/2024,05/12/2024,9302448930,PE044,Romance,PE,12,41,B,0.9999,"B, C",,NoMatch,D441/01,B
60000002199000679,TELEVID4606_SCANNER19,PE044001393024489303660000002199000679,10/12/2024,05/12/2024,9302448930,PE044,Romance,PE,13,36,B,0.9501,"B, C",,NoMatch,D441/01,B
60000002199000684,TELEVID4606_SCANNER19,PE044001893024489303160000002199000684,10/12/2024,05/12/2024,9302448930,PE044,Romance,PE,18,31,B,0.6483,"B, C",,NoMatch,D441/01,C
60000002199000684,TELEVID4606_SCANNER19,PE044001893024489304560000002199000684,10/12/2024,05/12/2024,9302448930,PE044,Romance,PE,18,45,A,0.6824,"A, B",,NoMatch,D441/01,B
60000002199000686,TELEVID4606_SCANNER19,PE044002093024489304560000002199000686,10/12/2024,05/12/2024,9302448930,PE044,Romance,PE,20,45,A,0.6259,"A, B",,NoMatch,D441/01,B
60000002199000688,TELEVID4606_SCANNER19,PE044002293024489303960000002199000688,10/12/2024,05/12/2024,9302448930,PE044,Romance,PE,22,39,G,0.9968,"C, G",,NoMatch,D441/01,G
60000002199301146,TELEVID4608_SCANNER19,PE044003093024489303660000002199301146,10/12/2024,05/12/2024,9302448930,PE044,Romance,PE,30,36,B,0.9854,"B, C",,NoMatch,D441/01,B
60000002250300125,TELEVID4890_SCANNER19,DE299889955357134433460000002250300125,06/03/2025,01/03/2025,5535713443,DE299,Germanic,DE,8899,34,B,0.5383,"B, C",,NoMatch,D441/01,B
60000002250300129,TELEVID4890_SCANNER19,DE299890355357134434360000002250300129,06/03/2025,01/03/2025,5535713443,DE299,Germanic,DE,8903,43,C,0.9179,"B, C",,NoMatch,D441/01,B
60000002250300149,TELEVID4890_SCANNER19,DE299891455357134433660000002250300149,06/03/2025,01/03/2025,5535713443,DE299,Germanic,DE,8914,36,B,0.8616,"B, C",,NoMatch,D441/01,C
60000002250300151,TELEVID4890_SCANNER19,DE299891655357134433660000002250300151,06/03/2025,01/03/2025,5535713443,DE299,Germanic,DE,8916,36,B,0.9996,"B, C",,NoMatch,D441/01,C
60000002252200242,TELEVID4903_SCANNER19,CH188000855357134433460000002252200242,10/03/2025,01/03/2025,5535713443,CH188,Germanic,CH,8,34,B,0.6997,"B, C",,NoMatch,D441/01,B
60000002252200242,TELEVID4903_SCANNER19,CH188000855357134434460000002252200242,10/03/2025,01/03/2025,5535713443,CH188,Germanic,CH,8,44,A,0.5571,"A, B",,NoMatch,D441/01,A
60000002252200245,TELEVID4903_SCANNER19,CH188001155357134433660000002252200245,10/03/2025,01/03/2025,5535713443,CH188,Germanic,CH,11,36,C,0.7875,--blank--,,NoMatch,D441/01,C
60000002252200249,TELEVID4903_SCANNER19,CH188001555357134433460000002252200249,10/03/2025,01/03/2025,5535713443,CH188,Germanic,CH,15,34,B,0.6413,"B, C",,NoMatch,D441/01,B
60000002252200252,TELEVID4903_SCANNER19,CH188001855357134433760000002252200252,10/03/2025,01/03/2025,5535713443,CH188,Germanic,CH,18,37,G,0.861,"F, G",,NoMatch,D441/01,C
60000002252200254,TELEVID4903_SCANNER19,CH188002055357134433460000002252200254,10/03/2025,01/03/2025,5535713443,CH188,Germanic,CH,20,34,B,0.9912,"B, C",,NoMatch,D441/01,B
60000002252200256,TELEVID4903_SCANNER19,CH188002255357134433960000002252200256,10/03/2025,01/03/2025,5535713443,CH188,Germanic,CH,22,39,A,0.5887,"A, B",,NoMatch,D441/01,A
60000002252200257,TELEVID4903_SCANNER19,CH188002355357134433260000002252200257,10/03/2025,01/03/2025,5535713443,CH188,Germanic,CH,23,32,D,0.3546,--blank--,,NoMatch,D441/01,D
60000002252200259,TELEVID4903_SCANNER19,CH188002555357134433960000002252200259,10/03/2025,01/03/2025,5535713443,CH188,Germanic,CH,25,39,A,0.5504,"A, B",,NoMatch,D441/01,A
60000002252200292,TELEVID4903_SCANNER19,CH188000355357134435160000002252200292,10/03/2025,01/03/2025,5535713443,CH188,Germanic,CH,3,51,B,0.9997,"B, C",,NoMatch,D441/01,B
60000002252200294,TELEVID4903_SCANNER19,CH188000555357134433460000002252200294,10/03/2025,01/03/2025,5535713443,CH188,Germanic,CH,5,34,B,0.9766,"B, C",,NoMatch,D441/01,B
60000002252200295,TELEVID4903_SCANNER19,CH188000655357134433460000002252200295,10/03/2025,01/03/2025,5535713443,CH188,Germanic,CH,6,34,B,0.5787,--blank--,,NoMatch,D441/01,B
60000002253100276,TELEVID4905_SCANNER19,BG008000355357134433860000002253100276,10/03/2025,01/03/2025,5535713443,BG008,Slavic,BG,3,38,G,0.9952,"E, G",,NoMatch,D441/01,G
60000002254800132,TELEVID4911_SCANNER19,CH010800355357134435160000002254800132,10/03/2025,01/03/2025,5535713443,CH010,Germanic,CH,8003,51,B,0.988,"B, C",,NoMatch,D441/01,B
60000002254800135,TELEVID4911_SCANNER19,CH010800655357134435160000002254800135,10/03/2025,01/03/2025,5535713443,CH010,Germanic,CH,8006,51,B,0.9782,"B, C",,NoMatch,D441/01,B
60000002254800138,TELEVID4911_SCANNER19,CH010800955357134434160000002254800138,10/03/2025,01/03/2025,5535713443,CH010,Germanic,CH,8009,41,B,0.9995,"B, C",,NoMatch,D441/01,F
60000002254800139,TELEVID4911_SCANNER19,CH010801055357134434360000002254800139,10/03/2025,01/03/2025,5535713443,CH010,Germanic,CH,8010,43,B,0.6322,"B, C",,NoMatch,D441/01,B
60000002254800146,TELEVID4911_SCANNER19,CH010801755357134433460000002254800146,10/03/2025,01/03/2025,5535713443,CH010,Germanic,CH,8017,34,B,0.6003,"B, C",,NoMatch,D441/01,B
60000002254800148,TELEVID4911_SCANNER19,CH010801955357134433260000002254800148,10/03/2025,01/03/2025,5535713443,CH010,Germanic,CH,8019,32,D,0.558,--blank--,,NoMatch,D441/01,D
60000002254800150,TELEVID4911_SCANNER19,CH010802155357134433660000002254800150,10/03/2025,01/03/2025,5535713443,CH010,Germanic,CH,8021,36,B,0.995,"B, C",,NoMatch,D441/01,C
60000002254800153,TELEVID4911_SCANNER19,CH010802455357134433460000002254800153,10/03/2025,01/03/2025,5535713443,CH010,Germanic,CH,8024,34,B,0.8008,"B, C",,NoMatch,D441/01,B
60000002254800154,TELEVID4911_SCANNER19,CH010810155357134433460000002254800154,10/03/2025,01/03/2025,5535713443,CH010,Germanic,CH,8101,34,B,0.9597,"B, C",,NoMatch,D441/01,B
60000002254800155,TELEVID4911_SCANNER19,CH010810355357134433960000002254800155,10/03/2025,01/03/2025,5535713443,CH010,Germanic,CH,8103,39,A,0.6365,"A, B",,NoMatch,D441/01,A
60000002255800249,TELEVID4912_SCANNER19,CZ014100255357134434360000002255800249,10/03/2025,01/03/2025,5535713443,CZ014,Slavic,CZ,1002,43,H,0.552,--blank--,,NoMatch,D441/01,B
60000002255800318,TELEVID4912_SCANNER19,CZ014200155357134433160000002255800318,10/03/2025,01/03/2025,5535713443,CZ014,Slavic,CZ,2001,31,B,0.6384,--blank--,,NoMatch,D441/01,B
60000002255800325,TELEVID4912_SCANNER19,CZ014200855357134433460000002255800325,10/03/2025,01/03/2025,5535713443,CZ014,Slavic,CZ,2008,34,B,0.8858,"B, C",,NoMatch,D441/01,B
60000002256100669,TELEVID4913_SCANNER19,CH008500255357134434060000002256100669,10/03/2025,01/03/2025,5535713443,CH008,Germanic,CH,5002,40,D,0.5273,"D, F",,NoMatch,D441/01,H
60000002256100673,TELEVID4913_SCANNER19,CH008500655357134433460000002256100673,10/03/2025,01/03/2025,5535713443,CH008,Germanic,CH,5006,34,B,0.9973,"B, C",,NoMatch,D441/01,B
60000002256100673,TELEVID4913_SCANNER19,CH008500655357134434060000002256100673,10/03/2025,01/03/2025,5535713443,CH008,Germanic,CH,5006,40,H,0.9398,"A, H",,NoMatch,D441/01,H
60000002256100680,TELEVID4913_SCANNER19,CH00850135535713443660000002256100680,10/03/2025,01/03/2025,5535713443,CH008,Germanic,CH,5013,6,C,0.9915,"A, C",,NoMatch,D441/01,C
60000002256100686,TELEVID4913_SCANNER19,CH008501955357134434060000002256100686,10/03/2025,01/03/2025,5535713443,CH008,Germanic,CH,5019,40,E,0.9936,"A, E",,NoMatch,D441/01,H
60000002256100688,TELEVID4913_SCANNER19,CH00850215535713443160000002256100688,10/03/2025,01/03/2025,5535713443,CH008,Germanic,CH,5021,1,C,0.8915,"B, C",,NoMatch,D441/01,C
60000002256100688,TELEVID4913_SCANNER19,CH00850215535713443260000002256100688,10/03/2025,01/03/2025,5535713443,CH008,Germanic,CH,5021,2,A,0.943,"A, C",,NoMatch,D441/01,A
60000002259800122,TELEVID4915_SCANNER19,GE001000155357134433160000002259800122,11/03/2025,01/03/2025,5535713443,GE001,Others,GE,1,31,B,0.5599,"B, C",,NoMatch,D441/01,B
60000002261200290,TELEVID4916_SCANNER19,BG001000655357134433460000002261200290,11/03/2025,01/03/2025,5535713443,BG001,Slavic,BG,6,34,B,0.9806,"B, C",,NoMatch,D441/01,B
60000002275500567,TELEVID4952_SCANNER19,DE077800455357134435160000002275500567,17/03/2025,01/03/2025,5535713443,DE077,Germanic,DE,8004,51,B,0.9911,"B, C",,NoMatch,D441/01,B
60000002481000010,TELEVID5366_SCANNER18,GR118800673119239974660000002481000010,15/05/2025,10/05/2025,7311923997,GR118,Greek,GR,8006,46,C,0.9533,"A, C",,NoMatch,D441/01,C
60000002481000028,TELEVID5366_SCANNER18,GR118802473119239975160000002481000028,15/05/2025,10/05/2025,7311923997,GR118,Greek,GR,8024,51,B,0.9962,"B, C",,NoMatch,D441/01,B
60000002645200591,BX0756448_SCANNER19,GR118802223607922434160000002645200591,21/05/2025,17/05/2025,2360792243,GR118,Greek,GR,8022,41,B,0.9999,"B, C",,NoMatch,D441/01,F
60000002645200593,BX0756448_SCANNER19,GR118802423607922433360000002645200593,21/05/2025,17/05/2025,2360792243,GR118,Greek,GR,8024,33,A,0.9399,"A, B",,NoMatch,D441/01,C
60000002708600408,TELEVID5561_SCANNER18,GR035815423607922433460000002708600408,27/05/2025,17/05/2025,2360792243,GR035,Greek,GR,8154,34,B,0.9528,"B, C",,NoMatch,D441/01,B
60000002710200840,TELEVID5552_SCANNER18,GR005840923607922434160000002710200840,27/05/2025,17/05/2025,2360792243,GR005,Greek,GR,8409,41,B,0.9988,"B, C",,NoMatch,D441/01,F
60000002933300022,TELEVID5953_SCANNER18,PL005800291700886364160000002933300022,11/06/2025,07/06/2025,9170088636,PL005,Slavic,PL,8002,41,B,0.9997,"B, C",,NoMatch,D441/01,B
60000002933300025,TELEVID5953_SCANNER18,PL005800591700886363660000002933300025,11/06/2025,07/06/2025,9170088636,PL005,Slavic,PL,8005,36,B,0.977,"B, C",,NoMatch,D441/01,D
60000002933300033,TELEVID5953_SCANNER18,PL00580139170088636360000002933300033,11/06/2025,07/06/2025,9170088636,PL005,Slavic,PL,8013,3,D,0.6894,--impossible--,,NoMatch,D441/01,D
60000002933300036,TELEVID5953_SCANNER18,PL005801691700886363560000002933300036,11/06/2025,07/06/2025,9170088636,PL005,Slavic,PL,8016,35,A,0.5447,"A, B",,NoMatch,D441/01,A
60000002933300041,TELEVID5953_SCANNER18,PL005802191700886363660000002933300041,11/06/2025,07/06/2025,9170088636,PL005,Slavic,PL,8021,36,B,0.9994,"B, C",,NoMatch,D441/01,D
60000002933300042,TELEVID5953_SCANNER18,PL00580229170088636360000002933300042,11/06/2025,07/06/2025,9170088636,PL005,Slavic,PL,8022,3,A,0.825,"A, B",,NoMatch,D441/01,D
60000002933300049,TELEVID5953_SCANNER18,PL005802991700886364160000002933300049,11/06/2025,07/06/2025,9170088636,PL005,Slavic,PL,8029,41,B,0.9825,"B, C",,NoMatch,D441/01,B
60000002934300707,TELEVID5945_SCANNER18,ES020800291700886364160000002934300707,11/06/2025,07/06/2025,9170088636,ES020,Romance,ES,8002,41,B,0.7746,"B, C",,NoMatch,D441/01,B
60000002934300720,TELEVID5945_SCANNER18,ES020801591700886363660000002934300720,11/06/2025,07/06/2025,9170088636,ES020,Romance,ES,8015,36,D,0.5893,--blank--,,NoMatch,D441/01,D
60000002934300728,TELEVID5945_SCANNER18,ES020802391700886363660000002934300728,11/06/2025,07/06/2025,9170088636,ES020,Romance,ES,8023,36,B,0.9777,"B, C",,NoMatch,D441/01,D
60000002934300731,TELEVID5945_SCANNER18,ES020802691700886363560000002934300731,11/06/2025,07/06/2025,9170088636,ES020,Romance,ES,8026,35,A,0.9489,"A, B",,NoMatch,D441/01,A
60000002934300732,TELEVID5945_SCANNER18,ES020802791700886364160000002934300732,11/06/2025,07/06/2025,9170088636,ES020,Romance,ES,8027,41,B,0.9886,"B, C",,NoMatch,D441/01,B
60000002934300734,TELEVID5945_SCANNER18,ES020802991700886364160000002934300734,11/06/2025,07/06/2025,9170088636,ES020,Romance,ES,8029,41,B,0.9998,"B, C",,NoMatch,D441/01,B
60000002934800248,TELEVID5951_SCANNER18,ES07280039170088636360000002934800248,11/06/2025,07/06/2025,9170088636,ES072,Romance,ES,8003,3,D,0.5151,--impossible--,,NoMatch,D441/01,D
60000002934800252,TELEVID5951_SCANNER18,ES072800791700886364760000002934800252,11/06/2025,07/06/2025,9170088636,ES072,Romance,ES,8007,47,D,0.9954,"B, D",,NoMatch,D441/01,B
60000002934800301,TELEVID5951_SCANNER18,ES072801291700886364160000002934800301,11/06/2025,07/06/2025,9170088636,ES072,Romance,ES,8012,41,B,0.9693,"B, C",,NoMatch,D441/01,B
60000002934800314,TELEVID5951_SCANNER18,ES072802591700886363660000002934800314,11/06/2025,07/06/2025,9170088636,ES072,Romance,ES,8025,36,B,0.9995,"B, C",,NoMatch,D441/01,D
60000002934800316,TELEVID5951_SCANNER18,ES072802791700886364160000002934800316,11/06/2025,07/06/2025,9170088636,ES072,Romance,ES,8027,41,B,0.9999,"B, C",,NoMatch,D441/01,B
60000002934800327,TELEVID5951_SCANNER18,ES072803891700886364160000002934800327,11/06/2025,07/06/2025,9170088636,ES072,Romance,ES,8038,41,B,0.9999,"B, C",,NoMatch,D441/01,B
60000002934800328,TELEVID5951_SCANNER18,ES072803991700886364160000002934800328,11/06/2025,07/06/2025,9170088636,ES072,Romance,ES,8039,41,B,0.9983,"B, C",,NoMatch,D441/01,B
60000002934800427,TELEVID5951_SCANNER18,BG001000191700886363560000002934800427,11/06/2025,07/06/2025,9170088636,BG001,Slavic,BG,1,35,A,0.7089,"A, B",,NoMatch,D441/01,A
60000002934800432,TELEVID5951_SCANNER18,BG00100069170088636360000002934800432,11/06/2025,07/06/2025,9170088636,BG001,Slavic,BG,6,3,D,0.8317,"A, D",,NoMatch,D441/01,D
60000002934800437,TELEVID5951_SCANNER18,BG001001191700886364160000002934800437,11/06/2025,07/06/2025,9170088636,BG001,Slavic,BG,11,41,B,0.9989,"B, C",,NoMatch,D441/01,B
60000002934800440,TELEVID5951_SCANNER18,BG001001491700886364160000002934800440,11/06/2025,07/06/2025,9170088636,BG001,Slavic,BG,14,41,B,0.5207,"B, C",,NoMatch,D441/01,B
60000002936600636,TELEVID5969_SCANNER18,ES815050391700886363660000002936600636,11/06/2025,07/06/2025,9170088636,ES815,Romance,ES,503,36,D,0.6279,--blank--,,NoMatch,D441/01,D
60000002941300169,TELEVID5959_SCANNER18,BG00800029170088636860000002941300169,11/06/2025,07/06/2025,9170088636,BG008,Slavic,BG,2,8,D,0.9475,"A, D",,NoMatch,D441/01,D
60000002941300175,TELEVID5959_SCANNER18,BG008000891700886364160000002941300175,11/06/2025,07/06/2025,9170088636,BG008,Slavic,BG,8,41,B,0.7609,"B, C",,NoMatch,D441/01,B
60000002941300176,TELEVID5959_SCANNER18,BG008000991700886363260000002941300176,11/06/2025,07/06/2025,9170088636,BG008,Slavic,BG,9,32,B,0.9355,"B, C",,NoMatch,D441/01,B
60000002941300179,TELEVID5959_SCANNER18,BG008001291700886363260000002941300179,11/06/2025,07/06/2025,9170088636,BG008,Slavic,BG,12,32,B,0.6993,"B, C",,NoMatch,D441/01,B
60000002941300234,TELEVID5959_SCANNER18,BG008004591700886364160000002941300234,11/06/2025,07/06/2025,9170088636,BG008,Slavic,BG,45,41,B,0.9642,"B, C",,NoMatch,D441/01,B
60000002941300239,TELEVID5959_SCANNER18,BG008005091700886364160000002941300239,11/06/2025,07/06/2025,9170088636,BG008,Slavic,BG,50,41,B,0.9924,"B, C",,NoMatch,D441/01,B
60000002941300242,TELEVID5959_SCANNER18,BG00800539170088636360000002941300242,11/06/2025,07/06/2025,9170088636,BG008,Slavic,BG,53,3,D,0.9831,"A, D",,NoMatch,D441/01,D
60000002941300244,TELEVID5959_SCANNER18,BG008005591700886363460000002941300244,11/06/2025,07/06/2025,9170088636,BG008,Slavic,BG,55,34,B,0.6566,"C, D",,NoMatch,D441/01,D
60000002941700094,TELEVID5960_SCANNER18,ES301800391700886363560000002941700094,11/06/2025,07/06/2025,9170088636,ES301,Romance,ES,8003,35,A,0.8626,"A, B",,NoMatch,D441/01,A
60000002941700110,TELEVID5960_SCANNER18,ES945000191700886364160000002941700110,11/06/2025,07/06/2025,9170088636,ES945,Romance,ES,1,41,B,0.9999,"B, C",,NoMatch,D441/01,B
60000002941700118,TELEVID5960_SCANNER18,ES945000991700886364160000002941700118,11/06/2025,07/06/2025,9170088636,ES945,Romance,ES,9,41,B,0.9999,"B, C",,NoMatch,D441/01,B
60000002941700120,TELEVID5960_SCANNER18,ES945001191700886364160000002941700120,11/06/2025,07/06/2025,9170088636,ES945,Romance,ES,11,41,B,0.9999,"B, C",,NoMatch,D441/01,B
60000002941700124,TELEVID5960_SCANNER18,ES945001591700886363660000002941700124,11/06/2025,07/06/2025,9170088636,ES945,Romance,ES,15,36,B,0.9552,"B, C",,NoMatch,D441/01,D
60000002942300170,TELEVID5946_SCANNER18,IT278000891700886364160000002942300170,11/06/2025,07/06/2025,9170088636,IT278,Romance,IT,8,41,B,0.8964,"B, C",,NoMatch,D441/01,B
60000002942300291,TELEVID5946_SCANNER18,ES442000191700886364160000002942300291,11/06/2025,07/06/2025,9170088636,ES442,Romance,ES,1,41,B,0.9979,"B, C",,NoMatch,D441/01,B
60000002942300292,TELEVID5946_SCANNER18,ES44200029170088636660000002942300292,11/06/2025,07/06/2025,9170088636,ES442,Romance,ES,2,6,A,0.7656,"A, B",,NoMatch,D441/01,D
60000002942300294,TELEVID5946_SCANNER18,ES442000491700886363660000002942300294,11/06/2025,07/06/2025,9170088636,ES442,Romance,ES,4,36,B,0.7056,"B, C",,NoMatch,D441/01,D
60000002942300295,TELEVID5946_SCANNER18,ES442000591700886364160000002942300295,11/06/2025,07/06/2025,9170088636,ES442,Romance,ES,5,41,B,0.947,"B, C",,NoMatch,D441/01,B
60000002942300308,TELEVID5946_SCANNER18,ES442001891700886363160000002942300308,11/06/2025,07/06/2025,9170088636,ES442,Romance,ES,18,31,D,0.6469,--blank--,,NoMatch,D441/01,D
60000002942300309,TELEVID5946_SCANNER18,ES442001991700886364160000002942300309,11/06/2025,07/06/2025,9170088636,ES442,Romance,ES,19,41,B,0.9997,"B, C",,NoMatch,D441/01,B
60000002942300632,TELEVID5946_SCANNER18,ES291800291700886363260000002942300632,11/06/2025,07/06/2025,9170088636,ES291,Romance,ES,8002,32,B,0.4914,"B, C",,NoMatch,D441/01,B
60000002942300652,TELEVID5946_SCANNER18,ES291802291700886363660000002942300652,11/06/2025,07/06/2025,9170088636,ES291,Romance,ES,8022,36,D,0.6944,--blank--,,NoMatch,D441/01,D
60000002943100577,TELEVID5957_SCANNER18,PL001800191700886364160000002943100577,12/06/2025,07/06/2025,9170088636,PL001,Slavic,PL,8001,41,B,0.8336,"B, C",,NoMatch,D441/01,B
60000002943100581,TELEVID5957_SCANNER18,PL00180059170088636160000002943100581,12/06/2025,07/06/2025,9170088636,PL001,Slavic,PL,8005,1,D,0.8511,"C, D",,NoMatch,D441/01,C
60000002943100582,TELEVID5957_SCANNER18,PL00180069170088636360000002943100582,12/06/2025,07/06/2025,9170088636,PL001,Slavic,PL,8006,3,A,0.5683,"A, B",,NoMatch,D441/01,D
60000002943100584,TELEVID5957_SCANNER18,PL001800891700886364160000002943100584,12/06/2025,07/06/2025,9170088636,PL001,Slavic,PL,8008,41,B,0.9609,"B, C",,NoMatch,D441/01,B
60000002943100593,TELEVID5957_SCANNER18,PL001801791700886364160000002943100593,12/06/2025,07/06/2025,9170088636,PL001,Slavic,PL,8017,41,B,0.9984,"B, C",,NoMatch,D441/01,B
60000002943100596,TELEVID5957_SCANNER18,PL001802091700886364160000002943100596,12/06/2025,07/06/2025,9170088636,PL001,Slavic,PL,8020,41,B,0.9998,"B, C",,NoMatch,D441/01,B
60000002943100605,TELEVID5957_SCANNER18,PL001802991700886364160000002943100605,12/06/2025,07/06/2025,9170088636,PL001,Slavic,PL,8029,41,B,0.9983,"B, C",,NoMatch,D441/01,B
60000002943100612,TELEVID5957_SCANNER18,PL001803691700886363560000002943100612,12/06/2025,07/06/2025,9170088636,PL001,Slavic,PL,8036,35,A,0.8833,"A, B",,NoMatch,D441/01,A
60000002943100615,TELEVID5957_SCANNER18,PL001803991700886363260000002943100615,12/06/2025,07/06/2025,9170088636,PL001,Slavic,PL,8039,32,B,0.2957,"B, C",,NoMatch,D441/01,B
60000002943100616,TELEVID5957_SCANNER18,PL001804091700886364860000002943100616,12/06/2025,07/06/2025,9170088636,PL001,Slavic,PL,8040,48,D,0.9902,"B, D",,NoMatch,D441/01,D
60000002943100616,TELEVID5957_SCANNER18,PL001804091700886365060000002943100616,12/06/2025,07/06/2025,9170088636,PL001,Slavic,PL,8040,50,B,0.9589,"A, B",,NoMatch,D441/01,B
60000002943100618,TELEVID5957_SCANNER18,PL001804291700886363660000002943100618,12/06/2025,07/06/2025,9170088636,PL001,Slavic,PL,8042,36,B,0.5362,--blank--,,NoMatch,D441/01,D
60000002943100626,TELEVID5957_SCANNER18,PL001805091700886364160000002943100626,12/06/2025,07/06/2025,9170088636,PL001,Slavic,PL,8050,41,B,0.9999,"B, C",,NoMatch,D441/01,B
60000002943100627,TELEVID5957_SCANNER18,PL001805191700886363660000002943100627,12/06/2025,07/06/2025,9170088636,PL001,Slavic,PL,8051,36,B,0.9981,"B, C",,NoMatch,D441/01,D
60000002944000197,TELEVID5967_SCANNER18,ES252000191700886364160000002944000197,12/06/2025,07/06/2025,9170088636,ES252,Romance,ES,1,41,B,0.9934,"B, C",,NoMatch,D441/01,B
60000002944300134,TELEVID5977_SCANNER18,DE175000691700886363260000002944300134,12/06/2025,07/06/2025,9170088636,DE175,Germanic,DE,6,32,B,0.732,--blank--,,NoMatch,D441/01,B
60000002951200101,televid6004_SCANNER18,IT017801091700886363160000002951200101,12/06/2025,07/06/2025,9170088636,IT017,Romance,IT,8010,31,A,0.9497,"A, C",,NoMatch,D441/01,D
60000002951200101,televid6004_SCANNER18,IT017801091700886363260000002951200101,12/06/2025,07/06/2025,9170088636,IT017,Romance,IT,8010,32,A,0.9559,"A, D",,NoMatch,D441/01,B
60000002951200101,televid6004_SCANNER18,IT017801091700886363360000002951200101,12/06/2025,07/06/2025,9170088636,IT017,Romance,IT,8010,33,B,0.9003,"A, B",,NoMatch,D441/01,B
60000002951200101,televid6004_SCANNER18,IT017801091700886363460000002951200101,12/06/2025,07/06/2025,9170088636,IT017,Romance,IT,8010,34,D,0.7807,"A, D",,NoMatch,D441/01,D
60000002951200101,televid6004_SCANNER18,IT017801091700886363560000002951200101,12/06/2025,07/06/2025,9170088636,IT017,Romance,IT,8010,35,C,0.492,"A, C",,NoMatch,D441/01,A
60000002951200101,televid6004_SCANNER18,IT017801091700886363660000002951200101,12/06/2025,07/06/2025,9170088636,IT017,Romance,IT,8010,36,A,0.9326,"A, D",,NoMatch,D441/01,D
60000002951200106,televid6004_SCANNER18,IT017801591700886364160000002951200106,12/06/2025,07/06/2025,9170088636,IT017,Romance,IT,8015,41,B,0.9903,"B, C",,NoMatch,D441/01,B
60000002951200110,televid6004_SCANNER18,IT017801991700886364160000002951200110,12/06/2025,07/06/2025,9170088636,IT017,Romance,IT,8019,41,B,0.9997,"B, C",,NoMatch,D441/01,B
60000002951200111,televid6004_SCANNER18,IT01780209170088636360000002951200111,12/06/2025,07/06/2025,9170088636,IT017,Romance,IT,8020,3,D,0.9821,"A, D",,NoMatch,D441/01,D
60000002952700039,televid5995_SCANNER18,GR118810791700886361160000002952700039,12/06/2025,07/06/2025,9170088636,GR118,Greek,GR,8107,11,A,0.6878,AV,,NoMatch,D441/01,be
60000002952700052,televid5995_SCANNER18,GR118812091700886363460000002952700052,12/06/2025,07/06/2025,9170088636,GR118,Greek,GR,8120,34,D,0.8328,--blank--,,NoMatch,D441/01,D
60000002952700072,televid5995_SCANNER18,GR118814091700886363660000002952700072,12/06/2025,07/06/2025,9170088636,GR118,Greek,GR,8140,36,B,0.7662,"B, C",,NoMatch,D441/01,D
60000002952700072,televid5995_SCANNER18,GR118814091700886364160000002952700072,12/06/2025,07/06/2025,9170088636,GR118,Greek,GR,8140,41,B,0.8582,"B, C",,NoMatch,D441/01,B
60000002952700086,televid5995_SCANNER18,GR118815491700886363660000002952700086,12/06/2025,07/06/2025,9170088636,GR118,Greek,GR,8154,36,B,0.6278,"C, D",,NoMatch,D441/01,D
60000002952700090,televid5995_SCANNER18,GR118815891700886363660000002952700090,12/06/2025,07/06/2025,9170088636,GR118,Greek,GR,8158,36,D,0.799,--blank--,,NoMatch,D441/01,D
60000002957900605,TELEVID6007_SCANNER18,GR11880859170088636160000002957900605,12/06/2025,07/06/2025,9170088636,GR118,Greek,GR,8085,1,A,0.7686,"A, B",,NoMatch,D441/01,C
60000002957900638,TELEVID6007_SCANNER18,GR118830391700886363460000002957900638,12/06/2025,07/06/2025,9170088636,GR118,Greek,GR,8303,34,D,0.5129,--blank--,,NoMatch,D441/01,D
60000002957900654,TELEVID6007_SCANNER18,GR118840691700886364160000002957900654,12/06/2025,07/06/2025,9170088636,GR118,Greek,GR,8406,41,B,0.9941,"B, C",,NoMatch,D441/01,B
60000002958700733,TELEVID6008_SCANNER18,ES431001291700886363660000002958700733,12/06/2025,07/06/2025,9170088636,ES431,Romance,ES,12,36,B,0.8633,"B, C",,NoMatch,D441/01,D
60000002958700841,TELEVID6008_SCANNER18,GR118840991700886363860000002958700841,12/06/2025,07/06/2025,9170088636,GR118,Greek,GR,8409,38,A,0.5241,"A, H",,NoMatch,D441/01,A
60000002958700841,TELEVID6008_SCANNER18,GR118840991700886364160000002958700841,12/06/2025,07/06/2025,9170088636,GR118,Greek,GR,8409,41,F,0.982,"D, F",,NoMatch,D441/01,B
60000002958700841,TELEVID6008_SCANNER18,GR118840991700886364260000002958700841,12/06/2025,07/06/2025,9170088636,GR118,Greek,GR,8409,42,C,0.9965,"C, F",,NoMatch,D441/01,F
60000002958700841,TELEVID6008_SCANNER18,GR118840991700886365360000002958700841,12/06/2025,07/06/2025,9170088636,GR118,Greek,GR,8409,53,D,0.9778,"C, D",,NoMatch,D441/01,C
60000002958700842,TELEVID6008_SCANNER18,GR118841091700886363260000002958700842,12/06/2025,07/06/2025,9170088636,GR118,Greek,GR,8410,32,B,0.8268,"B, D",,NoMatch,D441/01,B
60000002958700842,TELEVID6008_SCANNER18,GR118841091700886363360000002958700842,12/06/2025,07/06/2025,9170088636,GR118,Greek,GR,8410,33,C,0.8776,"C, D",,NoMatch,D441/01,B
60000002958700843,TELEVID6008_SCANNER18,PL002000291700886364160000002958700843,12/06/2025,07/06/2025,9170088636,PL002,Slavic,PL,2,41,B,0.9999,"B, C",,NoMatch,D441/01,B
60000002958700844,TELEVID6008_SCANNER18,PL002802791700886364160000002958700844,12/06/2025,07/06/2025,9170088636,PL002,Slavic,PL,8027,41,B,0.9998,"B, C",,NoMatch,D441/01,B
60000002958700849,TELEVID6008_SCANNER18,PL00280329170088636360000002958700849,12/06/2025,07/06/2025,9170088636,PL002,Slavic,PL,8032,3,A,0.5246,"A, B",,NoMatch,D441/01,D
60000002958700850,TELEVID6008_SCANNER18,PL002803391700886363660000002958700850,12/06/2025,07/06/2025,9170088636,PL002,Slavic,PL,8033,36,B,0.9899,"B, C",,NoMatch,D441/01,D
60000002958700860,TELEVID6008_SCANNER18,PL002804391700886363660000002958700860,12/06/2025,07/06/2025,9170088636,PL002,Slavic,PL,8043,36,D,0.6242,--blank--,,NoMatch,D441/01,D
60000002958700860,TELEVID6008_SCANNER18,PL002804391700886364160000002958700860,12/06/2025,07/06/2025,9170088636,PL002,Slavic,PL,8043,41,B,0.6806,"B, C",,NoMatch,D441/01,B
60000002958700861,TELEVID6008_SCANNER18,PL002804491700886363460000002958700861,12/06/2025,07/06/2025,9170088636,PL002,Slavic,PL,8044,34,B,0.5662,"B, C",,NoMatch,D441/01,D
60000002958700867,TELEVID6008_SCANNER18,PL002805091700886363660000002958700867,12/06/2025,07/06/2025,9170088636,PL002,Slavic,PL,8050,36,D,0.623,--blank--,,NoMatch,D441/01,D
60000002958700867,TELEVID6008_SCANNER18,PL002805091700886364160000002958700867,12/06/2025,07/06/2025,9170088636,PL002,Slavic,PL,8050,41,B,0.9998,"B, C",,NoMatch,D441/01,B
60000002970900642,TELEVID6042_SCANNER18,ES448000891700886363660000002970900642,13/06/2025,07/06/2025,9170088636,ES448,Romance,ES,8,36,B,0.8814,"B, C",,NoMatch,D441/01,D
60000002971100051,TELEVID6041_SCANNER18,ES434800691700886363460000002971100051,13/06/2025,07/06/2025,9170088636,ES434,Romance,ES,8006,34,D,0.5235,--blank--,,NoMatch,D441/01,D
60000002971100051,TELEVID6041_SCANNER18,ES434800691700886364160000002971100051,13/06/2025,07/06/2025,9170088636,ES434,Romance,ES,8006,41,B,0.9854,"B, C",,NoMatch,D441/01,B
60000002971600583,TELEVID6025_SCANNER18,BG005004791700886363660000002971600583,13/06/2025,07/06/2025,9170088636,BG005,Slavic,BG,47,36,B,0.8109,"C, D",,NoMatch,D441/01,D
60000002971600737,TELEVID6025_SCANNER18,BG005003391700886363660000002971600737,13/06/2025,07/06/2025,9170088636,BG005,Slavic,BG,33,36,B,0.9979,"B, C",,NoMatch,D441/01,D
60000002971600748,TELEVID6025_SCANNER18,BG00500249170088636660000002971600748,13/06/2025,07/06/2025,9170088636,BG005,Slavic,BG,24,6,A,0.789,"A, B",,NoMatch,D441/01,D
60000002971600749,TELEVID6025_SCANNER18,BG005002591700886363560000002971600749,13/06/2025,07/06/2025,9170088636,BG005,Slavic,BG,25,35,A,0.7921,"A, B",,NoMatch,D441/01,A
60000002971600751,TELEVID6025_SCANNER18,BG005002791700886363360000002971600751,13/06/2025,07/06/2025,9170088636,BG005,Slavic,BG,27,33,A,0.944,"A, B",,NoMatch,D441/01,B
60000002973500373,TELEVID6032_SCANNER18,ES385800891700886364160000002973500373,13/06/2025,07/06/2025,9170088636,ES385,Romance,ES,8008,41,B,0.9526,"B, C",,NoMatch,D441/01,B
60000002973800339,TELEVID6046_SCANNER18,ES391900791700886363460000002973800339,13/06/2025,07/06/2025,9170088636,ES391,Romance,ES,9007,34,B,0.9232,"B, C",,NoMatch,D441/01,D
60000002973800341,TELEVID6046_SCANNER18,ES391900991700886363460000002973800341,13/06/2025,07/06/2025,9170088636,ES391,Romance,ES,9009,34,B,0.4611,"B, C",,NoMatch,D441/01,D
60000002973800343,TELEVID6046_SCANNER18,ES391980191700886364160000002973800343,13/06/2025,07/06/2025,9170088636,ES391,Romance,ES,9801,41,B,0.9983,"B, C",,NoMatch,D441/01,B
60000002974000042,TELEVID6037_SCANNER18,IT282800491700886363660000002974000042,13/06/2025,07/06/2025,9170088636,IT282,Romance,IT,8004,36,B,0.9905,"B, C",,NoMatch,D441/01,D
60000002974000049,TELEVID6037_SCANNER18,IT282801191700886365260000002974000049,13/06/2025,07/06/2025,9170088636,IT282,Romance,IT,8011,52,D,0.937,"B, D",,NoMatch,D441/01,D
60000002974700266,TELEVID6054_SCANNER18,CZ01480019170088636360000002974700266,13/06/2025,07/06/2025,9170088636,CZ014,Slavic,CZ,8001,3,D,0.5129,--impossible--,,NoMatch,D441/01,D
60000002974700268,TELEVID6054_SCANNER18,CZ014800391700886363460000002974700268,13/06/2025,07/06/2025,9170088636,CZ014,Slavic,CZ,8003,34,B,0.9961,"B, C",,NoMatch,D441/01,D
60000002974700269,TELEVID6054_SCANNER18,CZ014800491700886364160000002974700269,13/06/2025,07/06/2025,9170088636,CZ014,Slavic,CZ,8004,41,B,0.999,"B, C",,NoMatch,D441/01,B
60000002974700273,TELEVID6054_SCANNER18,CZ014800891700886363460000002974700273,13/06/2025,07/06/2025,9170088636,CZ014,Slavic,CZ,8008,34,D,0.7604,--blank--,,NoMatch,D441/01,D
60000002976200599,TELEVID6058_SCANNER18,ES426000191700886363660000002976200599,13/06/2025,07/06/2025,9170088636,ES426,Romance,ES,1,36,B,0.707,"B, C",,NoMatch,D441/01,D
60000002976200599,TELEVID6058_SCANNER18,ES426000191700886364160000002976200599,13/06/2025,07/06/2025,9170088636,ES426,Romance,ES,1,41,B,0.9996,"B, C",,NoMatch,D441/01,B
60000002976500118,TELEVID6036_SCANNER18,BG005005191700886363260000002976500118,13/06/2025,07/06/2025,9170088636,BG005,Slavic,BG,51,32,B,0.949,"B, C",,NoMatch,D441/01,B
60000002976500585,TELEVID6036_SCANNER18,BG008007691700886364160000002976500585,13/06/2025,07/06/2025,9170088636,BG008,Slavic,BG,76,41,B,0.9999,"B, C",,NoMatch,D441/01,B
60000002976900332,TELEVID6051_SCANNER18,PL277000591700886363260000002976900332,13/06/2025,07/06/2025,9170088636,PL277,Slavic,PL,5,32,B,0.9858,"B, C",,NoMatch,D441/01,B
60000002976900332,TELEVID6051_SCANNER18,PL277000591700886363660000002976900332,13/06/2025,07/06/2025,9170088636,PL277,Slavic,PL,5,36,B,0.9859,"B, C",,NoMatch,D441/01,D
60000002982800166,TELEVID6050_SCANNER18,ES438002091700886364060000002982800166,14/06/2025,07/06/2025,9170088636,ES438,Romance,ES,20,40,D,0.5536,"D, E",,NoMatch,D441/01,D
60000002982800169,TELEVID6050_SCANNER18,ES438002391700886364160000002982800169,14/06/2025,07/06/2025,9170088636,ES438,Romance,ES,23,41,B,0.8338,"B, C",,NoMatch,D441/01,B
60000002983000499,TELEVID6056_SCANNER18,CZ014100291700886364160000002983000499,14/06/2025,07/06/2025,9170088636,CZ014,Slavic,CZ,1002,41,B,0.7209,"B, C",,NoMatch,D441/01,B
60000002983300547,TELEVID6028_SCANNER18,GE001000291700886364160000002983300547,14/06/2025,07/06/2025,9170088636,GE001,Others,GE,2,41,E,0.6393,"E, F",,NoMatch,D441/01,B
60000002983300547,TELEVID6028_SCANNER18,GE001000291700886365360000002983300547,14/06/2025,07/06/2025,9170088636,GE001,Others,GE,2,53,B,0.946,"A, B",,NoMatch,D441/01,C
60000002983300551,TELEVID6028_SCANNER18,GE001000691700886364260000002983300551,14/06/2025,07/06/2025,9170088636,GE001,Others,GE,6,42,G,0.7891,"D, G",,NoMatch,D441/01,F
60000003011800061,TELEVID6052_SCANNER18,ES337000591700886364160000003011800061,16/06/2025,07/06/2025,9170088636,ES337,Romance,ES,5,41,B,0.9845,"B, C",,NoMatch,D441/01,B
60000003012400511,TELEVID6063_SCANNER18,ES383808191700886363860000003012400511,16/06/2025,07/06/2025,9170088636,ES383,Romance,ES,8081,38,A,0.7123,"A, B",,NoMatch,D441/01,A
60000003012400517,TELEVID6063_SCANNER18,ES38380879170088636660000003012400517,16/06/2025,07/06/2025,9170088636,ES383,Romance,ES,8087,6,D,0.9882,"A, D",,NoMatch,D441/01,D
60000003012400518,TELEVID6063_SCANNER18,ES383808891700886363260000003012400518,16/06/2025,07/06/2025,9170088636,ES383,Romance,ES,8088,32,B,0.9253,"B, C",,NoMatch,D441/01,B
60000003012400519,TELEVID6063_SCANNER18,ES383808991700886363660000003012400519,16/06/2025,07/06/2025,9170088636,ES383,Romance,ES,8089,36,B,0.8238,"B, C",,NoMatch,D441/01,D
60000003012800001,TELEVID6072_SCANNER18,ES383803691700886363560000003012800001,16/06/2025,07/06/2025,9170088636,ES383,Romance,ES,8036,35,A,0.5756,"A, B",,NoMatch,D441/01,A
60000003012800010,TELEVID6072_SCANNER18,ES383804591700886364160000003012800010,16/06/2025,07/06/2025,9170088636,ES383,Romance,ES,8045,41,B,0.9949,"B, C",,NoMatch,D441/01,B
60000003012800022,TELEVID6072_SCANNER18,ES38380579170088636160000003012800022,16/06/2025,07/06/2025,9170088636,ES383,Romance,ES,8057,1,D,0.9193,--impossible--,,NoMatch,D441/01,C
60000003012800024,TELEVID6072_SCANNER18,ES383805991700886363460000003012800024,16/06/2025,07/06/2025,9170088636,ES383,Romance,ES,8059,34,B,0.9934,"B, C",,NoMatch,D441/01,D
60000003012800309,TELEVID6072_SCANNER18,ES383800391700886363660000003012800309,16/06/2025,07/06/2025,9170088636,ES383,Romance,ES,8003,36,B,0.997,"B, C",,NoMatch,D441/01,D
60000003012800311,TELEVID6072_SCANNER18,ES383800591700886364160000003012800311,16/06/2025,07/06/2025,9170088636,ES383,Romance,ES,8005,41,B,0.948,"B, C",,NoMatch,D441/01,B
60000003012800312,TELEVID6072_SCANNER18,ES383800691700886364160000003012800312,16/06/2025,07/06/2025,9170088636,ES383,Romance,ES,8006,41,B,0.8025,"B, C",,NoMatch,D441/01,B
60000003012800320,TELEVID6072_SCANNER18,ES383801491700886363660000003012800320,16/06/2025,07/06/2025,9170088636,ES383,Romance,ES,8014,36,B,0.9044,"B, C",,NoMatch,D441/01,D
60000003012800323,TELEVID6072_SCANNER18,ES383801791700886363460000003012800323,16/06/2025,07/06/2025,9170088636,ES383,Romance,ES,8017,34,D,0.8096,--blank--,,NoMatch,D441/01,D
60000003012800325,TELEVID6072_SCANNER18,ES383801991700886363260000003012800325,16/06/2025,07/06/2025,9170088636,ES383,Romance,ES,8019,32,B,0.9986,"B, C",,NoMatch,D441/01,B
60000003012800338,TELEVID6072_SCANNER18,ES383803291700886364160000003012800338,16/06/2025,07/06/2025,9170088636,ES383,Romance,ES,8032,41,B,0.897,"B, C",,NoMatch,D441/01,B
60000003012800341,TELEVID6072_SCANNER18,ES383803591700886363260000003012800341,16/06/2025,07/06/2025,9170088636,ES383,Romance,ES,8035,32,B,0.9552,"B, C",,NoMatch,D441/01,B
60000003013400581,TELEVID6069_SCANNER18,ES467001291700886364160000003013400581,16/06/2025,07/06/2025,9170088636,ES467,Romance,ES,12,41,B,0.9999,"B, C",,NoMatch,D441/01,B
60000003044200377,TELEVID8035_SCANNER18,ES330000191700886363660000003044200377,18/06/2025,07/06/2025,9170088636,ES330,Romance,ES,1,36,B,0.9156,"B, C",,NoMatch,D441/01,D
60000003044200377,TELEVID8035_SCANNER18,ES330000191700886364160000003044200377,18/06/2025,07/06/2025,9170088636,ES330,Romance,ES,1,41,B,0.9745,"B, C",,NoMatch,D441/01,B
60000003045500114,TELEVID8029_SCANNER18,IT308000458217111923660000003045500114,18/06/2025,13/06/2025,5821711192,IT308,Romance,IT,4,36,D,0.666,--blank--,,NoMatch,D441/01,C
60000003047600812,TELEVID6095_SCANNER18,ES439701091700886363660000003047600812,18/06/2025,07/06/2025,9170088636,ES439,Romance,ES,7010,36,B,0.984,"B, C",,NoMatch,D441/01,D
60000003047600812,TELEVID6095_SCANNER18,ES439701091700886364160000003047600812,18/06/2025,07/06/2025,9170088636,ES439,Romance,ES,7010,41,B,0.9998,"B, C",,NoMatch,D441/01,B
60000003050000149,TELEVID6099_SCANNER18,ES071800491700886364060000003050000149,18/06/2025,07/06/2025,9170088636,ES071,Romance,ES,8004,40,D,0.8938,"D, E",,NoMatch,D441/01,D
60000003050700462,TELEVID6106_SCANNER18,ES407000391700886363660000003050700462,18/06/2025,07/06/2025,9170088636,ES407,Romance,ES,3,36,B,0.9989,"B, C",,NoMatch,D441/01,D
60000003051000448,TELEVID6100_SCANNER19,BR249001891700886364160000003051000448,18/06/2025,07/06/2025,9170088636,BR249,Romance,BR,18,41,B,0.9805,"B, C",,NoMatch,D441/01,B
60000003051000453,TELEVID6100_SCANNER19,BR249002391700886364160000003051000453,18/06/2025,07/06/2025,9170088636,BR249,Romance,BR,23,41,B,0.6429,"B, C",,NoMatch,D441/01,B
60000003051000481,TELEVID6100_SCANNER19,BR249005191700886364160000003051000481,18/06/2025,07/06/2025,9170088636,BR249,Romance,BR,51,41,B,0.9996,"B, C",,NoMatch,D441/01,B
60000003051000481,TELEVID6100_SCANNER19,BR249005191700886364660000003051000481,18/06/2025,07/06/2025,9170088636,BR249,Romance,BR,51,46,A,0.5431,"A, B",,NoMatch,D441/01,A
60000003051000485,TELEVID6100_SCANNER19,BR249005591700886364160000003051000485,18/06/2025,07/06/2025,9170088636,BR249,Romance,BR,55,41,B,0.9913,"B, C",,NoMatch,D441/01,B
60000003051000486,TELEVID6100_SCANNER19,BR249005691700886364160000003051000486,18/06/2025,07/06/2025,9170088636,BR249,Romance,BR,56,41,B,0.9995,"B, C",,NoMatch,D441/01,B
60000003051000534,TELEVID6100_SCANNER19,BR249008491700886364160000003051000534,18/06/2025,07/06/2025,9170088636,BR249,Romance,BR,84,41,B,0.9986,"B, C",,NoMatch,D441/01,B
60000003051000671,TELEVID6100_SCANNER19,ES379000558217111923360000003051000671,18/06/2025,13/06/2025,5821711192,ES379,Romance,ES,5,33,D,0.7469,--blank--,,NoMatch,D441/01,D
60000003051000671,TELEVID6100_SCANNER19,ES379000558217111923560000003051000671,18/06/2025,13/06/2025,5821711192,ES379,Romance,ES,5,35,C,0.5274,--blank--,,NoMatch,D441/01,C
60000003051000673,TELEVID6100_SCANNER19,ES379000758217111923160000003051000673,18/06/2025,13/06/2025,5821711192,ES379,Romance,ES,7,31,B,0.9855,"B, C",,NoMatch,D441/01,B
60000003053000349,TELEVID8044_SCANNER19,ES040801458217111923460000003053000349,18/06/2025,13/06/2025,5821711192,ES040,Romance,ES,8014,34,B,0.942,"C, D",,NoMatch,D441/01,A
60000003054500231,TELEVID8043_SCANNER19,ES382000791700886364160000003054500231,18/06/2025,07/06/2025,9170088636,ES382,Romance,ES,7,41,B,0.9983,"B, C",,NoMatch,D441/01,B
60000003054500234,TELEVID8043_SCANNER19,ES382000591700886363460000003054500234,18/06/2025,07/06/2025,9170088636,ES382,Romance,ES,5,34,B,0.9614,"B, C",,NoMatch,D441/01,D
60000003054500487,TELEVID8043_SCANNER19,ES38380225821711192360000003054500487,18/06/2025,13/06/2025,5821711192,ES383,Romance,ES,8022,3,A,0.5447,"A, B",,NoMatch,D441/01,A
60000003054500487,TELEVID8043_SCANNER19,ES383802258217111923660000003054500487,18/06/2025,13/06/2025,5821711192,ES383,Romance,ES,8022,36,B,0.9813,"B, C",,NoMatch,D441/01,C
60000003054500494,TELEVID8043_SCANNER19,ES383802958217111924460000003054500494,18/06/2025,13/06/2025,5821711192,ES383,Romance,ES,8029,44,A,0.7757,"A, B",,NoMatch,D441/01,C
60000003054500504,TELEVID8043_SCANNER19,ES383803958217111924560000003054500504,18/06/2025,13/06/2025,5821711192,ES383,Romance,ES,8039,45,A,0.7763,"A, B",,NoMatch,D441/01,A
60000003054500508,TELEVID8043_SCANNER19,ES383804358217111924560000003054500508,18/06/2025,13/06/2025,5821711192,ES383,Romance,ES,8043,45,A,0.6018,"A, B",,NoMatch,D441/01,A
60000003054500523,TELEVID8043_SCANNER19,ES383805858217111923660000003054500523,18/06/2025,13/06/2025,5821711192,ES383,Romance,ES,8058,36,B,0.7234,"B, C",,NoMatch,D441/01,C
60000003054800034,TELEVID8040_SCANNER19,ES383810358217111924560000003054800034,18/06/2025,13/06/2025,5821711192,ES383,Romance,ES,8103,45,A,0.6511,"A, B",,NoMatch,D441/01,A
60000003054800049,TELEVID8040_SCANNER19,ES383811858217111923660000003054800049,18/06/2025,13/06/2025,5821711192,ES383,Romance,ES,8118,36,B,0.6183,"B, C",,NoMatch,D441/01,C
60000003054800074,TELEVID8040_SCANNER19,ES383807458217111923660000003054800074,18/06/2025,13/06/2025,5821711192,ES383,Romance,ES,8074,36,B,0.7534,"B, C",,NoMatch,D441/01,C
60000003059200461,televid8007_SCANNER19,ES589501958217111923460000003059200461,18/06/2025,13/06/2025,5821711192,ES589,Romance,ES,5019,34,B,0.9527,"C, D",,NoMatch,D441/01,A
60000003059200490,televid8007_SCANNER19,ES58950115821711192760000003059200490,18/06/2025,13/06/2025,5821711192,ES589,Romance,ES,5011,7,B,0.9619,"A, B",,NoMatch,D441/01,A
60000003059800533,televid8046_SCANNER19,ES383800258217111923160000003059800533,18/06/2025,13/06/2025,5821711192,ES383,Romance,ES,8002,31,B,0.4869,--blank--,,NoMatch,D441/01,B
60000003059800538,televid8046_SCANNER19,ES383800758217111923760000003059800538,18/06/2025,13/06/2025,5821711192,ES383,Romance,ES,8007,37,F,0.9967,"A, F",,NoMatch,D441/01,F
60000003059800541,televid8046_SCANNER19,ES383801058217111924160000003059800541,18/06/2025,13/06/2025,5821711192,ES383,Romance,ES,8010,41,B,0.9916,"B, C",,NoMatch,D441/01,G
60000003059800545,televid8046_SCANNER19,ES383801458217111924160000003059800545,18/06/2025,13/06/2025,5821711192,ES383,Romance,ES,8014,41,B,0.9999,"B, C",,NoMatch,D441/01,G
60000003059800592,televid8046_SCANNER19,ES383812458217111923160000003059800592,18/06/2025,13/06/2025,5821711192,ES383,Romance,ES,8124,31,D,0.5297,--blank--,,NoMatch,D441/01,B
60000003059800595,televid8046_SCANNER19,ES383812758217111924560000003059800595,18/06/2025,13/06/2025,5821711192,ES383,Romance,ES,8127,45,C,0.9762,"A, C",,NoMatch,D441/01,A
60000003059800606,televid8046_SCANNER19,ES383813858217111923960000003059800606,18/06/2025,13/06/2025,5821711192,ES383,Romance,ES,8138,39,C,0.6388,"A, C",,NoMatch,D441/01,A
60000003073100596,TELEVID8005_SCANNER19,ES39760045821711192360000003073100596,19/06/2025,13/06/2025,5821711192,ES397,Romance,ES,6004,3,D,0.8438,--impossible--,,NoMatch,D441/01,A
60000003073100607,TELEVID8005_SCANNER19,ES397601558217111923660000003073100607,19/06/2025,13/06/2025,5821711192,ES397,Romance,ES,6015,36,B,0.9803,"B, C",,NoMatch,D441/01,C
60000003073100612,TELEVID8005_SCANNER19,ES397602058217111924160000003073100612,19/06/2025,13/06/2025,5821711192,ES397,Romance,ES,6020,41,B,0.9844,"B, C",,NoMatch,D441/01,G
60000003073100617,TELEVID8005_SCANNER19,ES397602558217111923160000003073100617,19/06/2025,13/06/2025,5821711192,ES397,Romance,ES,6025,31,B,0.7659,"B, C",,NoMatch,D441/01,B
60000003073100618,TELEVID8005_SCANNER19,ES39760265821711192360000003073100618,19/06/2025,13/06/2025,5821711192,ES397,Romance,ES,6026,3,A,0.8336,"A, B",,NoMatch,D441/01,A
60000003075300557,TELEVID8067_SCANNER19,ES685800458217111923660000003075300557,19/06/2025,13/06/2025,5821711192,ES685,Romance,ES,8004,36,B,0.8319,"B, C",,NoMatch,D441/01,C
60000003075300562,TELEVID8067_SCANNER19,ES685800958217111924460000003075300562,19/06/2025,13/06/2025,5821711192,ES685,Romance,ES,8009,44,A,0.8534,"A, B",,NoMatch,D441/01,C
60000003075300563,TELEVID8067_SCANNER19,ES685801058217111923360000003075300563,19/06/2025,13/06/2025,5821711192,ES685,Romance,ES,8010,33,D,0.9493,"A, D",,NoMatch,D441/01,D
60000003075300565,TELEVID8067_SCANNER19,ES68580125821711192660000003075300565,19/06/2025,13/06/2025,5821711192,ES685,Romance,ES,8012,6,D,0.9668,"A, D",,NoMatch,D441/01,D
60000003075300566,TELEVID8067_SCANNER19,ES685801358217111923660000003075300566,19/06/2025,13/06/2025,5821711192,ES685,Romance,ES,8013,36,C,0.8815,"C, D",,NoMatch,D441/01,C
60000003075300575,TELEVID8067_SCANNER19,ES685802258217111923460000003075300575,19/06/2025,13/06/2025,5821711192,ES685,Romance,ES,8022,34,B,0.7326,"B, C",,NoMatch,D441/01,A
60000003078900032,TELEVID8095_SCANNER19,DE004800758217111924060000003078900032,19/06/2025,13/06/2025,5821711192,DE004,Germanic,DE,8007,40,E,0.9972,"A, E",,NoMatch,D441/01,E
60000003079500770,TELEVID8069_SCANNER19,CH00149035821711192460000003079500770,19/06/2025,13/06/2025,5821711192,CH001,Germanic,CH,4903,4,D,0.9146,"A, D",,NoMatch,D441/01,D
60000003079500782,TELEVID8069_SCANNER19,CH001491558217111923460000003079500782,19/06/2025,13/06/2025,5821711192,CH001,Germanic,CH,4915,34,B,0.7558,"B, C",,NoMatch,D441/01,A
60000003079500787,TELEVID8069_SCANNER19,CH001492058217111924360000003079500787,19/06/2025,13/06/2025,5821711192,CH001,Germanic,CH,4920,43,H,0.9804,"A, H",,NoMatch,D441/01,B
60000003079500788,TELEVID8069_SCANNER19,CH001492158217111924560000003079500788,19/06/2025,13/06/2025,5821711192,CH001,Germanic,CH,4921,45,A,0.6838,"A, B",,NoMatch,D441/01,A
60000003079500790,TELEVID8069_SCANNER19,CH001492358217111923760000003079500790,19/06/2025,13/06/2025,5821711192,CH001,Germanic,CH,4923,37,E,0.6164,"D, E",,NoMatch,D441/01,F
60000003079500790,TELEVID8069_SCANNER19,CH001492358217111923860000003079500790,19/06/2025,13/06/2025,5821711192,CH001,Germanic,CH,4923,38,H,0.8909,"A, H",,NoMatch,D441/01,H
60000003079500790,TELEVID8069_SCANNER19,CH001492358217111923960000003079500790,19/06/2025,13/06/2025,5821711192,CH001,Germanic,CH,4923,39,C,0.737,"A, C",,NoMatch,D441/01,A
60000003079500790,TELEVID8069_SCANNER19,CH001492358217111924360000003079500790,19/06/2025,13/06/2025,5821711192,CH001,Germanic,CH,4923,43,A,0.9297,"A, C",,NoMatch,D441/01,B
60000003079500790,TELEVID8069_SCANNER19,CH001492358217111925060000003079500790,19/06/2025,13/06/2025,5821711192,CH001,Germanic,CH,4923,50,C,0.9693,"A, C",,NoMatch,D441/01,C
60000003079500790,TELEVID8069_SCANNER19,CH001492358217111925160000003079500790,19/06/2025,13/06/2025,5821711192,CH001,Germanic,CH,4923,51,A,0.85,"A, D",,NoMatch,D441/01,A
60000003079500850,TELEVID8069_SCANNER19,CH001481358217111923860000003079500850,19/06/2025,13/06/2025,5821711192,CH001,Germanic,CH,4813,38,H,0.996,"C, H",,NoMatch,D441/01,H
60000003079500853,TELEVID8069_SCANNER19,CH00148165821711192460000003079500853,19/06/2025,13/06/2025,5821711192,CH001,Germanic,CH,4816,4,D,0.998,"A, D",,NoMatch,D441/01,D
60000003079500867,TELEVID8069_SCANNER19,CH001483058217111923760000003079500867,19/06/2025,13/06/2025,5821711192,CH001,Germanic,CH,4830,37,A,0.9908,"A, D",,NoMatch,D441/01,F
60000003081400212,TELEVID8106_SCANNER19,ES439700558217111923160000003081400212,19/06/2025,13/06/2025,5821711192,ES439,Romance,ES,7005,31,B,0.5,--blank--,,NoMatch,D441/01,B
60000003081400219,TELEVID8106_SCANNER19,ES439701258217111923160000003081400219,19/06/2025,13/06/2025,5821711192,ES439,Romance,ES,7012,31,B,0.7303,--blank--,,NoMatch,D441/01,B
60000003081400221,TELEVID8106_SCANNER19,ES43970145821711192760000003081400221,19/06/2025,13/06/2025,5821711192,ES439,Romance,ES,7014,7,B,0.8921,"B, C",,NoMatch,D441/01,A
60000003082700028,TELEVID8101_SCANNER19,PL277001358217111924160000003082700028,19/06/2025,13/06/2025,5821711192,PL277,Slavic,PL,13,41,B,0.9999,"B, C",,NoMatch,D441/01,G
60000003082700326,TELEVID8101_SCANNER19,PL277001958217111924660000003082700326,19/06/2025,13/06/2025,5821711192,PL277,Slavic,PL,19,46,D,0.9982,"A, D",,NoMatch,D441/01,D
60000003082700326,TELEVID8101_SCANNER19,PL277001958217111925060000003082700326,19/06/2025,13/06/2025,5821711192,PL277,Slavic,PL,19,50,B,0.8291,"B, C",,NoMatch,D441/01,C
60000003082700334,TELEVID8101_SCANNER19,PL277003358217111923960000003082700334,19/06/2025,13/06/2025,5821711192,PL277,Slavic,PL,33,39,C,0.9321,"C, E",,NoMatch,D441/01,A
60000003092300427,TELEVID8124_SCANNER19,IT305800258217111923460000003092300427,20/06/2025,13/06/2025,5821711192,IT305,Romance,IT,8002,34,B,0.8182,"B, C",,NoMatch,D441/01,A
60000003094000858,televid8133_SCANNER19,ES42100015821711192160000003094000858,20/06/2025,13/06/2025,5821711192,ES421,Romance,ES,1,1,D,0.9656,"B, D",,NoMatch,D441/01,D
60000003100800626,televid8148_SCANNER19,IT304000458217111923660000003100800626,23/06/2025,13/06/2025,5821711192,IT304,Romance,IT,4,36,B,0.9877,"B, C",,NoMatch,D441/01,C
60000003113900152,TELEVID8179_SCANNER18,ES33000195821711192460000003113900152,23/06/2025,13/06/2025,5821711192,ES330,Romance,ES,19,4,C,0.9141,"C, D",,NoMatch,D441/01,D
60000003113900156,TELEVID8179_SCANNER18,ES330002458217111924360000003113900156,23/06/2025,13/06/2025,5821711192,ES330,Romance,ES,24,43,B,0.7145,--blank--,,NoMatch,D441/01,B
60000003113900159,TELEVID8179_SCANNER18,ES330002558217111923160000003113900159,23/06/2025,13/06/2025,5821711192,ES330,Romance,ES,25,31,B,0.3904,--blank--,,NoMatch,D441/01,B
60000003115400155,televid8180_SCANNER19,IT056000258217111923360000003115400155,24/06/2025,13/06/2025,5821711192,IT056,Romance,IT,2,33,A,0.901,"A, B",,NoMatch,D441/01,D
60000003115400157,televid8180_SCANNER19,IT056000458217111923260000003115400157,24/06/2025,13/06/2025,5821711192,IT056,Romance,IT,4,32,B,0.9988,"B, C",,NoMatch,D441/01,A
60000003116400563,televid8181_SCANNER19,IT955000158217111924160000003116400563,24/06/2025,13/06/2025,5821711192,IT955,Romance,IT,1,41,B,0.992,"B, C",,NoMatch,D441/01,G
60000003116700171,televid8170_SCANNER19,BR020005058217111925160000003116700171,24/06/2025,13/06/2025,5821711192,BR020,Romance,BR,50,51,B,0.9997,"B, C",,NoMatch,D441/01,A
300003949000628,TELEVID5363_SCANNER13,CH0550003240866992928300003949000628,15/05/2025,10/05/2025,2408669929,CH055,Germanic,CH,3,28,B,0.8001,"B, D",,NoMatch,D441/03,B
300004048600107,TELEVID5480_SCANNER12,GR1188236248127599827300004048600107,22/05/2025,17/05/2025,2481275998,GR118,Greek,GR,8236,27,A,0.9129,"A, B",,NoMatch,D441/03,E
300004048600120,TELEVID5480_SCANNER12,GR118824924812759983300004048600120,22/05/2025,17/05/2025,2481275998,GR118,Greek,GR,8249,3,B,0.9868,"B, C",,NoMatch,D441/03,B
300004048600120,TELEVID5480_SCANNER12,GR1188249248127599816300004048600120,22/05/2025,17/05/2025,2481275998,GR118,Greek,GR,8249,16,C,0.6087,"C, D",,NoMatch,D441/03,C
300004048600121,TELEVID5480_SCANNER12,GR1188250248127599825300004048600121,22/05/2025,17/05/2025,2481275998,GR118,Greek,GR,8250,25,E,0.9951,"A, E",,NoMatch,D441/03,E
300004048600131,TELEVID5480_SCANNER12,GR118826024812759986300004048600131,22/05/2025,17/05/2025,2481275998,GR118,Greek,GR,8260,6,C,0.7956,"A, C",,NoMatch,D441/03,C
300004048600131,TELEVID5480_SCANNER12,GR1188260248127599819300004048600131,22/05/2025,17/05/2025,2481275998,GR118,Greek,GR,8260,19,B,0.5339,"B, C",,NoMatch,D441/03,C
300004048600151,TELEVID5480_SCANNER12,GR1188280248127599827300004048600151,22/05/2025,17/05/2025,2481275998,GR118,Greek,GR,8280,27,G,0.9838,"F, G",,NoMatch,D441/03,E
300004048600235,TELEVID5480_SCANNER12,GR1180015248127599821300004048600235,22/05/2025,17/05/2025,2481275998,GR118,Greek,GR,15,21,H,0.9899,"D, H",,NoMatch,D441/03,D
300004048600235,TELEVID5480_SCANNER12,GR1180015248127599825300004048600235,22/05/2025,17/05/2025,2481275998,GR118,Greek,GR,15,25,D,0.9797,"C, D",,NoMatch,D441/03,E
300004048600235,TELEVID5480_SCANNER12,GR1180015248127599829300004048600235,22/05/2025,17/05/2025,2481275998,GR118,Greek,GR,15,29,B,0.9216,"A, B, E, G",,NoMatch,D441/03,F
300004064000164,TELEVID5514_SCANNER12,GR118842624812759984300004064000164,23/05/2025,17/05/2025,2481275998,GR118,Greek,GR,8426,4,C,0.7009,"A, C",,NoMatch,D441/03,A
300004067700505,TELEVID5511_SCANNER13,GR1188477248127599819300004067700505,23/05/2025,17/05/2025,2481275998,GR118,Greek,GR,8477,19,B,0.7518,"A, B",,NoMatch,D441/03,C
300004067700791,TELEVID5511_SCANNER13,GR118845824812759981300004067700791,23/05/2025,17/05/2025,2481275998,GR118,Greek,GR,8458,1,C,0.7956,"A, C",,NoMatch,D441/03,B
300004067700800,TELEVID5511_SCANNER13,GR1188467248127599829300004067700800,23/05/2025,17/05/2025,2481275998,GR118,Greek,GR,8467,29,F,0.9608,"E, F",,NoMatch,D441/03,F
300004075000858,TELEVID5516_SCANNER13,GR1188806248127599826300004075000858,23/05/2025,17/05/2025,2481275998,GR118,Greek,GR,8806,26,E,0.5448,"C, E",,NoMatch,D441/03,B
300004075000861,TELEVID5516_SCANNER13,GR1188809248127599825300004075000861,23/05/2025,17/05/2025,2481275998,GR118,Greek,GR,8809,25,H,0.7462,"A, H",,NoMatch,D441/03,E
300004075000863,TELEVID5516_SCANNER13,GR118881124812759983300004075000863,23/05/2025,17/05/2025,2481275998,GR118,Greek,GR,8811,3,B,0.9239,"A, B",,NoMatch,D441/03,B
300004128300019,TELEVID5554_SCANNER12,GR0058469248127599828300004128300019,27/05/2025,17/05/2025,2481275998,GR005,Greek,GR,8469,28,C,0.9832,"C, F",,NoMatch,D441/03,C
300004136200015,TELEVID5555_SCANNER13,GR0058196248127599820300004136200015,27/05/2025,17/05/2025,2481275998,GR005,Greek,GR,8196,20,D,0.5114,--blank--,,NoMatch,D441/03,D
300004136200057,TELEVID5555_SCANNER13,GR0058238248127599825300004136200057,27/05/2025,17/05/2025,2481275998,GR005,Greek,GR,8238,25,E,0.7983,--blank--,,NoMatch,D441/03,E
300004214300344,TELEVID5562_1_SCANNER12,GR0358137248127599821300004214300344,02/06/2025,17/05/2025,2481275998,GR035,Greek,GR,8137,21,D,0.9969,"B, D",,NoMatch,D441/03,D
300004214300344,TELEVID5562_1_SCANNER12,GR0358137248127599830300004214300344,02/06/2025,17/05/2025,2481275998,GR035,Greek,GR,8137,30,D,0.9994,"A, D",,NoMatch,D441/03,D
300004214300357,TELEVID5562_1_SCANNER12,GR035815024812759986300004214300357,02/06/2025,17/05/2025,2481275998,GR035,Greek,GR,8150,6,A,0.977,"A, C",,NoMatch,D441/03,C
300004387000168,TELEVID5956_SCANNER13,PL0018035784956726021300004387000168,12/06/2025,07/06/2025,7849567260,PL001,Slavic,PL,8035,21,H,0.6199,"B, H",,NoMatch,D441/03,B
300004387000402,TELEVID5956_SCANNER13,PL0018054784956726023300004387000402,12/06/2025,07/06/2025,7849567260,PL001,Slavic,PL,8054,23,F,0.5079,"D, F",,NoMatch,D441/03,F
300004387000402,TELEVID5956_SCANNER13,PL0018054784956726027300004387000402,12/06/2025,07/06/2025,7849567260,PL001,Slavic,PL,8054,27,F,0.9948,"B, F",,NoMatch,D441/03,C
300004389200562,TELEVID5984_SCANNER12,ES9960011784956726019300004389200562,12/06/2025,07/06/2025,7849567260,ES996,Romance,ES,11,19,A,0.7969,"A, B",,NoMatch,D441/03,A
300004394500537,TELEVID6016_SCANNER13,ES4380002784956726028300004394500537,12/06/2025,07/06/2025,7849567260,ES438,Romance,ES,2,28,B,0.6347,"A, B",,NoMatch,D441/03,B
300004396800405,TELEVID6005_SCANNER12,IT017800578495672605300004396800405,12/06/2025,07/06/2025,7849567260,IT017,Romance,IT,8005,5,C,0.7486,"A, C",,NoMatch,D441/03,C
300004396800406,TELEVID6005_SCANNER12,IT0178006784956726023300004396800406,12/06/2025,07/06/2025,7849567260,IT017,Romance,IT,8006,23,F,0.9958,"F, G",,NoMatch,D441/03,F
300004466000856,TELEVID6103_SCANNER12,ES071801178495672605300004466000856,17/06/2025,07/06/2025,7849567260,ES071,Romance,ES,8011,5,C,0.7107,--impossible--,,NoMatch,D441/03,C
300004468600248,TELEVID6119_SCANNER12,PL0360019784956726028300004468600248,17/06/2025,07/06/2025,7849567260,PL036,Slavic,PL,19,28,B,0.8827,"B, E",,NoMatch,D441/03,B
300004492400433,TELEVID8019_SCANNER13,ES1033579521230128324300004492400433,18/06/2025,13/06/2025,5212301283,ES103,Romance,ES,3579,24,B,0.6399,"A, B",,NoMatch,D441/03,B
300004492400433,TELEVID8019_SCANNER13,ES1033579521230128325300004492400433,18/06/2025,13/06/2025,5212301283,ES103,Romance,ES,3579,25,G,0.9929,"C, G",,NoMatch,D441/03,C
300004522300092,televid8121_SCANNER13,PL0340102521230128330300004522300092,20/06/2025,13/06/2025,5212301283,PL034,Slavic,PL,102,30,C,0.9351,"B, C",,NoMatch,D441/03,C
300004557500409,TELEVID8212_SCANNER12,ES0130020521230128320300004557500409,24/06/2025,13/06/2025,5212301283,ES013,Romance,ES,20,20,B,0.5445,--blank--,,NoMatch,D441/03,B
300004557500453,TELEVID8212_SCANNER12,ES0130052521230128326300004557500453,24/06/2025,13/06/2025,5212301283,ES013,Romance,ES,52,26,A,0.8038,"A, H",,NoMatch,D441/03,F
300004557500453,TELEVID8212_SCANNER12,ES0130052521230128329300004557500453,24/06/2025,13/06/2025,5212301283,ES013,Romance,ES,52,29,C,0.9541,"A, C",,NoMatch,D441/03,A
300004622700641,TELEVID6262_SCANNER12,GR0058114784956726024300004622700641,03/07/2025,07/06/2025,7849567260,GR005,Greek,GR,8114,24,A,0.9942,"A, G",,NoMatch,D441/03,H
400004556800808,TELEVID4896_Scanner20,DE2998878964317437926400004556800808,07/03/2025,01/03/2025,9643174379,DE299,Germanic,DE,8878,26,D,0.6154,"D, E",,NoMatch,D441/03,B
400004953200367,TELEVID5481_SCANNER14,GR118814924812759986400004953200367,21/05/2025,17/05/2025,2481275998,GR118,Greek,GR,8149,6,C,0.9474,"A, C",,NoMatch,D441/03,C
400004953200377,TELEVID5481_SCANNER14,GR1188366248127599829400004953200377,21/05/2025,17/05/2025,2481275998,GR118,Greek,GR,8366,29,F,0.9993,"A, F",,NoMatch,D441/03,F
400004953200411,TELEVID5481_SCANNER14,GR118840024812759981400004953200411,21/05/2025,17/05/2025,2481275998,GR118,Greek,GR,8400,1,C,0.8063,--impossible--,,NoMatch,D441/03,B
400004953200583,TELEVID5481_SCANNER14,GR1188069248127599829400004953200583,21/05/2025,17/05/2025,2481275998,GR118,Greek,GR,8069,29,G,0.5339,"F, G",,NoMatch,D441/03,F
400004953200809,TELEVID5481_SCANNER14,GR1188643248127599826400004953200809,21/05/2025,17/05/2025,2481275998,GR118,Greek,GR,8643,26,B,0.5602,"B, H",,NoMatch,D441/03,B
400004953200809,TELEVID5481_SCANNER14,GR1188643248127599828400004953200809,21/05/2025,17/05/2025,2481275998,GR118,Greek,GR,8643,28,F,0.9702,"E, F",,NoMatch,D441/03,C
400004953200824,TELEVID5481_SCANNER14,GR1188658248127599826400004953200824,21/05/2025,17/05/2025,2481275998,GR118,Greek,GR,8658,26,B,0.3836,"B, C",,NoMatch,D441/03,B
400004953200881,TELEVID5481_SCANNER14,GR118817324812759986400004953200881,21/05/2025,17/05/2025,2481275998,GR118,Greek,GR,8173,6,C,0.9479,"A, C",,NoMatch,D441/03,C
400004953200907,TELEVID5481_SCANNER14,GR1188199248127599827400004953200907,21/05/2025,17/05/2025,2481275998,GR118,Greek,GR,8199,27,C,0.5153,--blank--,,NoMatch,D441/03,E
400004961900042,TELEVID5495_SCANNER14,GR1188314248127599828400004961900042,22/05/2025,17/05/2025,2481275998,GR118,Greek,GR,8314,28,C,0.9637,"C, E",,NoMatch,D441/03,C
400005032100342,TELEVID5559_SCANNER14,GR0358233248127599828400005032100342,27/05/2025,17/05/2025,2481275998,GR035,Greek,GR,8233,28,G,0.9305,"C, G",,NoMatch,D441/03,C
400005032100360,TELEVID5559_SCANNER14,GR0058482248127599830400005032100360,27/05/2025,17/05/2025,2481275998,GR005,Greek,GR,8482,30,D,0.9892,"A, D",,NoMatch,D441/03,D
400005032100378,TELEVID5559_SCANNER14,GR005850024812759984400005032100378,27/05/2025,17/05/2025,2481275998,GR005,Greek,GR,8500,4,B,0.9019,"A, B",,NoMatch,D441/03,A
400005034800841,TELEVID5548_SCANNER14,GR035819824812759981400005034800841,27/05/2025,17/05/2025,2481275998,GR035,Greek,GR,8198,1,C,0.8696,--impossible--,,NoMatch,D441/03,B
400005035000386,TELEVID5571_SCANNER14,GR0358177248127599827400005035000386,27/05/2025,17/05/2025,2481275998,GR035,Greek,GR,8177,27,E,0.9792,"E, G",,NoMatch,D441/03,E
400005415200098,TELEVID6068_SCANNER14,ES3838023784956726018400005415200098,16/06/2025,07/06/2025,7849567260,ES383,Romance,ES,8023,18,C,0.6885,--blank--,,NoMatch,D441/03,D
400005417000667,TELEVID6071_SCANNER14,IT267001878495672606400005417000667,16/06/2025,07/06/2025,7849567260,IT267,Romance,IT,18,6,C,0.5704,--impossible--,,NoMatch,D441/03,A
400005421800334,TELEVID6064_SCANNER14,IT0880008784956726025400005421800334,16/06/2025,07/06/2025,7849567260,IT088,Romance,IT,8,25,B,0.7592,"B, C",,NoMatch,D441/03,C
400005524600272,TELEVID8147_Scanner20,ES810801152123012831400005524600272,21/06/2025,13/06/2025,5212301283,ES810,Romance,ES,8011,1,C,0.7692,--impossible--,,NoMatch,D441/03,C
60000002250000198,TELEVID4891_SCANNER19,CH001140596431743792860000002250000198,06/03/2025,01/03/2025,9643174379,CH001,Germanic,CH,1405,28,G,0.992,"E, G",,NoMatch,D441/03,A
60000002253100381,TELEVID4905_SCANNER19,BG00800039643174379460000002253100381,10/03/2025,01/03/2025,9643174379,BG008,Slavic,BG,3,4,A,0.2627,"B, C",,NoMatch,D441/03,A
60000002253100381,TELEVID4905_SCANNER19,BG008000396431743792860000002253100381,10/03/2025,01/03/2025,9643174379,BG008,Slavic,BG,3,28,G,0.9989,"A, G",,NoMatch,D441/03,A
60000002254500279,TELEVID4904_SCANNER19,PL161000296431743792360000002254500279,10/03/2025,01/03/2025,9643174379,PL161,Slavic,PL,2,23,F,0.5553,"C, F",,NoMatch,D441/03,A
60000002259300234,TELEVID4914_SCANNER19,CH008502196431743792460000002259300234,11/03/2025,01/03/2025,9643174379,CH008,Germanic,CH,5021,24,A,0.9905,"A, G",,NoMatch,D441/03,G
60000002259800301,TELEVID4915_SCANNER19,CH01080229643174379160000002259800301,11/03/2025,01/03/2025,9643174379,CH010,Germanic,CH,8022,1,C,0.8256,--impossible--,,NoMatch,D441/03,C
60000002937700585,TELEVID5949_SCANNER18,BG008002078495672603060000002937700585,11/06/2025,07/06/2025,7849567260,BG008,Slavic,BG,20,30,H,0.9579,"G, H",,NoMatch,D441/03,G
60000002941300042,TELEVID5959_SCANNER18,PL005802278495672601960000002941300042,11/06/2025,07/06/2025,7849567260,PL005,Slavic,PL,8022,19,A,0.9157,"A, C",,NoMatch,D441/03,A
60000002941300043,TELEVID5959_SCANNER18,PL00580237849567260560000002941300043,11/06/2025,07/06/2025,7849567260,PL005,Slavic,PL,8023,5,C,0.6672,--impossible--,,NoMatch,D441/03,C
60000002941300047,TELEVID5959_SCANNER18,PL00580277849567260560000002941300047,11/06/2025,07/06/2025,7849567260,PL005,Slavic,PL,8027,5,C,0.5611,--impossible--,,NoMatch,D441/03,C
60000002941300139,TELEVID5959_SCANNER18,BG008004478495672602260000002941300139,11/06/2025,07/06/2025,7849567260,BG008,Slavic,BG,44,22,E,0.9762,"A, E",,NoMatch,D441/03,E
60000002941300139,TELEVID5959_SCANNER18,BG008004478495672602460000002941300139,11/06/2025,07/06/2025,7849567260,BG008,Slavic,BG,44,24,D,0.659,"D, H",,NoMatch,D441/03,H
60000002941300139,TELEVID5959_SCANNER18,BG008004478495672602560000002941300139,11/06/2025,07/06/2025,7849567260,BG008,Slavic,BG,44,25,C,0.6624,"C, F",,NoMatch,D441/03,C
60000002941300139,TELEVID5959_SCANNER18,BG008004478495672602660000002941300139,11/06/2025,07/06/2025,7849567260,BG008,Slavic,BG,44,26,A,0.9777,"A, E",,NoMatch,D441/03,E
60000002941700148,TELEVID5960_SCANNER18,ES945001678495672602160000002941700148,11/06/2025,07/06/2025,7849567260,ES945,Romance,ES,16,21,F,0.9985,"B, F",,NoMatch,D441/03,B
60000002941700532,TELEVID5960_SCANNER18,ES291800178495672601860000002941700532,11/06/2025,07/06/2025,7849567260,ES291,Romance,ES,8001,18,D,0.5906,--blank--,,NoMatch,D441/03,D
60000002952700284,televid5995_SCANNER18,GR118813878495672602160000002952700284,12/06/2025,07/06/2025,7849567260,GR118,Greek,GR,8138,21,H,0.5974,--blank--,,NoMatch,D441/03,B
60000002958700833,TELEVID6008_SCANNER18,PL002802178495672602060000002958700833,12/06/2025,07/06/2025,7849567260,PL002,Slavic,PL,8021,20,B,0.6215,--blank--,,NoMatch,D441/03,B
60000002958700881,TELEVID6008_SCANNER18,GR11882347849567260560000002958700881,12/06/2025,07/06/2025,7849567260,GR118,Greek,GR,8234,5,C,0.5412,"B, C",,NoMatch,D441/03,C
60000002958700881,TELEVID6008_SCANNER18,GR118823478495672601760000002958700881,12/06/2025,07/06/2025,7849567260,GR118,Greek,GR,8234,17,A,0.6863,"A, D",,NoMatch,D441/03,B
60000002959700049,TELEVID6000_SCANNER18,DE299893578495672602760000002959700049,12/06/2025,07/06/2025,7849567260,DE299,Germanic,DE,8935,27,F,0.9973,"C, F",,NoMatch,D441/03,C
60000002970900647,TELEVID6042_SCANNER18,ES448000478495672602360000002970900647,13/06/2025,07/06/2025,7849567260,ES448,Romance,ES,4,23,F,0.9187,"F, G",,NoMatch,D441/03,F
60000002974300439,TELEVID6055_SCANNER18,CZ014800578495672601660000002974300439,13/06/2025,07/06/2025,7849567260,CZ014,Slavic,CZ,8005,16,C,0.8355,"A, C",,NoMatch,D441/03,C
60000002974300439,TELEVID6055_SCANNER18,CZ014800578495672601860000002974300439,13/06/2025,07/06/2025,7849567260,CZ014,Slavic,CZ,8005,18,C,0.7453,"A, C",,NoMatch,D441/03,D
60000002976500713,TELEVID6036_SCANNER18,IT28280087849567260560000002976500713,13/06/2025,07/06/2025,7849567260,IT282,Romance,IT,8008,5,B,0.6657,"B, C",,NoMatch,D441/03,C
60000003015000128,TELEVID6078_SCANNER19,ES383806278495672602660000003015000128,16/06/2025,07/06/2025,7849567260,ES383,Romance,ES,8062,26,A,0.9815,"A, E",,NoMatch,D441/03,E
60000003051000512,TELEVID6100_SCANNER19,BR249008278495672602560000003051000512,18/06/2025,07/06/2025,7849567260,BR249,Romance,BR,82,25,C,0.8301,"A, C",,NoMatch,D441/03,C
60000003054500485,TELEVID8043_SCANNER19,ES38380575212301283160000003054500485,18/06/2025,13/06/2025,5212301283,ES383,Romance,ES,8057,1,C,0.7552,--impossible--,,NoMatch,D441/03,C
60000003059200210,televid8007_SCANNER19,DE703500852123012832860000003059200210,18/06/2025,13/06/2025,5212301283,DE703,Germanic,DE,5008,28,A,0.5203,"A, B",,NoMatch,D441/03,H
60000003059200217,televid8007_SCANNER19,DE703501552123012832860000003059200217,18/06/2025,13/06/2025,5212301283,DE703,Germanic,DE,5015,28,B,0.8478,--blank--,,NoMatch,D441/03,H
60000003075300580,TELEVID8067_SCANNER19,ES685800452123012832660000003075300580,19/06/2025,13/06/2025,5212301283,ES685,Romance,ES,8004,26,D,0.5776,"D, E",,NoMatch,D441/03,F
60000003082700172,TELEVID8101_SCANNER19,DE106801052123012832160000003082700172,19/06/2025,13/06/2025,5212301283,DE106,Germanic,DE,8010,21,A,0.9723,"A, D",,NoMatch,D441/03,E
